audio,text,speaker,utterance,mic,n_words,duration_sec,text_norm,text_devnagari
C:\Users\edwin\OneDrive\Desktop\Capstone\hindi indic\HDSD\hindi_sent\CF00\CF00_S1_H01_M2.wav,aapakei hindii pasanda karanei para khushii huii,CF00,CF00_S1_H01,M2,7,3.49475,aapake hindi pasanda karane para khushi hui,आपके हिन्दि पसन्द करने पर खुशि हुइ
C:\Users\edwin\OneDrive\Desktop\Capstone\hindi indic\HDSD\hindi_sent\CF00\CF00_S1_H02_M2.wav,isakei badalei mein tuma kuchha aura maanaga loo,CF00,CF00_S1_H02,M2,8,3.593,isake badale mein tuma kuchha aura maanaga loo,इसके बदले मेइन् तुम कुछ और मानग लू
C:\Users\edwin\OneDrive\Desktop\Capstone\hindi indic\HDSD\hindi_sent\CF00\CF00_S1_H03_M2.wav,chikitsaa kaa artha hootaa hai ilaaja,CF00,CF00_S1_H03,M2,6,2.971625,chikitsaa kaa artha hootaa hai ilaaja,चिकित्सा का अर्थ हूता है इलाज
C:\Users\edwin\OneDrive\Desktop\Capstone\hindi indic\HDSD\hindi_sent\CF00\CF00_S1_H04_M2.wav,isei aisei hii jaarii rakhein,CF00,CF00_S1_H04,M2,5,2.729875,ise aise hi jaari rakhein,इसे ऐसे हि जारि रखेइन्
C:\Users\edwin\OneDrive\Desktop\Capstone\hindi indic\HDSD\hindi_sent\CF00\CF00_S1_H05_M2.wav,madada kei liyei bahuta dhanyavaada,CF00,CF00_S1_H05,M2,5,2.7605625,madada ke liye bahuta dhanyavaada,मदद के लिये बहुत धन्यवाद
C:\Users\edwin\OneDrive\Desktop\Capstone\hindi indic\HDSD\hindi_sent\CF00\CF00_S1_H06_M2.wav,aba joo main kahataa huuna usakaa paalana karoo,CF00,CF00_S1_H06,M2,8,3.8113125,aba joo main kahataa huuna usakaa paalana karoo,अब जू मैन् कहता हून उसका पालन करू
C:\Users\edwin\OneDrive\Desktop\Capstone\hindi indic\HDSD\hindi_sent\CF00\CF00_S1_H07_M2.wav,bhaarata mein aisaa nahiin huaa hai,CF00,CF00_S1_H07,M2,6,3.013875,bhaarata mein aisaa nahiin huaa hai,भारत मेइन् ऐसा नहीन् हुआ है
C:\Users\edwin\OneDrive\Desktop\Capstone\hindi indic\HDSD\hindi_sent\CF00\CF00_S1_H08_M2.wav,isa sahayooga heitu bhii bahuta dhanyavaada,CF00,CF00_S1_H08,M2,6,3.4614375,isa sahayooga heitu bhi bahuta dhanyavaada,इस सहयूग हेइतु भि बहुत धन्यवाद
C:\Users\edwin\OneDrive\Desktop\Capstone\hindi indic\HDSD\hindi_sent\CF00\CF00_S1_H09_M2.wav,para yaha sanbhava naa hoo sakaa,CF00,CF00_S1_H09,M2,6,2.677375,para yaha sanbhava naa hoo sakaa,पर यह सन्भव ना हू सका
C:\Users\edwin\OneDrive\Desktop\Capstone\hindi indic\HDSD\hindi_sent\CF00\CF00_S1_H10_M2.wav,meirii baatoon ki oora dhyaana diijiyei,CF00,CF00_S1_H10,M2,6,3.007625,meiri baatoon ki oora dhyaana diijiye,मेइरि बातून् कि ऊर ध्यान दीजिये
C:\Users\edwin\OneDrive\Desktop\Capstone\hindi indic\HDSD\hindi_sent\CF00\CF00_S1_H11_M2.wav,yahaan sei sangharshha kaa daura shuruu huaa,CF00,CF00_S1_H11,M2,7,3.43075,yahaan se sangharshha kaa daura shuruu huaa,यहान् से सन्घर्ष का दौर शुरू हुआ
C:\Users\edwin\OneDrive\Desktop\Capstone\hindi indic\HDSD\hindi_sent\CF00\CF00_S1_H12_M2.wav,doonoon mein badaa antara thaa,CF00,CF00_S1_H12,M2,5,2.36975,doonoon mein badaa antara thaa,दूनून् मेइन् बदा अन्तर था
C:\Users\edwin\OneDrive\Desktop\Capstone\hindi indic\HDSD\hindi_sent\CF00\CF00_S1_H13_M2.wav,aapa sabhii kei sahayooga kei liyei bahuta dhanyavaada,CF00,CF00_S1_H13,M2,8,4.095375,aapa sabhi ke sahayooga ke liye bahuta dhanyavaada,आप सभि के सहयूग के लिये बहुत धन्यवाद
C:\Users\edwin\OneDrive\Desktop\Capstone\hindi indic\HDSD\hindi_sent\CF00\CF00_S1_H14_M2.wav,bahuta sei looga aisaa kara rahei hai,CF00,CF00_S1_H14,M2,7,2.8043125,bahuta se looga aisaa kara rahe hai,बहुत से लूग ऐसा कर रहे है
C:\Users\edwin\OneDrive\Desktop\Capstone\hindi indic\HDSD\hindi_sent\CF00\CF00_S1_H15_M2.wav,samaya kei saatha hii nahiin usasei aagei chalaa jaaei,CF00,CF00_S1_H15,M2,9,4.1773125,samaya ke saatha hi nahiin usase aage chalaa jaae,समय के साथ हि नहीन् उससे आगे चला जाए
C:\Users\edwin\OneDrive\Desktop\Capstone\hindi indic\HDSD\hindi_sent\CF00\CF00_S1_H16_M2.wav,main krikeita kheila koo kaaphii pasanda karataa huuna,CF00,CF00_S1_H16,M2,8,3.538125,main krikeita kheila koo kaaphi pasanda karataa huuna,मैन् क्रिकेइत खेइल कू काफि पसन्द करता हून
C:\Users\edwin\OneDrive\Desktop\Capstone\hindi indic\HDSD\hindi_sent\CF00\CF00_S1_H17_M2.wav,shaayada samajha aa gayaa hoo,CF00,CF00_S1_H17,M2,5,2.466625,shaayada samajha aa gayaa hoo,शायद समझ आ गया हू
C:\Users\edwin\OneDrive\Desktop\Capstone\hindi indic\HDSD\hindi_sent\CF00\CF00_S1_H18_M2.wav,joo shaayada aapanei deikhaa naa hoo,CF00,CF00_S1_H18,M2,6,2.832,joo shaayada aapane deikhaa naa hoo,जू शायद आपने देइखा ना हू
C:\Users\edwin\OneDrive\Desktop\Capstone\hindi indic\HDSD\hindi_sent\CF00\CF00_S1_H19_M2.wav,main bhuula hii gayaa thaa isa baata koo,CF00,CF00_S1_H19,M2,8,2.7384375,main bhuula hi gayaa thaa isa baata koo,मैन् भूल हि गया था इस बात कू
C:\Users\edwin\OneDrive\Desktop\Capstone\hindi indic\HDSD\hindi_sent\CF00\CF00_S1_H20_M2.wav,magara vaha bhii nahiin huaa,CF00,CF00_S1_H20,M2,5,2.38375,magara vaha bhi nahiin huaa,मगर वह भि नहीन् हुआ
C:\Users\edwin\OneDrive\Desktop\Capstone\hindi indic\HDSD\hindi_sent\CF00\CF00_S1_H21_M2.wav,dara kaa artha hootaa hai bhaya,CF00,CF00_S1_H21,M2,6,2.7365625,dara kaa artha hootaa hai bhaya,दर का अर्थ हूता है भय
C:\Users\edwin\OneDrive\Desktop\Capstone\hindi indic\HDSD\hindi_sent\CF00\CF00_S1_H22_M2.wav,eika baara phira sei aabhaara,CF00,CF00_S1_H22,M2,5,2.594,eika baara phira se aabhaara,एइक बार फिर से आभार
C:\Users\edwin\OneDrive\Desktop\Capstone\hindi indic\HDSD\hindi_sent\CF00\CF00_S1_H23_M2.wav,naa jaanei kitanei looga isei padhtei hai,CF00,CF00_S1_H23,M2,7,2.9441875,naa jaane kitane looga ise padhte hai,ना जाने कितने लूग इसे पध्ते है
C:\Users\edwin\OneDrive\Desktop\Capstone\hindi indic\HDSD\hindi_sent\CF00\CF00_S1_H24_M2.wav,abhii main shaanta hii huuna,CF00,CF00_S1_H24,M2,5,2.3135625,abhi main shaanta hi huuna,अभि मैन् शान्त हि हून
C:\Users\edwin\OneDrive\Desktop\Capstone\hindi indic\HDSD\hindi_sent\CF00\CF00_S1_H25_M2.wav,svaagata kei liyei dhanyavaada,CF00,CF00_S1_H25,M2,4,2.8123125,svaagata ke liye dhanyavaada,स्वागत के लिये धन्यवाद
C:\Users\edwin\OneDrive\Desktop\Capstone\hindi indic\HDSD\hindi_sent\CF00\CF00_S1_H26_M2.wav,aapa apanaa yaha achchhaa kaarya jaarii rakhein,CF00,CF00_S1_H26,M2,7,3.5445625,aapa apanaa yaha achchhaa kaarya jaari rakhein,आप अपना यह अच्छा कार्य जारि रखेइन्
C:\Users\edwin\OneDrive\Desktop\Capstone\hindi indic\HDSD\hindi_sent\CF00\CF00_S1_H27_M2.wav,main bhaarata mein rahataa huuna,CF00,CF00_S1_H27,M2,5,2.261875,main bhaarata mein rahataa huuna,मैन् भारत मेइन् रहता हून
C:\Users\edwin\OneDrive\Desktop\Capstone\hindi indic\HDSD\hindi_sent\CF00\CF00_S1_H28_M2.wav,kahaa jaataa hai ki unhoonnei kabhii jiivana mein jhuutha kaa sahaaraa nahiin liyaa,CF00,CF00_S1_H28,M2,13,4.86375,kahaa jaataa hai ki unhoonne kabhi jiivana mein jhuutha kaa sahaaraa nahiin liyaa,कहा जाता है कि उन्हून्ने कभि जीवन मेइन् झूथ का सहारा नहीन् लिया
C:\Users\edwin\OneDrive\Desktop\Capstone\hindi indic\HDSD\hindi_sent\CF00\CF00_S1_H29_M2.wav,aapakaa sandeisha paakara achchhaa lagaa,CF00,CF00_S1_H29,M2,5,2.906875,aapakaa sandeisha paakara achchhaa lagaa,आपका सन्देइश पाकर अच्छा लगा
C:\Users\edwin\OneDrive\Desktop\Capstone\hindi indic\HDSD\hindi_sent\CF00\CF00_S1_H30_M2.wav,jaldii sei jaldii kuchha kiijiei,CF00,CF00_S1_H30,M2,5,2.6165625,jaldi se jaldi kuchha kiijie,जल्दि से जल्दि कुछ कीजिए
C:\Users\edwin\OneDrive\Desktop\Capstone\hindi indic\HDSD\hindi_sent\CF02\CF02_S1_H01_M2.wav,aapakei hindii pasanda karanei para khushii huii,CF02,CF02_S1_H01,M2,7,3.069875,aapake hindi pasanda karane para khushi hui,आपके हिन्दि पसन्द करने पर खुशि हुइ
C:\Users\edwin\OneDrive\Desktop\Capstone\hindi indic\HDSD\hindi_sent\CF02\CF02_S1_H02_M2.wav,isakei badalei mein tuma kuchha aura maanaga loo,CF02,CF02_S1_H02,M2,8,4.3081875,isake badale mein tuma kuchha aura maanaga loo,इसके बदले मेइन् तुम कुछ और मानग लू
C:\Users\edwin\OneDrive\Desktop\Capstone\hindi indic\HDSD\hindi_sent\CF02\CF02_S1_H03_M2.wav,chikitsaa kaa artha hootaa hai ilaaja,CF02,CF02_S1_H03,M2,6,2.760375,chikitsaa kaa artha hootaa hai ilaaja,चिकित्सा का अर्थ हूता है इलाज
C:\Users\edwin\OneDrive\Desktop\Capstone\hindi indic\HDSD\hindi_sent\CF02\CF02_S1_H04_M2.wav,isei aisei hii jaarii rakhein,CF02,CF02_S1_H04,M2,5,2.07675,ise aise hi jaari rakhein,इसे ऐसे हि जारि रखेइन्
C:\Users\edwin\OneDrive\Desktop\Capstone\hindi indic\HDSD\hindi_sent\CF02\CF02_S1_H05_M2.wav,madada kei liyei bahuta dhanyavaada,CF02,CF02_S1_H05,M2,5,2.0896875,madada ke liye bahuta dhanyavaada,मदद के लिये बहुत धन्यवाद
C:\Users\edwin\OneDrive\Desktop\Capstone\hindi indic\HDSD\hindi_sent\CF02\CF02_S1_H06_M2.wav,aba joo main kahataa huuna usakaa paalana karoo,CF02,CF02_S1_H06,M2,8,3.0054375,aba joo main kahataa huuna usakaa paalana karoo,अब जू मैन् कहता हून उसका पालन करू
C:\Users\edwin\OneDrive\Desktop\Capstone\hindi indic\HDSD\hindi_sent\CF02\CF02_S1_H07_M2.wav,bhaarata mein aisaa nahiin huaa,CF02,CF02_S1_H07,M2,5,2.025125,bhaarata mein aisaa nahiin huaa,भारत मेइन् ऐसा नहीन् हुआ
C:\Users\edwin\OneDrive\Desktop\Capstone\hindi indic\HDSD\hindi_sent\CF02\CF02_S1_H08_M2.wav,isa sahayooga heitu bhii bahuta dhanyavaada,CF02,CF02_S1_H08,M2,6,2.631375,isa sahayooga heitu bhi bahuta dhanyavaada,इस सहयूग हेइतु भि बहुत धन्यवाद
C:\Users\edwin\OneDrive\Desktop\Capstone\hindi indic\HDSD\hindi_sent\CF02\CF02_S1_H09_M2.wav,para sanbhava naa hoo sakaa,CF02,CF02_S1_H09,M2,5,2.3734375,para sanbhava naa hoo sakaa,पर सन्भव ना हू सका
C:\Users\edwin\OneDrive\Desktop\Capstone\hindi indic\HDSD\hindi_sent\CF02\CF02_S1_H10_M2.wav,meirii baatoon koo dhyaana diijiyei,CF02,CF02_S1_H10,M2,5,3.8180625,meiri baatoon koo dhyaana diijiye,मेइरि बातून् कू ध्यान दीजिये
C:\Users\edwin\OneDrive\Desktop\Capstone\hindi indic\HDSD\hindi_sent\CF02\CF02_S1_H11_M2.wav,yahaan sei sangharshha kaa daura shuruu huaa,CF02,CF02_S1_H11,M2,7,3.1215625,yahaan se sangharshha kaa daura shuruu huaa,यहान् से सन्घर्ष का दौर शुरू हुआ
C:\Users\edwin\OneDrive\Desktop\Capstone\hindi indic\HDSD\hindi_sent\CF02\CF02_S1_H12_M2.wav,doonoon mein badaa antara thaa,CF02,CF02_S1_H12,M2,5,2.386375,doonoon mein badaa antara thaa,दूनून् मेइन् बदा अन्तर था
C:\Users\edwin\OneDrive\Desktop\Capstone\hindi indic\HDSD\hindi_sent\CF02\CF02_S1_H13_M2.wav,aapa sabhii kei sahayooga kei liyei bahuta dhanyavaada,CF02,CF02_S1_H13,M2,8,2.9150625,aapa sabhi ke sahayooga ke liye bahuta dhanyavaada,आप सभि के सहयूग के लिये बहुत धन्यवाद
C:\Users\edwin\OneDrive\Desktop\Capstone\hindi indic\HDSD\hindi_sent\CF02\CF02_S1_H14_M2.wav,bahuta sei looga aisaa kara rahei hai,CF02,CF02_S1_H14,M2,7,2.3218125,bahuta se looga aisaa kara rahe hai,बहुत से लूग ऐसा कर रहे है
C:\Users\edwin\OneDrive\Desktop\Capstone\hindi indic\HDSD\hindi_sent\CF02\CF02_S1_H15_M2.wav,samaya kei saatha hii nahiin usasei aagei chalaa jaaei,CF02,CF02_S1_H15,M2,9,4.2953125,samaya ke saatha hi nahiin usase aage chalaa jaae,समय के साथ हि नहीन् उससे आगे चला जाए
C:\Users\edwin\OneDrive\Desktop\Capstone\hindi indic\HDSD\hindi_sent\CF02\CF02_S1_H16_M2.wav,main krikeita kheila koo kaaphii pasanda karataa huuna,CF02,CF02_S1_H16,M2,8,3.3279375,main krikeita kheila koo kaaphi pasanda karataa huuna,मैन् क्रिकेइत खेइल कू काफि पसन्द करता हून
C:\Users\edwin\OneDrive\Desktop\Capstone\hindi indic\HDSD\hindi_sent\CF02\CF02_S1_H17_M2.wav,shaayada samajha aa gayaa hoo,CF02,CF02_S1_H17,M2,5,2.3863125,shaayada samajha aa gayaa hoo,शायद समझ आ गया हू
C:\Users\edwin\OneDrive\Desktop\Capstone\hindi indic\HDSD\hindi_sent\CF02\CF02_S1_H18_M2.wav,joo shaayada aapanei deikhaa naa hoo,CF02,CF02_S1_H18,M2,6,2.6700625,joo shaayada aapane deikhaa naa hoo,जू शायद आपने देइखा ना हू
C:\Users\edwin\OneDrive\Desktop\Capstone\hindi indic\HDSD\hindi_sent\CF02\CF02_S1_H19_M2.wav,main bhuula hii gayaa thaa isa baata koo,CF02,CF02_S1_H19,M2,8,3.5988125,main bhuula hi gayaa thaa isa baata koo,मैन् भूल हि गया था इस बात कू
C:\Users\edwin\OneDrive\Desktop\Capstone\hindi indic\HDSD\hindi_sent\CF02\CF02_S1_H20_M2.wav,magara vaha bhii nahiin huaa,CF02,CF02_S1_H20,M2,5,2.9280625,magara vaha bhi nahiin huaa,मगर वह भि नहीन् हुआ
C:\Users\edwin\OneDrive\Desktop\Capstone\hindi indic\HDSD\hindi_sent\CF02\CF02_S1_H21_M2.wav,dara kaa artha hootaa hai bhaya,CF02,CF02_S1_H21,M2,6,2.6055625,dara kaa artha hootaa hai bhaya,दर का अर्थ हूता है भय
C:\Users\edwin\OneDrive\Desktop\Capstone\hindi indic\HDSD\hindi_sent\CF02\CF02_S1_H22_M2.wav,eika baara phira sei aabhaara,CF02,CF02_S1_H22,M2,5,2.7345625,eika baara phira se aabhaara,एइक बार फिर से आभार
C:\Users\edwin\OneDrive\Desktop\Capstone\hindi indic\HDSD\hindi_sent\CF02\CF02_S1_H23_M2.wav,naa naa jaanei kitanei looga isei padhtei hai,CF02,CF02_S1_H23,M2,8,4.0244375,naa naa jaane kitane looga ise padhte hai,ना ना जाने कितने लूग इसे पध्ते है
C:\Users\edwin\OneDrive\Desktop\Capstone\hindi indic\HDSD\hindi_sent\CF02\CF02_S1_H24_M2.wav,abhii main shaanta hii huuna,CF02,CF02_S1_H24,M2,5,1.93675,abhi main shaanta hi huuna,अभि मैन् शान्त हि हून
C:\Users\edwin\OneDrive\Desktop\Capstone\hindi indic\HDSD\hindi_sent\CF02\CF02_S1_H25_M2.wav,svaagata kei liyei dhanyavaada,CF02,CF02_S1_H25,M2,4,1.9975,svaagata ke liye dhanyavaada,स्वागत के लिये धन्यवाद
C:\Users\edwin\OneDrive\Desktop\Capstone\hindi indic\HDSD\hindi_sent\CF02\CF02_S1_H26_M2.wav,aapa apanaa yaha achchhaa kaarya jaarii rakhein,CF02,CF02_S1_H26,M2,7,3.1989375,aapa apanaa yaha achchhaa kaarya jaari rakhein,आप अपना यह अच्छा कार्य जारि रखेइन्
C:\Users\edwin\OneDrive\Desktop\Capstone\hindi indic\HDSD\hindi_sent\CF02\CF02_S1_H27_M2.wav,main bhaarata mein rahataa huuna,CF02,CF02_S1_H27,M2,5,1.870375,main bhaarata mein rahataa huuna,मैन् भारत मेइन् रहता हून
C:\Users\edwin\OneDrive\Desktop\Capstone\hindi indic\HDSD\hindi_sent\CF02\CF02_S1_H28_M2.wav,kahaa jaataa hai ki unhoonnei kabhii jiivana mein jhuutha kaa sahaaraa nahiin liyaa,CF02,CF02_S1_H28,M2,13,5.236875,kahaa jaataa hai ki unhoonne kabhi jiivana mein jhuutha kaa sahaaraa nahiin liyaa,कहा जाता है कि उन्हून्ने कभि जीवन मेइन् झूथ का सहारा नहीन् लिया
C:\Users\edwin\OneDrive\Desktop\Capstone\hindi indic\HDSD\hindi_sent\CF02\CF02_S1_H29_M2.wav,aapakaa sandeisha paakara achchhaa lagaa,CF02,CF02_S1_H29,M2,5,3.3279375,aapakaa sandeisha paakara achchhaa lagaa,आपका सन्देइश पाकर अच्छा लगा
C:\Users\edwin\OneDrive\Desktop\Capstone\hindi indic\HDSD\hindi_sent\CF02\CF02_S1_H30_M2.wav,jaldii sei jaldii kuchha kiijiei,CF02,CF02_S1_H30,M2,5,1.8445625,jaldi se jaldi kuchha kiijie,जल्दि से जल्दि कुछ कीजिए
C:\Users\edwin\OneDrive\Desktop\Capstone\hindi indic\HDSD\hindi_sent\CF06\CF06_S1_H01_M2.wav,aapakei hindii pasanda karanei para khushii huii,CF06,CF06_S1_H01,M2,7,3.0040625,aapake hindi pasanda karane para khushi hui,आपके हिन्दि पसन्द करने पर खुशि हुइ
C:\Users\edwin\OneDrive\Desktop\Capstone\hindi indic\HDSD\hindi_sent\CF06\CF06_S1_H02_M2.wav,isakei badalei mein tuma kuchha aura maanaga loo,CF06,CF06_S1_H02,M2,8,3.0903125,isake badale mein tuma kuchha aura maanaga loo,इसके बदले मेइन् तुम कुछ और मानग लू
C:\Users\edwin\OneDrive\Desktop\Capstone\hindi indic\HDSD\hindi_sent\CF06\CF06_S1_H03_M2.wav,chikitsaa kaa artha hootaa hai ilaaja,CF06,CF06_S1_H03,M2,6,3.10475,chikitsaa kaa artha hootaa hai ilaaja,चिकित्सा का अर्थ हूता है इलाज
C:\Users\edwin\OneDrive\Desktop\Capstone\hindi indic\HDSD\hindi_sent\CF06\CF06_S1_H04_M2.wav,isei aisei hii jaarii rakhein,CF06,CF06_S1_H04,M2,5,2.6735,ise aise hi jaari rakhein,इसे ऐसे हि जारि रखेइन्
C:\Users\edwin\OneDrive\Desktop\Capstone\hindi indic\HDSD\hindi_sent\CF06\CF06_S1_H05_M2.wav,madada kei liyei bahuta dhanyavaada,CF06,CF06_S1_H05,M2,5,3.115125,madada ke liye bahuta dhanyavaada,मदद के लिये बहुत धन्यवाद
C:\Users\edwin\OneDrive\Desktop\Capstone\hindi indic\HDSD\hindi_sent\CF06\CF06_S1_H06_M2.wav,aba joo main kahataa huuna usakaa paalana karoo,CF06,CF06_S1_H06,M2,8,3.6549375,aba joo main kahataa huuna usakaa paalana karoo,अब जू मैन् कहता हून उसका पालन करू
C:\Users\edwin\OneDrive\Desktop\Capstone\hindi indic\HDSD\hindi_sent\CF06\CF06_S1_H07_M2.wav,bhaarata mein aisaa nahiin huaa hai,CF06,CF06_S1_H07,M2,6,2.7826875,bhaarata mein aisaa nahiin huaa hai,भारत मेइन् ऐसा नहीन् हुआ है
C:\Users\edwin\OneDrive\Desktop\Capstone\hindi indic\HDSD\hindi_sent\CF06\CF06_S1_H08_M2.wav,isa sahayooga heitu bhii bahuta dhanyavaada,CF06,CF06_S1_H08,M2,6,3.2625625,isa sahayooga heitu bhi bahuta dhanyavaada,इस सहयूग हेइतु भि बहुत धन्यवाद
C:\Users\edwin\OneDrive\Desktop\Capstone\hindi indic\HDSD\hindi_sent\CF06\CF06_S1_H09_M2.wav,para yaha sanbhava naa hoo sakaa,CF06,CF06_S1_H09,M2,6,2.5625625,para yaha sanbhava naa hoo sakaa,पर यह सन्भव ना हू सका
C:\Users\edwin\OneDrive\Desktop\Capstone\hindi indic\HDSD\hindi_sent\CF06\CF06_S1_H10_M2.wav,meirii baatoon ki oora dhyaana diijiyei,CF06,CF06_S1_H10,M2,6,3.1250625,meiri baatoon ki oora dhyaana diijiye,मेइरि बातून् कि ऊर ध्यान दीजिये
C:\Users\edwin\OneDrive\Desktop\Capstone\hindi indic\HDSD\hindi_sent\CF06\CF06_S1_H11_M2.wav,yahaan sei sangharshha kaa daura shuruu huaa,CF06,CF06_S1_H11,M2,7,2.9250625,yahaan se sangharshha kaa daura shuruu huaa,यहान् से सन्घर्ष का दौर शुरू हुआ
C:\Users\edwin\OneDrive\Desktop\Capstone\hindi indic\HDSD\hindi_sent\CF06\CF06_S1_H12_M2.wav,doonoon mein badaa antara thaa,CF06,CF06_S1_H12,M2,5,3.0750625,doonoon mein badaa antara thaa,दूनून् मेइन् बदा अन्तर था
C:\Users\edwin\OneDrive\Desktop\Capstone\hindi indic\HDSD\hindi_sent\CF06\CF06_S1_H13_M2.wav,aapa sabhii kei sahayooga kei liyei bahuta dhanyavaada,CF06,CF06_S1_H13,M2,8,3.7500625,aapa sabhi ke sahayooga ke liye bahuta dhanyavaada,आप सभि के सहयूग के लिये बहुत धन्यवाद
C:\Users\edwin\OneDrive\Desktop\Capstone\hindi indic\HDSD\hindi_sent\CF06\CF06_S1_H14_M2.wav,bahuta sei looga aisaa kara rahei hai,CF06,CF06_S1_H14,M2,7,3.1625625,bahuta se looga aisaa kara rahe hai,बहुत से लूग ऐसा कर रहे है
C:\Users\edwin\OneDrive\Desktop\Capstone\hindi indic\HDSD\hindi_sent\CF06\CF06_S1_H15_M2.wav,samaya kei saatha hii nahiin usasei aagei chalaa jaaei,CF06,CF06_S1_H15,M2,9,4.8750625,samaya ke saatha hi nahiin usase aage chalaa jaae,समय के साथ हि नहीन् उससे आगे चला जाए
C:\Users\edwin\OneDrive\Desktop\Capstone\hindi indic\HDSD\hindi_sent\CF06\CF06_S1_H16_M2.wav,main krikeita kheila koo kaaphii pasanda karataa huuna,CF06,CF06_S1_H16,M2,8,3.8375625,main krikeita kheila koo kaaphi pasanda karataa huuna,मैन् क्रिकेइत खेइल कू काफि पसन्द करता हून
C:\Users\edwin\OneDrive\Desktop\Capstone\hindi indic\HDSD\hindi_sent\CF06\CF06_S1_H17_M2.wav,shaayada samajha aa gayaa hoo,CF06,CF06_S1_H17,M2,5,2.7500625,shaayada samajha aa gayaa hoo,शायद समझ आ गया हू
C:\Users\edwin\OneDrive\Desktop\Capstone\hindi indic\HDSD\hindi_sent\CF06\CF06_S1_H18_M2.wav,joo shaayada aapanei deikhaa naa hoo,CF06,CF06_S1_H18,M2,6,3.9375625,joo shaayada aapane deikhaa naa hoo,जू शायद आपने देइखा ना हू
C:\Users\edwin\OneDrive\Desktop\Capstone\hindi indic\HDSD\hindi_sent\CF06\CF06_S1_H19_M2.wav,main bhuula hii gayaa thaa isa baata koo,CF06,CF06_S1_H19,M2,8,3.1875625,main bhuula hi gayaa thaa isa baata koo,मैन् भूल हि गया था इस बात कू
C:\Users\edwin\OneDrive\Desktop\Capstone\hindi indic\HDSD\hindi_sent\CF06\CF06_S1_H20_M2.wav,magara vaha bhii nahiin huaa,CF06,CF06_S1_H20,M2,5,2.3750625,magara vaha bhi nahiin huaa,मगर वह भि नहीन् हुआ
C:\Users\edwin\OneDrive\Desktop\Capstone\hindi indic\HDSD\hindi_sent\CF06\CF06_S1_H21_M2.wav,dara kaa artha hootaa hai bhaya,CF06,CF06_S1_H21,M2,6,2.5000625,dara kaa artha hootaa hai bhaya,दर का अर्थ हूता है भय
C:\Users\edwin\OneDrive\Desktop\Capstone\hindi indic\HDSD\hindi_sent\CF06\CF06_S1_H22_M2.wav,eika baara phira sei aabhaara,CF06,CF06_S1_H22,M2,5,2.7500625,eika baara phira se aabhaara,एइक बार फिर से आभार
C:\Users\edwin\OneDrive\Desktop\Capstone\hindi indic\HDSD\hindi_sent\CF06\CF06_S1_H23_M2.wav,naa jaanei kitanei looga isei padhtei hai,CF06,CF06_S1_H23,M2,7,3.5000625,naa jaane kitane looga ise padhte hai,ना जाने कितने लूग इसे पध्ते है
C:\Users\edwin\OneDrive\Desktop\Capstone\hindi indic\HDSD\hindi_sent\CF06\CF06_S1_H24_M2.wav,abhii main shaanta hii huuna,CF06,CF06_S1_H24,M2,5,2.6250625,abhi main shaanta hi huuna,अभि मैन् शान्त हि हून
C:\Users\edwin\OneDrive\Desktop\Capstone\hindi indic\HDSD\hindi_sent\CF06\CF06_S1_H25_M2.wav,svaagata kei liyei dhanyavaada,CF06,CF06_S1_H25,M2,4,2.6875625,svaagata ke liye dhanyavaada,स्वागत के लिये धन्यवाद
C:\Users\edwin\OneDrive\Desktop\Capstone\hindi indic\HDSD\hindi_sent\CF06\CF06_S1_H26_M2.wav,aapa apanaa yaha achchhaa kaarya jaarii rakhein,CF06,CF06_S1_H26,M2,7,3.9375625,aapa apanaa yaha achchhaa kaarya jaari rakhein,आप अपना यह अच्छा कार्य जारि रखेइन्
C:\Users\edwin\OneDrive\Desktop\Capstone\hindi indic\HDSD\hindi_sent\CF06\CF06_S1_H27_M2.wav,main bhaarata mein rahataa huuna,CF06,CF06_S1_H27,M2,5,2.1875625,main bhaarata mein rahataa huuna,मैन् भारत मेइन् रहता हून
C:\Users\edwin\OneDrive\Desktop\Capstone\hindi indic\HDSD\hindi_sent\CF06\CF06_S1_H28_M2.wav,kahaa jaataa hai ki unhoonnei kabhii jiivana mein jhuutha kaa sahaaraa nahiin liyaa,CF06,CF06_S1_H28,M2,13,7.4375625,kahaa jaataa hai ki unhoonne kabhi jiivana mein jhuutha kaa sahaaraa nahiin liyaa,कहा जाता है कि उन्हून्ने कभि जीवन मेइन् झूथ का सहारा नहीन् लिया
C:\Users\edwin\OneDrive\Desktop\Capstone\hindi indic\HDSD\hindi_sent\CF06\CF06_S1_H29_M2.wav,aapakaa sandeisha paakara achchhaa lagaa,CF06,CF06_S1_H29,M2,5,2.8438125,aapakaa sandeisha paakara achchhaa lagaa,आपका सन्देइश पाकर अच्छा लगा
C:\Users\edwin\OneDrive\Desktop\Capstone\hindi indic\HDSD\hindi_sent\CF06\CF06_S1_H30_M2.wav,jaldii sei jaldii kuchha kiijiei,CF06,CF06_S1_H30,M2,5,2.1008125,jaldi se jaldi kuchha kiijie,जल्दि से जल्दि कुछ कीजिए
C:\Users\edwin\OneDrive\Desktop\Capstone\hindi indic\HDSD\hindi_sent\CM04\CM04_S1_H01_M2.wav,aapakei hindii pasanda karanei para khushii huii,CM04,CM04_S1_H01,M2,7,2.2625,aapake hindi pasanda karane para khushi hui,आपके हिन्दि पसन्द करने पर खुशि हुइ
C:\Users\edwin\OneDrive\Desktop\Capstone\hindi indic\HDSD\hindi_sent\CM04\CM04_S1_H02_M2.wav,isakei badalei mein tuma kuchha aura maanaga loo,CM04,CM04_S1_H02,M2,8,2.3813125,isake badale mein tuma kuchha aura maanaga loo,इसके बदले मेइन् तुम कुछ और मानग लू
C:\Users\edwin\OneDrive\Desktop\Capstone\hindi indic\HDSD\hindi_sent\CM04\CM04_S1_H03_M2.wav,chikitsaa kaa artha hootaa hai ilaaja,CM04,CM04_S1_H03,M2,6,2.4813125,chikitsaa kaa artha hootaa hai ilaaja,चिकित्सा का अर्थ हूता है इलाज
C:\Users\edwin\OneDrive\Desktop\Capstone\hindi indic\HDSD\hindi_sent\CM04\CM04_S1_H04_M2.wav,isei aisei hii jaarii rakhein,CM04,CM04_S1_H04,M2,5,1.8125625,ise aise hi jaari rakhein,इसे ऐसे हि जारि रखेइन्
C:\Users\edwin\OneDrive\Desktop\Capstone\hindi indic\HDSD\hindi_sent\CM04\CM04_S1_H05_M2.wav,madada kei liyei bahuta dhanyavaada,CM04,CM04_S1_H05,M2,5,2.0438125,madada ke liye bahuta dhanyavaada,मदद के लिये बहुत धन्यवाद
C:\Users\edwin\OneDrive\Desktop\Capstone\hindi indic\HDSD\hindi_sent\CM04\CM04_S1_H06_M2.wav,aba joo main kahataa huuna usakaa paalana karoo,CM04,CM04_S1_H06,M2,8,2.4313125,aba joo main kahataa huuna usakaa paalana karoo,अब जू मैन् कहता हून उसका पालन करू
C:\Users\edwin\OneDrive\Desktop\Capstone\hindi indic\HDSD\hindi_sent\CM04\CM04_S1_H07_M2.wav,bhaarata mein aisaa nahiin huaa hai,CM04,CM04_S1_H07,M2,6,2.2000625,bhaarata mein aisaa nahiin huaa hai,भारत मेइन् ऐसा नहीन् हुआ है
C:\Users\edwin\OneDrive\Desktop\Capstone\hindi indic\HDSD\hindi_sent\CM04\CM04_S1_H08_M2.wav,isa sahayooga heitu bhii bahuta dhanyavaada,CM04,CM04_S1_H08,M2,6,2.5125625,isa sahayooga heitu bhi bahuta dhanyavaada,इस सहयूग हेइतु भि बहुत धन्यवाद
C:\Users\edwin\OneDrive\Desktop\Capstone\hindi indic\HDSD\hindi_sent\CM04\CM04_S1_H09_M2.wav,para yaha sanbhava naa hoo sakaa,CM04,CM04_S1_H09,M2,6,1.9375625,para yaha sanbhava naa hoo sakaa,पर यह सन्भव ना हू सका
C:\Users\edwin\OneDrive\Desktop\Capstone\hindi indic\HDSD\hindi_sent\CM04\CM04_S1_H10_M2.wav,meirii baatoon ki oora dhyaana diijiyei,CM04,CM04_S1_H10,M2,6,2.2500625,meiri baatoon ki oora dhyaana diijiye,मेइरि बातून् कि ऊर ध्यान दीजिये
C:\Users\edwin\OneDrive\Desktop\Capstone\hindi indic\HDSD\hindi_sent\CM04\CM04_S1_H11_M2.wav,yahaan sei sangharshha kaa daura shuruu huaa,CM04,CM04_S1_H11,M2,7,2.1875625,yahaan se sangharshha kaa daura shuruu huaa,यहान् से सन्घर्ष का दौर शुरू हुआ
C:\Users\edwin\OneDrive\Desktop\Capstone\hindi indic\HDSD\hindi_sent\CM04\CM04_S1_H12_M2.wav,doonoon mein badaa antara thaa,CM04,CM04_S1_H12,M2,5,1.6875625,doonoon mein badaa antara thaa,दूनून् मेइन् बदा अन्तर था
C:\Users\edwin\OneDrive\Desktop\Capstone\hindi indic\HDSD\hindi_sent\CM04\CM04_S1_H13_M2.wav,aapa sabhii kei sahayooga kei liyei bahuta dhanyavaada,CM04,CM04_S1_H13,M2,8,2.6250625,aapa sabhi ke sahayooga ke liye bahuta dhanyavaada,आप सभि के सहयूग के लिये बहुत धन्यवाद
C:\Users\edwin\OneDrive\Desktop\Capstone\hindi indic\HDSD\hindi_sent\CM04\CM04_S1_H14_M2.wav,bahuta sei looga aisaa kara rahei hai,CM04,CM04_S1_H14,M2,7,2.1250625,bahuta se looga aisaa kara rahe hai,बहुत से लूग ऐसा कर रहे है
C:\Users\edwin\OneDrive\Desktop\Capstone\hindi indic\HDSD\hindi_sent\CM04\CM04_S1_H15_M2.wav,samaya kei saatha hii nahiin usasei aagei chalaa jaaei,CM04,CM04_S1_H15,M2,9,2.6875625,samaya ke saatha hi nahiin usase aage chalaa jaae,समय के साथ हि नहीन् उससे आगे चला जाए
C:\Users\edwin\OneDrive\Desktop\Capstone\hindi indic\HDSD\hindi_sent\CM04\CM04_S1_H16_M2.wav,main krikeita kheila koo kaaphii pasanda karataa huuna,CM04,CM04_S1_H16,M2,8,2.6250625,main krikeita kheila koo kaaphi pasanda karataa huuna,मैन् क्रिकेइत खेइल कू काफि पसन्द करता हून
C:\Users\edwin\OneDrive\Desktop\Capstone\hindi indic\HDSD\hindi_sent\CM04\CM04_S1_H17_M2.wav,shaayada samajha aa gayaa hoo,CM04,CM04_S1_H17,M2,5,2.4375625,shaayada samajha aa gayaa hoo,शायद समझ आ गया हू
C:\Users\edwin\OneDrive\Desktop\Capstone\hindi indic\HDSD\hindi_sent\CM04\CM04_S1_H18_M2.wav,joo shaayada aapanei deikhaa naa hoo,CM04,CM04_S1_H18,M2,6,2.5000625,joo shaayada aapane deikhaa naa hoo,जू शायद आपने देइखा ना हू
C:\Users\edwin\OneDrive\Desktop\Capstone\hindi indic\HDSD\hindi_sent\CM04\CM04_S1_H19_M2.wav,main bhuula hii gayaa thaa isa baata koo,CM04,CM04_S1_H19,M2,8,2.4375625,main bhuula hi gayaa thaa isa baata koo,मैन् भूल हि गया था इस बात कू
C:\Users\edwin\OneDrive\Desktop\Capstone\hindi indic\HDSD\hindi_sent\CM04\CM04_S1_H20_M2.wav,magara vaha bhii nahiin huaa,CM04,CM04_S1_H20,M2,5,1.8125625,magara vaha bhi nahiin huaa,मगर वह भि नहीन् हुआ
C:\Users\edwin\OneDrive\Desktop\Capstone\hindi indic\HDSD\hindi_sent\CM04\CM04_S1_H21_M2.wav,dara kaa artha hootaa hai bhaya,CM04,CM04_S1_H21,M2,6,1.8125625,dara kaa artha hootaa hai bhaya,दर का अर्थ हूता है भय
C:\Users\edwin\OneDrive\Desktop\Capstone\hindi indic\HDSD\hindi_sent\CM04\CM04_S1_H22_M2.wav,eika baara phira sei aabhaara,CM04,CM04_S1_H22,M2,5,1.7500625,eika baara phira se aabhaara,एइक बार फिर से आभार
C:\Users\edwin\OneDrive\Desktop\Capstone\hindi indic\HDSD\hindi_sent\CM04\CM04_S1_H23_M2.wav,naa jaanei kitanei looga isei padhtei hai,CM04,CM04_S1_H23,M2,7,2.5625625,naa jaane kitane looga ise padhte hai,ना जाने कितने लूग इसे पध्ते है
C:\Users\edwin\OneDrive\Desktop\Capstone\hindi indic\HDSD\hindi_sent\CM04\CM04_S1_H24_M2.wav,abhii main shaanta hii huuna,CM04,CM04_S1_H24,M2,5,1.6875625,abhi main shaanta hi huuna,अभि मैन् शान्त हि हून
C:\Users\edwin\OneDrive\Desktop\Capstone\hindi indic\HDSD\hindi_sent\CM04\CM04_S1_H25_M2.wav,svaagata kei liyei dhanyavaada,CM04,CM04_S1_H25,M2,4,2.0625625,svaagata ke liye dhanyavaada,स्वागत के लिये धन्यवाद
C:\Users\edwin\OneDrive\Desktop\Capstone\hindi indic\HDSD\hindi_sent\CM04\CM04_S1_H26_M2.wav,aapa apanaa yaha achchhaa kaarya jaarii rakhein,CM04,CM04_S1_H26,M2,7,2.3750625,aapa apanaa yaha achchhaa kaarya jaari rakhein,आप अपना यह अच्छा कार्य जारि रखेइन्
C:\Users\edwin\OneDrive\Desktop\Capstone\hindi indic\HDSD\hindi_sent\CM04\CM04_S1_H27_M2.wav,main bhaarata mein rahataa huuna,CM04,CM04_S1_H27,M2,5,1.4375625,main bhaarata mein rahataa huuna,मैन् भारत मेइन् रहता हून
C:\Users\edwin\OneDrive\Desktop\Capstone\hindi indic\HDSD\hindi_sent\CM04\CM04_S1_H28_M2.wav,kahaa jaataa hai ki unhoonnei kabhii jiivana mein jhuutha kaa sahaaraa nahiin liyaa,CM04,CM04_S1_H28,M2,13,4.0625625,kahaa jaataa hai ki unhoonne kabhi jiivana mein jhuutha kaa sahaaraa nahiin liyaa,कहा जाता है कि उन्हून्ने कभि जीवन मेइन् झूथ का सहारा नहीन् लिया
C:\Users\edwin\OneDrive\Desktop\Capstone\hindi indic\HDSD\hindi_sent\CM04\CM04_S1_H29_M2.wav,aapakaa sandeisha paakara achchhaa lagaa,CM04,CM04_S1_H29,M2,5,2.2500625,aapakaa sandeisha paakara achchhaa lagaa,आपका सन्देइश पाकर अच्छा लगा
C:\Users\edwin\OneDrive\Desktop\Capstone\hindi indic\HDSD\hindi_sent\CM04\CM04_S1_H30_M2.wav,jaldii sei jaldii kuchha kiijiei,CM04,CM04_S1_H30,M2,5,1.841125,jaldi se jaldi kuchha kiijie,जल्दि से जल्दि कुछ कीजिए
C:\Users\edwin\OneDrive\Desktop\Capstone\hindi indic\HDSD\hindi_sent\F07\F07_S1_H01_M2.wav,aapakei hindii pasanda karanei pasanda karanei para hindii khushii huii,F07,F07_S1_H01,M2,10,6.17,aapake hindi pasanda karane pasanda karane para hindi khushi hui,आपके हिन्दि पसन्द करने पसन्द करने पर हिन्दि खुशि हुइ
C:\Users\edwin\OneDrive\Desktop\Capstone\hindi indic\HDSD\hindi_sent\F07\F07_S1_H02_M2.wav,isakei badalei mein tuma kuchha aura maanaga loo,F07,F07_S1_H02,M2,8,4.954625,isake badale mein tuma kuchha aura maanaga loo,इसके बदले मेइन् तुम कुछ और मानग लू
C:\Users\edwin\OneDrive\Desktop\Capstone\hindi indic\HDSD\hindi_sent\F07\F07_S1_H03_M2.wav,chikitsaa chikitsaa kaa artha hootaa hai ilaaja,F07,F07_S1_H03,M2,7,6.0838125,chikitsaa chikitsaa kaa artha hootaa hai ilaaja,चिकित्सा चिकित्सा का अर्थ हूता है इलाज
C:\Users\edwin\OneDrive\Desktop\Capstone\hindi indic\HDSD\hindi_sent\F07\F07_S1_H04_M2.wav,isei aisei hii jaarii rakhein,F07,F07_S1_H04,M2,5,4.954,ise aise hi jaari rakhein,इसे ऐसे हि जारि रखेइन्
C:\Users\edwin\OneDrive\Desktop\Capstone\hindi indic\HDSD\hindi_sent\F07\F07_S1_H05_M2.wav,madada kei liyei madada kei liyei bahuta dhanyavaada,F07,F07_S1_H05,M2,8,5.7361875,madada ke liye madada ke liye bahuta dhanyavaada,मदद के लिये मदद के लिये बहुत धन्यवाद
C:\Users\edwin\OneDrive\Desktop\Capstone\hindi indic\HDSD\hindi_sent\F07\F07_S1_H06_M2.wav,aba joo main kahataa huuna usakaa usakaa paalana karoo,F07,F07_S1_H06,M2,9,6.9529375,aba joo main kahataa huuna usakaa usakaa paalana karoo,अब जू मैन् कहता हून उसका उसका पालन करू
C:\Users\edwin\OneDrive\Desktop\Capstone\hindi indic\HDSD\hindi_sent\F07\F07_S1_H07_M2.wav,bhaarata mein aisaa aisaa nahiin huaa hai,F07,F07_S1_H07,M2,7,4.9539375,bhaarata mein aisaa aisaa nahiin huaa hai,भारत मेइन् ऐसा ऐसा नहीन् हुआ है
C:\Users\edwin\OneDrive\Desktop\Capstone\hindi indic\HDSD\hindi_sent\F07\F07_S1_H08_M2.wav,isa sahayooga heitu bhii bahuta dhanyavaada,F07,F07_S1_H08,M2,6,4.867125,isa sahayooga heitu bhi bahuta dhanyavaada,इस सहयूग हेइतु भि बहुत धन्यवाद
C:\Users\edwin\OneDrive\Desktop\Capstone\hindi indic\HDSD\hindi_sent\F07\F07_S1_H09_M2.wav,para yaha sanbhava sanbhava naa hoo sakaa,F07,F07_S1_H09,M2,7,4.8670625,para yaha sanbhava sanbhava naa hoo sakaa,पर यह सन्भव सन्भव ना हू सका
C:\Users\edwin\OneDrive\Desktop\Capstone\hindi indic\HDSD\hindi_sent\F07\F07_S1_H10_M2.wav,meirii baatoon ki oora dhyaana diijiyei,F07,F07_S1_H10,M2,6,4.084875,meiri baatoon ki oora dhyaana diijiye,मेइरि बातून् कि ऊर ध्यान दीजिये
C:\Users\edwin\OneDrive\Desktop\Capstone\hindi indic\HDSD\hindi_sent\F07\F07_S1_H11_M2.wav,yahaan sei daura shuruu huaa,F07,F07_S1_H11,M2,5,3.9979375,yahaan se daura shuruu huaa,यहान् से दौर शुरू हुआ
C:\Users\edwin\OneDrive\Desktop\Capstone\hindi indic\HDSD\hindi_sent\F07\F07_S1_H12_M2.wav,doonoon mein badaa antara thaa,F07,F07_S1_H12,M2,5,4.17175,doonoon mein badaa antara thaa,दूनून् मेइन् बदा अन्तर था
C:\Users\edwin\OneDrive\Desktop\Capstone\hindi indic\HDSD\hindi_sent\F07\F07_S1_H13_M2.wav,aapa sabhii kei sahayooga kei liyei bahuta dhanyavaada,F07,F07_S1_H13,M2,8,5.301625,aapa sabhi ke sahayooga ke liye bahuta dhanyavaada,आप सभि के सहयूग के लिये बहुत धन्यवाद
C:\Users\edwin\OneDrive\Desktop\Capstone\hindi indic\HDSD\hindi_sent\F07\F07_S1_H14_M2.wav,bahuta sei looga aisaa kara rahei hai,F07,F07_S1_H14,M2,7,4.1718125,bahuta se looga aisaa kara rahe hai,बहुत से लूग ऐसा कर रहे है
C:\Users\edwin\OneDrive\Desktop\Capstone\hindi indic\HDSD\hindi_sent\F07\F07_S1_H15_M2.wav,samaya kei saatha hii nahiin usasei aagei chalaa jaaei,F07,F07_S1_H15,M2,9,6.518375,samaya ke saatha hi nahiin usase aage chalaa jaae,समय के साथ हि नहीन् उससे आगे चला जाए
C:\Users\edwin\OneDrive\Desktop\Capstone\hindi indic\HDSD\hindi_sent\F07\F07_S1_H16_M2.wav,main krikeita kheila koo main krikeita kheila koo kaaphii pasanda karataa huuna,F07,F07_S1_H16,M2,12,6.0838125,main krikeita kheila koo main krikeita kheila koo kaaphi pasanda karataa huuna,मैन् क्रिकेइत खेइल कू मैन् क्रिकेइत खेइल कू काफि पसन्द करता हून
C:\Users\edwin\OneDrive\Desktop\Capstone\hindi indic\HDSD\hindi_sent\F07\F07_S1_H17_M2.wav,shaayada shaayada samajha aa gayaa hoo,F07,F07_S1_H17,M2,6,3.73725,shaayada shaayada samajha aa gayaa hoo,शायद शायद समझ आ गया हू
C:\Users\edwin\OneDrive\Desktop\Capstone\hindi indic\HDSD\hindi_sent\F07\F07_S1_H18_M2.wav,joo shaayada joo aapanei shaayada deikhaa naa hoo,F07,F07_S1_H18,M2,8,4.519375,joo shaayada joo aapane shaayada deikhaa naa hoo,जू शायद जू आपने शायद देइखा ना हू
C:\Users\edwin\OneDrive\Desktop\Capstone\hindi indic\HDSD\hindi_sent\F07\F07_S1_H19_M2.wav,main bhuula hii gayaa thaa isa baata koo,F07,F07_S1_H19,M2,8,4.5194375,main bhuula hi gayaa thaa isa baata koo,मैन् भूल हि गया था इस बात कू
C:\Users\edwin\OneDrive\Desktop\Capstone\hindi indic\HDSD\hindi_sent\F07\F07_S1_H20_M2.wav,magara vaha bhii nahiin huaa,F07,F07_S1_H20,M2,5,3.9110625,magara vaha bhi nahiin huaa,मगर वह भि नहीन् हुआ
C:\Users\edwin\OneDrive\Desktop\Capstone\hindi indic\HDSD\hindi_sent\F07\F07_S1_H21_M2.wav,dara dara dara dara kaa artha hootaa hai bhaya,F07,F07_S1_H21,M2,9,6.17075,dara dara dara dara kaa artha hootaa hai bhaya,दर दर दर दर का अर्थ हूता है भय
C:\Users\edwin\OneDrive\Desktop\Capstone\hindi indic\HDSD\hindi_sent\F07\F07_S1_H22_M2.wav,eika baara phira sei aabhaara,F07,F07_S1_H22,M2,5,3.4765,eika baara phira se aabhaara,एइक बार फिर से आभार
C:\Users\edwin\OneDrive\Desktop\Capstone\hindi indic\HDSD\hindi_sent\F07\F07_S1_H23_M2.wav,naa jaanei kitanei looga isei padhtei hai,F07,F07_S1_H23,M2,7,4.780125,naa jaane kitane looga ise padhte hai,ना जाने कितने लूग इसे पध्ते है
C:\Users\edwin\OneDrive\Desktop\Capstone\hindi indic\HDSD\hindi_sent\F07\F07_S1_H24_M2.wav,main abhii shaanta hii huuna,F07,F07_S1_H24,M2,5,3.5634375,main abhi shaanta hi huuna,मैन् अभि शान्त हि हून
C:\Users\edwin\OneDrive\Desktop\Capstone\hindi indic\HDSD\hindi_sent\F07\F07_S1_H25_M2.wav,svaagata kei liyei dhanyavaada,F07,F07_S1_H25,M2,4,4.084875,svaagata ke liye dhanyavaada,स्वागत के लिये धन्यवाद
C:\Users\edwin\OneDrive\Desktop\Capstone\hindi indic\HDSD\hindi_sent\F07\F07_S1_H26_M2.wav,aapa apanaa yaha achchhaa kaarya jaarii rakhein,F07,F07_S1_H26,M2,7,5.12775,aapa apanaa yaha achchhaa kaarya jaari rakhein,आप अपना यह अच्छा कार्य जारि रखेइन्
C:\Users\edwin\OneDrive\Desktop\Capstone\hindi indic\HDSD\hindi_sent\F07\F07_S1_H27_M2.wav,main bhaarata main main bhaarata mein rahataa huuna,F07,F07_S1_H27,M2,8,4.4325625,main bhaarata main main bhaarata mein rahataa huuna,मैन् भारत मैन् मैन् भारत मेइन् रहता हून
C:\Users\edwin\OneDrive\Desktop\Capstone\hindi indic\HDSD\hindi_sent\F07\F07_S1_H28_M2.wav,kahaa jaataa hai ki unhoonnei kabhii jiivana mein jhuutha kaa sahaaraa nahiin liyaa,F07,F07_S1_H28,M2,13,6.952875,kahaa jaataa hai ki unhoonne kabhi jiivana mein jhuutha kaa sahaaraa nahiin liyaa,कहा जाता है कि उन्हून्ने कभि जीवन मेइन् झूथ का सहारा नहीन् लिया
C:\Users\edwin\OneDrive\Desktop\Capstone\hindi indic\HDSD\hindi_sent\F07\F07_S1_H29_M2.wav,aapakaa sandeisha paakara achchhaa lagaa,F07,F07_S1_H29,M2,5,4.4325625,aapakaa sandeisha paakara achchhaa lagaa,आपका सन्देइश पाकर अच्छा लगा
C:\Users\edwin\OneDrive\Desktop\Capstone\hindi indic\HDSD\hindi_sent\F07\F07_S1_H30_M2.wav,jaldii sei jaldii kuchha kiijiei,F07,F07_S1_H30,M2,5,2.7811875,jaldi se jaldi kuchha kiijie,जल्दि से जल्दि कुछ कीजिए
C:\Users\edwin\OneDrive\Desktop\Capstone\hindi indic\HDSD\hindi_sent\F11\F11_S1_H01_M2.wav,aapakei hindii pasanda karanei para khushii huii,F11,F11_S1_H01,M2,7,4.375,aapake hindi pasanda karane para khushi hui,आपके हिन्दि पसन्द करने पर खुशि हुइ
C:\Users\edwin\OneDrive\Desktop\Capstone\hindi indic\HDSD\hindi_sent\F11\F11_S1_H02_M2.wav,isakei badalei mein tuma aura maanaga loo,F11,F11_S1_H02,M2,7,2.8813125,isake badale mein tuma aura maanaga loo,इसके बदले मेइन् तुम और मानग लू
C:\Users\edwin\OneDrive\Desktop\Capstone\hindi indic\HDSD\hindi_sent\F11\F11_S1_H03_M2.wav,chikitsaa kaa artha hootaa hai ilaaja,F11,F11_S1_H03,M2,6,3.5188125,chikitsaa kaa artha hootaa hai ilaaja,चिकित्सा का अर्थ हूता है इलाज
C:\Users\edwin\OneDrive\Desktop\Capstone\hindi indic\HDSD\hindi_sent\F11\F11_S1_H04_M2.wav,isei aisei hii jaarii rakhein,F11,F11_S1_H04,M2,5,3.6000625,ise aise hi jaari rakhein,इसे ऐसे हि जारि रखेइन्
C:\Users\edwin\OneDrive\Desktop\Capstone\hindi indic\HDSD\hindi_sent\F11\F11_S1_H05_M2.wav,madada kei liyei bahuta dhanyavaada,F11,F11_S1_H05,M2,5,2.7625625,madada ke liye bahuta dhanyavaada,मदद के लिये बहुत धन्यवाद
C:\Users\edwin\OneDrive\Desktop\Capstone\hindi indic\HDSD\hindi_sent\F11\F11_S1_H06_M2.wav,aba joo main kahataa huuna usakaa paalana karoo,F11,F11_S1_H06,M2,8,4.5125625,aba joo main kahataa huuna usakaa paalana karoo,अब जू मैन् कहता हून उसका पालन करू
C:\Users\edwin\OneDrive\Desktop\Capstone\hindi indic\HDSD\hindi_sent\F11\F11_S1_H07_M2.wav,bhaarata mein aisaa nahiin huaa hai,F11,F11_S1_H07,M2,6,3.3063125,bhaarata mein aisaa nahiin huaa hai,भारत मेइन् ऐसा नहीन् हुआ है
C:\Users\edwin\OneDrive\Desktop\Capstone\hindi indic\HDSD\hindi_sent\F11\F11_S1_H08_M2.wav,isa sahayooga heitu bhii bahuta dhanyavaada,F11,F11_S1_H08,M2,6,3.6500625,isa sahayooga heitu bhi bahuta dhanyavaada,इस सहयूग हेइतु भि बहुत धन्यवाद
C:\Users\edwin\OneDrive\Desktop\Capstone\hindi indic\HDSD\hindi_sent\F11\F11_S1_H09_M2.wav,para yaha sanbhava naa hoo sakaa,F11,F11_S1_H09,M2,6,2.8375625,para yaha sanbhava naa hoo sakaa,पर यह सन्भव ना हू सका
C:\Users\edwin\OneDrive\Desktop\Capstone\hindi indic\HDSD\hindi_sent\F11\F11_S1_H10_M2.wav,meirii baatoon ki oora dhyaana diijiyei,F11,F11_S1_H10,M2,6,3.7563125,meiri baatoon ki oora dhyaana diijiye,मेइरि बातून् कि ऊर ध्यान दीजिये
C:\Users\edwin\OneDrive\Desktop\Capstone\hindi indic\HDSD\hindi_sent\F11\F11_S1_H11_M2.wav,yahaan sei sangharshha daura shuruu huaa,F11,F11_S1_H11,M2,6,3.8375625,yahaan se sangharshha daura shuruu huaa,यहान् से सन्घर्ष दौर शुरू हुआ
C:\Users\edwin\OneDrive\Desktop\Capstone\hindi indic\HDSD\hindi_sent\F11\F11_S1_H12_M2.wav,doonoon mein badaa badaa antara thaa,F11,F11_S1_H12,M2,6,3.0661875,doonoon mein badaa badaa antara thaa,दूनून् मेइन् बदा बदा अन्तर था
C:\Users\edwin\OneDrive\Desktop\Capstone\hindi indic\HDSD\hindi_sent\F12\F12_S1_H01_M2.wav,aapakei hindii pasanda karanei para khushii huii,F12,F12_S1_H01,M2,7,2.95625,aapake hindi pasanda karane para khushi hui,आपके हिन्दि पसन्द करने पर खुशि हुइ
C:\Users\edwin\OneDrive\Desktop\Capstone\hindi indic\HDSD\hindi_sent\F12\F12_S1_H02_M2.wav,isakei badalei mein tuma kuchha aura maanaga loo,F12,F12_S1_H02,M2,8,2.7688125,isake badale mein tuma kuchha aura maanaga loo,इसके बदले मेइन् तुम कुछ और मानग लू
C:\Users\edwin\OneDrive\Desktop\Capstone\hindi indic\HDSD\hindi_sent\F12\F12_S1_H03_M2.wav,chikitsaa kaa artha ilaaja hootaa hai ilaaja,F12,F12_S1_H03,M2,7,3.3938125,chikitsaa kaa artha ilaaja hootaa hai ilaaja,चिकित्सा का अर्थ इलाज हूता है इलाज
C:\Users\edwin\OneDrive\Desktop\Capstone\hindi indic\HDSD\hindi_sent\F12\F12_S1_H04_M2.wav,isei aisei hii jaarii rakhein,F12,F12_S1_H04,M2,5,2.1938125,ise aise hi jaari rakhein,इसे ऐसे हि जारि रखेइन्
C:\Users\edwin\OneDrive\Desktop\Capstone\hindi indic\HDSD\hindi_sent\F12\F12_S1_H05_M2.wav,madada kei liyei bahuta dhanyavaada,F12,F12_S1_H05,M2,5,1.9375625,madada ke liye bahuta dhanyavaada,मदद के लिये बहुत धन्यवाद
C:\Users\edwin\OneDrive\Desktop\Capstone\hindi indic\HDSD\hindi_sent\F12\F12_S1_H06_M2.wav,joo main kahataa huuna aba joo main kahataa huuna usakaa paalana karoo,F12,F12_S1_H06,M2,12,3.7750625,joo main kahataa huuna aba joo main kahataa huuna usakaa paalana karoo,जू मैन् कहता हून अब जू मैन् कहता हून उसका पालन करू
C:\Users\edwin\OneDrive\Desktop\Capstone\hindi indic\HDSD\hindi_sent\F12\F12_S1_H07_M2.wav,bhaarata mein aisaa nahiin huaa hai,F12,F12_S1_H07,M2,6,2.2750625,bhaarata mein aisaa nahiin huaa hai,भारत मेइन् ऐसा नहीन् हुआ है
C:\Users\edwin\OneDrive\Desktop\Capstone\hindi indic\HDSD\hindi_sent\F12\F12_S1_H08_M2.wav,isa sahayooga heitu dhanyavaada isa sahayooga dhanyavaada,F12,F12_S1_H08,M2,7,5.3625625,isa sahayooga heitu dhanyavaada isa sahayooga dhanyavaada,इस सहयूग हेइतु धन्यवाद इस सहयूग धन्यवाद
C:\Users\edwin\OneDrive\Desktop\Capstone\hindi indic\HDSD\hindi_sent\F12\F12_S1_H09_M2.wav,para yaha sanbhava naa hoo sakaa,F12,F12_S1_H09,M2,6,1.8625625,para yaha sanbhava naa hoo sakaa,पर यह सन्भव ना हू सका
C:\Users\edwin\OneDrive\Desktop\Capstone\hindi indic\HDSD\hindi_sent\F12\F12_S1_H10_M2.wav,meirii baatoon ki oora dhyaana diijiyei,F12,F12_S1_H10,M2,6,2.1750625,meiri baatoon ki oora dhyaana diijiye,मेइरि बातून् कि ऊर ध्यान दीजिये
C:\Users\edwin\OneDrive\Desktop\Capstone\hindi indic\HDSD\hindi_sent\F12\F12_S1_H11_M2.wav,yahaan sei sangharshha daura shuruu huaa,F12,F12_S1_H11,M2,6,3.0563125,yahaan se sangharshha daura shuruu huaa,यहान् से सन्घर्ष दौर शुरू हुआ
C:\Users\edwin\OneDrive\Desktop\Capstone\hindi indic\HDSD\hindi_sent\F12\F12_S1_H12_M2.wav,doonoon mein badaa antara thaa,F12,F12_S1_H12,M2,5,1.7688125,doonoon mein badaa antara thaa,दूनून् मेइन् बदा अन्तर था
C:\Users\edwin\OneDrive\Desktop\Capstone\hindi indic\HDSD\hindi_sent\F12\F12_S1_H13_M2.wav,aapa sabhii kei sahayooga kei liyei bahuta dhanyavaada,F12,F12_S1_H13,M2,8,3.6125625,aapa sabhi ke sahayooga ke liye bahuta dhanyavaada,आप सभि के सहयूग के लिये बहुत धन्यवाद
C:\Users\edwin\OneDrive\Desktop\Capstone\hindi indic\HDSD\hindi_sent\F12\F12_S1_H14_M2.wav,bahuta sei looga aisaa kara rahei hai,F12,F12_S1_H14,M2,7,2.1750625,bahuta se looga aisaa kara rahe hai,बहुत से लूग ऐसा कर रहे है
C:\Users\edwin\OneDrive\Desktop\Capstone\hindi indic\HDSD\hindi_sent\F12\F12_S1_H15_M2.wav,samaya kei saatha hii nahiin usasei aagei chalaa jaaei,F12,F12_S1_H15,M2,9,3.1755,samaya ke saatha hi nahiin usase aage chalaa jaae,समय के साथ हि नहीन् उससे आगे चला जाए
C:\Users\edwin\OneDrive\Desktop\Capstone\hindi indic\HDSD\hindi_sent\F12\F12_S1_H16_M2.wav,main krikeita kheila koo kaaphii pasanda karataa huuna,F12,F12_S1_H16,M2,8,3.143375,main krikeita kheila koo kaaphi pasanda karataa huuna,मैन् क्रिकेइत खेइल कू काफि पसन्द करता हून
C:\Users\edwin\OneDrive\Desktop\Capstone\hindi indic\HDSD\hindi_sent\F12\F12_S1_H17_M2.wav,shaayada samajha aa gayaa hoo,F12,F12_S1_H17,M2,5,1.9313125,shaayada samajha aa gayaa hoo,शायद समझ आ गया हू
C:\Users\edwin\OneDrive\Desktop\Capstone\hindi indic\HDSD\hindi_sent\F12\F12_S1_H18_M2.wav,joo shaayada aapanei deikhaa naa hoo,F12,F12_S1_H18,M2,6,2.1375625,joo shaayada aapane deikhaa naa hoo,जू शायद आपने देइखा ना हू
C:\Users\edwin\OneDrive\Desktop\Capstone\hindi indic\HDSD\hindi_sent\F12\F12_S1_H19_M2.wav,main bhuula hii gayaa thaa isa baata koo,F12,F12_S1_H19,M2,8,2.0938125,main bhuula hi gayaa thaa isa baata koo,मैन् भूल हि गया था इस बात कू
C:\Users\edwin\OneDrive\Desktop\Capstone\hindi indic\HDSD\hindi_sent\F12\F12_S1_H20_M2.wav,magara vaha bhii nahiin huaa,F12,F12_S1_H20,M2,5,1.6563125,magara vaha bhi nahiin huaa,मगर वह भि नहीन् हुआ
C:\Users\edwin\OneDrive\Desktop\Capstone\hindi indic\HDSD\hindi_sent\F12\F12_S1_H21_M2.wav,dara kaa artha hootaa hai bhaya,F12,F12_S1_H21,M2,6,2.0263125,dara kaa artha hootaa hai bhaya,दर का अर्थ हूता है भय
C:\Users\edwin\OneDrive\Desktop\Capstone\hindi indic\HDSD\hindi_sent\F12\F12_S1_H22_M2.wav,eika baara phira sei aabhaara,F12,F12_S1_H22,M2,5,1.6488125,eika baara phira se aabhaara,एइक बार फिर से आभार
C:\Users\edwin\OneDrive\Desktop\Capstone\hindi indic\HDSD\hindi_sent\F12\F12_S1_H23_M2.wav,jaanei kitanei looga isei padhtei hai naa jaanei kitanei kitanei looga padhtei hai isei padhtei hai,F12,F12_S1_H23,M2,16,7.1688125,jaane kitane looga ise padhte hai naa jaane kitane kitane looga padhte hai ise padhte hai,जाने कितने लूग इसे पध्ते है ना जाने कितने कितने लूग पध्ते है इसे पध्ते है
C:\Users\edwin\OneDrive\Desktop\Capstone\hindi indic\HDSD\hindi_sent\F12\F12_S1_H24_M2.wav,abhii main shaanta hii huuna,F12,F12_S1_H24,M2,5,1.5313125,abhi main shaanta hi huuna,अभि मैन् शान्त हि हून
C:\Users\edwin\OneDrive\Desktop\Capstone\hindi indic\HDSD\hindi_sent\F12\F12_S1_H25_M2.wav,svaagata kei liyei dhanyavaada,F12,F12_S1_H25,M2,4,1.9313125,svaagata ke liye dhanyavaada,स्वागत के लिये धन्यवाद
C:\Users\edwin\OneDrive\Desktop\Capstone\hindi indic\HDSD\hindi_sent\F12\F12_S1_H26_M2.wav,aapa yaha apanaa achchhaa kaarya aapa apanaa yaha achchhaa kaarya jaarii rakhein,F12,F12_S1_H26,M2,12,5.8375625,aapa yaha apanaa achchhaa kaarya aapa apanaa yaha achchhaa kaarya jaari rakhein,आप यह अपना अच्छा कार्य आप अपना यह अच्छा कार्य जारि रखेइन्
C:\Users\edwin\OneDrive\Desktop\Capstone\hindi indic\HDSD\hindi_sent\F12\F12_S1_H27_M2.wav,main bhaarata mein rahataa huuna,F12,F12_S1_H27,M2,5,1.8125625,main bhaarata mein rahataa huuna,मैन् भारत मेइन् रहता हून
C:\Users\edwin\OneDrive\Desktop\Capstone\hindi indic\HDSD\hindi_sent\F12\F12_S1_H28_M2.wav,kahaa jaataa hai ki jiivana mein unhoonnei kabhii jiivana mein jhuutha kaa sahaaraa nahiin liyaa,F12,F12_S1_H28,M2,15,6.4063125,kahaa jaataa hai ki jiivana mein unhoonne kabhi jiivana mein jhuutha kaa sahaaraa nahiin liyaa,कहा जाता है कि जीवन मेइन् उन्हून्ने कभि जीवन मेइन् झूथ का सहारा नहीन् लिया
C:\Users\edwin\OneDrive\Desktop\Capstone\hindi indic\HDSD\hindi_sent\F12\F12_S1_H29_M2.wav,aapakaa sandeisha paakara achchhaa lagaa,F12,F12_S1_H29,M2,5,2.3250625,aapakaa sandeisha paakara achchhaa lagaa,आपका सन्देइश पाकर अच्छा लगा
C:\Users\edwin\OneDrive\Desktop\Capstone\hindi indic\HDSD\hindi_sent\F12\F12_S1_H30_M2.wav,jaldii sei jaldii kuchha kiijiei,F12,F12_S1_H30,M2,5,1.835625,jaldi se jaldi kuchha kiijie,जल्दि से जल्दि कुछ कीजिए
C:\Users\edwin\OneDrive\Desktop\Capstone\hindi indic\HDSD\hindi_sent\F17\F17_S1_H01_M2.wav,aapakei hindii pasanda karanei para khushii huii,F17,F17_S1_H01,M2,7,3.375,aapake hindi pasanda karane para khushi hui,आपके हिन्दि पसन्द करने पर खुशि हुइ
C:\Users\edwin\OneDrive\Desktop\Capstone\hindi indic\HDSD\hindi_sent\F17\F17_S1_H02_M2.wav,isakei badalei mein tuma kuchha aura maanaga loo,F17,F17_S1_H02,M2,8,3.0313125,isake badale mein tuma kuchha aura maanaga loo,इसके बदले मेइन् तुम कुछ और मानग लू
C:\Users\edwin\OneDrive\Desktop\Capstone\hindi indic\HDSD\hindi_sent\F17\F17_S1_H03_M2.wav,chikitsaa kaa hootaa hai ilaaja,F17,F17_S1_H03,M2,5,2.6938125,chikitsaa kaa hootaa hai ilaaja,चिकित्सा का हूता है इलाज
C:\Users\edwin\OneDrive\Desktop\Capstone\hindi indic\HDSD\hindi_sent\F17\F17_S1_H04_M2.wav,isei aisei hii jaarii rakhein,F17,F17_S1_H04,M2,5,2.0875625,ise aise hi jaari rakhein,इसे ऐसे हि जारि रखेइन्
C:\Users\edwin\OneDrive\Desktop\Capstone\hindi indic\HDSD\hindi_sent\F17\F17_S1_H05_M2.wav,madada kei liyei bahuta dhanyavaada,F17,F17_S1_H05,M2,5,1.9375625,madada ke liye bahuta dhanyavaada,मदद के लिये बहुत धन्यवाद
C:\Users\edwin\OneDrive\Desktop\Capstone\hindi indic\HDSD\hindi_sent\F17\F17_S1_H06_M2.wav,aba joo main kahataa huuna usakaa paalana karoo,F17,F17_S1_H06,M2,8,2.7875625,aba joo main kahataa huuna usakaa paalana karoo,अब जू मैन् कहता हून उसका पालन करू
C:\Users\edwin\OneDrive\Desktop\Capstone\hindi indic\HDSD\hindi_sent\F17\F17_S1_H07_M2.wav,bhaarata mein aisaa nahiin huaa hai,F17,F17_S1_H07,M2,6,2.4313125,bhaarata mein aisaa nahiin huaa hai,भारत मेइन् ऐसा नहीन् हुआ है
C:\Users\edwin\OneDrive\Desktop\Capstone\hindi indic\HDSD\hindi_sent\F17\F17_S1_H08_M2.wav,isa sahayooga heitu bhii bahuta dhanyavaada,F17,F17_S1_H08,M2,6,2.7625625,isa sahayooga heitu bhi bahuta dhanyavaada,इस सहयूग हेइतु भि बहुत धन्यवाद
C:\Users\edwin\OneDrive\Desktop\Capstone\hindi indic\HDSD\hindi_sent\F17\F17_S1_H09_M2.wav,para yaha sanbhava naa hoo sakaa,F17,F17_S1_H09,M2,6,2.1188125,para yaha sanbhava naa hoo sakaa,पर यह सन्भव ना हू सका
C:\Users\edwin\OneDrive\Desktop\Capstone\hindi indic\HDSD\hindi_sent\F17\F17_S1_H10_M2.wav,meirii baatoon ki oora dhyaana diijiyei,F17,F17_S1_H10,M2,6,2.5063125,meiri baatoon ki oora dhyaana diijiye,मेइरि बातून् कि ऊर ध्यान दीजिये
C:\Users\edwin\OneDrive\Desktop\Capstone\hindi indic\HDSD\hindi_sent\F17\F17_S1_H11_M2.wav,yahaan sei sangharshha kaa daura shuruu huaa,F17,F17_S1_H11,M2,7,2.9500625,yahaan se sangharshha kaa daura shuruu huaa,यहान् से सन्घर्ष का दौर शुरू हुआ
C:\Users\edwin\OneDrive\Desktop\Capstone\hindi indic\HDSD\hindi_sent\F17\F17_S1_H12_M2.wav,doonoon mein badaa antara thaa,F17,F17_S1_H12,M2,5,1.8125625,doonoon mein badaa antara thaa,दूनून् मेइन् बदा अन्तर था
C:\Users\edwin\OneDrive\Desktop\Capstone\hindi indic\HDSD\hindi_sent\F17\F17_S1_H13_M2.wav,aapa sabhii kei sahayooga kei liyei bahuta dhanyavaada,F17,F17_S1_H13,M2,8,3.5188125,aapa sabhi ke sahayooga ke liye bahuta dhanyavaada,आप सभि के सहयूग के लिये बहुत धन्यवाद
C:\Users\edwin\OneDrive\Desktop\Capstone\hindi indic\HDSD\hindi_sent\F17\F17_S1_H14_M2.wav,bahuta sei looga aisaa kara rahei hai,F17,F17_S1_H14,M2,7,2.4563125,bahuta se looga aisaa kara rahe hai,बहुत से लूग ऐसा कर रहे है
C:\Users\edwin\OneDrive\Desktop\Capstone\hindi indic\HDSD\hindi_sent\F17\F17_S1_H15_M2.wav,samaya kei saatha hii nahiin usasei aagei chalaa jaaei,F17,F17_S1_H15,M2,9,3.5750625,samaya ke saatha hi nahiin usase aage chalaa jaae,समय के साथ हि नहीन् उससे आगे चला जाए
C:\Users\edwin\OneDrive\Desktop\Capstone\hindi indic\HDSD\hindi_sent\F17\F17_S1_H16_M2.wav,main krikeita kheila koo kaaphii pasanda karataa huuna,F17,F17_S1_H16,M2,8,3.1375625,main krikeita kheila koo kaaphi pasanda karataa huuna,मैन् क्रिकेइत खेइल कू काफि पसन्द करता हून
C:\Users\edwin\OneDrive\Desktop\Capstone\hindi indic\HDSD\hindi_sent\F17\F17_S1_H17_M2.wav,shaayada samajha aa gayaa hoo,F17,F17_S1_H17,M2,5,1.9938125,shaayada samajha aa gayaa hoo,शायद समझ आ गया हू
C:\Users\edwin\OneDrive\Desktop\Capstone\hindi indic\HDSD\hindi_sent\F17\F17_S1_H18_M2.wav,joo aapanei deikhaa naa hoo,F17,F17_S1_H18,M2,5,2.1688125,joo aapane deikhaa naa hoo,जू आपने देइखा ना हू
C:\Users\edwin\OneDrive\Desktop\Capstone\hindi indic\HDSD\hindi_sent\F17\F17_S1_H19_M2.wav,main bhuula hii gayaa thaa isa baata koo,F17,F17_S1_H19,M2,8,2.1875625,main bhuula hi gayaa thaa isa baata koo,मैन् भूल हि गया था इस बात कू
C:\Users\edwin\OneDrive\Desktop\Capstone\hindi indic\HDSD\hindi_sent\F17\F17_S1_H20_M2.wav,magara vaha bhii nahiin huaa,F17,F17_S1_H20,M2,5,1.8688125,magara vaha bhi nahiin huaa,मगर वह भि नहीन् हुआ
C:\Users\edwin\OneDrive\Desktop\Capstone\hindi indic\HDSD\hindi_sent\F17\F17_S1_H21_M2.wav,dara kaa artha hootaa hai bhaya,F17,F17_S1_H21,M2,6,2.0375625,dara kaa artha hootaa hai bhaya,दर का अर्थ हूता है भय
C:\Users\edwin\OneDrive\Desktop\Capstone\hindi indic\HDSD\hindi_sent\F17\F17_S1_H22_M2.wav,eika baara phira sei aabhaara,F17,F17_S1_H22,M2,5,2.0125625,eika baara phira se aabhaara,एइक बार फिर से आभार
C:\Users\edwin\OneDrive\Desktop\Capstone\hindi indic\HDSD\hindi_sent\F17\F17_S1_H23_M2.wav,naa jaanei kitanei looga isei padhtei hai,F17,F17_S1_H23,M2,7,2.8063125,naa jaane kitane looga ise padhte hai,ना जाने कितने लूग इसे पध्ते है
C:\Users\edwin\OneDrive\Desktop\Capstone\hindi indic\HDSD\hindi_sent\F17\F17_S1_H24_M2.wav,abhii main shaanta hii huuna,F17,F17_S1_H24,M2,5,1.8875625,abhi main shaanta hi huuna,अभि मैन् शान्त हि हून
C:\Users\edwin\OneDrive\Desktop\Capstone\hindi indic\HDSD\hindi_sent\F17\F17_S1_H25_M2.wav,svaagata kei liyei dhanyavaada,F17,F17_S1_H25,M2,4,1.9044375,svaagata ke liye dhanyavaada,स्वागत के लिये धन्यवाद
C:\Users\edwin\OneDrive\Desktop\Capstone\hindi indic\HDSD\hindi_sent\F17\F17_S1_H26_M2.wav,aapa apanaa achchhaa kaarya jaarii rakhein,F17,F17_S1_H26,M2,6,2.9706875,aapa apanaa achchhaa kaarya jaari rakhein,आप अपना अच्छा कार्य जारि रखेइन्
C:\Users\edwin\OneDrive\Desktop\Capstone\hindi indic\HDSD\hindi_sent\F17\F17_S1_H27_M2.wav,main bhaarata mein rahataa huuna,F17,F17_S1_H27,M2,5,1.7625625,main bhaarata mein rahataa huuna,मैन् भारत मेइन् रहता हून
C:\Users\edwin\OneDrive\Desktop\Capstone\hindi indic\HDSD\hindi_sent\F17\F17_S1_H28_M2.wav,kahaa jaataa hai ki unhoonnei jiivana mein jhuutha liyaa sahaaraa nahiin liyaa,F17,F17_S1_H28,M2,12,5.0688125,kahaa jaataa hai ki unhoonne jiivana mein jhuutha liyaa sahaaraa nahiin liyaa,कहा जाता है कि उन्हून्ने जीवन मेइन् झूथ लिया सहारा नहीन् लिया
C:\Users\edwin\OneDrive\Desktop\Capstone\hindi indic\HDSD\hindi_sent\F17\F17_S1_H29_M2.wav,aapakaa sandeisha paakara achchhaa lagaa,F17,F17_S1_H29,M2,5,2.4313125,aapakaa sandeisha paakara achchhaa lagaa,आपका सन्देइश पाकर अच्छा लगा
C:\Users\edwin\OneDrive\Desktop\Capstone\hindi indic\HDSD\hindi_sent\F17\F17_S1_H30_M2.wav,jaldii sei jaldii kuchha kiijiei,F17,F17_S1_H30,M2,5,2.0863125,jaldi se jaldi kuchha kiijie,जल्दि से जल्दि कुछ कीजिए
C:\Users\edwin\OneDrive\Desktop\Capstone\hindi indic\HDSD\hindi_sent\F19\F19_S1_H01_M2.wav,aapakei hindii pasanda karanei khushii huii,F19,F19_S1_H01,M2,6,3.09375,aapake hindi pasanda karane khushi hui,आपके हिन्दि पसन्द करने खुशि हुइ
C:\Users\edwin\OneDrive\Desktop\Capstone\hindi indic\HDSD\hindi_sent\F19\F19_S1_H02_M2.wav,isakei badalei mein tuma kuchha aura maanaga loo,F19,F19_S1_H02,M2,8,2.7313125,isake badale mein tuma kuchha aura maanaga loo,इसके बदले मेइन् तुम कुछ और मानग लू
C:\Users\edwin\OneDrive\Desktop\Capstone\hindi indic\HDSD\hindi_sent\F19\F19_S1_H03_M2.wav,chikitsaa kaa artha hootaa hai ilaaja,F19,F19_S1_H03,M2,6,2.3938125,chikitsaa kaa artha hootaa hai ilaaja,चिकित्सा का अर्थ हूता है इलाज
C:\Users\edwin\OneDrive\Desktop\Capstone\hindi indic\HDSD\hindi_sent\F19\F19_S1_H04_M2.wav,isei aisei hii jaarii rakhein,F19,F19_S1_H04,M2,5,2.2688125,ise aise hi jaari rakhein,इसे ऐसे हि जारि रखेइन्
C:\Users\edwin\OneDrive\Desktop\Capstone\hindi indic\HDSD\hindi_sent\F19\F19_S1_H05_M2.wav,madada kei liyei bahuta dhanyavaada,F19,F19_S1_H05,M2,5,2.2938125,madada ke liye bahuta dhanyavaada,मदद के लिये बहुत धन्यवाद
C:\Users\edwin\OneDrive\Desktop\Capstone\hindi indic\HDSD\hindi_sent\F19\F19_S1_H06_M2.wav,aba joo main kahataa huuna usakaa paalana karoo,F19,F19_S1_H06,M2,8,3.0438125,aba joo main kahataa huuna usakaa paalana karoo,अब जू मैन् कहता हून उसका पालन करू
C:\Users\edwin\OneDrive\Desktop\Capstone\hindi indic\HDSD\hindi_sent\F19\F19_S1_H07_M2.wav,bhaarata mein aisaa nahiin huaa hai,F19,F19_S1_H07,M2,6,2.5500625,bhaarata mein aisaa nahiin huaa hai,भारत मेइन् ऐसा नहीन् हुआ है
C:\Users\edwin\OneDrive\Desktop\Capstone\hindi indic\HDSD\hindi_sent\F19\F19_S1_H08_M2.wav,isa sahayooga heitu bhii bahuta dhanyavaada,F19,F19_S1_H08,M2,6,4.0125625,isa sahayooga heitu bhi bahuta dhanyavaada,इस सहयूग हेइतु भि बहुत धन्यवाद
C:\Users\edwin\OneDrive\Desktop\Capstone\hindi indic\HDSD\hindi_sent\F19\F19_S1_H09_M2.wav,para yaha sanbhava naa hoo sakaa,F19,F19_S1_H09,M2,6,1.9938125,para yaha sanbhava naa hoo sakaa,पर यह सन्भव ना हू सका
C:\Users\edwin\OneDrive\Desktop\Capstone\hindi indic\HDSD\hindi_sent\F19\F19_S1_H10_M2.wav,meirii baatoon ki oora dhyaana diijiyei,F19,F19_S1_H10,M2,6,3.2250625,meiri baatoon ki oora dhyaana diijiye,मेइरि बातून् कि ऊर ध्यान दीजिये
C:\Users\edwin\OneDrive\Desktop\Capstone\hindi indic\HDSD\hindi_sent\F19\F19_S1_H11_M2.wav,yahaan sei sangharshha kaa daura shuruu huaa,F19,F19_S1_H11,M2,7,3.1813125,yahaan se sangharshha kaa daura shuruu huaa,यहान् से सन्घर्ष का दौर शुरू हुआ
C:\Users\edwin\OneDrive\Desktop\Capstone\hindi indic\HDSD\hindi_sent\F19\F19_S1_H12_M2.wav,doonoon mein badaa antara thaa,F19,F19_S1_H12,M2,5,2.0063125,doonoon mein badaa antara thaa,दूनून् मेइन् बदा अन्तर था
C:\Users\edwin\OneDrive\Desktop\Capstone\hindi indic\HDSD\hindi_sent\F19\F19_S1_H13_M2.wav,aapa sabhii kei sahayooga bahuta dhanyavaada,F19,F19_S1_H13,M2,6,3.3250625,aapa sabhi ke sahayooga bahuta dhanyavaada,आप सभि के सहयूग बहुत धन्यवाद
C:\Users\edwin\OneDrive\Desktop\Capstone\hindi indic\HDSD\hindi_sent\F19\F19_S1_H14_M2.wav,bahuta sei looga kara rahei hai aisaa,F19,F19_S1_H14,M2,7,2.7125625,bahuta se looga kara rahe hai aisaa,बहुत से लूग कर रहे है ऐसा
C:\Users\edwin\OneDrive\Desktop\Capstone\hindi indic\HDSD\hindi_sent\F19\F19_S1_H15_M2.wav,samaya kei saatha hii nahiin usasei aagei chalaa jaaei,F19,F19_S1_H15,M2,9,3.8188125,samaya ke saatha hi nahiin usase aage chalaa jaae,समय के साथ हि नहीन् उससे आगे चला जाए
C:\Users\edwin\OneDrive\Desktop\Capstone\hindi indic\HDSD\hindi_sent\F19\F19_S1_H16_M2.wav,main krikeita kheila koo kaaphii pasanda karataa huuna,F19,F19_S1_H16,M2,8,3.6063125,main krikeita kheila koo kaaphi pasanda karataa huuna,मैन् क्रिकेइत खेइल कू काफि पसन्द करता हून
C:\Users\edwin\OneDrive\Desktop\Capstone\hindi indic\HDSD\hindi_sent\F19\F19_S1_H17_M2.wav,shaayada samajha aa gayaa hoo,F19,F19_S1_H17,M2,5,2.4813125,shaayada samajha aa gayaa hoo,शायद समझ आ गया हू
C:\Users\edwin\OneDrive\Desktop\Capstone\hindi indic\HDSD\hindi_sent\F19\F19_S1_H18_M2.wav,joo shaayada aapanei deikhaa naa hoo,F19,F19_S1_H18,M2,6,2.9313125,joo shaayada aapane deikhaa naa hoo,जू शायद आपने देइखा ना हू
C:\Users\edwin\OneDrive\Desktop\Capstone\hindi indic\HDSD\hindi_sent\F19\F19_S1_H19_M2.wav,main bhuula hii gayaa thaa isa baata koo,F19,F19_S1_H19,M2,8,2.5063125,main bhuula hi gayaa thaa isa baata koo,मैन् भूल हि गया था इस बात कू
C:\Users\edwin\OneDrive\Desktop\Capstone\hindi indic\HDSD\hindi_sent\F19\F19_S1_H20_M2.wav,magara vaha bhii nahiin huaa,F19,F19_S1_H20,M2,5,2.2188125,magara vaha bhi nahiin huaa,मगर वह भि नहीन् हुआ
C:\Users\edwin\OneDrive\Desktop\Capstone\hindi indic\HDSD\hindi_sent\F19\F19_S1_H21_M2.wav,dara kaa artha hootaa hai bhaya,F19,F19_S1_H21,M2,6,2.6938125,dara kaa artha hootaa hai bhaya,दर का अर्थ हूता है भय
C:\Users\edwin\OneDrive\Desktop\Capstone\hindi indic\HDSD\hindi_sent\F19\F19_S1_H22_M2.wav,eika baara phira sei aabhaara,F19,F19_S1_H22,M2,5,2.3063125,eika baara phira se aabhaara,एइक बार फिर से आभार
C:\Users\edwin\OneDrive\Desktop\Capstone\hindi indic\HDSD\hindi_sent\F19\F19_S1_H23_M2.wav,naa jaanei kitanei looga isei padhtei hai,F19,F19_S1_H23,M2,7,3.0500625,naa jaane kitane looga ise padhte hai,ना जाने कितने लूग इसे पध्ते है
C:\Users\edwin\OneDrive\Desktop\Capstone\hindi indic\HDSD\hindi_sent\F19\F19_S1_H24_M2.wav,abhii main shaanta hii huuna,F19,F19_S1_H24,M2,5,2.0063125,abhi main shaanta hi huuna,अभि मैन् शान्त हि हून
C:\Users\edwin\OneDrive\Desktop\Capstone\hindi indic\HDSD\hindi_sent\F19\F19_S1_H25_M2.wav,svaagata kei liyei dhanyavaada,F19,F19_S1_H25,M2,4,2.1938125,svaagata ke liye dhanyavaada,स्वागत के लिये धन्यवाद
C:\Users\edwin\OneDrive\Desktop\Capstone\hindi indic\HDSD\hindi_sent\F19\F19_S1_H26_M2.wav,aapa apanaa yaha apanaa kaarya jaarii rakhein,F19,F19_S1_H26,M2,7,3.4625625,aapa apanaa yaha apanaa kaarya jaari rakhein,आप अपना यह अपना कार्य जारि रखेइन्
C:\Users\edwin\OneDrive\Desktop\Capstone\hindi indic\HDSD\hindi_sent\F19\F19_S1_H27_M2.wav,main bhaarata mein rahataa huuna,F19,F19_S1_H27,M2,5,1.9688125,main bhaarata mein rahataa huuna,मैन् भारत मेइन् रहता हून
C:\Users\edwin\OneDrive\Desktop\Capstone\hindi indic\HDSD\hindi_sent\F19\F19_S1_H28_M2.wav,kahaa jaataa hai ki unhoonnei kabhii jiivana mein jhuutha jhuutha kaa sahaaraa nahiin liyaa,F19,F19_S1_H28,M2,14,6.7250625,kahaa jaataa hai ki unhoonne kabhi jiivana mein jhuutha jhuutha kaa sahaaraa nahiin liyaa,कहा जाता है कि उन्हून्ने कभि जीवन मेइन् झूथ झूथ का सहारा नहीन् लिया
C:\Users\edwin\OneDrive\Desktop\Capstone\hindi indic\HDSD\hindi_sent\F19\F19_S1_H29_M2.wav,aapakaa sandeisha paakara achchhaa lagaa,F19,F19_S1_H29,M2,5,2.4125625,aapakaa sandeisha paakara achchhaa lagaa,आपका सन्देइश पाकर अच्छा लगा
C:\Users\edwin\OneDrive\Desktop\Capstone\hindi indic\HDSD\hindi_sent\F19\F19_S1_H30_M2.wav,jaldii sei jaldii kuchha kiijiei,F19,F19_S1_H30,M2,5,2.146875,jaldi se jaldi kuchha kiijie,जल्दि से जल्दि कुछ कीजिए
C:\Users\edwin\OneDrive\Desktop\Capstone\hindi indic\HDSD\hindi_sent\F20\F20_S1_H01_M2.wav,aapakei hindii pasanda karanei para khushii huii,F20,F20_S1_H01,M2,7,3.5625,aapake hindi pasanda karane para khushi hui,आपके हिन्दि पसन्द करने पर खुशि हुइ
C:\Users\edwin\OneDrive\Desktop\Capstone\hindi indic\HDSD\hindi_sent\F20\F20_S1_H02_M2.wav,isakei badalei mein tuma kuchha aura maanaga loo,F20,F20_S1_H02,M2,8,5.5688125,isake badale mein tuma kuchha aura maanaga loo,इसके बदले मेइन् तुम कुछ और मानग लू
C:\Users\edwin\OneDrive\Desktop\Capstone\hindi indic\HDSD\hindi_sent\F20\F20_S1_H03_M2.wav,chikitsaa kaa,F20,F20_S1_H03,M2,2,3.8125625,chikitsaa kaa,चिकित्सा का
C:\Users\edwin\OneDrive\Desktop\Capstone\hindi indic\HDSD\hindi_sent\F20\F20_S1_H04_M2.wav,aisei hii jaarii rakhein,F20,F20_S1_H04,M2,4,2.1625625,aise hi jaari rakhein,ऐसे हि जारि रखेइन्
C:\Users\edwin\OneDrive\Desktop\Capstone\hindi indic\HDSD\hindi_sent\F20\F20_S1_H05_M2.wav,madada kei liyei bahuta dhanyavaada,F20,F20_S1_H05,M2,5,3.4350625,madada ke liye bahuta dhanyavaada,मदद के लिये बहुत धन्यवाद
C:\Users\edwin\OneDrive\Desktop\Capstone\hindi indic\HDSD\hindi_sent\F20\F20_S1_H06_M2.wav,aba joo main kahataa huuna usakaa usakaa paalana karoo,F20,F20_S1_H06,M2,9,5.9956875,aba joo main kahataa huuna usakaa usakaa paalana karoo,अब जू मैन् कहता हून उसका उसका पालन करू
C:\Users\edwin\OneDrive\Desktop\Capstone\hindi indic\HDSD\hindi_sent\F20\F20_S1_H07_M2.wav,bhaarata mein aisaa nahiin huaa hai,F20,F20_S1_H07,M2,6,3.9006875,bhaarata mein aisaa nahiin huaa hai,भारत मेइन् ऐसा नहीन् हुआ है
C:\Users\edwin\OneDrive\Desktop\Capstone\hindi indic\HDSD\hindi_sent\F20\F20_S1_H08_M2.wav,isa sahayooga heitu bhii bahuta dhanyavaada,F20,F20_S1_H08,M2,6,5.0000625,isa sahayooga heitu bhi bahuta dhanyavaada,इस सहयूग हेइतु भि बहुत धन्यवाद
C:\Users\edwin\OneDrive\Desktop\Capstone\hindi indic\HDSD\hindi_sent\F20\F20_S1_H09_M2.wav,para yaha sanbhava naa hoo sakaa,F20,F20_S1_H09,M2,6,3.0563125,para yaha sanbhava naa hoo sakaa,पर यह सन्भव ना हू सका
C:\Users\edwin\OneDrive\Desktop\Capstone\hindi indic\HDSD\hindi_sent\F20\F20_S1_H10_M2.wav,meirii baatoon ki oora dhyaana diijiyei,F20,F20_S1_H10,M2,6,6.9438125,meiri baatoon ki oora dhyaana diijiye,मेइरि बातून् कि ऊर ध्यान दीजिये
C:\Users\edwin\OneDrive\Desktop\Capstone\hindi indic\HDSD\hindi_sent\F20\F20_S1_H11_M2.wav,yahaan sei sangharshha kaa daura shuruu huaa,F20,F20_S1_H11,M2,7,5.8875625,yahaan se sangharshha kaa daura shuruu huaa,यहान् से सन्घर्ष का दौर शुरू हुआ
C:\Users\edwin\OneDrive\Desktop\Capstone\hindi indic\HDSD\hindi_sent\F20\F20_S1_H12_M2.wav,doonoon mein badaa antara thaa,F20,F20_S1_H12,M2,5,4.1006875,doonoon mein badaa antara thaa,दूनून् मेइन् बदा अन्तर था
C:\Users\edwin\OneDrive\Desktop\Capstone\hindi indic\HDSD\hindi_sent\F20\F20_S1_H13_M2.wav,aapa aapa sabhii kei sahayooga kei liyei bahuta dhanyavaada,F20,F20_S1_H13,M2,9,5.0631875,aapa aapa sabhi ke sahayooga ke liye bahuta dhanyavaada,आप आप सभि के सहयूग के लिये बहुत धन्यवाद
C:\Users\edwin\OneDrive\Desktop\Capstone\hindi indic\HDSD\hindi_sent\F20\F20_S1_H14_M2.wav,bahuta sei looga aisaa kara rahei hai,F20,F20_S1_H14,M2,7,3.6861875,bahuta se looga aisaa kara rahe hai,बहुत से लूग ऐसा कर रहे है
C:\Users\edwin\OneDrive\Desktop\Capstone\hindi indic\HDSD\hindi_sent\F20\F20_S1_H15_M2.wav,samaya kei saatha hii nahiin usasei aagei aagei chalaa jaaei,F20,F20_S1_H15,M2,10,5.5401875,samaya ke saatha hi nahiin usase aage aage chalaa jaae,समय के साथ हि नहीन् उससे आगे आगे चला जाए
C:\Users\edwin\OneDrive\Desktop\Capstone\hindi indic\HDSD\hindi_sent\F20\F20_S1_H16_M2.wav,main main krikeita kheila kheila koo kaaphii pasanda karataa huuna,F20,F20_S1_H16,M2,10,8.7600625,main main krikeita kheila kheila koo kaaphi pasanda karataa huuna,मैन् मैन् क्रिकेइत खेइल खेइल कू काफि पसन्द करता हून
C:\Users\edwin\OneDrive\Desktop\Capstone\hindi indic\HDSD\hindi_sent\F20\F20_S1_H17_M2.wav,shaayada samajha aa gayaa hoo,F20,F20_S1_H17,M2,5,3.3531875,shaayada samajha aa gayaa hoo,शायद समझ आ गया हू
C:\Users\edwin\OneDrive\Desktop\Capstone\hindi indic\HDSD\hindi_sent\F20\F20_S1_H18_M2.wav,joo shaayada aapanei deikhaa naa hoo,F20,F20_S1_H18,M2,6,3.6469375,joo shaayada aapane deikhaa naa hoo,जू शायद आपने देइखा ना हू
C:\Users\edwin\OneDrive\Desktop\Capstone\hindi indic\HDSD\hindi_sent\F20\F20_S1_H19_M2.wav,main bhuula hii gayaa thaa isa baata koo,F20,F20_S1_H19,M2,8,3.9125625,main bhuula hi gayaa thaa isa baata koo,मैन् भूल हि गया था इस बात कू
C:\Users\edwin\OneDrive\Desktop\Capstone\hindi indic\HDSD\hindi_sent\F20\F20_S1_H20_M2.wav,magara vaha bhii nahiin huaa,F20,F20_S1_H20,M2,5,2.3625625,magara vaha bhi nahiin huaa,मगर वह भि नहीन् हुआ
C:\Users\edwin\OneDrive\Desktop\Capstone\hindi indic\HDSD\hindi_sent\F20\F20_S1_H21_M2.wav,dara kaa artha hootaa hai bhaya,F20,F20_S1_H21,M2,6,3.9875625,dara kaa artha hootaa hai bhaya,दर का अर्थ हूता है भय
C:\Users\edwin\OneDrive\Desktop\Capstone\hindi indic\HDSD\hindi_sent\F20\F20_S1_H22_M2.wav,eika baara phira sei aabhaara,F20,F20_S1_H22,M2,5,3.7625625,eika baara phira se aabhaara,एइक बार फिर से आभार
C:\Users\edwin\OneDrive\Desktop\Capstone\hindi indic\HDSD\hindi_sent\F20\F20_S1_H23_M2.wav,naa jaanei kitanei looga isei padhtei hai,F20,F20_S1_H23,M2,7,4.7938125,naa jaane kitane looga ise padhte hai,ना जाने कितने लूग इसे पध्ते है
C:\Users\edwin\OneDrive\Desktop\Capstone\hindi indic\HDSD\hindi_sent\F20\F20_S1_H24_M2.wav,abhii main shaanta hii huuna,F20,F20_S1_H24,M2,5,4.5688125,abhi main shaanta hi huuna,अभि मैन् शान्त हि हून
C:\Users\edwin\OneDrive\Desktop\Capstone\hindi indic\HDSD\hindi_sent\F20\F20_S1_H25_M2.wav,svaagata kei liyei dhanyavaada,F20,F20_S1_H25,M2,4,3.3200625,svaagata ke liye dhanyavaada,स्वागत के लिये धन्यवाद
C:\Users\edwin\OneDrive\Desktop\Capstone\hindi indic\HDSD\hindi_sent\F20\F20_S1_H26_M2.wav,aapa apanaa yaha achchhaa kaarya jaarii rakhein,F20,F20_S1_H26,M2,7,6.1175625,aapa apanaa yaha achchhaa kaarya jaari rakhein,आप अपना यह अच्छा कार्य जारि रखेइन्
C:\Users\edwin\OneDrive\Desktop\Capstone\hindi indic\HDSD\hindi_sent\F20\F20_S1_H27_M2.wav,main bhaarata mein rahataa huuna,F20,F20_S1_H27,M2,5,2.7000625,main bhaarata mein rahataa huuna,मैन् भारत मेइन् रहता हून
C:\Users\edwin\OneDrive\Desktop\Capstone\hindi indic\HDSD\hindi_sent\F20\F20_S1_H28_M2.wav,kahaa jaataa hai ki unhoonnei kabhii jiivana mein jhuutha kaa sahaaraa nahiin liyaa,F20,F20_S1_H28,M2,13,7.5625625,kahaa jaataa hai ki unhoonne kabhi jiivana mein jhuutha kaa sahaaraa nahiin liyaa,कहा जाता है कि उन्हून्ने कभि जीवन मेइन् झूथ का सहारा नहीन् लिया
C:\Users\edwin\OneDrive\Desktop\Capstone\hindi indic\HDSD\hindi_sent\F20\F20_S1_H29_M2.wav,aapakaa sandeisha paakara achchhaa lagaa,F20,F20_S1_H29,M2,5,3.5000625,aapakaa sandeisha paakara achchhaa lagaa,आपका सन्देइश पाकर अच्छा लगा
C:\Users\edwin\OneDrive\Desktop\Capstone\hindi indic\HDSD\hindi_sent\F20\F20_S1_H30_M2.wav,jaldii sei jaldii kuchha kiijiei,F20,F20_S1_H30,M2,5,3.88,jaldi se jaldi kuchha kiijie,जल्दि से जल्दि कुछ कीजिए
C:\Users\edwin\OneDrive\Desktop\Capstone\hindi indic\HDSD\hindi_sent\F26\F26_S1_H01_M2.wav,aapakei hindii pasanda karanei para khushii huii,F26,F26_S1_H01,M2,7,2.51875,aapake hindi pasanda karane para khushi hui,आपके हिन्दि पसन्द करने पर खुशि हुइ
C:\Users\edwin\OneDrive\Desktop\Capstone\hindi indic\HDSD\hindi_sent\F26\F26_S1_H02_M2.wav,isakei badalei mein tuma kuchha aura maanaga loo,F26,F26_S1_H02,M2,8,2.6938125,isake badale mein tuma kuchha aura maanaga loo,इसके बदले मेइन् तुम कुछ और मानग लू
C:\Users\edwin\OneDrive\Desktop\Capstone\hindi indic\HDSD\hindi_sent\F26\F26_S1_H03_M2.wav,chikitsaa kaa artha hootaa hai ilaaja,F26,F26_S1_H03,M2,6,2.4188125,chikitsaa kaa artha hootaa hai ilaaja,चिकित्सा का अर्थ हूता है इलाज
C:\Users\edwin\OneDrive\Desktop\Capstone\hindi indic\HDSD\hindi_sent\F26\F26_S1_H04_M2.wav,isei aisei hii jaarii rakhein,F26,F26_S1_H04,M2,5,2.1188125,ise aise hi jaari rakhein,इसे ऐसे हि जारि रखेइन्
C:\Users\edwin\OneDrive\Desktop\Capstone\hindi indic\HDSD\hindi_sent\F26\F26_S1_H05_M2.wav,madada kei liyei bahuta dhanyavaada,F26,F26_S1_H05,M2,5,2.3063125,madada ke liye bahuta dhanyavaada,मदद के लिये बहुत धन्यवाद
C:\Users\edwin\OneDrive\Desktop\Capstone\hindi indic\HDSD\hindi_sent\F26\F26_S1_H06_M2.wav,aba joo main kahataa huuna usakaa paalana karoo,F26,F26_S1_H06,M2,8,2.6063125,aba joo main kahataa huuna usakaa paalana karoo,अब जू मैन् कहता हून उसका पालन करू
C:\Users\edwin\OneDrive\Desktop\Capstone\hindi indic\HDSD\hindi_sent\F26\F26_S1_H07_M2.wav,bhaarata mein aisaa nahiin huaa hai,F26,F26_S1_H07,M2,6,2.2375625,bhaarata mein aisaa nahiin huaa hai,भारत मेइन् ऐसा नहीन् हुआ है
C:\Users\edwin\OneDrive\Desktop\Capstone\hindi indic\HDSD\hindi_sent\F26\F26_S1_H08_M2.wav,isa sahayooga heitu bhii bahuta dhanyavaada,F26,F26_S1_H08,M2,6,2.7000625,isa sahayooga heitu bhi bahuta dhanyavaada,इस सहयूग हेइतु भि बहुत धन्यवाद
C:\Users\edwin\OneDrive\Desktop\Capstone\hindi indic\HDSD\hindi_sent\F26\F26_S1_H09_M2.wav,para yaha sanbhava naa hoo sakaa,F26,F26_S1_H09,M2,6,1.9313125,para yaha sanbhava naa hoo sakaa,पर यह सन्भव ना हू सका
C:\Users\edwin\OneDrive\Desktop\Capstone\hindi indic\HDSD\hindi_sent\F26\F26_S1_H10_M2.wav,meirii baatoon ki oora dhyaana diijiyei,F26,F26_S1_H10,M2,6,2.4250625,meiri baatoon ki oora dhyaana diijiye,मेइरि बातून् कि ऊर ध्यान दीजिये
C:\Users\edwin\OneDrive\Desktop\Capstone\hindi indic\HDSD\hindi_sent\F26\F26_S1_H11_M2.wav,yahaan sei sangharshha kaa daura shuruu huaa,F26,F26_S1_H11,M2,7,2.6188125,yahaan se sangharshha kaa daura shuruu huaa,यहान् से सन्घर्ष का दौर शुरू हुआ
C:\Users\edwin\OneDrive\Desktop\Capstone\hindi indic\HDSD\hindi_sent\F26\F26_S1_H12_M2.wav,doonoon mein badaa antara thaa,F26,F26_S1_H12,M2,5,2.2375625,doonoon mein badaa antara thaa,दूनून् मेइन् बदा अन्तर था
C:\Users\edwin\OneDrive\Desktop\Capstone\hindi indic\HDSD\hindi_sent\F26\F26_S1_H13_M2.wav,aapa sabhii kei sahayooga kei liyei bahuta dhanyavaada,F26,F26_S1_H13,M2,8,3.1438125,aapa sabhi ke sahayooga ke liye bahuta dhanyavaada,आप सभि के सहयूग के लिये बहुत धन्यवाद
C:\Users\edwin\OneDrive\Desktop\Capstone\hindi indic\HDSD\hindi_sent\F26\F26_S1_H14_M2.wav,bahuta sei looga aisaa kara rahei hai,F26,F26_S1_H14,M2,7,2.3750625,bahuta se looga aisaa kara rahe hai,बहुत से लूग ऐसा कर रहे है
C:\Users\edwin\OneDrive\Desktop\Capstone\hindi indic\HDSD\hindi_sent\F26\F26_S1_H15_M2.wav,samaya kei saatha hii nahiin usasei aagei usasei aagei chalaa jaaei,F26,F26_S1_H15,M2,11,4.3375625,samaya ke saatha hi nahiin usase aage usase aage chalaa jaae,समय के साथ हि नहीन् उससे आगे उससे आगे चला जाए
C:\Users\edwin\OneDrive\Desktop\Capstone\hindi indic\HDSD\hindi_sent\F26\F26_S1_H16_M2.wav,main krikeita kheila koo kaaphii pasanda karataa huuna,F26,F26_S1_H16,M2,8,2.8750625,main krikeita kheila koo kaaphi pasanda karataa huuna,मैन् क्रिकेइत खेइल कू काफि पसन्द करता हून
C:\Users\edwin\OneDrive\Desktop\Capstone\hindi indic\HDSD\hindi_sent\F26\F26_S1_H17_M2.wav,shaayada samajha aa gayaa hoo,F26,F26_S1_H17,M2,5,1.8625625,shaayada samajha aa gayaa hoo,शायद समझ आ गया हू
C:\Users\edwin\OneDrive\Desktop\Capstone\hindi indic\HDSD\hindi_sent\F26\F26_S1_H18_M2.wav,joo shaayada aapanei deikhaa naa hoo,F26,F26_S1_H18,M2,6,2.2813125,joo shaayada aapane deikhaa naa hoo,जू शायद आपने देइखा ना हू
C:\Users\edwin\OneDrive\Desktop\Capstone\hindi indic\HDSD\hindi_sent\F26\F26_S1_H19_M2.wav,main bhuula hii gayaa thaa isa baata koo,F26,F26_S1_H19,M2,8,2.2500625,main bhuula hi gayaa thaa isa baata koo,मैन् भूल हि गया था इस बात कू
C:\Users\edwin\OneDrive\Desktop\Capstone\hindi indic\HDSD\hindi_sent\F26\F26_S1_H20_M2.wav,magara vaha bhii nahiin huaa,F26,F26_S1_H20,M2,5,2.1875625,magara vaha bhi nahiin huaa,मगर वह भि नहीन् हुआ
C:\Users\edwin\OneDrive\Desktop\Capstone\hindi indic\HDSD\hindi_sent\F26\F26_S1_H21_M2.wav,dara kaa artha hootaa hai bhaya,F26,F26_S1_H21,M2,6,1.9250625,dara kaa artha hootaa hai bhaya,दर का अर्थ हूता है भय
C:\Users\edwin\OneDrive\Desktop\Capstone\hindi indic\HDSD\hindi_sent\F26\F26_S1_H22_M2.wav,eika baara phira sei aabhaara,F26,F26_S1_H22,M2,5,1.8500625,eika baara phira se aabhaara,एइक बार फिर से आभार
C:\Users\edwin\OneDrive\Desktop\Capstone\hindi indic\HDSD\hindi_sent\F26\F26_S1_H23_M2.wav,naa jaanei kitanei looga isei padhtei hai,F26,F26_S1_H23,M2,7,2.7313125,naa jaane kitane looga ise padhte hai,ना जाने कितने लूग इसे पध्ते है
C:\Users\edwin\OneDrive\Desktop\Capstone\hindi indic\HDSD\hindi_sent\F26\F26_S1_H24_M2.wav,abhii main shaanta hii huuna,F26,F26_S1_H24,M2,5,1.9875625,abhi main shaanta hi huuna,अभि मैन् शान्त हि हून
C:\Users\edwin\OneDrive\Desktop\Capstone\hindi indic\HDSD\hindi_sent\F26\F26_S1_H25_M2.wav,svaagata kei liyei dhanyavaada,F26,F26_S1_H25,M2,4,2.1500625,svaagata ke liye dhanyavaada,स्वागत के लिये धन्यवाद
C:\Users\edwin\OneDrive\Desktop\Capstone\hindi indic\HDSD\hindi_sent\F26\F26_S1_H26_M2.wav,aapa apanaa yaha achchhaa kaarya jaarii rakhein,F26,F26_S1_H26,M2,7,2.7250625,aapa apanaa yaha achchhaa kaarya jaari rakhein,आप अपना यह अच्छा कार्य जारि रखेइन्
C:\Users\edwin\OneDrive\Desktop\Capstone\hindi indic\HDSD\hindi_sent\F26\F26_S1_H27_M2.wav,main bhaarata mein rahataa huuna,F26,F26_S1_H27,M2,5,2.1000625,main bhaarata mein rahataa huuna,मैन् भारत मेइन् रहता हून
C:\Users\edwin\OneDrive\Desktop\Capstone\hindi indic\HDSD\hindi_sent\F26\F26_S1_H28_M2.wav,kahaa jaataa hai ki unhoonnei kabhii jiivana mein jhuutha kaa sahaaraa nahiin liyaa,F26,F26_S1_H28,M2,13,5.1125625,kahaa jaataa hai ki unhoonne kabhi jiivana mein jhuutha kaa sahaaraa nahiin liyaa,कहा जाता है कि उन्हून्ने कभि जीवन मेइन् झूथ का सहारा नहीन् लिया
C:\Users\edwin\OneDrive\Desktop\Capstone\hindi indic\HDSD\hindi_sent\F26\F26_S1_H29_M2.wav,aapakaa sandeisha paakara achchhaa lagaa,F26,F26_S1_H29,M2,5,2.3688125,aapakaa sandeisha paakara achchhaa lagaa,आपका सन्देइश पाकर अच्छा लगा
C:\Users\edwin\OneDrive\Desktop\Capstone\hindi indic\HDSD\hindi_sent\F26\F26_S1_H30_M2.wav,jaldii sei jaldii kuchha kiijiei,F26,F26_S1_H30,M2,5,2.275625,jaldi se jaldi kuchha kiijie,जल्दि से जल्दि कुछ कीजिए
C:\Users\edwin\OneDrive\Desktop\Capstone\hindi indic\HDSD\hindi_sent\F29\F29_S1_H01_M2.wav,aapakei hindii pasanda karanei para khushii huii,F29,F29_S1_H01,M2,7,2.825,aapake hindi pasanda karane para khushi hui,आपके हिन्दि पसन्द करने पर खुशि हुइ
C:\Users\edwin\OneDrive\Desktop\Capstone\hindi indic\HDSD\hindi_sent\F29\F29_S1_H02_M2.wav,isakei badalei mein tuma kuchha aura maanaga loo,F29,F29_S1_H02,M2,8,2.9375625,isake badale mein tuma kuchha aura maanaga loo,इसके बदले मेइन् तुम कुछ और मानग लू
C:\Users\edwin\OneDrive\Desktop\Capstone\hindi indic\HDSD\hindi_sent\F29\F29_S1_H03_M2.wav,chikitsaa kaa artha hootaa hai ilaaja,F29,F29_S1_H03,M2,6,2.2688125,chikitsaa kaa artha hootaa hai ilaaja,चिकित्सा का अर्थ हूता है इलाज
C:\Users\edwin\OneDrive\Desktop\Capstone\hindi indic\HDSD\hindi_sent\F29\F29_S1_H04_M2.wav,isei aisei hii jaarii rakhein,F29,F29_S1_H04,M2,5,1.8938125,ise aise hi jaari rakhein,इसे ऐसे हि जारि रखेइन्
C:\Users\edwin\OneDrive\Desktop\Capstone\hindi indic\HDSD\hindi_sent\F29\F29_S1_H05_M2.wav,madada kei liyei bahuta dhanyavaada,F29,F29_S1_H05,M2,5,2.0375625,madada ke liye bahuta dhanyavaada,मदद के लिये बहुत धन्यवाद
C:\Users\edwin\OneDrive\Desktop\Capstone\hindi indic\HDSD\hindi_sent\F29\F29_S1_H06_M2.wav,aba joo main kahataa huuna usakaa paalana karoo,F29,F29_S1_H06,M2,8,3.1188125,aba joo main kahataa huuna usakaa paalana karoo,अब जू मैन् कहता हून उसका पालन करू
C:\Users\edwin\OneDrive\Desktop\Capstone\hindi indic\HDSD\hindi_sent\F29\F29_S1_H07_M2.wav,bhaarata mein aisaa nahiin huaa huaa hai,F29,F29_S1_H07,M2,7,2.8500625,bhaarata mein aisaa nahiin huaa huaa hai,भारत मेइन् ऐसा नहीन् हुआ हुआ है
C:\Users\edwin\OneDrive\Desktop\Capstone\hindi indic\HDSD\hindi_sent\F29\F29_S1_H08_M2.wav,isa sahayooga heitu bhii bahuta dhanyavaada,F29,F29_S1_H08,M2,6,3.3563125,isa sahayooga heitu bhi bahuta dhanyavaada,इस सहयूग हेइतु भि बहुत धन्यवाद
C:\Users\edwin\OneDrive\Desktop\Capstone\hindi indic\HDSD\hindi_sent\F29\F29_S1_H09_M2.wav,para yaha sanbhava naa hoo sakaa,F29,F29_S1_H09,M2,6,2.4375625,para yaha sanbhava naa hoo sakaa,पर यह सन्भव ना हू सका
C:\Users\edwin\OneDrive\Desktop\Capstone\hindi indic\HDSD\hindi_sent\F29\F29_S1_H10_M2.wav,meirii baatoon ki oora dhyaana diijiyei,F29,F29_S1_H10,M2,6,2.1688125,meiri baatoon ki oora dhyaana diijiye,मेइरि बातून् कि ऊर ध्यान दीजिये
C:\Users\edwin\OneDrive\Desktop\Capstone\hindi indic\HDSD\hindi_sent\F29\F29_S1_H11_M2.wav,yahaan sei sangharshha kaa daura shuruu huaa,F29,F29_S1_H11,M2,7,2.9063125,yahaan se sangharshha kaa daura shuruu huaa,यहान् से सन्घर्ष का दौर शुरू हुआ
C:\Users\edwin\OneDrive\Desktop\Capstone\hindi indic\HDSD\hindi_sent\F29\F29_S1_H12_M2.wav,doonoon mein badaa antara thaa,F29,F29_S1_H12,M2,5,1.9375625,doonoon mein badaa antara thaa,दूनून् मेइन् बदा अन्तर था
C:\Users\edwin\OneDrive\Desktop\Capstone\hindi indic\HDSD\hindi_sent\F29\F29_S1_H13_M2.wav,aapa sabhii kei sahayooga kei liyei bahuta dhanyavaada,F29,F29_S1_H13,M2,8,2.7063125,aapa sabhi ke sahayooga ke liye bahuta dhanyavaada,आप सभि के सहयूग के लिये बहुत धन्यवाद
C:\Users\edwin\OneDrive\Desktop\Capstone\hindi indic\HDSD\hindi_sent\F29\F29_S1_H14_M2.wav,bahuta sei looga aisaa kara rahei kara rahei hai,F29,F29_S1_H14,M2,9,3.5875625,bahuta se looga aisaa kara rahe kara rahe hai,बहुत से लूग ऐसा कर रहे कर रहे है
C:\Users\edwin\OneDrive\Desktop\Capstone\hindi indic\HDSD\hindi_sent\F29\F29_S1_H15_M2.wav,samaya kei saatha hii nahiin usasei aagei chalaa jaaei,F29,F29_S1_H15,M2,9,3.9125625,samaya ke saatha hi nahiin usase aage chalaa jaae,समय के साथ हि नहीन् उससे आगे चला जाए
C:\Users\edwin\OneDrive\Desktop\Capstone\hindi indic\HDSD\hindi_sent\F29\F29_S1_H16_M2.wav,main krikeita kheila koo kaaphii pasanda karataa huuna,F29,F29_S1_H16,M2,8,3.0750625,main krikeita kheila koo kaaphi pasanda karataa huuna,मैन् क्रिकेइत खेइल कू काफि पसन्द करता हून
C:\Users\edwin\OneDrive\Desktop\Capstone\hindi indic\HDSD\hindi_sent\F29\F29_S1_H17_M2.wav,shaayada samajha aa gayaa hoo,F29,F29_S1_H17,M2,5,2.8813125,shaayada samajha aa gayaa hoo,शायद समझ आ गया हू
C:\Users\edwin\OneDrive\Desktop\Capstone\hindi indic\HDSD\hindi_sent\F29\F29_S1_H18_M2.wav,joo shaayada aapanei deikhaa naa hoo,F29,F29_S1_H18,M2,6,2.3500625,joo shaayada aapane deikhaa naa hoo,जू शायद आपने देइखा ना हू
C:\Users\edwin\OneDrive\Desktop\Capstone\hindi indic\HDSD\hindi_sent\F29\F29_S1_H19_M2.wav,main bhuula hii gayaa thaa isa baata koo,F29,F29_S1_H19,M2,8,2.7438125,main bhuula hi gayaa thaa isa baata koo,मैन् भूल हि गया था इस बात कू
C:\Users\edwin\OneDrive\Desktop\Capstone\hindi indic\HDSD\hindi_sent\F29\F29_S1_H20_M2.wav,magara vaha bhii nahiin huaa,F29,F29_S1_H20,M2,5,2.1688125,magara vaha bhi nahiin huaa,मगर वह भि नहीन् हुआ
C:\Users\edwin\OneDrive\Desktop\Capstone\hindi indic\HDSD\hindi_sent\F29\F29_S1_H21_M2.wav,dara kaa artha hootaa hai bhaya,F29,F29_S1_H21,M2,6,1.8750625,dara kaa artha hootaa hai bhaya,दर का अर्थ हूता है भय
C:\Users\edwin\OneDrive\Desktop\Capstone\hindi indic\HDSD\hindi_sent\F29\F29_S1_H22_M2.wav,eika baara phira sei aabhaara,F29,F29_S1_H22,M2,5,1.7188125,eika baara phira se aabhaara,एइक बार फिर से आभार
C:\Users\edwin\OneDrive\Desktop\Capstone\hindi indic\HDSD\hindi_sent\F29\F29_S1_H23_M2.wav,naa jaanei kitanei looga isei padhtei hai,F29,F29_S1_H23,M2,7,2.6188125,naa jaane kitane looga ise padhte hai,ना जाने कितने लूग इसे पध्ते है
C:\Users\edwin\OneDrive\Desktop\Capstone\hindi indic\HDSD\hindi_sent\F29\F29_S1_H24_M2.wav,abhii main shaanta hii huuna,F29,F29_S1_H24,M2,5,1.6875625,abhi main shaanta hi huuna,अभि मैन् शान्त हि हून
C:\Users\edwin\OneDrive\Desktop\Capstone\hindi indic\HDSD\hindi_sent\F29\F29_S1_H25_M2.wav,svaagata kei liyei dhanyavaada,F29,F29_S1_H25,M2,4,1.7375625,svaagata ke liye dhanyavaada,स्वागत के लिये धन्यवाद
C:\Users\edwin\OneDrive\Desktop\Capstone\hindi indic\HDSD\hindi_sent\F29\F29_S1_H26_M2.wav,aapa apanaa yaha achchhaa kaarya jaarii rakhein,F29,F29_S1_H26,M2,7,3.2625625,aapa apanaa yaha achchhaa kaarya jaari rakhein,आप अपना यह अच्छा कार्य जारि रखेइन्
C:\Users\edwin\OneDrive\Desktop\Capstone\hindi indic\HDSD\hindi_sent\F29\F29_S1_H27_M2.wav,main bhaarata mein rahataa huuna,F29,F29_S1_H27,M2,5,1.6563125,main bhaarata mein rahataa huuna,मैन् भारत मेइन् रहता हून
C:\Users\edwin\OneDrive\Desktop\Capstone\hindi indic\HDSD\hindi_sent\F29\F29_S1_H28_M2.wav,kahaa jaataa hai ki unhoonnei kabhii jiivana mein jhuutha kaa sahaaraa nahiin liyaa,F29,F29_S1_H28,M2,13,4.9438125,kahaa jaataa hai ki unhoonne kabhi jiivana mein jhuutha kaa sahaaraa nahiin liyaa,कहा जाता है कि उन्हून्ने कभि जीवन मेइन् झूथ का सहारा नहीन् लिया
C:\Users\edwin\OneDrive\Desktop\Capstone\hindi indic\HDSD\hindi_sent\F29\F29_S1_H29_M2.wav,aapakaa sandeisha paakara achchhaa lagaa,F29,F29_S1_H29,M2,5,2.5813125,aapakaa sandeisha paakara achchhaa lagaa,आपका सन्देइश पाकर अच्छा लगा
C:\Users\edwin\OneDrive\Desktop\Capstone\hindi indic\HDSD\hindi_sent\F29\F29_S1_H30_M2.wav,jaldii sei jaldii kuchha kiijiei,F29,F29_S1_H30,M2,5,1.8535625,jaldi se jaldi kuchha kiijie,जल्दि से जल्दि कुछ कीजिए
C:\Users\edwin\OneDrive\Desktop\Capstone\hindi indic\HDSD\hindi_sent\F31\F31_S1_H01_M2.wav,aapakei hindii pasanda karanei para khushii huii,F31,F31_S1_H01,M2,7,3.45,aapake hindi pasanda karane para khushi hui,आपके हिन्दि पसन्द करने पर खुशि हुइ
C:\Users\edwin\OneDrive\Desktop\Capstone\hindi indic\HDSD\hindi_sent\F31\F31_S1_H02_M2.wav,isakei badalei mein tuma kuchha aura maanaga loo,F31,F31_S1_H02,M2,8,3.4625625,isake badale mein tuma kuchha aura maanaga loo,इसके बदले मेइन् तुम कुछ और मानग लू
C:\Users\edwin\OneDrive\Desktop\Capstone\hindi indic\HDSD\hindi_sent\F31\F31_S1_H03_M2.wav,chikitsaa kaa artha hootaa hai ilaaja,F31,F31_S1_H03,M2,6,2.6000625,chikitsaa kaa artha hootaa hai ilaaja,चिकित्सा का अर्थ हूता है इलाज
C:\Users\edwin\OneDrive\Desktop\Capstone\hindi indic\HDSD\hindi_sent\F31\F31_S1_H04_M2.wav,isei aisei hii jaarii rakhein,F31,F31_S1_H04,M2,5,2.2563125,ise aise hi jaari rakhein,इसे ऐसे हि जारि रखेइन्
C:\Users\edwin\OneDrive\Desktop\Capstone\hindi indic\HDSD\hindi_sent\F31\F31_S1_H05_M2.wav,madada kei liyei bahuta dhanyavaada,F31,F31_S1_H05,M2,5,2.2875625,madada ke liye bahuta dhanyavaada,मदद के लिये बहुत धन्यवाद
C:\Users\edwin\OneDrive\Desktop\Capstone\hindi indic\HDSD\hindi_sent\F31\F31_S1_H06_M2.wav,aba joo main kahataa huuna usakaa paalana karoo,F31,F31_S1_H06,M2,8,2.7375625,aba joo main kahataa huuna usakaa paalana karoo,अब जू मैन् कहता हून उसका पालन करू
C:\Users\edwin\OneDrive\Desktop\Capstone\hindi indic\HDSD\hindi_sent\F31\F31_S1_H07_M2.wav,bhaarata mein aisaa nahiin huaa hai,F31,F31_S1_H07,M2,6,2.5125625,bhaarata mein aisaa nahiin huaa hai,भारत मेइन् ऐसा नहीन् हुआ है
C:\Users\edwin\OneDrive\Desktop\Capstone\hindi indic\HDSD\hindi_sent\F31\F31_S1_H08_M2.wav,isa sahayooga heitu bhii bahuta dhanyavaada,F31,F31_S1_H08,M2,6,3.0938125,isa sahayooga heitu bhi bahuta dhanyavaada,इस सहयूग हेइतु भि बहुत धन्यवाद
C:\Users\edwin\OneDrive\Desktop\Capstone\hindi indic\HDSD\hindi_sent\F31\F31_S1_H09_M2.wav,para yaha sanbhava naa hoo sakaa,F31,F31_S1_H09,M2,6,2.4563125,para yaha sanbhava naa hoo sakaa,पर यह सन्भव ना हू सका
C:\Users\edwin\OneDrive\Desktop\Capstone\hindi indic\HDSD\hindi_sent\F31\F31_S1_H10_M2.wav,meirii baatoon ki oora dhyaana diijiyei,F31,F31_S1_H10,M2,6,2.5375625,meiri baatoon ki oora dhyaana diijiye,मेइरि बातून् कि ऊर ध्यान दीजिये
C:\Users\edwin\OneDrive\Desktop\Capstone\hindi indic\HDSD\hindi_sent\F31\F31_S1_H11_M2.wav,yahaan sei sangharshha kaa daura shuruu huaa,F31,F31_S1_H11,M2,7,2.8500625,yahaan se sangharshha kaa daura shuruu huaa,यहान् से सन्घर्ष का दौर शुरू हुआ
C:\Users\edwin\OneDrive\Desktop\Capstone\hindi indic\HDSD\hindi_sent\F31\F31_S1_H12_M2.wav,doonoon mein badaa antara thaa,F31,F31_S1_H12,M2,5,2.0750625,doonoon mein badaa antara thaa,दूनून् मेइन् बदा अन्तर था
C:\Users\edwin\OneDrive\Desktop\Capstone\hindi indic\HDSD\hindi_sent\F31\F31_S1_H13_M2.wav,aapa sabhii kei sahayooga kei liyei bahuta dhanyavaada,F31,F31_S1_H13,M2,8,3.1188125,aapa sabhi ke sahayooga ke liye bahuta dhanyavaada,आप सभि के सहयूग के लिये बहुत धन्यवाद
C:\Users\edwin\OneDrive\Desktop\Capstone\hindi indic\HDSD\hindi_sent\F31\F31_S1_H14_M2.wav,bahuta sei looga aisaa kara rahei hai,F31,F31_S1_H14,M2,7,2.1938125,bahuta se looga aisaa kara rahe hai,बहुत से लूग ऐसा कर रहे है
C:\Users\edwin\OneDrive\Desktop\Capstone\hindi indic\HDSD\hindi_sent\F31\F31_S1_H15_M2.wav,samaya kei saatha hii nahiin usasei aagei chalaa jaaei,F31,F31_S1_H15,M2,9,3.2125625,samaya ke saatha hi nahiin usase aage chalaa jaae,समय के साथ हि नहीन् उससे आगे चला जाए
C:\Users\edwin\OneDrive\Desktop\Capstone\hindi indic\HDSD\hindi_sent\F31\F31_S1_H16_M2.wav,main krikeita kheila koo kaaphii pasanda karataa huuna,F31,F31_S1_H16,M2,8,3.5688125,main krikeita kheila koo kaaphi pasanda karataa huuna,मैन् क्रिकेइत खेइल कू काफि पसन्द करता हून
C:\Users\edwin\OneDrive\Desktop\Capstone\hindi indic\HDSD\hindi_sent\F31\F31_S1_H17_M2.wav,shaayada samajha aa gayaa hoo,F31,F31_S1_H17,M2,5,1.9375625,shaayada samajha aa gayaa hoo,शायद समझ आ गया हू
C:\Users\edwin\OneDrive\Desktop\Capstone\hindi indic\HDSD\hindi_sent\F31\F31_S1_H18_M2.wav,joo shaayada aapanei deikhaa naa hoo,F31,F31_S1_H18,M2,6,2.5375625,joo shaayada aapane deikhaa naa hoo,जू शायद आपने देइखा ना हू
C:\Users\edwin\OneDrive\Desktop\Capstone\hindi indic\HDSD\hindi_sent\F31\F31_S1_H19_M2.wav,main bhuula hii gayaa thaa isa baata koo,F31,F31_S1_H19,M2,8,2.4438125,main bhuula hi gayaa thaa isa baata koo,मैन् भूल हि गया था इस बात कू
C:\Users\edwin\OneDrive\Desktop\Capstone\hindi indic\HDSD\hindi_sent\F31\F31_S1_H20_M2.wav,magara vaha bhii nahiin huaa,F31,F31_S1_H20,M2,5,2.4500625,magara vaha bhi nahiin huaa,मगर वह भि नहीन् हुआ
C:\Users\edwin\OneDrive\Desktop\Capstone\hindi indic\HDSD\hindi_sent\F31\F31_S1_H21_M2.wav,dara kaa artha hootaa hai bhaya,F31,F31_S1_H21,M2,6,2.2438125,dara kaa artha hootaa hai bhaya,दर का अर्थ हूता है भय
C:\Users\edwin\OneDrive\Desktop\Capstone\hindi indic\HDSD\hindi_sent\F31\F31_S1_H22_M2.wav,eika baara phira sei aabhaara,F31,F31_S1_H22,M2,5,1.9375625,eika baara phira se aabhaara,एइक बार फिर से आभार
C:\Users\edwin\OneDrive\Desktop\Capstone\hindi indic\HDSD\hindi_sent\F31\F31_S1_H23_M2.wav,naa jaanei kitanei looga isei padhtei hai,F31,F31_S1_H23,M2,7,2.6938125,naa jaane kitane looga ise padhte hai,ना जाने कितने लूग इसे पध्ते है
C:\Users\edwin\OneDrive\Desktop\Capstone\hindi indic\HDSD\hindi_sent\F31\F31_S1_H24_M2.wav,abhii main shaanta hii huuna,F31,F31_S1_H24,M2,5,1.8188125,abhi main shaanta hi huuna,अभि मैन् शान्त हि हून
C:\Users\edwin\OneDrive\Desktop\Capstone\hindi indic\HDSD\hindi_sent\F31\F31_S1_H25_M2.wav,svaagata kei liyei dhanyavaada,F31,F31_S1_H25,M2,4,1.8750625,svaagata ke liye dhanyavaada,स्वागत के लिये धन्यवाद
C:\Users\edwin\OneDrive\Desktop\Capstone\hindi indic\HDSD\hindi_sent\F31\F31_S1_H26_M2.wav,aapa apanaa yaha achchhaa kaarya jaarii rakhein,F31,F31_S1_H26,M2,7,2.7813125,aapa apanaa yaha achchhaa kaarya jaari rakhein,आप अपना यह अच्छा कार्य जारि रखेइन्
C:\Users\edwin\OneDrive\Desktop\Capstone\hindi indic\HDSD\hindi_sent\F31\F31_S1_H27_M2.wav,main bhaarata mein rahataa huuna,F31,F31_S1_H27,M2,5,1.9625625,main bhaarata mein rahataa huuna,मैन् भारत मेइन् रहता हून
C:\Users\edwin\OneDrive\Desktop\Capstone\hindi indic\HDSD\hindi_sent\F31\F31_S1_H28_M2.wav,kahaa jaataa hai ki unhoonnei kabhii jiivana mein jhuutha kaa sahaaraa nahiin liyaa,F31,F31_S1_H28,M2,13,5.5875625,kahaa jaataa hai ki unhoonne kabhi jiivana mein jhuutha kaa sahaaraa nahiin liyaa,कहा जाता है कि उन्हून्ने कभि जीवन मेइन् झूथ का सहारा नहीन् लिया
C:\Users\edwin\OneDrive\Desktop\Capstone\hindi indic\HDSD\hindi_sent\F31\F31_S1_H29_M2.wav,aapakaa sandeisha paakara achchhaa lagaa,F31,F31_S1_H29,M2,5,2.4813125,aapakaa sandeisha paakara achchhaa lagaa,आपका सन्देइश पाकर अच्छा लगा
C:\Users\edwin\OneDrive\Desktop\Capstone\hindi indic\HDSD\hindi_sent\F31\F31_S1_H30_M2.wav,jaldii sei jaldii kuchha kiijiei,F31,F31_S1_H30,M2,5,2.02375,jaldi se jaldi kuchha kiijie,जल्दि से जल्दि कुछ कीजिए
C:\Users\edwin\OneDrive\Desktop\Capstone\hindi indic\HDSD\hindi_sent\F34\F34_S1_H01_M2.wav,aapakei hindii pasanda karanei para khushii huii,F34,F34_S1_H01,M2,7,3.15,aapake hindi pasanda karane para khushi hui,आपके हिन्दि पसन्द करने पर खुशि हुइ
C:\Users\edwin\OneDrive\Desktop\Capstone\hindi indic\HDSD\hindi_sent\F34\F34_S1_H02_M2.wav,isakei badalei mein tuma kuchha aura maanaga loo,F34,F34_S1_H02,M2,8,2.9750625,isake badale mein tuma kuchha aura maanaga loo,इसके बदले मेइन् तुम कुछ और मानग लू
C:\Users\edwin\OneDrive\Desktop\Capstone\hindi indic\HDSD\hindi_sent\F34\F34_S1_H03_M2.wav,chikitsaa kaa artha hootaa hai ilaaja,F34,F34_S1_H03,M2,6,2.5000625,chikitsaa kaa artha hootaa hai ilaaja,चिकित्सा का अर्थ हूता है इलाज
C:\Users\edwin\OneDrive\Desktop\Capstone\hindi indic\HDSD\hindi_sent\F34\F34_S1_H04_M2.wav,isei aisei hii jaarii rakhein,F34,F34_S1_H04,M2,5,2.5313125,ise aise hi jaari rakhein,इसे ऐसे हि जारि रखेइन्
C:\Users\edwin\OneDrive\Desktop\Capstone\hindi indic\HDSD\hindi_sent\F34\F34_S1_H05_M2.wav,madada kei liyei dhanyavaada bahuta bahuta dhanyavaada,F34,F34_S1_H05,M2,7,3.2375625,madada ke liye dhanyavaada bahuta bahuta dhanyavaada,मदद के लिये धन्यवाद बहुत बहुत धन्यवाद
C:\Users\edwin\OneDrive\Desktop\Capstone\hindi indic\HDSD\hindi_sent\F34\F34_S1_H06_M2.wav,joo main kahataa huuna paalana paalana karoo paalana karoo,F34,F34_S1_H06,M2,9,3.6500625,joo main kahataa huuna paalana paalana karoo paalana karoo,जू मैन् कहता हून पालन पालन करू पालन करू
C:\Users\edwin\OneDrive\Desktop\Capstone\hindi indic\HDSD\hindi_sent\F34\F34_S1_H07_M2.wav,bhaarata mein aisaa nahiin huaa hai,F34,F34_S1_H07,M2,6,3.0188125,bhaarata mein aisaa nahiin huaa hai,भारत मेइन् ऐसा नहीन् हुआ है
C:\Users\edwin\OneDrive\Desktop\Capstone\hindi indic\HDSD\hindi_sent\F34\F34_S1_H08_M2.wav,isa sahayooga bhii bahuta dhanyavaada,F34,F34_S1_H08,M2,5,2.5000625,isa sahayooga bhi bahuta dhanyavaada,इस सहयूग भि बहुत धन्यवाद
C:\Users\edwin\OneDrive\Desktop\Capstone\hindi indic\HDSD\hindi_sent\F34\F34_S1_H09_M2.wav,para sanbhava naa hoo,F34,F34_S1_H09,M2,4,1.6375625,para sanbhava naa hoo,पर सन्भव ना हू
C:\Users\edwin\OneDrive\Desktop\Capstone\hindi indic\HDSD\hindi_sent\F34\F34_S1_H10_M2.wav,meirii baatoon ki dhyaana diijiyei dhyaana,F34,F34_S1_H10,M2,6,3.1313125,meiri baatoon ki dhyaana diijiye dhyaana,मेइरि बातून् कि ध्यान दीजिये ध्यान
C:\Users\edwin\OneDrive\Desktop\Capstone\hindi indic\HDSD\hindi_sent\F35\F35_S1_H01_M2.wav,aapakei hindii pasanda karanei para khushii huii,F35,F35_S1_H01,M2,7,2.7935625,aapake hindi pasanda karane para khushi hui,आपके हिन्दि पसन्द करने पर खुशि हुइ
C:\Users\edwin\OneDrive\Desktop\Capstone\hindi indic\HDSD\hindi_sent\F35\F35_S1_H02_M2.wav,isakei badalei mein tuma kuchha aura maanaga loo,F35,F35_S1_H02,M2,8,3.265625,isake badale mein tuma kuchha aura maanaga loo,इसके बदले मेइन् तुम कुछ और मानग लू
C:\Users\edwin\OneDrive\Desktop\Capstone\hindi indic\HDSD\hindi_sent\F35\F35_S1_H03_M2.wav,chikitsaa kaa artha hootaa hai ilaaja,F35,F35_S1_H03,M2,6,3.6784375,chikitsaa kaa artha hootaa hai ilaaja,चिकित्सा का अर्थ हूता है इलाज
C:\Users\edwin\OneDrive\Desktop\Capstone\hindi indic\HDSD\hindi_sent\F35\F35_S1_H04_M2.wav,isei aisei hii jaarii rakhein,F35,F35_S1_H04,M2,5,3.3375625,ise aise hi jaari rakhein,इसे ऐसे हि जारि रखेइन्
C:\Users\edwin\OneDrive\Desktop\Capstone\hindi indic\HDSD\hindi_sent\F35\F35_S1_H05_M2.wav,madada kei liyei bahuta dhanyavaada,F35,F35_S1_H05,M2,5,2.3319375,madada ke liye bahuta dhanyavaada,मदद के लिये बहुत धन्यवाद
C:\Users\edwin\OneDrive\Desktop\Capstone\hindi indic\HDSD\hindi_sent\F35\F35_S1_H06_M2.wav,aba joo main kahataa huuna usakaa paalana karoo,F35,F35_S1_H06,M2,8,3.0623125,aba joo main kahataa huuna usakaa paalana karoo,अब जू मैन् कहता हून उसका पालन करू
C:\Users\edwin\OneDrive\Desktop\Capstone\hindi indic\HDSD\hindi_sent\F35\F35_S1_H07_M2.wav,bhaarata mein aisaa nahiin huaa hai,F35,F35_S1_H07,M2,6,2.2684375,bhaarata mein aisaa nahiin huaa hai,भारत मेइन् ऐसा नहीन् हुआ है
C:\Users\edwin\OneDrive\Desktop\Capstone\hindi indic\HDSD\hindi_sent\F35\F35_S1_H08_M2.wav,isa sahayooga heitu bhii bahuta dhanyavaada,F35,F35_S1_H08,M2,6,3.3725625,isa sahayooga heitu bhi bahuta dhanyavaada,इस सहयूग हेइतु भि बहुत धन्यवाद
C:\Users\edwin\OneDrive\Desktop\Capstone\hindi indic\HDSD\hindi_sent\F35\F35_S1_H09_M2.wav,para yaha sanbhava naa hoo sakaa,F35,F35_S1_H09,M2,6,2.3275625,para yaha sanbhava naa hoo sakaa,पर यह सन्भव ना हू सका
C:\Users\edwin\OneDrive\Desktop\Capstone\hindi indic\HDSD\hindi_sent\F35\F35_S1_H10_M2.wav,meirii baatoon ki oora dhyaana diijiyei,F35,F35_S1_H10,M2,6,3.1000625,meiri baatoon ki oora dhyaana diijiye,मेइरि बातून् कि ऊर ध्यान दीजिये
C:\Users\edwin\OneDrive\Desktop\Capstone\hindi indic\HDSD\hindi_sent\F35\F35_S1_H11_M2.wav,yahaan sei sangharshha kaa daura shuruu huaa,F35,F35_S1_H11,M2,7,3.6375625,yahaan se sangharshha kaa daura shuruu huaa,यहान् से सन्घर्ष का दौर शुरू हुआ
C:\Users\edwin\OneDrive\Desktop\Capstone\hindi indic\HDSD\hindi_sent\F35\F35_S1_H12_M2.wav,doonoon mein badaa antara thaa,F35,F35_S1_H12,M2,5,2.0313125,doonoon mein badaa antara thaa,दूनून् मेइन् बदा अन्तर था
C:\Users\edwin\OneDrive\Desktop\Capstone\hindi indic\HDSD\hindi_sent\F35\F35_S1_H13_M2.wav,aapa sabhii kei sahayooga kei liyei bahuta dhanyavaada,F35,F35_S1_H13,M2,8,3.8563125,aapa sabhi ke sahayooga ke liye bahuta dhanyavaada,आप सभि के सहयूग के लिये बहुत धन्यवाद
C:\Users\edwin\OneDrive\Desktop\Capstone\hindi indic\HDSD\hindi_sent\F35\F35_S1_H14_M2.wav,bahuta sei looga aisaa kara rahei hai,F35,F35_S1_H14,M2,7,2.7125625,bahuta se looga aisaa kara rahe hai,बहुत से लूग ऐसा कर रहे है
C:\Users\edwin\OneDrive\Desktop\Capstone\hindi indic\HDSD\hindi_sent\F35\F35_S1_H15_M2.wav,samaya kei saatha hii nahiin usasei aagei chalaa jaaei,F35,F35_S1_H15,M2,9,5.1063125,samaya ke saatha hi nahiin usase aage chalaa jaae,समय के साथ हि नहीन् उससे आगे चला जाए
C:\Users\edwin\OneDrive\Desktop\Capstone\hindi indic\HDSD\hindi_sent\F35\F35_S1_H16_M2.wav,main krikeita kheila koo kaaphii pasanda karataa huuna,F35,F35_S1_H16,M2,8,4.5250625,main krikeita kheila koo kaaphi pasanda karataa huuna,मैन् क्रिकेइत खेइल कू काफि पसन्द करता हून
C:\Users\edwin\OneDrive\Desktop\Capstone\hindi indic\HDSD\hindi_sent\F35\F35_S1_H17_M2.wav,shaayada samajha aa gayaa hoo,F35,F35_S1_H17,M2,5,2.4563125,shaayada samajha aa gayaa hoo,शायद समझ आ गया हू
C:\Users\edwin\OneDrive\Desktop\Capstone\hindi indic\HDSD\hindi_sent\F35\F35_S1_H18_M2.wav,joo shaayada aapanei deikhaa naa hoo,F35,F35_S1_H18,M2,6,2.8625625,joo shaayada aapane deikhaa naa hoo,जू शायद आपने देइखा ना हू
C:\Users\edwin\OneDrive\Desktop\Capstone\hindi indic\HDSD\hindi_sent\F35\F35_S1_H19_M2.wav,main bhuula hii gayaa thaa isa baata koo,F35,F35_S1_H19,M2,8,2.8250625,main bhuula hi gayaa thaa isa baata koo,मैन् भूल हि गया था इस बात कू
C:\Users\edwin\OneDrive\Desktop\Capstone\hindi indic\HDSD\hindi_sent\F35\F35_S1_H20_M2.wav,magara vaha bhii nahiin huaa,F35,F35_S1_H20,M2,5,2.7500625,magara vaha bhi nahiin huaa,मगर वह भि नहीन् हुआ
C:\Users\edwin\OneDrive\Desktop\Capstone\hindi indic\HDSD\hindi_sent\F35\F35_S1_H21_M2.wav,dara kaa artha hootaa hai bhaya,F35,F35_S1_H21,M2,6,2.4688125,dara kaa artha hootaa hai bhaya,दर का अर्थ हूता है भय
C:\Users\edwin\OneDrive\Desktop\Capstone\hindi indic\HDSD\hindi_sent\F35\F35_S1_H22_M2.wav,eika baara phira sei aabhaara,F35,F35_S1_H22,M2,5,2.2438125,eika baara phira se aabhaara,एइक बार फिर से आभार
C:\Users\edwin\OneDrive\Desktop\Capstone\hindi indic\HDSD\hindi_sent\F35\F35_S1_H23_M2.wav,naa jaanei kitanei looga isei padhtei hai,F35,F35_S1_H23,M2,7,3.4813125,naa jaane kitane looga ise padhte hai,ना जाने कितने लूग इसे पध्ते है
C:\Users\edwin\OneDrive\Desktop\Capstone\hindi indic\HDSD\hindi_sent\F35\F35_S1_H24_M2.wav,abhii main shaanta hii huuna,F35,F35_S1_H24,M2,5,2.0063125,abhi main shaanta hi huuna,अभि मैन् शान्त हि हून
C:\Users\edwin\OneDrive\Desktop\Capstone\hindi indic\HDSD\hindi_sent\F35\F35_S1_H25_M2.wav,svaagata kei liyei dhanyavaada,F35,F35_S1_H25,M2,4,2.1125625,svaagata ke liye dhanyavaada,स्वागत के लिये धन्यवाद
C:\Users\edwin\OneDrive\Desktop\Capstone\hindi indic\HDSD\hindi_sent\F35\F35_S1_H26_M2.wav,aapa apanaa yaha achchhaa kaarya jaarii rakhein,F35,F35_S1_H26,M2,7,3.5188125,aapa apanaa yaha achchhaa kaarya jaari rakhein,आप अपना यह अच्छा कार्य जारि रखेइन्
C:\Users\edwin\OneDrive\Desktop\Capstone\hindi indic\HDSD\hindi_sent\F35\F35_S1_H27_M2.wav,main bhaarata mein rahataa huuna,F35,F35_S1_H27,M2,5,2.6313125,main bhaarata mein rahataa huuna,मैन् भारत मेइन् रहता हून
C:\Users\edwin\OneDrive\Desktop\Capstone\hindi indic\HDSD\hindi_sent\F35\F35_S1_H28_M2.wav,kahaa jaataa hai ki unhoonnei kabhii jiivana mein jhuutha kaa sahaaraa nahiin liyaa,F35,F35_S1_H28,M2,13,6.9063125,kahaa jaataa hai ki unhoonne kabhi jiivana mein jhuutha kaa sahaaraa nahiin liyaa,कहा जाता है कि उन्हून्ने कभि जीवन मेइन् झूथ का सहारा नहीन् लिया
C:\Users\edwin\OneDrive\Desktop\Capstone\hindi indic\HDSD\hindi_sent\F35\F35_S1_H29_M2.wav,aapakaa sandeisha paakara achchhaa lagaa,F35,F35_S1_H29,M2,5,2.6125625,aapakaa sandeisha paakara achchhaa lagaa,आपका सन्देइश पाकर अच्छा लगा
C:\Users\edwin\OneDrive\Desktop\Capstone\hindi indic\HDSD\hindi_sent\F35\F35_S1_H30_M2.wav,jaldii sei jaldii kuchha kiijiei,F35,F35_S1_H30,M2,5,2.3060625,jaldi se jaldi kuchha kiijie,जल्दि से जल्दि कुछ कीजिए
C:\Users\edwin\OneDrive\Desktop\Capstone\hindi indic\HDSD\hindi_sent\F45\F45_S1_H01_M2.wav,aapakei hindii pasanda karanei para khushii huii,F45,F45_S1_H01,M2,7,5.0625,aapake hindi pasanda karane para khushi hui,आपके हिन्दि पसन्द करने पर खुशि हुइ
C:\Users\edwin\OneDrive\Desktop\Capstone\hindi indic\HDSD\hindi_sent\F45\F45_S1_H02_M2.wav,isakei badalei mein tuma kuchha aura maanaga loo,F45,F45_S1_H02,M2,8,6.1625625,isake badale mein tuma kuchha aura maanaga loo,इसके बदले मेइन् तुम कुछ और मानग लू
C:\Users\edwin\OneDrive\Desktop\Capstone\hindi indic\HDSD\hindi_sent\F45\F45_S1_H03_M2.wav,chikitsaa kaa artha hootaa hai ilaaja,F45,F45_S1_H03,M2,6,3.5625625,chikitsaa kaa artha hootaa hai ilaaja,चिकित्सा का अर्थ हूता है इलाज
C:\Users\edwin\OneDrive\Desktop\Capstone\hindi indic\HDSD\hindi_sent\F45\F45_S1_H04_M2.wav,isei aisei hii jaarii rakhein,F45,F45_S1_H04,M2,5,3.6938125,ise aise hi jaari rakhein,इसे ऐसे हि जारि रखेइन्
C:\Users\edwin\OneDrive\Desktop\Capstone\hindi indic\HDSD\hindi_sent\F45\F45_S1_H05_M2.wav,madada kei liyei bahuta dhanyavaada,F45,F45_S1_H05,M2,5,2.8438125,madada ke liye bahuta dhanyavaada,मदद के लिये बहुत धन्यवाद
C:\Users\edwin\OneDrive\Desktop\Capstone\hindi indic\HDSD\hindi_sent\F45\F45_S1_H06_M2.wav,aba joo main kahataa huuna usakaa paalana karoo,F45,F45_S1_H06,M2,8,4.5500625,aba joo main kahataa huuna usakaa paalana karoo,अब जू मैन् कहता हून उसका पालन करू
C:\Users\edwin\OneDrive\Desktop\Capstone\hindi indic\HDSD\hindi_sent\F45\F45_S1_H07_M2.wav,bhaarata mein aisaa nahiin huaa hai,F45,F45_S1_H07,M2,6,4.3563125,bhaarata mein aisaa nahiin huaa hai,भारत मेइन् ऐसा नहीन् हुआ है
C:\Users\edwin\OneDrive\Desktop\Capstone\hindi indic\HDSD\hindi_sent\F45\F45_S1_H08_M2.wav,isa sahayooga heitu bhii bahuta dhanyavaada,F45,F45_S1_H08,M2,6,4.1750625,isa sahayooga heitu bhi bahuta dhanyavaada,इस सहयूग हेइतु भि बहुत धन्यवाद
C:\Users\edwin\OneDrive\Desktop\Capstone\hindi indic\HDSD\hindi_sent\F45\F45_S1_H09_M2.wav,para yaha para yaha sanbhava naa hoo sakaa,F45,F45_S1_H09,M2,8,3.6750625,para yaha para yaha sanbhava naa hoo sakaa,पर यह पर यह सन्भव ना हू सका
C:\Users\edwin\OneDrive\Desktop\Capstone\hindi indic\HDSD\hindi_sent\F45\F45_S1_H10_M2.wav,meirii baatoon ki oora dhyaana diijiyei,F45,F45_S1_H10,M2,6,2.7563125,meiri baatoon ki oora dhyaana diijiye,मेइरि बातून् कि ऊर ध्यान दीजिये
C:\Users\edwin\OneDrive\Desktop\Capstone\hindi indic\HDSD\hindi_sent\F45\F45_S1_H11_M2.wav,yahaan sei sangharshha kaa daura shuruu huaa,F45,F45_S1_H11,M2,7,2.9375625,yahaan se sangharshha kaa daura shuruu huaa,यहान् से सन्घर्ष का दौर शुरू हुआ
C:\Users\edwin\OneDrive\Desktop\Capstone\hindi indic\HDSD\hindi_sent\F45\F45_S1_H12_M2.wav,doonoon mein badaa antara thaa,F45,F45_S1_H12,M2,5,2.7250625,doonoon mein badaa antara thaa,दूनून् मेइन् बदा अन्तर था
C:\Users\edwin\OneDrive\Desktop\Capstone\hindi indic\HDSD\hindi_sent\F45\F45_S1_H13_M2.wav,aapa sabhii kei sahayooga bahuta dhanyavaada aapa sabhii kei sahayooga kei liyei bahuta dhanyavaada,F45,F45_S1_H13,M2,14,6.2063125,aapa sabhi ke sahayooga bahuta dhanyavaada aapa sabhi ke sahayooga ke liye bahuta dhanyavaada,आप सभि के सहयूग बहुत धन्यवाद आप सभि के सहयूग के लिये बहुत धन्यवाद
C:\Users\edwin\OneDrive\Desktop\Capstone\hindi indic\HDSD\hindi_sent\F45\F45_S1_H14_M2.wav,bahuta sei looga aisaa kara rahei hai,F45,F45_S1_H14,M2,7,2.1875625,bahuta se looga aisaa kara rahe hai,बहुत से लूग ऐसा कर रहे है
C:\Users\edwin\OneDrive\Desktop\Capstone\hindi indic\HDSD\hindi_sent\F45\F45_S1_H15_M2.wav,samaya kei saatha hii nahiin usasei aagei chalaa jaaei,F45,F45_S1_H15,M2,9,3.6750625,samaya ke saatha hi nahiin usase aage chalaa jaae,समय के साथ हि नहीन् उससे आगे चला जाए
C:\Users\edwin\OneDrive\Desktop\Capstone\hindi indic\HDSD\hindi_sent\F45\F45_S1_H16_M2.wav,main krikeita koo kaaphii pasanda karataa huuna,F45,F45_S1_H16,M2,7,3.5438125,main krikeita koo kaaphi pasanda karataa huuna,मैन् क्रिकेइत कू काफि पसन्द करता हून
C:\Users\edwin\OneDrive\Desktop\Capstone\hindi indic\HDSD\hindi_sent\F45\F45_S1_H17_M2.wav,shaayada samajha gayaa hoo shaayada samajha aa gayaa hoo,F45,F45_S1_H17,M2,9,4.1000625,shaayada samajha gayaa hoo shaayada samajha aa gayaa hoo,शायद समझ गया हू शायद समझ आ गया हू
C:\Users\edwin\OneDrive\Desktop\Capstone\hindi indic\HDSD\hindi_sent\F45\F45_S1_H18_M2.wav,joo shaayada aapanei deikhaa naa hoo,F45,F45_S1_H18,M2,6,2.8125625,joo shaayada aapane deikhaa naa hoo,जू शायद आपने देइखा ना हू
C:\Users\edwin\OneDrive\Desktop\Capstone\hindi indic\HDSD\hindi_sent\F45\F45_S1_H19_M2.wav,main bhuula hii gayaa thaa isa baata koo,F45,F45_S1_H19,M2,8,2.5563125,main bhuula hi gayaa thaa isa baata koo,मैन् भूल हि गया था इस बात कू
C:\Users\edwin\OneDrive\Desktop\Capstone\hindi indic\HDSD\hindi_sent\F45\F45_S1_H20_M2.wav,magara vaha bhii nahiin huaa,F45,F45_S1_H20,M2,5,1.6938125,magara vaha bhi nahiin huaa,मगर वह भि नहीन् हुआ
C:\Users\edwin\OneDrive\Desktop\Capstone\hindi indic\HDSD\hindi_sent\F45\F45_S1_H21_M2.wav,dara kaa artha hootaa hai bhaya bhaya,F45,F45_S1_H21,M2,7,2.4875625,dara kaa artha hootaa hai bhaya bhaya,दर का अर्थ हूता है भय भय
C:\Users\edwin\OneDrive\Desktop\Capstone\hindi indic\HDSD\hindi_sent\F45\F45_S1_H22_M2.wav,eika baara phira sei aabhaara,F45,F45_S1_H22,M2,5,2.0188125,eika baara phira se aabhaara,एइक बार फिर से आभार
C:\Users\edwin\OneDrive\Desktop\Capstone\hindi indic\HDSD\hindi_sent\F45\F45_S1_H23_M2.wav,naa jaanei kitanei looga isei padhtei hai,F45,F45_S1_H23,M2,7,2.8375625,naa jaane kitane looga ise padhte hai,ना जाने कितने लूग इसे पध्ते है
C:\Users\edwin\OneDrive\Desktop\Capstone\hindi indic\HDSD\hindi_sent\F45\F45_S1_H24_M2.wav,abhii main shaanta hii huuna,F45,F45_S1_H24,M2,5,1.8563125,abhi main shaanta hi huuna,अभि मैन् शान्त हि हून
C:\Users\edwin\OneDrive\Desktop\Capstone\hindi indic\HDSD\hindi_sent\F45\F45_S1_H25_M2.wav,svaagata kei liyei dhanyavaada,F45,F45_S1_H25,M2,4,1.9313125,svaagata ke liye dhanyavaada,स्वागत के लिये धन्यवाद
C:\Users\edwin\OneDrive\Desktop\Capstone\hindi indic\HDSD\hindi_sent\F45\F45_S1_H26_M2.wav,aapa apanaa yaha achchhaa kaarya jaarii rakhein,F45,F45_S1_H26,M2,7,3.5500625,aapa apanaa yaha achchhaa kaarya jaari rakhein,आप अपना यह अच्छा कार्य जारि रखेइन्
C:\Users\edwin\OneDrive\Desktop\Capstone\hindi indic\HDSD\hindi_sent\F45\F45_S1_H27_M2.wav,main bhaarata mein rahataa huuna,F45,F45_S1_H27,M2,5,1.8750625,main bhaarata mein rahataa huuna,मैन् भारत मेइन् रहता हून
C:\Users\edwin\OneDrive\Desktop\Capstone\hindi indic\HDSD\hindi_sent\F45\F45_S1_H28_M2.wav,kahaa jaataa hai ki unhoonnei kabhii jhuutha kaa sahaaraa nahiin liyaa jiivana mein jhuutha kaa sahaaraa nahiin liyaa,F45,F45_S1_H28,M2,18,6.3563125,kahaa jaataa hai ki unhoonne kabhi jhuutha kaa sahaaraa nahiin liyaa jiivana mein jhuutha kaa sahaaraa nahiin liyaa,कहा जाता है कि उन्हून्ने कभि झूथ का सहारा नहीन् लिया जीवन मेइन् झूथ का सहारा नहीन् लिया
C:\Users\edwin\OneDrive\Desktop\Capstone\hindi indic\HDSD\hindi_sent\F45\F45_S1_H29_M2.wav,aapakaa sandeisha paakara achchhaa lagaa,F45,F45_S1_H29,M2,5,2.3125625,aapakaa sandeisha paakara achchhaa lagaa,आपका सन्देइश पाकर अच्छा लगा
C:\Users\edwin\OneDrive\Desktop\Capstone\hindi indic\HDSD\hindi_sent\F45\F45_S1_H30_M2.wav,jaldii sei jaldii kuchha kiijiei,F45,F45_S1_H30,M2,5,1.8426875,jaldi se jaldi kuchha kiijie,जल्दि से जल्दि कुछ कीजिए
C:\Users\edwin\OneDrive\Desktop\Capstone\hindi indic\HDSD\hindi_sent\F51\F51_S1_H01_M2.wav,aapakei hindii pasanda karanei para khushii huii,F51,F51_S1_H01,M2,7,4.6875,aapake hindi pasanda karane para khushi hui,आपके हिन्दि पसन्द करने पर खुशि हुइ
C:\Users\edwin\OneDrive\Desktop\Capstone\hindi indic\HDSD\hindi_sent\F51\F51_S1_H02_M2.wav,isakei badalei tuma kuchha aura maanaga loo,F51,F51_S1_H02,M2,7,4.0625625,isake badale tuma kuchha aura maanaga loo,इसके बदले तुम कुछ और मानग लू
C:\Users\edwin\OneDrive\Desktop\Capstone\hindi indic\HDSD\hindi_sent\F51\F51_S1_H03_M2.wav,chikitsaa artha hootaa hai ilaaja,F51,F51_S1_H03,M2,5,4.7500625,chikitsaa artha hootaa hai ilaaja,चिकित्सा अर्थ हूता है इलाज
C:\Users\edwin\OneDrive\Desktop\Capstone\hindi indic\HDSD\hindi_sent\F51\F51_S1_H04_M2.wav,isei aisei hii jaarii rakhein,F51,F51_S1_H04,M2,5,3.8125625,ise aise hi jaari rakhein,इसे ऐसे हि जारि रखेइन्
C:\Users\edwin\OneDrive\Desktop\Capstone\hindi indic\HDSD\hindi_sent\F51\F51_S1_H05_M2.wav,madada kei liyei bahuta dhanyavaada,F51,F51_S1_H05,M2,5,3.5625625,madada ke liye bahuta dhanyavaada,मदद के लिये बहुत धन्यवाद
C:\Users\edwin\OneDrive\Desktop\Capstone\hindi indic\HDSD\hindi_sent\F51\F51_S1_H06_M2.wav,aba main kahataa huuna usakaa paalana karoo,F51,F51_S1_H06,M2,7,4.1875625,aba main kahataa huuna usakaa paalana karoo,अब मैन् कहता हून उसका पालन करू
C:\Users\edwin\OneDrive\Desktop\Capstone\hindi indic\HDSD\hindi_sent\F51\F51_S1_H07_M2.wav,bhaarata mein aisaa nahiin huaa hai,F51,F51_S1_H07,M2,6,2.8750625,bhaarata mein aisaa nahiin huaa hai,भारत मेइन् ऐसा नहीन् हुआ है
C:\Users\edwin\OneDrive\Desktop\Capstone\hindi indic\HDSD\hindi_sent\F51\F51_S1_H08_M2.wav,isa sahayooga heitu bhii bahuta dhanyavaada,F51,F51_S1_H08,M2,6,3.9688125,isa sahayooga heitu bhi bahuta dhanyavaada,इस सहयूग हेइतु भि बहुत धन्यवाद
C:\Users\edwin\OneDrive\Desktop\Capstone\hindi indic\HDSD\hindi_sent\F51\F51_S1_H09_M2.wav,yaha sanbhava naa hoo sakaa,F51,F51_S1_H09,M2,5,2.9063125,yaha sanbhava naa hoo sakaa,यह सन्भव ना हू सका
C:\Users\edwin\OneDrive\Desktop\Capstone\hindi indic\HDSD\hindi_sent\F51\F51_S1_H10_M2.wav,meirii baatoon ki dhyaana,F51,F51_S1_H10,M2,4,4.0625625,meiri baatoon ki dhyaana,मेइरि बातून् कि ध्यान
C:\Users\edwin\OneDrive\Desktop\Capstone\hindi indic\HDSD\hindi_sent\F51\F51_S1_H11_M2.wav,yahaan daura kaa daura shuruu huaa,F51,F51_S1_H11,M2,6,5.5625625,yahaan daura kaa daura shuruu huaa,यहान् दौर का दौर शुरू हुआ
C:\Users\edwin\OneDrive\Desktop\Capstone\hindi indic\HDSD\hindi_sent\F51\F51_S1_H12_M2.wav,doonoon mein badaa antara thaa doonoon mein,F51,F51_S1_H12,M2,7,3.9375625,doonoon mein badaa antara thaa doonoon mein,दूनून् मेइन् बदा अन्तर था दूनून् मेइन्
C:\Users\edwin\OneDrive\Desktop\Capstone\hindi indic\HDSD\hindi_sent\F51\F51_S1_H13_M2.wav,sabhii kei sahayooga kei liyei dhanyavaada,F51,F51_S1_H13,M2,6,4.3125625,sabhi ke sahayooga ke liye dhanyavaada,सभि के सहयूग के लिये धन्यवाद
C:\Users\edwin\OneDrive\Desktop\Capstone\hindi indic\HDSD\hindi_sent\F51\F51_S1_H14_M2.wav,bahuta sei looga aisaa kara rahei hai,F51,F51_S1_H14,M2,7,3.1875625,bahuta se looga aisaa kara rahe hai,बहुत से लूग ऐसा कर रहे है
C:\Users\edwin\OneDrive\Desktop\Capstone\hindi indic\HDSD\hindi_sent\F51\F51_S1_H15_M2.wav,samaya kei saatha nahiin usasei aagei usasei aagei chalaa jaaei,F51,F51_S1_H15,M2,10,6.0625625,samaya ke saatha nahiin usase aage usase aage chalaa jaae,समय के साथ नहीन् उससे आगे उससे आगे चला जाए
C:\Users\edwin\OneDrive\Desktop\Capstone\hindi indic\HDSD\hindi_sent\F51\F51_S1_H16_M2.wav,main krikeita kheila kaaphii pasanda karataa huuna,F51,F51_S1_H16,M2,7,5.5000625,main krikeita kheila kaaphi pasanda karataa huuna,मैन् क्रिकेइत खेइल काफि पसन्द करता हून
C:\Users\edwin\OneDrive\Desktop\Capstone\hindi indic\HDSD\hindi_sent\F51\F51_S1_H17_M2.wav,shaayada samajha aa gayaa,F51,F51_S1_H17,M2,4,3.2500625,shaayada samajha aa gayaa,शायद समझ आ गया
C:\Users\edwin\OneDrive\Desktop\Capstone\hindi indic\HDSD\hindi_sent\F51\F51_S1_H18_M2.wav,shaayada aapanei naa deikhaa hoo,F51,F51_S1_H18,M2,5,4.4375625,shaayada aapane naa deikhaa hoo,शायद आपने ना देइखा हू
C:\Users\edwin\OneDrive\Desktop\Capstone\hindi indic\HDSD\hindi_sent\F51\F51_S1_H19_M2.wav,bhuula isa baata koo,F51,F51_S1_H19,M2,4,3.8125625,bhuula isa baata koo,भूल इस बात कू
C:\Users\edwin\OneDrive\Desktop\Capstone\hindi indic\HDSD\hindi_sent\F51\F51_S1_H20_M2.wav,magara vaha bhii nahiin huaa,F51,F51_S1_H20,M2,5,3.9375625,magara vaha bhi nahiin huaa,मगर वह भि नहीन् हुआ
C:\Users\edwin\OneDrive\Desktop\Capstone\hindi indic\HDSD\hindi_sent\F51\F51_S1_H21_M2.wav,dara kaa artha hootaa hai bhaya,F51,F51_S1_H21,M2,6,4.1875625,dara kaa artha hootaa hai bhaya,दर का अर्थ हूता है भय
C:\Users\edwin\OneDrive\Desktop\Capstone\hindi indic\HDSD\hindi_sent\F51\F51_S1_H22_M2.wav,eika baara phira sei aabhaara,F51,F51_S1_H22,M2,5,2.8750625,eika baara phira se aabhaara,एइक बार फिर से आभार
C:\Users\edwin\OneDrive\Desktop\Capstone\hindi indic\HDSD\hindi_sent\F51\F51_S1_H23_M2.wav,naa jaanei kitanei looga isei padhtei hai,F51,F51_S1_H23,M2,7,4.2500625,naa jaane kitane looga ise padhte hai,ना जाने कितने लूग इसे पध्ते है
C:\Users\edwin\OneDrive\Desktop\Capstone\hindi indic\HDSD\hindi_sent\F51\F51_S1_H24_M2.wav,abhii main shaanta hii huuna,F51,F51_S1_H24,M2,5,2.9063125,abhi main shaanta hi huuna,अभि मैन् शान्त हि हून
C:\Users\edwin\OneDrive\Desktop\Capstone\hindi indic\HDSD\hindi_sent\F51\F51_S1_H25_M2.wav,svaagata kei liyei dhanyavaada,F51,F51_S1_H25,M2,4,3.3438125,svaagata ke liye dhanyavaada,स्वागत के लिये धन्यवाद
C:\Users\edwin\OneDrive\Desktop\Capstone\hindi indic\HDSD\hindi_sent\F51\F51_S1_H26_M2.wav,apanaa apanaa achchhaa kaarya jaarii rakhein,F51,F51_S1_H26,M2,6,4.6875625,apanaa apanaa achchhaa kaarya jaari rakhein,अपना अपना अच्छा कार्य जारि रखेइन्
C:\Users\edwin\OneDrive\Desktop\Capstone\hindi indic\HDSD\hindi_sent\F51\F51_S1_H27_M2.wav,main bhaarata mein rahataa huuna,F51,F51_S1_H27,M2,5,2.3125625,main bhaarata mein rahataa huuna,मैन् भारत मेइन् रहता हून
C:\Users\edwin\OneDrive\Desktop\Capstone\hindi indic\HDSD\hindi_sent\F51\F51_S1_H28_M2.wav,kahaa jaataa huuna ki unhoonnei kabhii jiivana mein jhuutha kaa sahaaraa nahiin liyaa,F51,F51_S1_H28,M2,13,6.2813125,kahaa jaataa huuna ki unhoonne kabhi jiivana mein jhuutha kaa sahaaraa nahiin liyaa,कहा जाता हून कि उन्हून्ने कभि जीवन मेइन् झूथ का सहारा नहीन् लिया
C:\Users\edwin\OneDrive\Desktop\Capstone\hindi indic\HDSD\hindi_sent\F51\F51_S1_H29_M2.wav,aapakaa sandeisha paakara achchhaa lagaa,F51,F51_S1_H29,M2,5,3.5938125,aapakaa sandeisha paakara achchhaa lagaa,आपका सन्देइश पाकर अच्छा लगा
C:\Users\edwin\OneDrive\Desktop\Capstone\hindi indic\HDSD\hindi_sent\F51\F51_S1_H30_M2.wav,jaldii sei jaldii kuchha kiijiei,F51,F51_S1_H30,M2,5,3.0269375,jaldi se jaldi kuchha kiijie,जल्दि से जल्दि कुछ कीजिए
C:\Users\edwin\OneDrive\Desktop\Capstone\hindi indic\HDSD\hindi_sent\F54\F54_S1_H01_M2.wav,pasanda karanei aapakei hindii pasanda karanei khushii huii,F54,F54_S1_H01,M2,8,4.8125,pasanda karane aapake hindi pasanda karane khushi hui,पसन्द करने आपके हिन्दि पसन्द करने खुशि हुइ
C:\Users\edwin\OneDrive\Desktop\Capstone\hindi indic\HDSD\hindi_sent\F54\F54_S1_H02_M2.wav,isakei badalei mein tuma kuchha aura maanaga loo,F54,F54_S1_H02,M2,8,3.3750625,isake badale mein tuma kuchha aura maanaga loo,इसके बदले मेइन् तुम कुछ और मानग लू
C:\Users\edwin\OneDrive\Desktop\Capstone\hindi indic\HDSD\hindi_sent\F54\F54_S1_H03_M2.wav,chikitsaa kaa ilaaja ilaaja,F54,F54_S1_H03,M2,4,3.4375625,chikitsaa kaa ilaaja ilaaja,चिकित्सा का इलाज इलाज
C:\Users\edwin\OneDrive\Desktop\Capstone\hindi indic\HDSD\hindi_sent\F54\F54_S1_H04_M2.wav,isei jaarii,F54,F54_S1_H04,M2,2,2.7500625,ise jaari,इसे जारि
C:\Users\edwin\OneDrive\Desktop\Capstone\hindi indic\HDSD\hindi_sent\F54\F54_S1_H05_M2.wav,madada kei liyei bahuta dhanyavaada bahuta dhanyavaada,F54,F54_S1_H05,M2,7,4.5000625,madada ke liye bahuta dhanyavaada bahuta dhanyavaada,मदद के लिये बहुत धन्यवाद बहुत धन्यवाद
C:\Users\edwin\OneDrive\Desktop\Capstone\hindi indic\HDSD\hindi_sent\F54\F54_S1_H06_M2.wav,aba joo main kahataa huuna usakaa paalana,F54,F54_S1_H06,M2,7,3.3125625,aba joo main kahataa huuna usakaa paalana,अब जू मैन् कहता हून उसका पालन
C:\Users\edwin\OneDrive\Desktop\Capstone\hindi indic\HDSD\hindi_sent\F54\F54_S1_H07_M2.wav,bhaarata mein bhaarata mein aisaa nahiin huaa hai,F54,F54_S1_H07,M2,8,3.5625625,bhaarata mein bhaarata mein aisaa nahiin huaa hai,भारत मेइन् भारत मेइन् ऐसा नहीन् हुआ है
C:\Users\edwin\OneDrive\Desktop\Capstone\hindi indic\HDSD\hindi_sent\F54\F54_S1_H08_M2.wav,isa sahayooga heitu heitu bhii bahuta dhanyavaada,F54,F54_S1_H08,M2,7,6.6250625,isa sahayooga heitu heitu bhi bahuta dhanyavaada,इस सहयूग हेइतु हेइतु भि बहुत धन्यवाद
C:\Users\edwin\OneDrive\Desktop\Capstone\hindi indic\HDSD\hindi_sent\F54\F54_S1_H09_M2.wav,para yaha sanbhava naa naa hoo sakaa,F54,F54_S1_H09,M2,7,4.5000625,para yaha sanbhava naa naa hoo sakaa,पर यह सन्भव ना ना हू सका
C:\Users\edwin\OneDrive\Desktop\Capstone\hindi indic\HDSD\hindi_sent\F54\F54_S1_H10_M2.wav,meirii meirii baatoon ki meirii baatoon dhyaana diijiyei,F54,F54_S1_H10,M2,8,4.1875625,meiri meiri baatoon ki meiri baatoon dhyaana diijiye,मेइरि मेइरि बातून् कि मेइरि बातून् ध्यान दीजिये
C:\Users\edwin\OneDrive\Desktop\Capstone\hindi indic\HDSD\hindi_sent\F54\F54_S1_H11_M2.wav,yahaan sei sangharshha kaa daura,F54,F54_S1_H11,M2,5,3.5625625,yahaan se sangharshha kaa daura,यहान् से सन्घर्ष का दौर
C:\Users\edwin\OneDrive\Desktop\Capstone\hindi indic\HDSD\hindi_sent\F54\F54_S1_H12_M2.wav,doonoon mein badaa antara thaa,F54,F54_S1_H12,M2,5,3.3750625,doonoon mein badaa antara thaa,दूनून् मेइन् बदा अन्तर था
C:\Users\edwin\OneDrive\Desktop\Capstone\hindi indic\HDSD\hindi_sent\F54\F54_S1_H13_M2.wav,aapa sabhii sahayooga kei liyei bahuta dhanyavaada,F54,F54_S1_H13,M2,7,5.1250625,aapa sabhi sahayooga ke liye bahuta dhanyavaada,आप सभि सहयूग के लिये बहुत धन्यवाद
C:\Users\edwin\OneDrive\Desktop\Capstone\hindi indic\HDSD\hindi_sent\F54\F54_S1_H14_M2.wav,bahuta sei looga aisaa kara rahei hai,F54,F54_S1_H14,M2,7,5.4375625,bahuta se looga aisaa kara rahe hai,बहुत से लूग ऐसा कर रहे है
C:\Users\edwin\OneDrive\Desktop\Capstone\hindi indic\HDSD\hindi_sent\F54\F54_S1_H15_M2.wav,samaya kei saatha hii nahiin usasei aagei chalaa jaaei,F54,F54_S1_H15,M2,9,4.6875625,samaya ke saatha hi nahiin usase aage chalaa jaae,समय के साथ हि नहीन् उससे आगे चला जाए
C:\Users\edwin\OneDrive\Desktop\Capstone\hindi indic\HDSD\hindi_sent\F54\F54_S1_H16_M2.wav,main krikeita koo kaaphii pasanda pasanda,F54,F54_S1_H16,M2,6,5.3125625,main krikeita koo kaaphi pasanda pasanda,मैन् क्रिकेइत कू काफि पसन्द पसन्द
C:\Users\edwin\OneDrive\Desktop\Capstone\hindi indic\HDSD\hindi_sent\F54\F54_S1_H17_M2.wav,shaayada samajha samajha aa gayaa hoo,F54,F54_S1_H17,M2,6,2.8750625,shaayada samajha samajha aa gayaa hoo,शायद समझ समझ आ गया हू
C:\Users\edwin\OneDrive\Desktop\Capstone\hindi indic\HDSD\hindi_sent\F54\F54_S1_H18_M2.wav,joo joo shaayada aapanei deikhaa naa hoo,F54,F54_S1_H18,M2,7,4.6250625,joo joo shaayada aapane deikhaa naa hoo,जू जू शायद आपने देइखा ना हू
C:\Users\edwin\OneDrive\Desktop\Capstone\hindi indic\HDSD\hindi_sent\F54\F54_S1_H19_M2.wav,main main bhuula hii,F54,F54_S1_H19,M2,4,3.3750625,main main bhuula hi,मैन् मैन् भूल हि
C:\Users\edwin\OneDrive\Desktop\Capstone\hindi indic\HDSD\hindi_sent\F54\F54_S1_H20_M2.wav,magara vaha bhii vaha bhii nahiin huaa,F54,F54_S1_H20,M2,7,4.1250625,magara vaha bhi vaha bhi nahiin huaa,मगर वह भि वह भि नहीन् हुआ
C:\Users\edwin\OneDrive\Desktop\Capstone\hindi indic\HDSD\hindi_sent\F54\F54_S1_H21_M2.wav,dara kaa artha hai bhaya,F54,F54_S1_H21,M2,5,4.2500625,dara kaa artha hai bhaya,दर का अर्थ है भय
C:\Users\edwin\OneDrive\Desktop\Capstone\hindi indic\HDSD\hindi_sent\F54\F54_S1_H22_M2.wav,eika baara phira sei aabhaara,F54,F54_S1_H22,M2,5,2.3750625,eika baara phira se aabhaara,एइक बार फिर से आभार
C:\Users\edwin\OneDrive\Desktop\Capstone\hindi indic\HDSD\hindi_sent\F54\F54_S1_H23_M2.wav,naa jaanei kitanei looga padhtei hai,F54,F54_S1_H23,M2,6,3.3125625,naa jaane kitane looga padhte hai,ना जाने कितने लूग पध्ते है
C:\Users\edwin\OneDrive\Desktop\Capstone\hindi indic\HDSD\hindi_sent\F54\F54_S1_H24_M2.wav,abhii shaanta hii huuna,F54,F54_S1_H24,M2,4,2.1875625,abhi shaanta hi huuna,अभि शान्त हि हून
C:\Users\edwin\OneDrive\Desktop\Capstone\hindi indic\HDSD\hindi_sent\F54\F54_S1_H25_M2.wav,svaagata kei liyei dhanyavaada,F54,F54_S1_H25,M2,4,2.3750625,svaagata ke liye dhanyavaada,स्वागत के लिये धन्यवाद
C:\Users\edwin\OneDrive\Desktop\Capstone\hindi indic\HDSD\hindi_sent\F54\F54_S1_H26_M2.wav,aapa apanaa yaha achchhaa kaarya rakhein,F54,F54_S1_H26,M2,6,4.4375625,aapa apanaa yaha achchhaa kaarya rakhein,आप अपना यह अच्छा कार्य रखेइन्
C:\Users\edwin\OneDrive\Desktop\Capstone\hindi indic\HDSD\hindi_sent\F54\F54_S1_H27_M2.wav,main bhaarata mein bhaarata rahataa,F54,F54_S1_H27,M2,5,3.4375625,main bhaarata mein bhaarata rahataa,मैन् भारत मेइन् भारत रहता
C:\Users\edwin\OneDrive\Desktop\Capstone\hindi indic\HDSD\hindi_sent\F54\F54_S1_H28_M2.wav,kahaa jaataa hai ki unhoonnei kabhii jiivana jhuutha kaa sahaaraa nahiin liyaa,F54,F54_S1_H28,M2,12,6.5625625,kahaa jaataa hai ki unhoonne kabhi jiivana jhuutha kaa sahaaraa nahiin liyaa,कहा जाता है कि उन्हून्ने कभि जीवन झूथ का सहारा नहीन् लिया
C:\Users\edwin\OneDrive\Desktop\Capstone\hindi indic\HDSD\hindi_sent\F54\F54_S1_H29_M2.wav,aapakaa sandeisha paakara achchhaa lagaa,F54,F54_S1_H29,M2,5,3.0625625,aapakaa sandeisha paakara achchhaa lagaa,आपका सन्देइश पाकर अच्छा लगा
C:\Users\edwin\OneDrive\Desktop\Capstone\hindi indic\HDSD\hindi_sent\F54\F54_S1_H30_M2.wav,jaldii sei jaldii kuchha kiijiei,F54,F54_S1_H30,M2,5,2.9519375,jaldi se jaldi kuchha kiijie,जल्दि से जल्दि कुछ कीजिए
C:\Users\edwin\OneDrive\Desktop\Capstone\hindi indic\HDSD\hindi_sent\F57\F57_S1_H01_M2.wav,aapakei hindii pasanda karanei para khushii huii,F57,F57_S1_H01,M2,7,3.375,aapake hindi pasanda karane para khushi hui,आपके हिन्दि पसन्द करने पर खुशि हुइ
C:\Users\edwin\OneDrive\Desktop\Capstone\hindi indic\HDSD\hindi_sent\F57\F57_S1_H02_M2.wav,isakei badalei mein tuma aura maanaga loo,F57,F57_S1_H02,M2,7,3.0125625,isake badale mein tuma aura maanaga loo,इसके बदले मेइन् तुम और मानग लू
C:\Users\edwin\OneDrive\Desktop\Capstone\hindi indic\HDSD\hindi_sent\F57\F57_S1_H03_M2.wav,chikitsaa kaa artha hootaa hai ilaaja,F57,F57_S1_H03,M2,6,3.9375625,chikitsaa kaa artha hootaa hai ilaaja,चिकित्सा का अर्थ हूता है इलाज
C:\Users\edwin\OneDrive\Desktop\Capstone\hindi indic\HDSD\hindi_sent\F57\F57_S1_H04_M2.wav,aisei aisei bhii jaarii rakhein,F57,F57_S1_H04,M2,5,3.3750625,aise aise bhi jaari rakhein,ऐसे ऐसे भि जारि रखेइन्
C:\Users\edwin\OneDrive\Desktop\Capstone\hindi indic\HDSD\hindi_sent\F57\F57_S1_H05_M2.wav,madada kei liyei dhanyavaada,F57,F57_S1_H05,M2,4,2.1000625,madada ke liye dhanyavaada,मदद के लिये धन्यवाद
C:\Users\edwin\OneDrive\Desktop\Capstone\hindi indic\HDSD\hindi_sent\F57\F57_S1_H06_M2.wav,joo main kahataa huuna aba joo main kahataa huuna usakaa paalana karoo,F57,F57_S1_H06,M2,12,4.8688125,joo main kahataa huuna aba joo main kahataa huuna usakaa paalana karoo,जू मैन् कहता हून अब जू मैन् कहता हून उसका पालन करू
C:\Users\edwin\OneDrive\Desktop\Capstone\hindi indic\HDSD\hindi_sent\F57\F57_S1_H07_M2.wav,bhaarata mein aisaa nahiin huaa hai,F57,F57_S1_H07,M2,6,2.6750625,bhaarata mein aisaa nahiin huaa hai,भारत मेइन् ऐसा नहीन् हुआ है
C:\Users\edwin\OneDrive\Desktop\Capstone\hindi indic\HDSD\hindi_sent\F57\F57_S1_H08_M2.wav,isa sahayooga heitu dhanyavaada,F57,F57_S1_H08,M2,4,3.2938125,isa sahayooga heitu dhanyavaada,इस सहयूग हेइतु धन्यवाद
C:\Users\edwin\OneDrive\Desktop\Capstone\hindi indic\HDSD\hindi_sent\F57\F57_S1_H09_M2.wav,para yaha sanbhava naa hoo sakaa,F57,F57_S1_H09,M2,6,3.8250625,para yaha sanbhava naa hoo sakaa,पर यह सन्भव ना हू सका
C:\Users\edwin\OneDrive\Desktop\Capstone\hindi indic\HDSD\hindi_sent\F57\F57_S1_H10_M2.wav,meirii baatoon ki oora dhyaana diijiyei,F57,F57_S1_H10,M2,6,2.6188125,meiri baatoon ki oora dhyaana diijiye,मेइरि बातून् कि ऊर ध्यान दीजिये
C:\Users\edwin\OneDrive\Desktop\Capstone\hindi indic\HDSD\hindi_sent\F57\F57_S1_H11_M2.wav,yahaan sei yahaan sei kaa daura shuruu huaa,F57,F57_S1_H11,M2,8,4.3625625,yahaan se yahaan se kaa daura shuruu huaa,यहान् से यहान् से का दौर शुरू हुआ
C:\Users\edwin\OneDrive\Desktop\Capstone\hindi indic\HDSD\hindi_sent\F57\F57_S1_H12_M2.wav,doonoon mein antara thaa doonoon mein badaa antara thaa,F57,F57_S1_H12,M2,9,3.9313125,doonoon mein antara thaa doonoon mein badaa antara thaa,दूनून् मेइन् अन्तर था दूनून् मेइन् बदा अन्तर था
C:\Users\edwin\OneDrive\Desktop\Capstone\hindi indic\HDSD\hindi_sent\F57\F57_S1_H13_M2.wav,aapa sabhii kei sahayooga dhanyavaada,F57,F57_S1_H13,M2,5,2.9063125,aapa sabhi ke sahayooga dhanyavaada,आप सभि के सहयूग धन्यवाद
C:\Users\edwin\OneDrive\Desktop\Capstone\hindi indic\HDSD\hindi_sent\F57\F57_S1_H14_M2.wav,bahuta sei looga bahuta sei looga aisaa kara rahei hai,F57,F57_S1_H14,M2,10,3.6625625,bahuta se looga bahuta se looga aisaa kara rahe hai,बहुत से लूग बहुत से लूग ऐसा कर रहे है
C:\Users\edwin\OneDrive\Desktop\Capstone\hindi indic\HDSD\hindi_sent\F57\F57_S1_H15_M2.wav,samaya kaa saatha hii nahiin usasei aagei chalaa,F57,F57_S1_H15,M2,8,3.6375625,samaya kaa saatha hi nahiin usase aage chalaa,समय का साथ हि नहीन् उससे आगे चला
C:\Users\edwin\OneDrive\Desktop\Capstone\hindi indic\HDSD\hindi_sent\F57\F57_S1_H16_M2.wav,krikeita kheila koo main krikeita kheila koo kaaphii pasanda karataa huuna,F57,F57_S1_H16,M2,11,5.2875625,krikeita kheila koo main krikeita kheila koo kaaphi pasanda karataa huuna,क्रिकेइत खेइल कू मैन् क्रिकेइत खेइल कू काफि पसन्द करता हून
C:\Users\edwin\OneDrive\Desktop\Capstone\hindi indic\HDSD\hindi_sent\F57\F57_S1_H17_M2.wav,shaayada samajha aa gayaa hoo shaayada shaayada samajha aa gayaa,F57,F57_S1_H17,M2,10,6.3375625,shaayada samajha aa gayaa hoo shaayada shaayada samajha aa gayaa,शायद समझ आ गया हू शायद शायद समझ आ गया
C:\Users\edwin\OneDrive\Desktop\Capstone\hindi indic\HDSD\hindi_sent\F57\F57_S1_H18_M2.wav,joo shaayada aapanei deikhaa naa hoo,F57,F57_S1_H18,M2,6,2.6688125,joo shaayada aapane deikhaa naa hoo,जू शायद आपने देइखा ना हू
C:\Users\edwin\OneDrive\Desktop\Capstone\hindi indic\HDSD\hindi_sent\F57\F57_S1_H19_M2.wav,main bhuula hii gayaa thaa isa baata koo,F57,F57_S1_H19,M2,8,2.5313125,main bhuula hi gayaa thaa isa baata koo,मैन् भूल हि गया था इस बात कू
C:\Users\edwin\OneDrive\Desktop\Capstone\hindi indic\HDSD\hindi_sent\F57\F57_S1_H20_M2.wav,vaha bhii nahiin huaa magara bhii nahiin huaa,F57,F57_S1_H20,M2,8,3.6500625,vaha bhi nahiin huaa magara bhi nahiin huaa,वह भि नहीन् हुआ मगर भि नहीन् हुआ
C:\Users\edwin\OneDrive\Desktop\Capstone\hindi indic\HDSD\hindi_sent\F57\F57_S1_H21_M2.wav,dara kaa artha hootaa hai bhaya,F57,F57_S1_H21,M2,6,3.1250625,dara kaa artha hootaa hai bhaya,दर का अर्थ हूता है भय
C:\Users\edwin\OneDrive\Desktop\Capstone\hindi indic\HDSD\hindi_sent\F57\F57_S1_H22_M2.wav,eika baara phira sei aabhaara,F57,F57_S1_H22,M2,5,1.9563125,eika baara phira se aabhaara,एइक बार फिर से आभार
C:\Users\edwin\OneDrive\Desktop\Capstone\hindi indic\HDSD\hindi_sent\F57\F57_S1_H23_M2.wav,naa jaanei kitanei looga isei padhtei hai,F57,F57_S1_H23,M2,7,3.4188125,naa jaane kitane looga ise padhte hai,ना जाने कितने लूग इसे पध्ते है
C:\Users\edwin\OneDrive\Desktop\Capstone\hindi indic\HDSD\hindi_sent\F57\F57_S1_H24_M2.wav,abhii main shaanta hii huuna,F57,F57_S1_H24,M2,5,2.0563125,abhi main shaanta hi huuna,अभि मैन् शान्त हि हून
C:\Users\edwin\OneDrive\Desktop\Capstone\hindi indic\HDSD\hindi_sent\F57\F57_S1_H25_M2.wav,svaagata svaagata kei liyei dhanyavaada,F57,F57_S1_H25,M2,5,3.4250625,svaagata svaagata ke liye dhanyavaada,स्वागत स्वागत के लिये धन्यवाद
C:\Users\edwin\OneDrive\Desktop\Capstone\hindi indic\HDSD\hindi_sent\F57\F57_S1_H26_M2.wav,aapa apanaa achchhaa kaarya jaarii rakhein,F57,F57_S1_H26,M2,6,4.6563125,aapa apanaa achchhaa kaarya jaari rakhein,आप अपना अच्छा कार्य जारि रखेइन्
C:\Users\edwin\OneDrive\Desktop\Capstone\hindi indic\HDSD\hindi_sent\F57\F57_S1_H27_M2.wav,main bhaarata mein rahataa huuna,F57,F57_S1_H27,M2,5,2.0375625,main bhaarata mein rahataa huuna,मैन् भारत मेइन् रहता हून
C:\Users\edwin\OneDrive\Desktop\Capstone\hindi indic\HDSD\hindi_sent\F57\F57_S1_H28_M2.wav,kahaa jaataa hai ki unhoonnei kabhii jiivana mein jhuutha kaa sahaaraa nahiin liyaa,F57,F57_S1_H28,M2,13,6.4625625,kahaa jaataa hai ki unhoonne kabhi jiivana mein jhuutha kaa sahaaraa nahiin liyaa,कहा जाता है कि उन्हून्ने कभि जीवन मेइन् झूथ का सहारा नहीन् लिया
C:\Users\edwin\OneDrive\Desktop\Capstone\hindi indic\HDSD\hindi_sent\F57\F57_S1_H29_M2.wav,aapakaa sandeisha paakara achchhaa lagaa,F57,F57_S1_H29,M2,5,3.9688125,aapakaa sandeisha paakara achchhaa lagaa,आपका सन्देइश पाकर अच्छा लगा
C:\Users\edwin\OneDrive\Desktop\Capstone\hindi indic\HDSD\hindi_sent\F57\F57_S1_H30_M2.wav,jaldii sei jaldii kiijiei,F57,F57_S1_H30,M2,4,2.208125,jaldi se jaldi kiijie,जल्दि से जल्दि कीजिए
C:\Users\edwin\OneDrive\Desktop\Capstone\hindi indic\HDSD\hindi_sent\F59\F59_S1_H01_M2.wav,aapakei hindii pasanda karanei khushii huii,F59,F59_S1_H01,M2,6,4.80625,aapake hindi pasanda karane khushi hui,आपके हिन्दि पसन्द करने खुशि हुइ
C:\Users\edwin\OneDrive\Desktop\Capstone\hindi indic\HDSD\hindi_sent\F59\F59_S1_H02_M2.wav,isakei badalei mein tuma kuchha aura maanaga loo,F59,F59_S1_H02,M2,8,3.2813125,isake badale mein tuma kuchha aura maanaga loo,इसके बदले मेइन् तुम कुछ और मानग लू
C:\Users\edwin\OneDrive\Desktop\Capstone\hindi indic\HDSD\hindi_sent\F59\F59_S1_H03_M2.wav,chikitsaa kaa artha hootaa hai ilaaja,F59,F59_S1_H03,M2,6,3.7875625,chikitsaa kaa artha hootaa hai ilaaja,चिकित्सा का अर्थ हूता है इलाज
C:\Users\edwin\OneDrive\Desktop\Capstone\hindi indic\HDSD\hindi_sent\F59\F59_S1_H04_M2.wav,isei aisei hii jaarii rakhein,F59,F59_S1_H04,M2,5,3.8125625,ise aise hi jaari rakhein,इसे ऐसे हि जारि रखेइन्
C:\Users\edwin\OneDrive\Desktop\Capstone\hindi indic\HDSD\hindi_sent\F59\F59_S1_H05_M2.wav,madada kei liyei bahuta dhanyavaada,F59,F59_S1_H05,M2,5,2.7813125,madada ke liye bahuta dhanyavaada,मदद के लिये बहुत धन्यवाद
C:\Users\edwin\OneDrive\Desktop\Capstone\hindi indic\HDSD\hindi_sent\F59\F59_S1_H06_M2.wav,aba joo main kahataa huuna usakaa paalana karoo,F59,F59_S1_H06,M2,8,4.0313125,aba joo main kahataa huuna usakaa paalana karoo,अब जू मैन् कहता हून उसका पालन करू
C:\Users\edwin\OneDrive\Desktop\Capstone\hindi indic\HDSD\hindi_sent\F59\F59_S1_H07_M2.wav,bhaarata mein aisaa nahiin huaa hai,F59,F59_S1_H07,M2,6,3.3313125,bhaarata mein aisaa nahiin huaa hai,भारत मेइन् ऐसा नहीन् हुआ है
C:\Users\edwin\OneDrive\Desktop\Capstone\hindi indic\HDSD\hindi_sent\F59\F59_S1_H08_M2.wav,isa sahayooga heitu bhii bahuta dhanyavaada,F59,F59_S1_H08,M2,6,3.9563125,isa sahayooga heitu bhi bahuta dhanyavaada,इस सहयूग हेइतु भि बहुत धन्यवाद
C:\Users\edwin\OneDrive\Desktop\Capstone\hindi indic\HDSD\hindi_sent\F59\F59_S1_H09_M2.wav,para yaha sanbhava naa hoo sakaa,F59,F59_S1_H09,M2,6,3.8438125,para yaha sanbhava naa hoo sakaa,पर यह सन्भव ना हू सका
C:\Users\edwin\OneDrive\Desktop\Capstone\hindi indic\HDSD\hindi_sent\F59\F59_S1_H10_M2.wav,meirii baatoon ki oora dhyaana diijiyei,F59,F59_S1_H10,M2,6,2.9313125,meiri baatoon ki oora dhyaana diijiye,मेइरि बातून् कि ऊर ध्यान दीजिये
C:\Users\edwin\OneDrive\Desktop\Capstone\hindi indic\HDSD\hindi_sent\F59\F59_S1_H11_M2.wav,yahaan sei sangharshha kaa daura shuruu huaa,F59,F59_S1_H11,M2,7,4.9125625,yahaan se sangharshha kaa daura shuruu huaa,यहान् से सन्घर्ष का दौर शुरू हुआ
C:\Users\edwin\OneDrive\Desktop\Capstone\hindi indic\HDSD\hindi_sent\F59\F59_S1_H12_M2.wav,doonoon mein badaa antara thaa,F59,F59_S1_H12,M2,5,2.5875625,doonoon mein badaa antara thaa,दूनून् मेइन् बदा अन्तर था
C:\Users\edwin\OneDrive\Desktop\Capstone\hindi indic\HDSD\hindi_sent\F59\F59_S1_H13_M2.wav,aapa sabhii kei sahayooga kei liyei bahuta dhanyavaada,F59,F59_S1_H13,M2,8,4.7250625,aapa sabhi ke sahayooga ke liye bahuta dhanyavaada,आप सभि के सहयूग के लिये बहुत धन्यवाद
C:\Users\edwin\OneDrive\Desktop\Capstone\hindi indic\HDSD\hindi_sent\F59\F59_S1_H14_M2.wav,bahuta sei looga aisaa kara rahei hai,F59,F59_S1_H14,M2,7,3.2438125,bahuta se looga aisaa kara rahe hai,बहुत से लूग ऐसा कर रहे है
C:\Users\edwin\OneDrive\Desktop\Capstone\hindi indic\HDSD\hindi_sent\F59\F59_S1_H15_M2.wav,samaya kei saatha hii nahiin usasei aagei chalaa jaaei,F59,F59_S1_H15,M2,9,9.6938125,samaya ke saatha hi nahiin usase aage chalaa jaae,समय के साथ हि नहीन् उससे आगे चला जाए
C:\Users\edwin\OneDrive\Desktop\Capstone\hindi indic\HDSD\hindi_sent\F59\F59_S1_H16_M2.wav,main krikeita kheila koo kaaphii pasanda karataa huuna,F59,F59_S1_H16,M2,8,4.6813125,main krikeita kheila koo kaaphi pasanda karataa huuna,मैन् क्रिकेइत खेइल कू काफि पसन्द करता हून
C:\Users\edwin\OneDrive\Desktop\Capstone\hindi indic\HDSD\hindi_sent\F59\F59_S1_H17_M2.wav,shaayada samajha aa gayaa hoo,F59,F59_S1_H17,M2,5,4.3313125,shaayada samajha aa gayaa hoo,शायद समझ आ गया हू
C:\Users\edwin\OneDrive\Desktop\Capstone\hindi indic\HDSD\hindi_sent\F59\F59_S1_H18_M2.wav,shaayada deikhaa naa hoo aapanei deikhaa naa hoo,F59,F59_S1_H18,M2,8,5.4813125,shaayada deikhaa naa hoo aapane deikhaa naa hoo,शायद देइखा ना हू आपने देइखा ना हू
C:\Users\edwin\OneDrive\Desktop\Capstone\hindi indic\HDSD\hindi_sent\F59\F59_S1_H19_M2.wav,joo bhuula hii gayaa thaa isa baata koo,F59,F59_S1_H19,M2,8,5.6125625,joo bhuula hi gayaa thaa isa baata koo,जू भूल हि गया था इस बात कू
C:\Users\edwin\OneDrive\Desktop\Capstone\hindi indic\HDSD\hindi_sent\F59\F59_S1_H20_M2.wav,magara vaha bhii nahiin huaa,F59,F59_S1_H20,M2,5,1.9188125,magara vaha bhi nahiin huaa,मगर वह भि नहीन् हुआ
C:\Users\edwin\OneDrive\Desktop\Capstone\hindi indic\HDSD\hindi_sent\F59\F59_S1_H21_M2.wav,dara kaa artha hootaa hai bhaya,F59,F59_S1_H21,M2,6,3.7500625,dara kaa artha hootaa hai bhaya,दर का अर्थ हूता है भय
C:\Users\edwin\OneDrive\Desktop\Capstone\hindi indic\HDSD\hindi_sent\F59\F59_S1_H22_M2.wav,eika baara phira sei aabhaara,F59,F59_S1_H22,M2,5,3.4750625,eika baara phira se aabhaara,एइक बार फिर से आभार
C:\Users\edwin\OneDrive\Desktop\Capstone\hindi indic\HDSD\hindi_sent\F59\F59_S1_H23_M2.wav,naa jaanei naa jaanei kitanei looga isei padhtei hai,F59,F59_S1_H23,M2,9,5.0875625,naa jaane naa jaane kitane looga ise padhte hai,ना जाने ना जाने कितने लूग इसे पध्ते है
C:\Users\edwin\OneDrive\Desktop\Capstone\hindi indic\HDSD\hindi_sent\F59\F59_S1_H24_M2.wav,abhii main shaanta hii huuna,F59,F59_S1_H24,M2,5,3.6250625,abhi main shaanta hi huuna,अभि मैन् शान्त हि हून
C:\Users\edwin\OneDrive\Desktop\Capstone\hindi indic\HDSD\hindi_sent\F59\F59_S1_H25_M2.wav,svaagata kei liyei dhanyavaada,F59,F59_S1_H25,M2,4,2.0375625,svaagata ke liye dhanyavaada,स्वागत के लिये धन्यवाद
C:\Users\edwin\OneDrive\Desktop\Capstone\hindi indic\HDSD\hindi_sent\F59\F59_S1_H26_M2.wav,aapa apanaa yaha achchhaa kaarya jaarii rakhein,F59,F59_S1_H26,M2,7,4.6125625,aapa apanaa yaha achchhaa kaarya jaari rakhein,आप अपना यह अच्छा कार्य जारि रखेइन्
C:\Users\edwin\OneDrive\Desktop\Capstone\hindi indic\HDSD\hindi_sent\F59\F59_S1_H27_M2.wav,main bhaarata mein rahataa huuna,F59,F59_S1_H27,M2,5,2.7688125,main bhaarata mein rahataa huuna,मैन् भारत मेइन् रहता हून
C:\Users\edwin\OneDrive\Desktop\Capstone\hindi indic\HDSD\hindi_sent\F59\F59_S1_H28_M2.wav,kahaa jaataa hai ki unhoonnei kabhii jiivana mein jhuutha kaa sahaaraa nahiin liyaa,F59,F59_S1_H28,M2,13,8.8563125,kahaa jaataa hai ki unhoonne kabhi jiivana mein jhuutha kaa sahaaraa nahiin liyaa,कहा जाता है कि उन्हून्ने कभि जीवन मेइन् झूथ का सहारा नहीन् लिया
C:\Users\edwin\OneDrive\Desktop\Capstone\hindi indic\HDSD\hindi_sent\F59\F59_S1_H29_M2.wav,aapakaa sandeisha paakara achchhaa lagaa,F59,F59_S1_H29,M2,5,4.3688125,aapakaa sandeisha paakara achchhaa lagaa,आपका सन्देइश पाकर अच्छा लगा
C:\Users\edwin\OneDrive\Desktop\Capstone\hindi indic\HDSD\hindi_sent\F59\F59_S1_H30_M2.wav,jaldii sei jaldii kuchha kiijiei,F59,F59_S1_H30,M2,5,2.6723125,jaldi se jaldi kuchha kiijie,जल्दि से जल्दि कुछ कीजिए
C:\Users\edwin\OneDrive\Desktop\Capstone\hindi indic\HDSD\hindi_sent\F60\F60_S1_H01_M2.wav,aapakei hindii pasanda karanei para khushii huii,F60,F60_S1_H01,M2,7,3.8125,aapake hindi pasanda karane para khushi hui,आपके हिन्दि पसन्द करने पर खुशि हुइ
C:\Users\edwin\OneDrive\Desktop\Capstone\hindi indic\HDSD\hindi_sent\F60\F60_S1_H02_M2.wav,isakei badalei mein tuma kuchha aura maanaga loo,F60,F60_S1_H02,M2,8,3.2500625,isake badale mein tuma kuchha aura maanaga loo,इसके बदले मेइन् तुम कुछ और मानग लू
C:\Users\edwin\OneDrive\Desktop\Capstone\hindi indic\HDSD\hindi_sent\F60\F60_S1_H03_M2.wav,chikitsaa kaa artha hootaa hai ilaaja,F60,F60_S1_H03,M2,6,4.1875625,chikitsaa kaa artha hootaa hai ilaaja,चिकित्सा का अर्थ हूता है इलाज
C:\Users\edwin\OneDrive\Desktop\Capstone\hindi indic\HDSD\hindi_sent\F60\F60_S1_H04_M2.wav,isei aisei hii jaarii rakhein,F60,F60_S1_H04,M2,5,2.9375625,ise aise hi jaari rakhein,इसे ऐसे हि जारि रखेइन्
C:\Users\edwin\OneDrive\Desktop\Capstone\hindi indic\HDSD\hindi_sent\F60\F60_S1_H05_M2.wav,madada kei liyei bahuta dhanyavaada,F60,F60_S1_H05,M2,5,3.5625625,madada ke liye bahuta dhanyavaada,मदद के लिये बहुत धन्यवाद
C:\Users\edwin\OneDrive\Desktop\Capstone\hindi indic\HDSD\hindi_sent\F60\F60_S1_H06_M2.wav,aba joo main kahataa huuna usakaa paalana karoo,F60,F60_S1_H06,M2,8,4.6250625,aba joo main kahataa huuna usakaa paalana karoo,अब जू मैन् कहता हून उसका पालन करू
C:\Users\edwin\OneDrive\Desktop\Capstone\hindi indic\HDSD\hindi_sent\F60\F60_S1_H07_M2.wav,bhaarata mein aisaa nahiin huaa hai,F60,F60_S1_H07,M2,6,4.2500625,bhaarata mein aisaa nahiin huaa hai,भारत मेइन् ऐसा नहीन् हुआ है
C:\Users\edwin\OneDrive\Desktop\Capstone\hindi indic\HDSD\hindi_sent\F60\F60_S1_H08_M2.wav,isa bahuta dhanyavaada,F60,F60_S1_H08,M2,3,4.3125625,isa bahuta dhanyavaada,इस बहुत धन्यवाद
C:\Users\edwin\OneDrive\Desktop\Capstone\hindi indic\HDSD\hindi_sent\F60\F60_S1_H09_M2.wav,para yaha sanbhava hoo naa sakaa,F60,F60_S1_H09,M2,6,4.2500625,para yaha sanbhava hoo naa sakaa,पर यह सन्भव हू ना सका
C:\Users\edwin\OneDrive\Desktop\Capstone\hindi indic\HDSD\hindi_sent\F60\F60_S1_H10_M2.wav,meirii baatoon ki oora dhyaana diijiyei,F60,F60_S1_H10,M2,6,3.8750625,meiri baatoon ki oora dhyaana diijiye,मेइरि बातून् कि ऊर ध्यान दीजिये
C:\Users\edwin\OneDrive\Desktop\Capstone\hindi indic\HDSD\hindi_sent\F60\F60_S1_H11_M2.wav,yahaan sei sangharshha kaa daura shuruu huaa,F60,F60_S1_H11,M2,7,4.2500625,yahaan se sangharshha kaa daura shuruu huaa,यहान् से सन्घर्ष का दौर शुरू हुआ
C:\Users\edwin\OneDrive\Desktop\Capstone\hindi indic\HDSD\hindi_sent\F60\F60_S1_H12_M2.wav,doonoon mein badaa antara thaa,F60,F60_S1_H12,M2,5,2.9375625,doonoon mein badaa antara thaa,दूनून् मेइन् बदा अन्तर था
C:\Users\edwin\OneDrive\Desktop\Capstone\hindi indic\HDSD\hindi_sent\F60\F60_S1_H13_M2.wav,aapa sabhii kei sahayooga kei liyei dhanyavaada,F60,F60_S1_H13,M2,7,6.4375625,aapa sabhi ke sahayooga ke liye dhanyavaada,आप सभि के सहयूग के लिये धन्यवाद
C:\Users\edwin\OneDrive\Desktop\Capstone\hindi indic\HDSD\hindi_sent\F60\F60_S1_H14_M2.wav,bahuta sei looga aisaa kara rahei hai,F60,F60_S1_H14,M2,7,3.6875625,bahuta se looga aisaa kara rahe hai,बहुत से लूग ऐसा कर रहे है
C:\Users\edwin\OneDrive\Desktop\Capstone\hindi indic\HDSD\hindi_sent\F60\F60_S1_H15_M2.wav,samaya kei saatha hii nahiin usasei aagei chalaa jaaei,F60,F60_S1_H15,M2,9,5.4375625,samaya ke saatha hi nahiin usase aage chalaa jaae,समय के साथ हि नहीन् उससे आगे चला जाए
C:\Users\edwin\OneDrive\Desktop\Capstone\hindi indic\HDSD\hindi_sent\F60\F60_S1_H16_M2.wav,main krikeita kheila koo kaaphii pasanda karataa huuna,F60,F60_S1_H16,M2,8,5.0000625,main krikeita kheila koo kaaphi pasanda karataa huuna,मैन् क्रिकेइत खेइल कू काफि पसन्द करता हून
C:\Users\edwin\OneDrive\Desktop\Capstone\hindi indic\HDSD\hindi_sent\F60\F60_S1_H17_M2.wav,shaayada samajha aa gayaa hoo,F60,F60_S1_H17,M2,5,3.1875625,shaayada samajha aa gayaa hoo,शायद समझ आ गया हू
C:\Users\edwin\OneDrive\Desktop\Capstone\hindi indic\HDSD\hindi_sent\F60\F60_S1_H18_M2.wav,joo shaayada aapanei deikhaa naa hoo,F60,F60_S1_H18,M2,6,3.7500625,joo shaayada aapane deikhaa naa hoo,जू शायद आपने देइखा ना हू
C:\Users\edwin\OneDrive\Desktop\Capstone\hindi indic\HDSD\hindi_sent\F60\F60_S1_H19_M2.wav,main bhuula hii gayaa thaa isa baata koo,F60,F60_S1_H19,M2,8,4.8750625,main bhuula hi gayaa thaa isa baata koo,मैन् भूल हि गया था इस बात कू
C:\Users\edwin\OneDrive\Desktop\Capstone\hindi indic\HDSD\hindi_sent\F60\F60_S1_H20_M2.wav,vaha bhii nahiin,F60,F60_S1_H20,M2,3,2.1875625,vaha bhi nahiin,वह भि नहीन्
C:\Users\edwin\OneDrive\Desktop\Capstone\hindi indic\HDSD\hindi_sent\F60\F60_S1_H21_M2.wav,dara kaa artha hootaa hai bhaya,F60,F60_S1_H21,M2,6,3.4375625,dara kaa artha hootaa hai bhaya,दर का अर्थ हूता है भय
C:\Users\edwin\OneDrive\Desktop\Capstone\hindi indic\HDSD\hindi_sent\F60\F60_S1_H22_M2.wav,eika baara phira sei aabhaara,F60,F60_S1_H22,M2,5,2.8750625,eika baara phira se aabhaara,एइक बार फिर से आभार
C:\Users\edwin\OneDrive\Desktop\Capstone\hindi indic\HDSD\hindi_sent\F60\F60_S1_H23_M2.wav,naa jaanei kitanei looga isei padhtei hai,F60,F60_S1_H23,M2,7,3.5625625,naa jaane kitane looga ise padhte hai,ना जाने कितने लूग इसे पध्ते है
C:\Users\edwin\OneDrive\Desktop\Capstone\hindi indic\HDSD\hindi_sent\F60\F60_S1_H24_M2.wav,abhii main shaanta huuna,F60,F60_S1_H24,M2,4,2.6250625,abhi main shaanta huuna,अभि मैन् शान्त हून
C:\Users\edwin\OneDrive\Desktop\Capstone\hindi indic\HDSD\hindi_sent\F60\F60_S1_H25_M2.wav,svaagata kei liyei dhanyavaada,F60,F60_S1_H25,M2,4,3.1875625,svaagata ke liye dhanyavaada,स्वागत के लिये धन्यवाद
C:\Users\edwin\OneDrive\Desktop\Capstone\hindi indic\HDSD\hindi_sent\F60\F60_S1_H26_M2.wav,aapa apanaa achchhaa kaarya jaarii rakhein,F60,F60_S1_H26,M2,6,4.5000625,aapa apanaa achchhaa kaarya jaari rakhein,आप अपना अच्छा कार्य जारि रखेइन्
C:\Users\edwin\OneDrive\Desktop\Capstone\hindi indic\HDSD\hindi_sent\F60\F60_S1_H27_M2.wav,main bhaarata mein rahataa huuna,F60,F60_S1_H27,M2,5,3.1875625,main bhaarata mein rahataa huuna,मैन् भारत मेइन् रहता हून
C:\Users\edwin\OneDrive\Desktop\Capstone\hindi indic\HDSD\hindi_sent\F60\F60_S1_H28_M2.wav,kahaa jaataa hai ki unhoonnei kabhii jiivana mein jhuutha kaa sahaaraa nahiin liyaa,F60,F60_S1_H28,M2,13,8.5000625,kahaa jaataa hai ki unhoonne kabhi jiivana mein jhuutha kaa sahaaraa nahiin liyaa,कहा जाता है कि उन्हून्ने कभि जीवन मेइन् झूथ का सहारा नहीन् लिया
C:\Users\edwin\OneDrive\Desktop\Capstone\hindi indic\HDSD\hindi_sent\F60\F60_S1_H29_M2.wav,aapakaa sandeisha paakara achchhaa lagaa,F60,F60_S1_H29,M2,5,3.2500625,aapakaa sandeisha paakara achchhaa lagaa,आपका सन्देइश पाकर अच्छा लगा
C:\Users\edwin\OneDrive\Desktop\Capstone\hindi indic\HDSD\hindi_sent\F60\F60_S1_H30_M2.wav,jaldii sei jaldii kuchha kiijiei,F60,F60_S1_H30,M2,5,2.747,jaldi se jaldi kuchha kiijie,जल्दि से जल्दि कुछ कीजिए
C:\Users\edwin\OneDrive\Desktop\Capstone\hindi indic\HDSD\hindi_sent\F63\F63_S1_H01_M2.wav,aapakei hindii pasanda karanei para khushii huii,F63,F63_S1_H01,M2,7,3.61875,aapake hindi pasanda karane para khushi hui,आपके हिन्दि पसन्द करने पर खुशि हुइ
C:\Users\edwin\OneDrive\Desktop\Capstone\hindi indic\HDSD\hindi_sent\F63\F63_S1_H02_M2.wav,isakei badalei mein tuma aura maanaga loo,F63,F63_S1_H02,M2,7,3.1313125,isake badale mein tuma aura maanaga loo,इसके बदले मेइन् तुम और मानग लू
C:\Users\edwin\OneDrive\Desktop\Capstone\hindi indic\HDSD\hindi_sent\F63\F63_S1_H03_M2.wav,chikitsaa artha hootaa hai ilaaja,F63,F63_S1_H03,M2,5,2.5438125,chikitsaa artha hootaa hai ilaaja,चिकित्सा अर्थ हूता है इलाज
C:\Users\edwin\OneDrive\Desktop\Capstone\hindi indic\HDSD\hindi_sent\F63\F63_S1_H04_M2.wav,isei aisei jaarii rakhein,F63,F63_S1_H04,M2,4,2.2688125,ise aise jaari rakhein,इसे ऐसे जारि रखेइन्
C:\Users\edwin\OneDrive\Desktop\Capstone\hindi indic\HDSD\hindi_sent\F63\F63_S1_H05_M2.wav,madada kei liyei bahuta dhanyavaada,F63,F63_S1_H05,M2,5,2.2875625,madada ke liye bahuta dhanyavaada,मदद के लिये बहुत धन्यवाद
C:\Users\edwin\OneDrive\Desktop\Capstone\hindi indic\HDSD\hindi_sent\F63\F63_S1_H06_M2.wav,aba joo main kahataa huuna usakaa paalana karoo,F63,F63_S1_H06,M2,8,3.3375625,aba joo main kahataa huuna usakaa paalana karoo,अब जू मैन् कहता हून उसका पालन करू
C:\Users\edwin\OneDrive\Desktop\Capstone\hindi indic\HDSD\hindi_sent\F63\F63_S1_H07_M2.wav,bhaarata mein aisaa nahiin huaa hai,F63,F63_S1_H07,M2,6,2.4063125,bhaarata mein aisaa nahiin huaa hai,भारत मेइन् ऐसा नहीन् हुआ है
C:\Users\edwin\OneDrive\Desktop\Capstone\hindi indic\HDSD\hindi_sent\F63\F63_S1_H08_M2.wav,isa sahayooga bhii bahuta dhanyavaada,F63,F63_S1_H08,M2,5,3.5938125,isa sahayooga bhi bahuta dhanyavaada,इस सहयूग भि बहुत धन्यवाद
C:\Users\edwin\OneDrive\Desktop\Capstone\hindi indic\HDSD\hindi_sent\F63\F63_S1_H09_M2.wav,para yaha sanbhava naa hoo sakaa,F63,F63_S1_H09,M2,6,2.1875625,para yaha sanbhava naa hoo sakaa,पर यह सन्भव ना हू सका
C:\Users\edwin\OneDrive\Desktop\Capstone\hindi indic\HDSD\hindi_sent\F63\F63_S1_H10_M2.wav,meirii baatoon ki oora dhyaana diijiyei,F63,F63_S1_H10,M2,6,2.5625625,meiri baatoon ki oora dhyaana diijiye,मेइरि बातून् कि ऊर ध्यान दीजिये
C:\Users\edwin\OneDrive\Desktop\Capstone\hindi indic\HDSD\hindi_sent\F63\F63_S1_H11_M2.wav,yahaan sei sangharshha kaa daura shuruu huaa,F63,F63_S1_H11,M2,7,2.9813125,yahaan se sangharshha kaa daura shuruu huaa,यहान् से सन्घर्ष का दौर शुरू हुआ
C:\Users\edwin\OneDrive\Desktop\Capstone\hindi indic\HDSD\hindi_sent\F63\F63_S1_H12_M2.wav,doonoon mein badaa antara thaa,F63,F63_S1_H12,M2,5,2.3313125,doonoon mein badaa antara thaa,दूनून् मेइन् बदा अन्तर था
C:\Users\edwin\OneDrive\Desktop\Capstone\hindi indic\HDSD\hindi_sent\F63\F63_S1_H13_M2.wav,aapa kei sabhii sahayooga kei liyei sabhii kei sahayooga kei liyei bahuta dhanyavaada,F63,F63_S1_H13,M2,13,5.5500625,aapa ke sabhi sahayooga ke liye sabhi ke sahayooga ke liye bahuta dhanyavaada,आप के सभि सहयूग के लिये सभि के सहयूग के लिये बहुत धन्यवाद
C:\Users\edwin\OneDrive\Desktop\Capstone\hindi indic\HDSD\hindi_sent\F63\F63_S1_H14_M2.wav,bahuta sei looga aisaa kara rahei hai,F63,F63_S1_H14,M2,7,2.3063125,bahuta se looga aisaa kara rahe hai,बहुत से लूग ऐसा कर रहे है
C:\Users\edwin\OneDrive\Desktop\Capstone\hindi indic\HDSD\hindi_sent\F63\F63_S1_H15_M2.wav,samaya kei saatha hii nahiin usasei aagei chalaa jaaei,F63,F63_S1_H15,M2,9,3.7313125,samaya ke saatha hi nahiin usase aage chalaa jaae,समय के साथ हि नहीन् उससे आगे चला जाए
C:\Users\edwin\OneDrive\Desktop\Capstone\hindi indic\HDSD\hindi_sent\F63\F63_S1_H16_M2.wav,main krikeita kheila koo kaaphii pasanda karataa huuna,F63,F63_S1_H16,M2,8,3.2750625,main krikeita kheila koo kaaphi pasanda karataa huuna,मैन् क्रिकेइत खेइल कू काफि पसन्द करता हून
C:\Users\edwin\OneDrive\Desktop\Capstone\hindi indic\HDSD\hindi_sent\F63\F63_S1_H17_M2.wav,shaayada samajha aa gayaa hoo,F63,F63_S1_H17,M2,5,2.0625625,shaayada samajha aa gayaa hoo,शायद समझ आ गया हू
C:\Users\edwin\OneDrive\Desktop\Capstone\hindi indic\HDSD\hindi_sent\F63\F63_S1_H18_M2.wav,joo shaayada aapanei deikhaa naa hoo,F63,F63_S1_H18,M2,6,2.5750625,joo shaayada aapane deikhaa naa hoo,जू शायद आपने देइखा ना हू
C:\Users\edwin\OneDrive\Desktop\Capstone\hindi indic\HDSD\hindi_sent\F63\F63_S1_H19_M2.wav,main bhuula hii gayaa thaa isa baata koo,F63,F63_S1_H19,M2,8,2.6250625,main bhuula hi gayaa thaa isa baata koo,मैन् भूल हि गया था इस बात कू
C:\Users\edwin\OneDrive\Desktop\Capstone\hindi indic\HDSD\hindi_sent\F63\F63_S1_H20_M2.wav,bhii nahiin huaa magara vaha bhii nahiin huaa,F63,F63_S1_H20,M2,8,2.4938125,bhi nahiin huaa magara vaha bhi nahiin huaa,भि नहीन् हुआ मगर वह भि नहीन् हुआ
C:\Users\edwin\OneDrive\Desktop\Capstone\hindi indic\HDSD\hindi_sent\F63\F63_S1_H21_M2.wav,dara kaa artha hootaa hai bhaya,F63,F63_S1_H21,M2,6,2.2750625,dara kaa artha hootaa hai bhaya,दर का अर्थ हूता है भय
C:\Users\edwin\OneDrive\Desktop\Capstone\hindi indic\HDSD\hindi_sent\F63\F63_S1_H22_M2.wav,eika baara phira sei aabhaara,F63,F63_S1_H22,M2,5,1.9813125,eika baara phira se aabhaara,एइक बार फिर से आभार
C:\Users\edwin\OneDrive\Desktop\Capstone\hindi indic\HDSD\hindi_sent\F63\F63_S1_H23_M2.wav,naa jaanei kitanei looga isei padhtei hai,F63,F63_S1_H23,M2,7,2.7313125,naa jaane kitane looga ise padhte hai,ना जाने कितने लूग इसे पध्ते है
C:\Users\edwin\OneDrive\Desktop\Capstone\hindi indic\HDSD\hindi_sent\F63\F63_S1_H24_M2.wav,abhii main shaanta hii huuna,F63,F63_S1_H24,M2,5,1.8750625,abhi main shaanta hi huuna,अभि मैन् शान्त हि हून
C:\Users\edwin\OneDrive\Desktop\Capstone\hindi indic\HDSD\hindi_sent\F63\F63_S1_H25_M2.wav,svaagata kei liyei dhanyavaada,F63,F63_S1_H25,M2,4,2.0188125,svaagata ke liye dhanyavaada,स्वागत के लिये धन्यवाद
C:\Users\edwin\OneDrive\Desktop\Capstone\hindi indic\HDSD\hindi_sent\F63\F63_S1_H26_M2.wav,aapa apanaa yaha achchhaa kaarya jaarii rakhein,F63,F63_S1_H26,M2,7,3.8750625,aapa apanaa yaha achchhaa kaarya jaari rakhein,आप अपना यह अच्छा कार्य जारि रखेइन्
C:\Users\edwin\OneDrive\Desktop\Capstone\hindi indic\HDSD\hindi_sent\F63\F63_S1_H27_M2.wav,main bhaarata mein rahataa huuna,F63,F63_S1_H27,M2,5,1.8875625,main bhaarata mein rahataa huuna,मैन् भारत मेइन् रहता हून
C:\Users\edwin\OneDrive\Desktop\Capstone\hindi indic\HDSD\hindi_sent\F63\F63_S1_H28_M2.wav,kahaa jaataa hai ki unhoonnei kabhii jhuutha kaa sahaaraa nahiin liyaa,F63,F63_S1_H28,M2,11,5.1625625,kahaa jaataa hai ki unhoonne kabhi jhuutha kaa sahaaraa nahiin liyaa,कहा जाता है कि उन्हून्ने कभि झूथ का सहारा नहीन् लिया
C:\Users\edwin\OneDrive\Desktop\Capstone\hindi indic\HDSD\hindi_sent\F63\F63_S1_H29_M2.wav,aapakaa sandeisha achchhaa lagaa,F63,F63_S1_H29,M2,4,2.6000625,aapakaa sandeisha achchhaa lagaa,आपका सन्देइश अच्छा लगा
C:\Users\edwin\OneDrive\Desktop\Capstone\hindi indic\HDSD\hindi_sent\F63\F63_S1_H30_M2.wav,jaldii sei jaldii kuchha kiijiei,F63,F63_S1_H30,M2,5,2.041,jaldi se jaldi kuchha kiijie,जल्दि से जल्दि कुछ कीजिए
C:\Users\edwin\OneDrive\Desktop\Capstone\hindi indic\HDSD\hindi_sent\M01\M01_S1_H01_M2.wav,aapakei hindii pasanda karanei para khushii huii,M01,M01_S1_H01,M2,7,4.84475,aapake hindi pasanda karane para khushi hui,आपके हिन्दि पसन्द करने पर खुशि हुइ
C:\Users\edwin\OneDrive\Desktop\Capstone\hindi indic\HDSD\hindi_sent\M01\M01_S1_H02_M2.wav,isakei badalei mein tuma kuchha aura maanaga loo,M01,M01_S1_H02,M2,8,5.746125,isake badale mein tuma kuchha aura maanaga loo,इसके बदले मेइन् तुम कुछ और मानग लू
C:\Users\edwin\OneDrive\Desktop\Capstone\hindi indic\HDSD\hindi_sent\M01\M01_S1_H03_M2.wav,chikitsaa kaa artha hootaa hai ilaaja,M01,M01_S1_H03,M2,6,5.408125,chikitsaa kaa artha hootaa hai ilaaja,चिकित्सा का अर्थ हूता है इलाज
C:\Users\edwin\OneDrive\Desktop\Capstone\hindi indic\HDSD\hindi_sent\M01\M01_S1_H04_M2.wav,isei aisei hii jaarii rakhein,M01,M01_S1_H04,M2,5,3.718125,ise aise hi jaari rakhein,इसे ऐसे हि जारि रखेइन्
C:\Users\edwin\OneDrive\Desktop\Capstone\hindi indic\HDSD\hindi_sent\M01\M01_S1_H05_M2.wav,madada kei liyei bahuta dhanyavaada,M01,M01_S1_H05,M2,5,3.6054375,madada ke liye bahuta dhanyavaada,मदद के लिये बहुत धन्यवाद
C:\Users\edwin\OneDrive\Desktop\Capstone\hindi indic\HDSD\hindi_sent\M01\M01_S1_H06_M2.wav,aba joo main kahataa huuna usakaa paalana karoo,M01,M01_S1_H06,M2,8,4.2814375,aba joo main kahataa huuna usakaa paalana karoo,अब जू मैन् कहता हून उसका पालन करू
C:\Users\edwin\OneDrive\Desktop\Capstone\hindi indic\HDSD\hindi_sent\M01\M01_S1_H07_M2.wav,bhaarata mein aisaa nahiin huaa hai,M01,M01_S1_H07,M2,6,3.9434375,bhaarata mein aisaa nahiin huaa hai,भारत मेइन् ऐसा नहीन् हुआ है
C:\Users\edwin\OneDrive\Desktop\Capstone\hindi indic\HDSD\hindi_sent\M01\M01_S1_H08_M2.wav,isa sahayooga heitu bhii bahuta dhanyavaada,M01,M01_S1_H08,M2,6,4.6195,isa sahayooga heitu bhi bahuta dhanyavaada,इस सहयूग हेइतु भि बहुत धन्यवाद
C:\Users\edwin\OneDrive\Desktop\Capstone\hindi indic\HDSD\hindi_sent\M01\M01_S1_H09_M2.wav,para yaha sanbhava naa hoo sakaa,M01,M01_S1_H09,M2,6,4.16875,para yaha sanbhava naa hoo sakaa,पर यह सन्भव ना हू सका
C:\Users\edwin\OneDrive\Desktop\Capstone\hindi indic\HDSD\hindi_sent\M01\M01_S1_H10_M2.wav,meirii baatoon ki oora dhyaana diijiyei,M01,M01_S1_H10,M2,6,3.9434375,meiri baatoon ki oora dhyaana diijiye,मेइरि बातून् कि ऊर ध्यान दीजिये
C:\Users\edwin\OneDrive\Desktop\Capstone\hindi indic\HDSD\hindi_sent\M01\M01_S1_H11_M2.wav,yahaan sei sangharshha kaa daura shuruu huaa,M01,M01_S1_H11,M2,7,3.8308125,yahaan se sangharshha kaa daura shuruu huaa,यहान् से सन्घर्ष का दौर शुरू हुआ
C:\Users\edwin\OneDrive\Desktop\Capstone\hindi indic\HDSD\hindi_sent\M01\M01_S1_H12_M2.wav,doonoon mein badaa antara thaa,M01,M01_S1_H12,M2,5,3.2674375,doonoon mein badaa antara thaa,दूनून् मेइन् बदा अन्तर था
C:\Users\edwin\OneDrive\Desktop\Capstone\hindi indic\HDSD\hindi_sent\M01\M01_S1_H13_M2.wav,aapa sabhii kei sahayooga bahuta dhanyavaada,M01,M01_S1_H13,M2,6,4.2814375,aapa sabhi ke sahayooga bahuta dhanyavaada,आप सभि के सहयूग बहुत धन्यवाद
C:\Users\edwin\OneDrive\Desktop\Capstone\hindi indic\HDSD\hindi_sent\M01\M01_S1_H14_M2.wav,bahuta sei looga aisaa kara rahei hai,M01,M01_S1_H14,M2,7,3.718125,bahuta se looga aisaa kara rahe hai,बहुत से लूग ऐसा कर रहे है
C:\Users\edwin\OneDrive\Desktop\Capstone\hindi indic\HDSD\hindi_sent\M01\M01_S1_H15_M2.wav,samaya kei saatha nahiin usasei aagei chalaa jaaei,M01,M01_S1_H15,M2,8,4.2814375,samaya ke saatha nahiin usase aage chalaa jaae,समय के साथ नहीन् उससे आगे चला जाए
C:\Users\edwin\OneDrive\Desktop\Capstone\hindi indic\HDSD\hindi_sent\M01\M01_S1_H16_M2.wav,main krikeita kheila koo kaaphii pasanda karataa huuna,M01,M01_S1_H16,M2,8,5.070125,main krikeita kheila koo kaaphi pasanda karataa huuna,मैन् क्रिकेइत खेइल कू काफि पसन्द करता हून
C:\Users\edwin\OneDrive\Desktop\Capstone\hindi indic\HDSD\hindi_sent\M01\M01_S1_H17_M2.wav,samajha aa gayaa hoo,M01,M01_S1_H17,M2,4,3.718125,samajha aa gayaa hoo,समझ आ गया हू
C:\Users\edwin\OneDrive\Desktop\Capstone\hindi indic\HDSD\hindi_sent\M01\M01_S1_H18_M2.wav,joo shaayada aapanei deikhaa hoo,M01,M01_S1_H18,M2,5,3.9434375,joo shaayada aapane deikhaa hoo,जू शायद आपने देइखा हू
C:\Users\edwin\OneDrive\Desktop\Capstone\hindi indic\HDSD\hindi_sent\M01\M01_S1_H19_M2.wav,main bhuula hii gayaa thaa isa baata koo,M01,M01_S1_H19,M2,8,4.9574375,main bhuula hi gayaa thaa isa baata koo,मैन् भूल हि गया था इस बात कू
C:\Users\edwin\OneDrive\Desktop\Capstone\hindi indic\HDSD\hindi_sent\M01\M01_S1_H20_M2.wav,magara vaha nahiin huaa,M01,M01_S1_H20,M2,4,3.4928125,magara vaha nahiin huaa,मगर वह नहीन् हुआ
C:\Users\edwin\OneDrive\Desktop\Capstone\hindi indic\HDSD\hindi_sent\M01\M01_S1_H21_M2.wav,dara kaa artha hootaa hai bhaya,M01,M01_S1_H21,M2,6,3.7180625,dara kaa artha hootaa hai bhaya,दर का अर्थ हूता है भय
C:\Users\edwin\OneDrive\Desktop\Capstone\hindi indic\HDSD\hindi_sent\M01\M01_S1_H22_M2.wav,eika baara phira sei aabhaara,M01,M01_S1_H22,M2,5,3.8308125,eika baara phira se aabhaara,एइक बार फिर से आभार
C:\Users\edwin\OneDrive\Desktop\Capstone\hindi indic\HDSD\hindi_sent\M01\M01_S1_H23_M2.wav,naa jaanei kitanei looga isei padhtei hai,M01,M01_S1_H23,M2,7,4.2814375,naa jaane kitane looga ise padhte hai,ना जाने कितने लूग इसे पध्ते है
C:\Users\edwin\OneDrive\Desktop\Capstone\hindi indic\HDSD\hindi_sent\M01\M01_S1_H24_M2.wav,abhii main shaanta nahiin huuna,M01,M01_S1_H24,M2,5,4.056125,abhi main shaanta nahiin huuna,अभि मैन् शान्त नहीन् हून
C:\Users\edwin\OneDrive\Desktop\Capstone\hindi indic\HDSD\hindi_sent\M01\M01_S1_H25_M2.wav,svaagata kei liyei dhanyavaada,M01,M01_S1_H25,M2,4,3.6054375,svaagata ke liye dhanyavaada,स्वागत के लिये धन्यवाद
C:\Users\edwin\OneDrive\Desktop\Capstone\hindi indic\HDSD\hindi_sent\M01\M01_S1_H26_M2.wav,aapa apanaa yaha achchhaa kaarya jaarii rakhein,M01,M01_S1_H26,M2,7,4.2814375,aapa apanaa yaha achchhaa kaarya jaari rakhein,आप अपना यह अच्छा कार्य जारि रखेइन्
C:\Users\edwin\OneDrive\Desktop\Capstone\hindi indic\HDSD\hindi_sent\M01\M01_S1_H27_M2.wav,main bhaarata mein rahataa huuna,M01,M01_S1_H27,M2,5,3.2674375,main bhaarata mein rahataa huuna,मैन् भारत मेइन् रहता हून
C:\Users\edwin\OneDrive\Desktop\Capstone\hindi indic\HDSD\hindi_sent\M01\M01_S1_H28_M2.wav,kahaa jaataa hai unhoonnei kabhii jiivana mein jhuutha kaa sahaaraa nahiin liyaa,M01,M01_S1_H28,M2,12,6.3095,kahaa jaataa hai unhoonne kabhi jiivana mein jhuutha kaa sahaaraa nahiin liyaa,कहा जाता है उन्हून्ने कभि जीवन मेइन् झूथ का सहारा नहीन् लिया
C:\Users\edwin\OneDrive\Desktop\Capstone\hindi indic\HDSD\hindi_sent\M01\M01_S1_H29_M2.wav,aapakaa sandeisha paakara achchhaa lagaa,M01,M01_S1_H29,M2,5,3.9434375,aapakaa sandeisha paakara achchhaa lagaa,आपका सन्देइश पाकर अच्छा लगा
C:\Users\edwin\OneDrive\Desktop\Capstone\hindi indic\HDSD\hindi_sent\M01\M01_S1_H30_M2.wav,jaldii sei jaldii kuchha kiijiei,M01,M01_S1_H30,M2,5,2.9294375,jaldi se jaldi kuchha kiijie,जल्दि से जल्दि कुछ कीजिए
C:\Users\edwin\OneDrive\Desktop\Capstone\hindi indic\HDSD\hindi_sent\M03\M03_S1_H01_M2.wav,aapakei hindii pasanda karanei para khushii huii,M03,M03_S1_H01,M2,7,2.25,aapake hindi pasanda karane para khushi hui,आपके हिन्दि पसन्द करने पर खुशि हुइ
C:\Users\edwin\OneDrive\Desktop\Capstone\hindi indic\HDSD\hindi_sent\M03\M03_S1_H02_M2.wav,isakei badalei mein tuma kuchha aura maanaga loo,M03,M03_S1_H02,M2,8,2.1188125,isake badale mein tuma kuchha aura maanaga loo,इसके बदले मेइन् तुम कुछ और मानग लू
C:\Users\edwin\OneDrive\Desktop\Capstone\hindi indic\HDSD\hindi_sent\M03\M03_S1_H03_M2.wav,chikitsaa kaa artha hootaa hai ilaaja,M03,M03_S1_H03,M2,6,1.8125625,chikitsaa kaa artha hootaa hai ilaaja,चिकित्सा का अर्थ हूता है इलाज
C:\Users\edwin\OneDrive\Desktop\Capstone\hindi indic\HDSD\hindi_sent\M03\M03_S1_H04_M2.wav,isei aisei hii jaarii rakhein,M03,M03_S1_H04,M2,5,2.1875625,ise aise hi jaari rakhein,इसे ऐसे हि जारि रखेइन्
C:\Users\edwin\OneDrive\Desktop\Capstone\hindi indic\HDSD\hindi_sent\M03\M03_S1_H05_M2.wav,madada kei liyei bahuta dhanyavaada,M03,M03_S1_H05,M2,5,1.6125625,madada ke liye bahuta dhanyavaada,मदद के लिये बहुत धन्यवाद
C:\Users\edwin\OneDrive\Desktop\Capstone\hindi indic\HDSD\hindi_sent\M03\M03_S1_H06_M2.wav,aba joo main kahataa huuna usakaa paalana karoo,M03,M03_S1_H06,M2,8,1.9563125,aba joo main kahataa huuna usakaa paalana karoo,अब जू मैन् कहता हून उसका पालन करू
C:\Users\edwin\OneDrive\Desktop\Capstone\hindi indic\HDSD\hindi_sent\M03\M03_S1_H07_M2.wav,bhaarata mein aisaa nahiin huaa,M03,M03_S1_H07,M2,5,2.0625625,bhaarata mein aisaa nahiin huaa,भारत मेइन् ऐसा नहीन् हुआ
C:\Users\edwin\OneDrive\Desktop\Capstone\hindi indic\HDSD\hindi_sent\M03\M03_S1_H08_M2.wav,isa sahayooga heitu bhii bahuta dhanyavaada,M03,M03_S1_H08,M2,6,2.1188125,isa sahayooga heitu bhi bahuta dhanyavaada,इस सहयूग हेइतु भि बहुत धन्यवाद
C:\Users\edwin\OneDrive\Desktop\Capstone\hindi indic\HDSD\hindi_sent\M03\M03_S1_H09_M2.wav,para yaha sanbhava naa hoo sakaa,M03,M03_S1_H09,M2,6,1.5063125,para yaha sanbhava naa hoo sakaa,पर यह सन्भव ना हू सका
C:\Users\edwin\OneDrive\Desktop\Capstone\hindi indic\HDSD\hindi_sent\M03\M03_S1_H10_M2.wav,meirii baatoon ki oora dhyaana diijiyei,M03,M03_S1_H10,M2,6,1.6250625,meiri baatoon ki oora dhyaana diijiye,मेइरि बातून् कि ऊर ध्यान दीजिये
C:\Users\edwin\OneDrive\Desktop\Capstone\hindi indic\HDSD\hindi_sent\M03\M03_S1_H11_M2.wav,yahaan sei sangharshha kaa daura shuruu huaa,M03,M03_S1_H11,M2,7,1.7063125,yahaan se sangharshha kaa daura shuruu huaa,यहान् से सन्घर्ष का दौर शुरू हुआ
C:\Users\edwin\OneDrive\Desktop\Capstone\hindi indic\HDSD\hindi_sent\M03\M03_S1_H12_M2.wav,doonoon mein badaa antara thaa,M03,M03_S1_H12,M2,5,1.2313125,doonoon mein badaa antara thaa,दूनून् मेइन् बदा अन्तर था
C:\Users\edwin\OneDrive\Desktop\Capstone\hindi indic\HDSD\hindi_sent\M03\M03_S1_H13_M2.wav,aapa sabhii kei sahayooga kei liyei bahuta dhanyavaada,M03,M03_S1_H13,M2,8,2.2500625,aapa sabhi ke sahayooga ke liye bahuta dhanyavaada,आप सभि के सहयूग के लिये बहुत धन्यवाद
C:\Users\edwin\OneDrive\Desktop\Capstone\hindi indic\HDSD\hindi_sent\M03\M03_S1_H14_M2.wav,bahuta sei looga aisaa kara rahei hai,M03,M03_S1_H14,M2,7,1.3750625,bahuta se looga aisaa kara rahe hai,बहुत से लूग ऐसा कर रहे है
C:\Users\edwin\OneDrive\Desktop\Capstone\hindi indic\HDSD\hindi_sent\M03\M03_S1_H15_M2.wav,samaya kei saatha hii nahiin usasei aagei chalaa jaaei,M03,M03_S1_H15,M2,9,4.4375625,samaya ke saatha hi nahiin usase aage chalaa jaae,समय के साथ हि नहीन् उससे आगे चला जाए
C:\Users\edwin\OneDrive\Desktop\Capstone\hindi indic\HDSD\hindi_sent\M03\M03_S1_H16_M2.wav,main krikeita kheila koo kaaphii pasanda karataa huuna,M03,M03_S1_H16,M2,8,2.6875625,main krikeita kheila koo kaaphi pasanda karataa huuna,मैन् क्रिकेइत खेइल कू काफि पसन्द करता हून
C:\Users\edwin\OneDrive\Desktop\Capstone\hindi indic\HDSD\hindi_sent\M03\M03_S1_H17_M2.wav,shaayada samajha aa gayaa hoo,M03,M03_S1_H17,M2,5,1.6875625,shaayada samajha aa gayaa hoo,शायद समझ आ गया हू
C:\Users\edwin\OneDrive\Desktop\Capstone\hindi indic\HDSD\hindi_sent\M03\M03_S1_H18_M2.wav,joo shaayada aapanei deikhaa naa hoo,M03,M03_S1_H18,M2,6,1.5625625,joo shaayada aapane deikhaa naa hoo,जू शायद आपने देइखा ना हू
C:\Users\edwin\OneDrive\Desktop\Capstone\hindi indic\HDSD\hindi_sent\M03\M03_S1_H19_M2.wav,main bhuula hii gayaa thaa isa baata koo,M03,M03_S1_H19,M2,8,2.3125625,main bhuula hi gayaa thaa isa baata koo,मैन् भूल हि गया था इस बात कू
C:\Users\edwin\OneDrive\Desktop\Capstone\hindi indic\HDSD\hindi_sent\M03\M03_S1_H20_M2.wav,magara vaha bhii nahiin huaa,M03,M03_S1_H20,M2,5,2.4375625,magara vaha bhi nahiin huaa,मगर वह भि नहीन् हुआ
C:\Users\edwin\OneDrive\Desktop\Capstone\hindi indic\HDSD\hindi_sent\M03\M03_S1_H21_M2.wav,dara kaa artha hootaa hai bhaya,M03,M03_S1_H21,M2,6,1.4375625,dara kaa artha hootaa hai bhaya,दर का अर्थ हूता है भय
C:\Users\edwin\OneDrive\Desktop\Capstone\hindi indic\HDSD\hindi_sent\M03\M03_S1_H22_M2.wav,eika baara phira sei aabhaara,M03,M03_S1_H22,M2,5,1.5625625,eika baara phira se aabhaara,एइक बार फिर से आभार
C:\Users\edwin\OneDrive\Desktop\Capstone\hindi indic\HDSD\hindi_sent\M03\M03_S1_H23_M2.wav,naa jaanei kitanei looga isei padhtei hai,M03,M03_S1_H23,M2,7,1.6875625,naa jaane kitane looga ise padhte hai,ना जाने कितने लूग इसे पध्ते है
C:\Users\edwin\OneDrive\Desktop\Capstone\hindi indic\HDSD\hindi_sent\M03\M03_S1_H24_M2.wav,abhii main shaanta hii huuna,M03,M03_S1_H24,M2,5,1.7500625,abhi main shaanta hi huuna,अभि मैन् शान्त हि हून
C:\Users\edwin\OneDrive\Desktop\Capstone\hindi indic\HDSD\hindi_sent\M03\M03_S1_H25_M2.wav,svaagata kei liyei dhanyavaada,M03,M03_S1_H25,M2,4,1.2500625,svaagata ke liye dhanyavaada,स्वागत के लिये धन्यवाद
C:\Users\edwin\OneDrive\Desktop\Capstone\hindi indic\HDSD\hindi_sent\M03\M03_S1_H26_M2.wav,aapa apanaa yaha achchhaa kaarya jaarii rakhein,M03,M03_S1_H26,M2,7,3.3750625,aapa apanaa yaha achchhaa kaarya jaari rakhein,आप अपना यह अच्छा कार्य जारि रखेइन्
C:\Users\edwin\OneDrive\Desktop\Capstone\hindi indic\HDSD\hindi_sent\M03\M03_S1_H27_M2.wav,main bhaarata mein rahataa huuna,M03,M03_S1_H27,M2,5,1.5625625,main bhaarata mein rahataa huuna,मैन् भारत मेइन् रहता हून
C:\Users\edwin\OneDrive\Desktop\Capstone\hindi indic\HDSD\hindi_sent\M03\M03_S1_H28_M2.wav,kahaa jaataa hai ki unhoonnei kabhii jiivana mein jhuutha nahiin kaa sahaaraa nahiin liyaa,M03,M03_S1_H28,M2,14,4.6250625,kahaa jaataa hai ki unhoonne kabhi jiivana mein jhuutha nahiin kaa sahaaraa nahiin liyaa,कहा जाता है कि उन्हून्ने कभि जीवन मेइन् झूथ नहीन् का सहारा नहीन् लिया
C:\Users\edwin\OneDrive\Desktop\Capstone\hindi indic\HDSD\hindi_sent\M03\M03_S1_H29_M2.wav,aapakaa sandeisha paakara achchhaa lagaa,M03,M03_S1_H29,M2,5,2.4375625,aapakaa sandeisha paakara achchhaa lagaa,आपका सन्देइश पाकर अच्छा लगा
C:\Users\edwin\OneDrive\Desktop\Capstone\hindi indic\HDSD\hindi_sent\M03\M03_S1_H30_M2.wav,jaldii sei jaldii kuchha kiijiei,M03,M03_S1_H30,M2,5,1.458,jaldi se jaldi kuchha kiijie,जल्दि से जल्दि कुछ कीजिए
C:\Users\edwin\OneDrive\Desktop\Capstone\hindi indic\HDSD\hindi_sent\M05\M05_S1_H01_M2.wav,aapakei hindii pasanda karanei para khushii huii,M05,M05_S1_H01,M2,7,3.7139375,aapake hindi pasanda karane para khushi hui,आपके हिन्दि पसन्द करने पर खुशि हुइ
C:\Users\edwin\OneDrive\Desktop\Capstone\hindi indic\HDSD\hindi_sent\M05\M05_S1_H02_M2.wav,isakei badalei mein tuma kuchha aura maanaga loo,M05,M05_S1_H02,M2,8,6.15125,isake badale mein tuma kuchha aura maanaga loo,इसके बदले मेइन् तुम कुछ और मानग लू
C:\Users\edwin\OneDrive\Desktop\Capstone\hindi indic\HDSD\hindi_sent\M05\M05_S1_H03_M2.wav,chikitsaa kaa artha hootaa hai ilaaja,M05,M05_S1_H03,M2,6,4.7005,chikitsaa kaa artha hootaa hai ilaaja,चिकित्सा का अर्थ हूता है इलाज
C:\Users\edwin\OneDrive\Desktop\Capstone\hindi indic\HDSD\hindi_sent\M05\M05_S1_H04_M2.wav,isei aisei hii jaarii rakhein,M05,M05_S1_H04,M2,5,3.888125,ise aise hi jaari rakhein,इसे ऐसे हि जारि रखेइन्
C:\Users\edwin\OneDrive\Desktop\Capstone\hindi indic\HDSD\hindi_sent\M05\M05_S1_H05_M2.wav,madada kei liyei bahuta dhanyavaada,M05,M05_S1_H05,M2,5,3.1916875,madada ke liye bahuta dhanyavaada,मदद के लिये बहुत धन्यवाद
C:\Users\edwin\OneDrive\Desktop\Capstone\hindi indic\HDSD\hindi_sent\M05\M05_S1_H06_M2.wav,aba joo main kahataa huuna usakaa paalana karoo,M05,M05_S1_H06,M2,8,3.656,aba joo main kahataa huuna usakaa paalana karoo,अब जू मैन् कहता हून उसका पालन करू
C:\Users\edwin\OneDrive\Desktop\Capstone\hindi indic\HDSD\hindi_sent\M05\M05_S1_H07_M2.wav,bhaarata mein aisaa nahiin huaa hai,M05,M05_S1_H07,M2,6,3.1046875,bhaarata mein aisaa nahiin huaa hai,भारत मेइन् ऐसा नहीन् हुआ है
C:\Users\edwin\OneDrive\Desktop\Capstone\hindi indic\HDSD\hindi_sent\M05\M05_S1_H08_M2.wav,isa sahayooga heitu bhii isa sahayooga heitu bhii bahuta dhanyavaada dhanyavaada,M05,M05_S1_H08,M2,11,13.7241875,isa sahayooga heitu bhi isa sahayooga heitu bhi bahuta dhanyavaada dhanyavaada,इस सहयूग हेइतु भि इस सहयूग हेइतु भि बहुत धन्यवाद धन्यवाद
C:\Users\edwin\OneDrive\Desktop\Capstone\hindi indic\HDSD\hindi_sent\M05\M05_S1_H09_M2.wav,para yaha sanbhava naa hoo sakaa,M05,M05_S1_H09,M2,6,3.1626875,para yaha sanbhava naa hoo sakaa,पर यह सन्भव ना हू सका
C:\Users\edwin\OneDrive\Desktop\Capstone\hindi indic\HDSD\hindi_sent\M05\M05_S1_H10_M2.wav,meirii baatoon ki oora dhyaana diijiyei,M05,M05_S1_H10,M2,6,3.685,meiri baatoon ki oora dhyaana diijiye,मेइरि बातून् कि ऊर ध्यान दीजिये
C:\Users\edwin\OneDrive\Desktop\Capstone\hindi indic\HDSD\hindi_sent\M05\M05_S1_H11_M2.wav,yahaan sei sangharshha kaa daura shuruu huaa,M05,M05_S1_H11,M2,7,3.3658125,yahaan se sangharshha kaa daura shuruu huaa,यहान् से सन्घर्ष का दौर शुरू हुआ
C:\Users\edwin\OneDrive\Desktop\Capstone\hindi indic\HDSD\hindi_sent\M05\M05_S1_H12_M2.wav,doonoon mein badaa antara thaa,M05,M05_S1_H12,M2,5,2.553375,doonoon mein badaa antara thaa,दूनून् मेइन् बदा अन्तर था
C:\Users\edwin\OneDrive\Desktop\Capstone\hindi indic\HDSD\hindi_sent\M05\M05_S1_H13_M2.wav,aapa sabhii kei sahayooga kei liyei bahuta dhanyavaada,M05,M05_S1_H13,M2,8,4.0041875,aapa sabhi ke sahayooga ke liye bahuta dhanyavaada,आप सभि के सहयूग के लिये बहुत धन्यवाद
C:\Users\edwin\OneDrive\Desktop\Capstone\hindi indic\HDSD\hindi_sent\M05\M05_S1_H14_M2.wav,bahuta sei looga aisaa kara rahei hai,M05,M05_S1_H14,M2,7,3.2206875,bahuta se looga aisaa kara rahe hai,बहुत से लूग ऐसा कर रहे है
C:\Users\edwin\OneDrive\Desktop\Capstone\hindi indic\HDSD\hindi_sent\M05\M05_S1_H15_M2.wav,samaya kei saatha hii nahiin usasei aagei chalaa jaaei chalaa jaaei,M05,M05_S1_H15,M2,11,7.224875,samaya ke saatha hi nahiin usase aage chalaa jaae chalaa jaae,समय के साथ हि नहीन् उससे आगे चला जाए चला जाए
C:\Users\edwin\OneDrive\Desktop\Capstone\hindi indic\HDSD\hindi_sent\M05\M05_S1_H16_M2.wav,main krikeita kheila koo kaaphii pasanda karataa huuna,M05,M05_S1_H16,M2,8,5.22275,main krikeita kheila koo kaaphi pasanda karataa huuna,मैन् क्रिकेइत खेइल कू काफि पसन्द करता हून
C:\Users\edwin\OneDrive\Desktop\Capstone\hindi indic\HDSD\hindi_sent\M05\M05_S1_H17_M2.wav,shaayada samajha aa gayaa hoo,M05,M05_S1_H17,M2,5,3.452875,shaayada samajha aa gayaa hoo,शायद समझ आ गया हू
C:\Users\edwin\OneDrive\Desktop\Capstone\hindi indic\HDSD\hindi_sent\M05\M05_S1_H18_M2.wav,joo shaayada aapanei deikhaa naa hoo,M05,M05_S1_H18,M2,6,3.1046875,joo shaayada aapane deikhaa naa hoo,जू शायद आपने देइखा ना हू
C:\Users\edwin\OneDrive\Desktop\Capstone\hindi indic\HDSD\hindi_sent\M05\M05_S1_H19_M2.wav,main bhuula hii gayaa thaa isa baata koo,M05,M05_S1_H19,M2,8,3.22075,main bhuula hi gayaa thaa isa baata koo,मैन् भूल हि गया था इस बात कू
C:\Users\edwin\OneDrive\Desktop\Capstone\hindi indic\HDSD\hindi_sent\M05\M05_S1_H20_M2.wav,magara vaha bhii nahiin huaa,M05,M05_S1_H20,M2,5,2.118125,magara vaha bhi nahiin huaa,मगर वह भि नहीन् हुआ
C:\Users\edwin\OneDrive\Desktop\Capstone\hindi indic\HDSD\hindi_sent\M05\M05_S1_H21_M2.wav,dara kaa artha hootaa hai bhaya,M05,M05_S1_H21,M2,6,2.3793125,dara kaa artha hootaa hai bhaya,दर का अर्थ हूता है भय
C:\Users\edwin\OneDrive\Desktop\Capstone\hindi indic\HDSD\hindi_sent\M05\M05_S1_H22_M2.wav,eika baara phira sei aabhaara,M05,M05_S1_H22,M2,5,2.3503125,eika baara phira se aabhaara,एइक बार फिर से आभार
C:\Users\edwin\OneDrive\Desktop\Capstone\hindi indic\HDSD\hindi_sent\M05\M05_S1_H23_M2.wav,naa jaanei kitanei looga isei padhtei hai,M05,M05_S1_H23,M2,7,2.9885625,naa jaane kitane looga ise padhte hai,ना जाने कितने लूग इसे पध्ते है
C:\Users\edwin\OneDrive\Desktop\Capstone\hindi indic\HDSD\hindi_sent\M05\M05_S1_H24_M2.wav,abhii main shaanta hii huuna,M05,M05_S1_H24,M2,5,2.8435625,abhi main shaanta hi huuna,अभि मैन् शान्त हि हून
C:\Users\edwin\OneDrive\Desktop\Capstone\hindi indic\HDSD\hindi_sent\M05\M05_S1_H25_M2.wav,svaagata kei liyei dhanyavaada,M05,M05_S1_H25,M2,4,2.20525,svaagata ke liye dhanyavaada,स्वागत के लिये धन्यवाद
C:\Users\edwin\OneDrive\Desktop\Capstone\hindi indic\HDSD\hindi_sent\M05\M05_S1_H26_M2.wav,aapa apanaa yaha achchhaa kaarya jaarii rakhein,M05,M05_S1_H26,M2,7,4.004125,aapa apanaa yaha achchhaa kaarya jaari rakhein,आप अपना यह अच्छा कार्य जारि रखेइन्
C:\Users\edwin\OneDrive\Desktop\Capstone\hindi indic\HDSD\hindi_sent\M05\M05_S1_H27_M2.wav,main bhaarata mein rahataa huuna,M05,M05_S1_H27,M2,5,2.4373125,main bhaarata mein rahataa huuna,मैन् भारत मेइन् रहता हून
C:\Users\edwin\OneDrive\Desktop\Capstone\hindi indic\HDSD\hindi_sent\M05\M05_S1_H28_M2.wav,kahaa jaataa hai ki unhoonnei kabhii jiivana mein jhuutha nahiin jhuutha kaa sahaaraa nahiin liyaa,M05,M05_S1_H28,M2,15,6.789625,kahaa jaataa hai ki unhoonne kabhi jiivana mein jhuutha nahiin jhuutha kaa sahaaraa nahiin liyaa,कहा जाता है कि उन्हून्ने कभि जीवन मेइन् झूथ नहीन् झूथ का सहारा नहीन् लिया
C:\Users\edwin\OneDrive\Desktop\Capstone\hindi indic\HDSD\hindi_sent\M05\M05_S1_H29_M2.wav,aapakaa sandeisha paakara achchhaa lagaa,M05,M05_S1_H29,M2,5,2.9305625,aapakaa sandeisha paakara achchhaa lagaa,आपका सन्देइश पाकर अच्छा लगा
C:\Users\edwin\OneDrive\Desktop\Capstone\hindi indic\HDSD\hindi_sent\M05\M05_S1_H30_M2.wav,jaldii sei jaldii kuchha kiijiei,M05,M05_S1_H30,M2,5,2.611375,jaldi se jaldi kuchha kiijie,जल्दि से जल्दि कुछ कीजिए
C:\Users\edwin\OneDrive\Desktop\Capstone\hindi indic\HDSD\hindi_sent\M08\M08_S1_H01_M2.wav,aapakei hindii pasanda karanei para khushii huii,M08,M08_S1_H01,M2,7,2.6875,aapake hindi pasanda karane para khushi hui,आपके हिन्दि पसन्द करने पर खुशि हुइ
C:\Users\edwin\OneDrive\Desktop\Capstone\hindi indic\HDSD\hindi_sent\M08\M08_S1_H02_M2.wav,isakei badalei mein tuma kuchha aura maanaga loo,M08,M08_S1_H02,M2,8,2.8125625,isake badale mein tuma kuchha aura maanaga loo,इसके बदले मेइन् तुम कुछ और मानग लू
C:\Users\edwin\OneDrive\Desktop\Capstone\hindi indic\HDSD\hindi_sent\M08\M08_S1_H03_M2.wav,chikitsaa kaa artha hootaa hai ilaaja,M08,M08_S1_H03,M2,6,2.5625625,chikitsaa kaa artha hootaa hai ilaaja,चिकित्सा का अर्थ हूता है इलाज
C:\Users\edwin\OneDrive\Desktop\Capstone\hindi indic\HDSD\hindi_sent\M08\M08_S1_H04_M2.wav,isei aisei hii jaarii rakhein,M08,M08_S1_H04,M2,5,1.9125625,ise aise hi jaari rakhein,इसे ऐसे हि जारि रखेइन्
C:\Users\edwin\OneDrive\Desktop\Capstone\hindi indic\HDSD\hindi_sent\M08\M08_S1_H05_M2.wav,madada kei liyei bahuta dhanyavaada,M08,M08_S1_H05,M2,5,2.2750625,madada ke liye bahuta dhanyavaada,मदद के लिये बहुत धन्यवाद
C:\Users\edwin\OneDrive\Desktop\Capstone\hindi indic\HDSD\hindi_sent\M08\M08_S1_H06_M2.wav,aba joo main kahataa huuna usakaa paalana karoo,M08,M08_S1_H06,M2,8,2.8125625,aba joo main kahataa huuna usakaa paalana karoo,अब जू मैन् कहता हून उसका पालन करू
C:\Users\edwin\OneDrive\Desktop\Capstone\hindi indic\HDSD\hindi_sent\M08\M08_S1_H07_M2.wav,bhaarata mein aisaa nahiin huaa hai,M08,M08_S1_H07,M2,6,2.1250625,bhaarata mein aisaa nahiin huaa hai,भारत मेइन् ऐसा नहीन् हुआ है
C:\Users\edwin\OneDrive\Desktop\Capstone\hindi indic\HDSD\hindi_sent\M08\M08_S1_H08_M2.wav,isa sahayooga heitu bhii bahuta dhanyavaada,M08,M08_S1_H08,M2,6,3.9725625,isa sahayooga heitu bhi bahuta dhanyavaada,इस सहयूग हेइतु भि बहुत धन्यवाद
C:\Users\edwin\OneDrive\Desktop\Capstone\hindi indic\HDSD\hindi_sent\M08\M08_S1_H09_M2.wav,para yaha sanbhava naa hoo sakaa,M08,M08_S1_H09,M2,6,1.9650625,para yaha sanbhava naa hoo sakaa,पर यह सन्भव ना हू सका
C:\Users\edwin\OneDrive\Desktop\Capstone\hindi indic\HDSD\hindi_sent\M08\M08_S1_H10_M2.wav,meirii baatoon ki oora dhyaana diijiyei,M08,M08_S1_H10,M2,6,2.5625625,meiri baatoon ki oora dhyaana diijiye,मेइरि बातून् कि ऊर ध्यान दीजिये
C:\Users\edwin\OneDrive\Desktop\Capstone\hindi indic\HDSD\hindi_sent\M08\M08_S1_H11_M2.wav,yahaan sei sangharshha kaa daura shuruu huaa,M08,M08_S1_H11,M2,7,2.3750625,yahaan se sangharshha kaa daura shuruu huaa,यहान् से सन्घर्ष का दौर शुरू हुआ
C:\Users\edwin\OneDrive\Desktop\Capstone\hindi indic\HDSD\hindi_sent\M08\M08_S1_H12_M2.wav,doonoon mein badaa antara thaa,M08,M08_S1_H12,M2,5,2.0625625,doonoon mein badaa antara thaa,दूनून् मेइन् बदा अन्तर था
C:\Users\edwin\OneDrive\Desktop\Capstone\hindi indic\HDSD\hindi_sent\M08\M08_S1_H13_M2.wav,aapa sabhii kei sahayooga kei liyei bahuta dhanyavaada,M08,M08_S1_H13,M2,8,3.0625625,aapa sabhi ke sahayooga ke liye bahuta dhanyavaada,आप सभि के सहयूग के लिये बहुत धन्यवाद
C:\Users\edwin\OneDrive\Desktop\Capstone\hindi indic\HDSD\hindi_sent\M08\M08_S1_H14_M2.wav,bahuta sei looga aisaa kara rahei hai,M08,M08_S1_H14,M2,7,1.9375625,bahuta se looga aisaa kara rahe hai,बहुत से लूग ऐसा कर रहे है
C:\Users\edwin\OneDrive\Desktop\Capstone\hindi indic\HDSD\hindi_sent\M08\M08_S1_H15_M2.wav,samaya kei saatha hii nahiin usasei aagei chalaa jaaei,M08,M08_S1_H15,M2,9,3.5625625,samaya ke saatha hi nahiin usase aage chalaa jaae,समय के साथ हि नहीन् उससे आगे चला जाए
C:\Users\edwin\OneDrive\Desktop\Capstone\hindi indic\HDSD\hindi_sent\M08\M08_S1_H16_M2.wav,main krikeita kheila koo kaaphii pasanda karataa huuna,M08,M08_S1_H16,M2,8,3.1250625,main krikeita kheila koo kaaphi pasanda karataa huuna,मैन् क्रिकेइत खेइल कू काफि पसन्द करता हून
C:\Users\edwin\OneDrive\Desktop\Capstone\hindi indic\HDSD\hindi_sent\M08\M08_S1_H17_M2.wav,shaayada samajha aa gayaa hoo,M08,M08_S1_H17,M2,5,1.9375625,shaayada samajha aa gayaa hoo,शायद समझ आ गया हू
C:\Users\edwin\OneDrive\Desktop\Capstone\hindi indic\HDSD\hindi_sent\M08\M08_S1_H18_M2.wav,joo shaayada aapanei deikhaa naa hoo,M08,M08_S1_H18,M2,6,2.1250625,joo shaayada aapane deikhaa naa hoo,जू शायद आपने देइखा ना हू
C:\Users\edwin\OneDrive\Desktop\Capstone\hindi indic\HDSD\hindi_sent\M08\M08_S1_H19_M2.wav,main bhuula hii gayaa thaa isa baata koo,M08,M08_S1_H19,M2,8,2.8750625,main bhuula hi gayaa thaa isa baata koo,मैन् भूल हि गया था इस बात कू
C:\Users\edwin\OneDrive\Desktop\Capstone\hindi indic\HDSD\hindi_sent\M08\M08_S1_H20_M2.wav,magara vaha bhii nahiin huaa,M08,M08_S1_H20,M2,5,2.0000625,magara vaha bhi nahiin huaa,मगर वह भि नहीन् हुआ
C:\Users\edwin\OneDrive\Desktop\Capstone\hindi indic\HDSD\hindi_sent\M08\M08_S1_H21_M2.wav,dara kaa artha hootaa hai bhaya,M08,M08_S1_H21,M2,6,2.0000625,dara kaa artha hootaa hai bhaya,दर का अर्थ हूता है भय
C:\Users\edwin\OneDrive\Desktop\Capstone\hindi indic\HDSD\hindi_sent\M08\M08_S1_H22_M2.wav,eika baara phira sei aabhaara,M08,M08_S1_H22,M2,5,2.6250625,eika baara phira se aabhaara,एइक बार फिर से आभार
C:\Users\edwin\OneDrive\Desktop\Capstone\hindi indic\HDSD\hindi_sent\M08\M08_S1_H23_M2.wav,naa jaanei kitanei looga isei padhtei hai,M08,M08_S1_H23,M2,7,2.6250625,naa jaane kitane looga ise padhte hai,ना जाने कितने लूग इसे पध्ते है
C:\Users\edwin\OneDrive\Desktop\Capstone\hindi indic\HDSD\hindi_sent\M08\M08_S1_H24_M2.wav,abhii main shaanta hii huuna,M08,M08_S1_H24,M2,5,2.3125625,abhi main shaanta hi huuna,अभि मैन् शान्त हि हून
C:\Users\edwin\OneDrive\Desktop\Capstone\hindi indic\HDSD\hindi_sent\M08\M08_S1_H25_M2.wav,svaagata kei liyei dhanyavaada,M08,M08_S1_H25,M2,4,1.8125625,svaagata ke liye dhanyavaada,स्वागत के लिये धन्यवाद
C:\Users\edwin\OneDrive\Desktop\Capstone\hindi indic\HDSD\hindi_sent\M08\M08_S1_H26_M2.wav,aapa apanaa yaha achchhaa kaarya jaarii rakhein,M08,M08_S1_H26,M2,7,3.0625625,aapa apanaa yaha achchhaa kaarya jaari rakhein,आप अपना यह अच्छा कार्य जारि रखेइन्
C:\Users\edwin\OneDrive\Desktop\Capstone\hindi indic\HDSD\hindi_sent\M08\M08_S1_H27_M2.wav,main bhaarata mein rahataa huuna,M08,M08_S1_H27,M2,5,2.0000625,main bhaarata mein rahataa huuna,मैन् भारत मेइन् रहता हून
C:\Users\edwin\OneDrive\Desktop\Capstone\hindi indic\HDSD\hindi_sent\M08\M08_S1_H28_M2.wav,kahaa jaataa hai ki unhoonnei kabhii jiivana mein jhuutha kaa sahaaraa nahiin liyaa,M08,M08_S1_H28,M2,13,5.3750625,kahaa jaataa hai ki unhoonne kabhi jiivana mein jhuutha kaa sahaaraa nahiin liyaa,कहा जाता है कि उन्हून्ने कभि जीवन मेइन् झूथ का सहारा नहीन् लिया
C:\Users\edwin\OneDrive\Desktop\Capstone\hindi indic\HDSD\hindi_sent\M08\M08_S1_H29_M2.wav,aapakaa sandeisha paakara achchhaa lagaa,M08,M08_S1_H29,M2,5,2.6250625,aapakaa sandeisha paakara achchhaa lagaa,आपका सन्देइश पाकर अच्छा लगा
C:\Users\edwin\OneDrive\Desktop\Capstone\hindi indic\HDSD\hindi_sent\M08\M08_S1_H30_M2.wav,jaldii sei jaldii kuchha kiijiei,M08,M08_S1_H30,M2,5,2.4030625,jaldi se jaldi kuchha kiijie,जल्दि से जल्दि कुछ कीजिए
C:\Users\edwin\OneDrive\Desktop\Capstone\hindi indic\HDSD\hindi_sent\M09\M09_S1_H01_M2.wav,aapakei hindii pasanda karanei para khushii huii,M09,M09_S1_H01,M2,7,3.4375,aapake hindi pasanda karane para khushi hui,आपके हिन्दि पसन्द करने पर खुशि हुइ
C:\Users\edwin\OneDrive\Desktop\Capstone\hindi indic\HDSD\hindi_sent\M09\M09_S1_H02_M2.wav,isakei badalei mein tuma kuchha aura maanaga loo,M09,M09_S1_H02,M2,8,2.8750625,isake badale mein tuma kuchha aura maanaga loo,इसके बदले मेइन् तुम कुछ और मानग लू
C:\Users\edwin\OneDrive\Desktop\Capstone\hindi indic\HDSD\hindi_sent\M09\M09_S1_H03_M2.wav,chikitsaa kaa artha hootaa hai ilaaja,M09,M09_S1_H03,M2,6,2.6250625,chikitsaa kaa artha hootaa hai ilaaja,चिकित्सा का अर्थ हूता है इलाज
C:\Users\edwin\OneDrive\Desktop\Capstone\hindi indic\HDSD\hindi_sent\M09\M09_S1_H04_M2.wav,isei aisei hii jaarii rakhein,M09,M09_S1_H04,M2,5,2.4375625,ise aise hi jaari rakhein,इसे ऐसे हि जारि रखेइन्
C:\Users\edwin\OneDrive\Desktop\Capstone\hindi indic\HDSD\hindi_sent\M09\M09_S1_H05_M2.wav,madada kei liyei bahuta dhanyavaada,M09,M09_S1_H05,M2,5,2.3750625,madada ke liye bahuta dhanyavaada,मदद के लिये बहुत धन्यवाद
C:\Users\edwin\OneDrive\Desktop\Capstone\hindi indic\HDSD\hindi_sent\M09\M09_S1_H06_M2.wav,aba joo main kahataa huuna usakaa paalana karoo,M09,M09_S1_H06,M2,8,3.1250625,aba joo main kahataa huuna usakaa paalana karoo,अब जू मैन् कहता हून उसका पालन करू
C:\Users\edwin\OneDrive\Desktop\Capstone\hindi indic\HDSD\hindi_sent\M09\M09_S1_H07_M2.wav,bhaarata mein aisaa nahiin huaa hai,M09,M09_S1_H07,M2,6,2.4375625,bhaarata mein aisaa nahiin huaa hai,भारत मेइन् ऐसा नहीन् हुआ है
C:\Users\edwin\OneDrive\Desktop\Capstone\hindi indic\HDSD\hindi_sent\M09\M09_S1_H08_M2.wav,isa sahayooga heitu bhii bahuta dhanyavaada,M09,M09_S1_H08,M2,6,3.1875625,isa sahayooga heitu bhi bahuta dhanyavaada,इस सहयूग हेइतु भि बहुत धन्यवाद
C:\Users\edwin\OneDrive\Desktop\Capstone\hindi indic\HDSD\hindi_sent\M09\M09_S1_H09_M2.wav,para yaha sanbhava naa hoo sakaa,M09,M09_S1_H09,M2,6,2.3750625,para yaha sanbhava naa hoo sakaa,पर यह सन्भव ना हू सका
C:\Users\edwin\OneDrive\Desktop\Capstone\hindi indic\HDSD\hindi_sent\M09\M09_S1_H10_M2.wav,meirii baatoon ki oora dhyaana diijiyei,M09,M09_S1_H10,M2,6,2.6250625,meiri baatoon ki oora dhyaana diijiye,मेइरि बातून् कि ऊर ध्यान दीजिये
C:\Users\edwin\OneDrive\Desktop\Capstone\hindi indic\HDSD\hindi_sent\M09\M09_S1_H11_M2.wav,yahaan sei sangharshha kaa daura shuruu huaa,M09,M09_S1_H11,M2,7,2.6250625,yahaan se sangharshha kaa daura shuruu huaa,यहान् से सन्घर्ष का दौर शुरू हुआ
C:\Users\edwin\OneDrive\Desktop\Capstone\hindi indic\HDSD\hindi_sent\M09\M09_S1_H12_M2.wav,doonoon mein badaa antara thaa,M09,M09_S1_H12,M2,5,2.3125625,doonoon mein badaa antara thaa,दूनून् मेइन् बदा अन्तर था
C:\Users\edwin\OneDrive\Desktop\Capstone\hindi indic\HDSD\hindi_sent\M09\M09_S1_H13_M2.wav,aapa sabhii kei sahayooga kei liyei bahuta dhanyavaada,M09,M09_S1_H13,M2,8,3.2500625,aapa sabhi ke sahayooga ke liye bahuta dhanyavaada,आप सभि के सहयूग के लिये बहुत धन्यवाद
C:\Users\edwin\OneDrive\Desktop\Capstone\hindi indic\HDSD\hindi_sent\M09\M09_S1_H14_M2.wav,bahuta sei looga aisaa kara rahei hai,M09,M09_S1_H14,M2,7,2.5000625,bahuta se looga aisaa kara rahe hai,बहुत से लूग ऐसा कर रहे है
C:\Users\edwin\OneDrive\Desktop\Capstone\hindi indic\HDSD\hindi_sent\M09\M09_S1_H15_M2.wav,samaya kei saatha hii nahiin usasei aagei chalaa jaaei,M09,M09_S1_H15,M2,9,5.3125625,samaya ke saatha hi nahiin usase aage chalaa jaae,समय के साथ हि नहीन् उससे आगे चला जाए
C:\Users\edwin\OneDrive\Desktop\Capstone\hindi indic\HDSD\hindi_sent\M09\M09_S1_H16_M2.wav,main krikeita kheila koo kaaphii pasanda karataa huuna,M09,M09_S1_H16,M2,8,3.7500625,main krikeita kheila koo kaaphi pasanda karataa huuna,मैन् क्रिकेइत खेइल कू काफि पसन्द करता हून
C:\Users\edwin\OneDrive\Desktop\Capstone\hindi indic\HDSD\hindi_sent\M09\M09_S1_H17_M2.wav,shaayada samajha aa gayaa hoo,M09,M09_S1_H17,M2,5,2.6250625,shaayada samajha aa gayaa hoo,शायद समझ आ गया हू
C:\Users\edwin\OneDrive\Desktop\Capstone\hindi indic\HDSD\hindi_sent\M09\M09_S1_H18_M2.wav,joo shaayada aapanei deikhaa naa hoo,M09,M09_S1_H18,M2,6,3.7500625,joo shaayada aapane deikhaa naa hoo,जू शायद आपने देइखा ना हू
C:\Users\edwin\OneDrive\Desktop\Capstone\hindi indic\HDSD\hindi_sent\M09\M09_S1_H19_M2.wav,main bhuula hii gayaa thaa isa baata koo,M09,M09_S1_H19,M2,8,3.0625625,main bhuula hi gayaa thaa isa baata koo,मैन् भूल हि गया था इस बात कू
C:\Users\edwin\OneDrive\Desktop\Capstone\hindi indic\HDSD\hindi_sent\M09\M09_S1_H20_M2.wav,magara vaha bhii nahiin huaa,M09,M09_S1_H20,M2,5,2.3750625,magara vaha bhi nahiin huaa,मगर वह भि नहीन् हुआ
C:\Users\edwin\OneDrive\Desktop\Capstone\hindi indic\HDSD\hindi_sent\M09\M09_S1_H21_M2.wav,dara kaa artha hootaa hai bhaya,M09,M09_S1_H21,M2,6,2.2500625,dara kaa artha hootaa hai bhaya,दर का अर्थ हूता है भय
C:\Users\edwin\OneDrive\Desktop\Capstone\hindi indic\HDSD\hindi_sent\M09\M09_S1_H22_M2.wav,eika baara phira sei aabhaara,M09,M09_S1_H22,M2,5,2.0000625,eika baara phira se aabhaara,एइक बार फिर से आभार
C:\Users\edwin\OneDrive\Desktop\Capstone\hindi indic\HDSD\hindi_sent\M09\M09_S1_H23_M2.wav,naa jaanei kitanei looga isei padhtei hai,M09,M09_S1_H23,M2,7,2.6875625,naa jaane kitane looga ise padhte hai,ना जाने कितने लूग इसे पध्ते है
C:\Users\edwin\OneDrive\Desktop\Capstone\hindi indic\HDSD\hindi_sent\M09\M09_S1_H24_M2.wav,abhii main shaanta hii huuna,M09,M09_S1_H24,M2,5,1.8125625,abhi main shaanta hi huuna,अभि मैन् शान्त हि हून
C:\Users\edwin\OneDrive\Desktop\Capstone\hindi indic\HDSD\hindi_sent\M09\M09_S1_H25_M2.wav,svaagata kei liyei dhanyavaada,M09,M09_S1_H25,M2,4,2.1875625,svaagata ke liye dhanyavaada,स्वागत के लिये धन्यवाद
C:\Users\edwin\OneDrive\Desktop\Capstone\hindi indic\HDSD\hindi_sent\M09\M09_S1_H26_M2.wav,aapa apanaa yaha achchhaa kaarya jaarii rakhein,M09,M09_S1_H26,M2,7,3.0000625,aapa apanaa yaha achchhaa kaarya jaari rakhein,आप अपना यह अच्छा कार्य जारि रखेइन्
C:\Users\edwin\OneDrive\Desktop\Capstone\hindi indic\HDSD\hindi_sent\M09\M09_S1_H27_M2.wav,main bhaarata mein rahataa huuna,M09,M09_S1_H27,M2,5,1.8750625,main bhaarata mein rahataa huuna,मैन् भारत मेइन् रहता हून
C:\Users\edwin\OneDrive\Desktop\Capstone\hindi indic\HDSD\hindi_sent\M09\M09_S1_H28_M2.wav,kahaa jaataa hai ki unhoonnei kabhii jiivana mein jhuutha kaa sahaaraa nahiin liyaa,M09,M09_S1_H28,M2,13,5.2500625,kahaa jaataa hai ki unhoonne kabhi jiivana mein jhuutha kaa sahaaraa nahiin liyaa,कहा जाता है कि उन्हून्ने कभि जीवन मेइन् झूथ का सहारा नहीन् लिया
C:\Users\edwin\OneDrive\Desktop\Capstone\hindi indic\HDSD\hindi_sent\M09\M09_S1_H29_M2.wav,aapakaa sandeisha paakara achchhaa lagaa,M09,M09_S1_H29,M2,5,2.6875625,aapakaa sandeisha paakara achchhaa lagaa,आपका सन्देइश पाकर अच्छा लगा
C:\Users\edwin\OneDrive\Desktop\Capstone\hindi indic\HDSD\hindi_sent\M09\M09_S1_H30_M2.wav,jaldii sei jaldii kuchha kiijiei,M09,M09_S1_H30,M2,5,2.432125,jaldi se jaldi kuchha kiijie,जल्दि से जल्दि कुछ कीजिए
C:\Users\edwin\OneDrive\Desktop\Capstone\hindi indic\HDSD\hindi_sent\M10\M10_S1_H01_M2.wav,aapakei hindii pasanda karanei para khushii huii,M10,M10_S1_H01,M2,7,3.3125,aapake hindi pasanda karane para khushi hui,आपके हिन्दि पसन्द करने पर खुशि हुइ
C:\Users\edwin\OneDrive\Desktop\Capstone\hindi indic\HDSD\hindi_sent\M10\M10_S1_H02_M2.wav,isakei badalei mein tuma kuchha aura maanaga loo,M10,M10_S1_H02,M2,8,3.3500625,isake badale mein tuma kuchha aura maanaga loo,इसके बदले मेइन् तुम कुछ और मानग लू
C:\Users\edwin\OneDrive\Desktop\Capstone\hindi indic\HDSD\hindi_sent\M10\M10_S1_H03_M2.wav,chikitsaa kaa artha hootaa hai ilaaja,M10,M10_S1_H03,M2,6,2.4938125,chikitsaa kaa artha hootaa hai ilaaja,चिकित्सा का अर्थ हूता है इलाज
C:\Users\edwin\OneDrive\Desktop\Capstone\hindi indic\HDSD\hindi_sent\M10\M10_S1_H04_M2.wav,isei aisei hii jaarii rakhein,M10,M10_S1_H04,M2,5,2.0313125,ise aise hi jaari rakhein,इसे ऐसे हि जारि रखेइन्
C:\Users\edwin\OneDrive\Desktop\Capstone\hindi indic\HDSD\hindi_sent\M10\M10_S1_H05_M2.wav,madada kei liyei bahuta dhanyavaada,M10,M10_S1_H05,M2,5,2.4375625,madada ke liye bahuta dhanyavaada,मदद के लिये बहुत धन्यवाद
C:\Users\edwin\OneDrive\Desktop\Capstone\hindi indic\HDSD\hindi_sent\M10\M10_S1_H06_M2.wav,aba joo main kahataa huuna usakaa paalana karoo,M10,M10_S1_H06,M2,8,2.7813125,aba joo main kahataa huuna usakaa paalana karoo,अब जू मैन् कहता हून उसका पालन करू
C:\Users\edwin\OneDrive\Desktop\Capstone\hindi indic\HDSD\hindi_sent\M10\M10_S1_H07_M2.wav,bhaarata mein aisaa nahiin huaa hai,M10,M10_S1_H07,M2,6,2.3813125,bhaarata mein aisaa nahiin huaa hai,भारत मेइन् ऐसा नहीन् हुआ है
C:\Users\edwin\OneDrive\Desktop\Capstone\hindi indic\HDSD\hindi_sent\M10\M10_S1_H08_M2.wav,isa sahayooga heitu bhii bahuta dhanyavaada,M10,M10_S1_H08,M2,6,2.9750625,isa sahayooga heitu bhi bahuta dhanyavaada,इस सहयूग हेइतु भि बहुत धन्यवाद
C:\Users\edwin\OneDrive\Desktop\Capstone\hindi indic\HDSD\hindi_sent\M10\M10_S1_H09_M2.wav,para yaha sanbhava naa hoo sakaa,M10,M10_S1_H09,M2,6,2.1125625,para yaha sanbhava naa hoo sakaa,पर यह सन्भव ना हू सका
C:\Users\edwin\OneDrive\Desktop\Capstone\hindi indic\HDSD\hindi_sent\M10\M10_S1_H10_M2.wav,meirii baatoon ki oora dhyaana diijiyei,M10,M10_S1_H10,M2,6,2.7625625,meiri baatoon ki oora dhyaana diijiye,मेइरि बातून् कि ऊर ध्यान दीजिये
C:\Users\edwin\OneDrive\Desktop\Capstone\hindi indic\HDSD\hindi_sent\M10\M10_S1_H11_M2.wav,yahaan sei sangharshha kaa daura shuruu huaa,M10,M10_S1_H11,M2,7,2.8500625,yahaan se sangharshha kaa daura shuruu huaa,यहान् से सन्घर्ष का दौर शुरू हुआ
C:\Users\edwin\OneDrive\Desktop\Capstone\hindi indic\HDSD\hindi_sent\M10\M10_S1_H12_M2.wav,doonoon mein badaa antara thaa,M10,M10_S1_H12,M2,5,2.1500625,doonoon mein badaa antara thaa,दूनून् मेइन् बदा अन्तर था
C:\Users\edwin\OneDrive\Desktop\Capstone\hindi indic\HDSD\hindi_sent\M10\M10_S1_H13_M2.wav,aapa sabhii kei sahayooga kei liyei bahuta dhanyavaada,M10,M10_S1_H13,M2,8,3.2563125,aapa sabhi ke sahayooga ke liye bahuta dhanyavaada,आप सभि के सहयूग के लिये बहुत धन्यवाद
C:\Users\edwin\OneDrive\Desktop\Capstone\hindi indic\HDSD\hindi_sent\M10\M10_S1_H14_M2.wav,bahuta sei looga aisaa kara rahei hai,M10,M10_S1_H14,M2,7,2.4563125,bahuta se looga aisaa kara rahe hai,बहुत से लूग ऐसा कर रहे है
C:\Users\edwin\OneDrive\Desktop\Capstone\hindi indic\HDSD\hindi_sent\M10\M10_S1_H15_M2.wav,samaya kei saatha hii nahiin usasei aagei chalaa jaaei,M10,M10_S1_H15,M2,9,3.6000625,samaya ke saatha hi nahiin usase aage chalaa jaae,समय के साथ हि नहीन् उससे आगे चला जाए
C:\Users\edwin\OneDrive\Desktop\Capstone\hindi indic\HDSD\hindi_sent\M10\M10_S1_H16_M2.wav,main krikeita kheila koo kaaphii pasanda karataa huuna,M10,M10_S1_H16,M2,8,3.2188125,main krikeita kheila koo kaaphi pasanda karataa huuna,मैन् क्रिकेइत खेइल कू काफि पसन्द करता हून
C:\Users\edwin\OneDrive\Desktop\Capstone\hindi indic\HDSD\hindi_sent\M10\M10_S1_H17_M2.wav,shaayada samajha aa gayaa hoo,M10,M10_S1_H17,M2,5,2.1313125,shaayada samajha aa gayaa hoo,शायद समझ आ गया हू
C:\Users\edwin\OneDrive\Desktop\Capstone\hindi indic\HDSD\hindi_sent\M10\M10_S1_H18_M2.wav,joo shaayada aapanei deikhaa naa hoo,M10,M10_S1_H18,M2,6,2.6250625,joo shaayada aapane deikhaa naa hoo,जू शायद आपने देइखा ना हू
C:\Users\edwin\OneDrive\Desktop\Capstone\hindi indic\HDSD\hindi_sent\M10\M10_S1_H19_M2.wav,main bhuula hii gayaa thaa isa baata koo,M10,M10_S1_H19,M2,8,3.2000625,main bhuula hi gayaa thaa isa baata koo,मैन् भूल हि गया था इस बात कू
C:\Users\edwin\OneDrive\Desktop\Capstone\hindi indic\HDSD\hindi_sent\M10\M10_S1_H20_M2.wav,magara vaha bhii nahiin huaa,M10,M10_S1_H20,M2,5,2.0188125,magara vaha bhi nahiin huaa,मगर वह भि नहीन् हुआ
C:\Users\edwin\OneDrive\Desktop\Capstone\hindi indic\HDSD\hindi_sent\M10\M10_S1_H21_M2.wav,dara kaa artha hootaa hai bhaya,M10,M10_S1_H21,M2,6,2.4375625,dara kaa artha hootaa hai bhaya,दर का अर्थ हूता है भय
C:\Users\edwin\OneDrive\Desktop\Capstone\hindi indic\HDSD\hindi_sent\M10\M10_S1_H22_M2.wav,eika baara phira sei aabhaara,M10,M10_S1_H22,M2,5,2.0500625,eika baara phira se aabhaara,एइक बार फिर से आभार
C:\Users\edwin\OneDrive\Desktop\Capstone\hindi indic\HDSD\hindi_sent\M10\M10_S1_H23_M2.wav,naa jaanei kitanei looga isei padhtei hai,M10,M10_S1_H23,M2,7,2.8375625,naa jaane kitane looga ise padhte hai,ना जाने कितने लूग इसे पध्ते है
C:\Users\edwin\OneDrive\Desktop\Capstone\hindi indic\HDSD\hindi_sent\M10\M10_S1_H24_M2.wav,abhii main shaanta hii huuna,M10,M10_S1_H24,M2,5,2.0813125,abhi main shaanta hi huuna,अभि मैन् शान्त हि हून
C:\Users\edwin\OneDrive\Desktop\Capstone\hindi indic\HDSD\hindi_sent\M10\M10_S1_H25_M2.wav,svaagata kei liyei dhanyavaada,M10,M10_S1_H25,M2,4,2.1625625,svaagata ke liye dhanyavaada,स्वागत के लिये धन्यवाद
C:\Users\edwin\OneDrive\Desktop\Capstone\hindi indic\HDSD\hindi_sent\M10\M10_S1_H26_M2.wav,aapa apanaa yaha achchhaa kaarya jaarii rakhein,M10,M10_S1_H26,M2,7,2.9875625,aapa apanaa yaha achchhaa kaarya jaari rakhein,आप अपना यह अच्छा कार्य जारि रखेइन्
C:\Users\edwin\OneDrive\Desktop\Capstone\hindi indic\HDSD\hindi_sent\M10\M10_S1_H27_M2.wav,main bhaarata mein rahataa huuna,M10,M10_S1_H27,M2,5,2.2000625,main bhaarata mein rahataa huuna,मैन् भारत मेइन् रहता हून
C:\Users\edwin\OneDrive\Desktop\Capstone\hindi indic\HDSD\hindi_sent\M10\M10_S1_H28_M2.wav,kahaa jaataa hai ki unhoonnei kabhii jiivana mein jhuutha kaa sahaaraa nahiin liyaa,M10,M10_S1_H28,M2,13,4.3813125,kahaa jaataa hai ki unhoonne kabhi jiivana mein jhuutha kaa sahaaraa nahiin liyaa,कहा जाता है कि उन्हून्ने कभि जीवन मेइन् झूथ का सहारा नहीन् लिया
C:\Users\edwin\OneDrive\Desktop\Capstone\hindi indic\HDSD\hindi_sent\M10\M10_S1_H29_M2.wav,aapakaa sandeisha paakara achchhaa lagaa,M10,M10_S1_H29,M2,5,2.5625625,aapakaa sandeisha paakara achchhaa lagaa,आपका सन्देइश पाकर अच्छा लगा
C:\Users\edwin\OneDrive\Desktop\Capstone\hindi indic\HDSD\hindi_sent\M10\M10_S1_H30_M2.wav,jaldii sei jaldii kuchha kiijiei,M10,M10_S1_H30,M2,5,2.4063125,jaldi se jaldi kuchha kiijie,जल्दि से जल्दि कुछ कीजिए
C:\Users\edwin\OneDrive\Desktop\Capstone\hindi indic\HDSD\hindi_sent\M13\M13_S1_H01_M2.wav,aapakei hindii pasanda karanei para khushii huii,M13,M13_S1_H01,M2,7,4.525,aapake hindi pasanda karane para khushi hui,आपके हिन्दि पसन्द करने पर खुशि हुइ
C:\Users\edwin\OneDrive\Desktop\Capstone\hindi indic\HDSD\hindi_sent\M13\M13_S1_H02_M2.wav,isakei badalei mein tuma kuchha aura maanaga loo,M13,M13_S1_H02,M2,8,4.6750625,isake badale mein tuma kuchha aura maanaga loo,इसके बदले मेइन् तुम कुछ और मानग लू
C:\Users\edwin\OneDrive\Desktop\Capstone\hindi indic\HDSD\hindi_sent\M13\M13_S1_H03_M2.wav,chikitsaa kaa artha hootaa hai ilaaja,M13,M13_S1_H03,M2,6,2.9625625,chikitsaa kaa artha hootaa hai ilaaja,चिकित्सा का अर्थ हूता है इलाज
C:\Users\edwin\OneDrive\Desktop\Capstone\hindi indic\HDSD\hindi_sent\M13\M13_S1_H04_M2.wav,isei aisei hii jaarii rakhein,M13,M13_S1_H04,M2,5,4.1875625,ise aise hi jaari rakhein,इसे ऐसे हि जारि रखेइन्
C:\Users\edwin\OneDrive\Desktop\Capstone\hindi indic\HDSD\hindi_sent\M13\M13_S1_H05_M2.wav,madada kei liyei bahuta dhanyavaada,M13,M13_S1_H05,M2,5,2.7500625,madada ke liye bahuta dhanyavaada,मदद के लिये बहुत धन्यवाद
C:\Users\edwin\OneDrive\Desktop\Capstone\hindi indic\HDSD\hindi_sent\M13\M13_S1_H06_M2.wav,aba joo main kahataa huuna usakaa paalana karoo,M13,M13_S1_H06,M2,8,4.8938125,aba joo main kahataa huuna usakaa paalana karoo,अब जू मैन् कहता हून उसका पालन करू
C:\Users\edwin\OneDrive\Desktop\Capstone\hindi indic\HDSD\hindi_sent\M13\M13_S1_H07_M2.wav,bhaarata mein aisaa nahiin huaa hai,M13,M13_S1_H07,M2,6,2.8688125,bhaarata mein aisaa nahiin huaa hai,भारत मेइन् ऐसा नहीन् हुआ है
C:\Users\edwin\OneDrive\Desktop\Capstone\hindi indic\HDSD\hindi_sent\M13\M13_S1_H08_M2.wav,isa sahayooga heitu bhii bahuta dhanyavaada,M13,M13_S1_H08,M2,6,3.8250625,isa sahayooga heitu bhi bahuta dhanyavaada,इस सहयूग हेइतु भि बहुत धन्यवाद
C:\Users\edwin\OneDrive\Desktop\Capstone\hindi indic\HDSD\hindi_sent\M13\M13_S1_H09_M2.wav,para yaha sanbhava naa hoo sakaa,M13,M13_S1_H09,M2,6,3.3563125,para yaha sanbhava naa hoo sakaa,पर यह सन्भव ना हू सका
C:\Users\edwin\OneDrive\Desktop\Capstone\hindi indic\HDSD\hindi_sent\M13\M13_S1_H10_M2.wav,meirii baatoon ki oora dhyaana diijiyei,M13,M13_S1_H10,M2,6,3.8750625,meiri baatoon ki oora dhyaana diijiye,मेइरि बातून् कि ऊर ध्यान दीजिये
C:\Users\edwin\OneDrive\Desktop\Capstone\hindi indic\HDSD\hindi_sent\M13\M13_S1_H11_M2.wav,yahaan sei sangharshha kaa daura shuruu huaa,M13,M13_S1_H11,M2,7,5.7063125,yahaan se sangharshha kaa daura shuruu huaa,यहान् से सन्घर्ष का दौर शुरू हुआ
C:\Users\edwin\OneDrive\Desktop\Capstone\hindi indic\HDSD\hindi_sent\M13\M13_S1_H12_M2.wav,doonoon mein badaa antara thaa,M13,M13_S1_H12,M2,5,2.4375625,doonoon mein badaa antara thaa,दूनून् मेइन् बदा अन्तर था
C:\Users\edwin\OneDrive\Desktop\Capstone\hindi indic\HDSD\hindi_sent\M13\M13_S1_H13_M2.wav,aapa sabhii kei sahayooga kei liyei bahuta dhanyavaada,M13,M13_S1_H13,M2,8,4.6813125,aapa sabhi ke sahayooga ke liye bahuta dhanyavaada,आप सभि के सहयूग के लिये बहुत धन्यवाद
C:\Users\edwin\OneDrive\Desktop\Capstone\hindi indic\HDSD\hindi_sent\M13\M13_S1_H14_M2.wav,bahuta sei looga aisaa kara rahei hai,M13,M13_S1_H14,M2,7,3.1750625,bahuta se looga aisaa kara rahe hai,बहुत से लूग ऐसा कर रहे है
C:\Users\edwin\OneDrive\Desktop\Capstone\hindi indic\HDSD\hindi_sent\M13\M13_S1_H15_M2.wav,samaya kei saatha hii nahiin usasei usasei aagei chalaa jaaei,M13,M13_S1_H15,M2,10,7.8000625,samaya ke saatha hi nahiin usase usase aage chalaa jaae,समय के साथ हि नहीन् उससे उससे आगे चला जाए
C:\Users\edwin\OneDrive\Desktop\Capstone\hindi indic\HDSD\hindi_sent\M13\M13_S1_H16_M2.wav,main krikeita kheila koo kaaphii pasanda karataa huuna,M13,M13_S1_H16,M2,8,4.6750625,main krikeita kheila koo kaaphi pasanda karataa huuna,मैन् क्रिकेइत खेइल कू काफि पसन्द करता हून
C:\Users\edwin\OneDrive\Desktop\Capstone\hindi indic\HDSD\hindi_sent\M13\M13_S1_H17_M2.wav,shaayada samajha aa gayaa hoo,M13,M13_S1_H17,M2,5,3.5813125,shaayada samajha aa gayaa hoo,शायद समझ आ गया हू
C:\Users\edwin\OneDrive\Desktop\Capstone\hindi indic\HDSD\hindi_sent\M13\M13_S1_H18_M2.wav,joo shaayada aapanei deikhaa naa hoo,M13,M13_S1_H18,M2,6,4.6750625,joo shaayada aapane deikhaa naa hoo,जू शायद आपने देइखा ना हू
C:\Users\edwin\OneDrive\Desktop\Capstone\hindi indic\HDSD\hindi_sent\M13\M13_S1_H19_M2.wav,main bhuula hii gayaa thaa isa baata koo,M13,M13_S1_H19,M2,8,5.1688125,main bhuula hi gayaa thaa isa baata koo,मैन् भूल हि गया था इस बात कू
C:\Users\edwin\OneDrive\Desktop\Capstone\hindi indic\HDSD\hindi_sent\M13\M13_S1_H20_M2.wav,magara vaha bhii nahiin huaa,M13,M13_S1_H20,M2,5,2.7688125,magara vaha bhi nahiin huaa,मगर वह भि नहीन् हुआ
C:\Users\edwin\OneDrive\Desktop\Capstone\hindi indic\HDSD\hindi_sent\M13\M13_S1_H21_M2.wav,dara kaa artha hootaa hai bhaya,M13,M13_S1_H21,M2,6,3.1563125,dara kaa artha hootaa hai bhaya,दर का अर्थ हूता है भय
C:\Users\edwin\OneDrive\Desktop\Capstone\hindi indic\HDSD\hindi_sent\M13\M13_S1_H22_M2.wav,eika baara phira sei aabhaara,M13,M13_S1_H22,M2,5,2.7938125,eika baara phira se aabhaara,एइक बार फिर से आभार
C:\Users\edwin\OneDrive\Desktop\Capstone\hindi indic\HDSD\hindi_sent\M13\M13_S1_H23_M2.wav,naa jaanei kitanei looga isei padhtei hai,M13,M13_S1_H23,M2,7,4.9813125,naa jaane kitane looga ise padhte hai,ना जाने कितने लूग इसे पध्ते है
C:\Users\edwin\OneDrive\Desktop\Capstone\hindi indic\HDSD\hindi_sent\M13\M13_S1_H24_M2.wav,abhii main shaanta huuna hii huuna,M13,M13_S1_H24,M2,6,3.2188125,abhi main shaanta huuna hi huuna,अभि मैन् शान्त हून हि हून
C:\Users\edwin\OneDrive\Desktop\Capstone\hindi indic\HDSD\hindi_sent\M13\M13_S1_H25_M2.wav,svaagata kei liyei dhanyavaada,M13,M13_S1_H25,M2,4,2.0938125,svaagata ke liye dhanyavaada,स्वागत के लिये धन्यवाद
C:\Users\edwin\OneDrive\Desktop\Capstone\hindi indic\HDSD\hindi_sent\M13\M13_S1_H26_M2.wav,aapa apanaa yaha achchhaa kaarya jaarii rakhein,M13,M13_S1_H26,M2,7,4.3750625,aapa apanaa yaha achchhaa kaarya jaari rakhein,आप अपना यह अच्छा कार्य जारि रखेइन्
C:\Users\edwin\OneDrive\Desktop\Capstone\hindi indic\HDSD\hindi_sent\M13\M13_S1_H27_M2.wav,main bhaarata mein rahataa huuna,M13,M13_S1_H27,M2,5,2.9250625,main bhaarata mein rahataa huuna,मैन् भारत मेइन् रहता हून
C:\Users\edwin\OneDrive\Desktop\Capstone\hindi indic\HDSD\hindi_sent\M13\M13_S1_H28_M2.wav,kahaa jaataa hai ki kahaa jaataa hai ki unhoonnei kabhii jiivana mein jhuutha kaa sahaaraa nahiin liyaa,M13,M13_S1_H28,M2,17,10.8125625,kahaa jaataa hai ki kahaa jaataa hai ki unhoonne kabhi jiivana mein jhuutha kaa sahaaraa nahiin liyaa,कहा जाता है कि कहा जाता है कि उन्हून्ने कभि जीवन मेइन् झूथ का सहारा नहीन् लिया
C:\Users\edwin\OneDrive\Desktop\Capstone\hindi indic\HDSD\hindi_sent\M13\M13_S1_H29_M2.wav,aapakaa sandeisha paakara achchhaa lagaa,M13,M13_S1_H29,M2,5,4.0750625,aapakaa sandeisha paakara achchhaa lagaa,आपका सन्देइश पाकर अच्छा लगा
C:\Users\edwin\OneDrive\Desktop\Capstone\hindi indic\HDSD\hindi_sent\M13\M13_S1_H30_M2.wav,jaldii sei jaldii kuchha kiijiei,M13,M13_S1_H30,M2,5,2.5841875,jaldi se jaldi kuchha kiijie,जल्दि से जल्दि कुछ कीजिए
C:\Users\edwin\OneDrive\Desktop\Capstone\hindi indic\HDSD\hindi_sent\M14\M14_S1_H01_M2.wav,aapakei hindii pasanda karanei para khushii huii,M14,M14_S1_H01,M2,7,2.7,aapake hindi pasanda karane para khushi hui,आपके हिन्दि पसन्द करने पर खुशि हुइ
C:\Users\edwin\OneDrive\Desktop\Capstone\hindi indic\HDSD\hindi_sent\M14\M14_S1_H02_M2.wav,isakei badalei mein tuma kuchha aura maanaga loo,M14,M14_S1_H02,M2,8,2.5250625,isake badale mein tuma kuchha aura maanaga loo,इसके बदले मेइन् तुम कुछ और मानग लू
C:\Users\edwin\OneDrive\Desktop\Capstone\hindi indic\HDSD\hindi_sent\M14\M14_S1_H03_M2.wav,chikitsaa kaa artha hootaa hai ilaaja,M14,M14_S1_H03,M2,6,1.9625625,chikitsaa kaa artha hootaa hai ilaaja,चिकित्सा का अर्थ हूता है इलाज
C:\Users\edwin\OneDrive\Desktop\Capstone\hindi indic\HDSD\hindi_sent\M14\M14_S1_H04_M2.wav,isei aisei hii jaarii rakhein,M14,M14_S1_H04,M2,5,2.1719375,ise aise hi jaari rakhein,इसे ऐसे हि जारि रखेइन्
C:\Users\edwin\OneDrive\Desktop\Capstone\hindi indic\HDSD\hindi_sent\M14\M14_S1_H05_M2.wav,madada kei liyei bahuta dhanyavaada,M14,M14_S1_H05,M2,5,1.6781875,madada ke liye bahuta dhanyavaada,मदद के लिये बहुत धन्यवाद
C:\Users\edwin\OneDrive\Desktop\Capstone\hindi indic\HDSD\hindi_sent\M14\M14_S1_H06_M2.wav,aba joo main kahataa huuna usakaa paalana karoo,M14,M14_S1_H06,M2,8,3.0438125,aba joo main kahataa huuna usakaa paalana karoo,अब जू मैन् कहता हून उसका पालन करू
C:\Users\edwin\OneDrive\Desktop\Capstone\hindi indic\HDSD\hindi_sent\M14\M14_S1_H07_M2.wav,bhaarata mein aisaa nahiin huaa hai,M14,M14_S1_H07,M2,6,2.0500625,bhaarata mein aisaa nahiin huaa hai,भारत मेइन् ऐसा नहीन् हुआ है
C:\Users\edwin\OneDrive\Desktop\Capstone\hindi indic\HDSD\hindi_sent\M14\M14_S1_H08_M2.wav,isa sahayooga heitu bhii bahuta dhanyavaada,M14,M14_S1_H08,M2,6,2.9913125,isa sahayooga heitu bhi bahuta dhanyavaada,इस सहयूग हेइतु भि बहुत धन्यवाद
C:\Users\edwin\OneDrive\Desktop\Capstone\hindi indic\HDSD\hindi_sent\M14\M14_S1_H09_M2.wav,para yaha sanbhava naa hoo sakaa,M14,M14_S1_H09,M2,6,1.9463125,para yaha sanbhava naa hoo sakaa,पर यह सन्भव ना हू सका
C:\Users\edwin\OneDrive\Desktop\Capstone\hindi indic\HDSD\hindi_sent\M14\M14_S1_H10_M2.wav,meirii baatoon ki oora dhyaana diijiyei,M14,M14_S1_H10,M2,6,2.5938125,meiri baatoon ki oora dhyaana diijiye,मेइरि बातून् कि ऊर ध्यान दीजिये
C:\Users\edwin\OneDrive\Desktop\Capstone\hindi indic\HDSD\hindi_sent\M14\M14_S1_H11_M2.wav,yahaan sei sangharshha kaa daura shuruu huaa,M14,M14_S1_H11,M2,7,2.3625625,yahaan se sangharshha kaa daura shuruu huaa,यहान् से सन्घर्ष का दौर शुरू हुआ
C:\Users\edwin\OneDrive\Desktop\Capstone\hindi indic\HDSD\hindi_sent\M14\M14_S1_H12_M2.wav,doonoon mein badaa antara thaa,M14,M14_S1_H12,M2,5,1.7688125,doonoon mein badaa antara thaa,दूनून् मेइन् बदा अन्तर था
C:\Users\edwin\OneDrive\Desktop\Capstone\hindi indic\HDSD\hindi_sent\M14\M14_S1_H13_M2.wav,aapa sabhii kei sahayooga kei liyei bahuta dhanyavaada,M14,M14_S1_H13,M2,8,2.6063125,aapa sabhi ke sahayooga ke liye bahuta dhanyavaada,आप सभि के सहयूग के लिये बहुत धन्यवाद
C:\Users\edwin\OneDrive\Desktop\Capstone\hindi indic\HDSD\hindi_sent\M14\M14_S1_H14_M2.wav,bahuta sei looga aisaa kara rahei hai,M14,M14_S1_H14,M2,7,1.8188125,bahuta se looga aisaa kara rahe hai,बहुत से लूग ऐसा कर रहे है
C:\Users\edwin\OneDrive\Desktop\Capstone\hindi indic\HDSD\hindi_sent\M14\M14_S1_H15_M2.wav,samaya kei saatha hii nahiin usasei aagei chalaa jaaei,M14,M14_S1_H15,M2,9,4.2813125,samaya ke saatha hi nahiin usase aage chalaa jaae,समय के साथ हि नहीन् उससे आगे चला जाए
C:\Users\edwin\OneDrive\Desktop\Capstone\hindi indic\HDSD\hindi_sent\M14\M14_S1_H16_M2.wav,main krikeita kheila koo kaaphii pasanda karataa huuna,M14,M14_S1_H16,M2,8,2.3331875,main krikeita kheila koo kaaphi pasanda karataa huuna,मैन् क्रिकेइत खेइल कू काफि पसन्द करता हून
C:\Users\edwin\OneDrive\Desktop\Capstone\hindi indic\HDSD\hindi_sent\M14\M14_S1_H17_M2.wav,shaayada samajha aa gayaa hoo,M14,M14_S1_H17,M2,5,1.4644375,shaayada samajha aa gayaa hoo,शायद समझ आ गया हू
C:\Users\edwin\OneDrive\Desktop\Capstone\hindi indic\HDSD\hindi_sent\M14\M14_S1_H18_M2.wav,joo shaayada aapanei deikhaa naa hoo,M14,M14_S1_H18,M2,6,2.3194375,joo shaayada aapane deikhaa naa hoo,जू शायद आपने देइखा ना हू
C:\Users\edwin\OneDrive\Desktop\Capstone\hindi indic\HDSD\hindi_sent\M14\M14_S1_H19_M2.wav,main bhuula hii gayaa thaa isa baata koo,M14,M14_S1_H19,M2,8,2.4794375,main bhuula hi gayaa thaa isa baata koo,मैन् भूल हि गया था इस बात कू
C:\Users\edwin\OneDrive\Desktop\Capstone\hindi indic\HDSD\hindi_sent\M14\M14_S1_H20_M2.wav,magara vaha bhii nahiin huaa,M14,M14_S1_H20,M2,5,1.5413125,magara vaha bhi nahiin huaa,मगर वह भि नहीन् हुआ
C:\Users\edwin\OneDrive\Desktop\Capstone\hindi indic\HDSD\hindi_sent\M14\M14_S1_H21_M2.wav,dara kaa artha hootaa hai bhaya,M14,M14_S1_H21,M2,6,1.5938125,dara kaa artha hootaa hai bhaya,दर का अर्थ हूता है भय
C:\Users\edwin\OneDrive\Desktop\Capstone\hindi indic\HDSD\hindi_sent\M14\M14_S1_H22_M2.wav,eika baara phira sei aabhaara,M14,M14_S1_H22,M2,5,1.3938125,eika baara phira se aabhaara,एइक बार फिर से आभार
C:\Users\edwin\OneDrive\Desktop\Capstone\hindi indic\HDSD\hindi_sent\M14\M14_S1_H23_M2.wav,naa jaanei kitanei looga isei padhtei hai,M14,M14_S1_H23,M2,7,2.6000625,naa jaane kitane looga ise padhte hai,ना जाने कितने लूग इसे पध्ते है
C:\Users\edwin\OneDrive\Desktop\Capstone\hindi indic\HDSD\hindi_sent\M14\M14_S1_H24_M2.wav,abhii main shaanta hii huuna,M14,M14_S1_H24,M2,5,2.1188125,abhi main shaanta hi huuna,अभि मैन् शान्त हि हून
C:\Users\edwin\OneDrive\Desktop\Capstone\hindi indic\HDSD\hindi_sent\M14\M14_S1_H25_M2.wav,svaagata kei liyei dhanyavaada,M14,M14_S1_H25,M2,4,1.6188125,svaagata ke liye dhanyavaada,स्वागत के लिये धन्यवाद
C:\Users\edwin\OneDrive\Desktop\Capstone\hindi indic\HDSD\hindi_sent\M14\M14_S1_H26_M2.wav,aapa apanaa yaha achchhaa kaarya jaarii rakhein,M14,M14_S1_H26,M2,7,3.0313125,aapa apanaa yaha achchhaa kaarya jaari rakhein,आप अपना यह अच्छा कार्य जारि रखेइन्
C:\Users\edwin\OneDrive\Desktop\Capstone\hindi indic\HDSD\hindi_sent\M14\M14_S1_H27_M2.wav,main bhaarata mein rahataa huuna,M14,M14_S1_H27,M2,5,1.6250625,main bhaarata mein rahataa huuna,मैन् भारत मेइन् रहता हून
C:\Users\edwin\OneDrive\Desktop\Capstone\hindi indic\HDSD\hindi_sent\M14\M14_S1_H28_M2.wav,kahaa jaataa hai ki unhoonnei kabhii jiivana mein jhuutha kaa sahaaraa nahiin liyaa,M14,M14_S1_H28,M2,13,4.6856875,kahaa jaataa hai ki unhoonne kabhi jiivana mein jhuutha kaa sahaaraa nahiin liyaa,कहा जाता है कि उन्हून्ने कभि जीवन मेइन् झूथ का सहारा नहीन् लिया
C:\Users\edwin\OneDrive\Desktop\Capstone\hindi indic\HDSD\hindi_sent\M14\M14_S1_H29_M2.wav,aapakaa sandeisha paakara achchhaa lagaa,M14,M14_S1_H29,M2,5,2.2363125,aapakaa sandeisha paakara achchhaa lagaa,आपका सन्देइश पाकर अच्छा लगा
C:\Users\edwin\OneDrive\Desktop\Capstone\hindi indic\HDSD\hindi_sent\M14\M14_S1_H30_M2.wav,jaldii sei jaldii kuchha kiijiei,M14,M14_S1_H30,M2,5,1.8281875,jaldi se jaldi kuchha kiijie,जल्दि से जल्दि कुछ कीजिए
C:\Users\edwin\OneDrive\Desktop\Capstone\hindi indic\HDSD\hindi_sent\M15\M15_S1_H01_M2.wav,aapakei hindii pasanda karanei khushii huii,M15,M15_S1_H01,M2,6,6.04375,aapake hindi pasanda karane khushi hui,आपके हिन्दि पसन्द करने खुशि हुइ
C:\Users\edwin\OneDrive\Desktop\Capstone\hindi indic\HDSD\hindi_sent\M15\M15_S1_H02_M2.wav,isakei badalei mein tuma kuchha aura maanaga,M15,M15_S1_H02,M2,7,6.0250625,isake badale mein tuma kuchha aura maanaga,इसके बदले मेइन् तुम कुछ और मानग
C:\Users\edwin\OneDrive\Desktop\Capstone\hindi indic\HDSD\hindi_sent\M15\M15_S1_H03_M2.wav,chikitsaa kaa artha hootaa hai ilaaja,M15,M15_S1_H03,M2,6,5.8063125,chikitsaa kaa artha hootaa hai ilaaja,चिकित्सा का अर्थ हूता है इलाज
C:\Users\edwin\OneDrive\Desktop\Capstone\hindi indic\HDSD\hindi_sent\M15\M15_S1_H04_M2.wav,isei aisei hii jaarii rakhein,M15,M15_S1_H04,M2,5,4.6063125,ise aise hi jaari rakhein,इसे ऐसे हि जारि रखेइन्
C:\Users\edwin\OneDrive\Desktop\Capstone\hindi indic\HDSD\hindi_sent\M15\M15_S1_H05_M2.wav,madada kei liyei bahuta dhanyavaada,M15,M15_S1_H05,M2,5,3.7688125,madada ke liye bahuta dhanyavaada,मदद के लिये बहुत धन्यवाद
C:\Users\edwin\OneDrive\Desktop\Capstone\hindi indic\HDSD\hindi_sent\M15\M15_S1_H06_M2.wav,aba main joo kahataa usakaa paalana karoo,M15,M15_S1_H06,M2,7,4.8125625,aba main joo kahataa usakaa paalana karoo,अब मैन् जू कहता उसका पालन करू
C:\Users\edwin\OneDrive\Desktop\Capstone\hindi indic\HDSD\hindi_sent\M15\M15_S1_H07_M2.wav,bhaarata aisaa nahiin huaa,M15,M15_S1_H07,M2,4,3.5625625,bhaarata aisaa nahiin huaa,भारत ऐसा नहीन् हुआ
C:\Users\edwin\OneDrive\Desktop\Capstone\hindi indic\HDSD\hindi_sent\M15\M15_S1_H08_M2.wav,isa sahayooga heitu bhii bahuta dhanyavaada,M15,M15_S1_H08,M2,6,6.0938125,isa sahayooga heitu bhi bahuta dhanyavaada,इस सहयूग हेइतु भि बहुत धन्यवाद
C:\Users\edwin\OneDrive\Desktop\Capstone\hindi indic\HDSD\hindi_sent\M15\M15_S1_H09_M2.wav,para yaha sanbhava naa hoo,M15,M15_S1_H09,M2,5,4.6250625,para yaha sanbhava naa hoo,पर यह सन्भव ना हू
C:\Users\edwin\OneDrive\Desktop\Capstone\hindi indic\HDSD\hindi_sent\M15\M15_S1_H10_M2.wav,meirii baatoon ki oora dhyaana diijiyei,M15,M15_S1_H10,M2,6,5.3125625,meiri baatoon ki oora dhyaana diijiye,मेइरि बातून् कि ऊर ध्यान दीजिये
C:\Users\edwin\OneDrive\Desktop\Capstone\hindi indic\HDSD\hindi_sent\M15\M15_S1_H11_M2.wav,yahaan sei sangharshha kaa daura shuruu huaa,M15,M15_S1_H11,M2,7,5.0313125,yahaan se sangharshha kaa daura shuruu huaa,यहान् से सन्घर्ष का दौर शुरू हुआ
C:\Users\edwin\OneDrive\Desktop\Capstone\hindi indic\HDSD\hindi_sent\M15\M15_S1_H12_M2.wav,doonoon badaa antara thaa,M15,M15_S1_H12,M2,4,3.3750625,doonoon badaa antara thaa,दूनून् बदा अन्तर था
C:\Users\edwin\OneDrive\Desktop\Capstone\hindi indic\HDSD\hindi_sent\M15\M15_S1_H13_M2.wav,aapa sabhii sahayooga kei liyei bahuta,M15,M15_S1_H13,M2,6,4.0938125,aapa sabhi sahayooga ke liye bahuta,आप सभि सहयूग के लिये बहुत
C:\Users\edwin\OneDrive\Desktop\Capstone\hindi indic\HDSD\hindi_sent\M15\M15_S1_H14_M2.wav,bahuta sei looga aisaa kara,M15,M15_S1_H14,M2,5,2.2375625,bahuta se looga aisaa kara,बहुत से लूग ऐसा कर
C:\Users\edwin\OneDrive\Desktop\Capstone\hindi indic\HDSD\hindi_sent\M15\M15_S1_H15_M2.wav,samaya kei saatha usasei aagei chalaa jaaei,M15,M15_S1_H15,M2,7,3.3188125,samaya ke saatha usase aage chalaa jaae,समय के साथ उससे आगे चला जाए
C:\Users\edwin\OneDrive\Desktop\Capstone\hindi indic\HDSD\hindi_sent\M15\M15_S1_H16_M2.wav,main krikeita kheila koo kaaphii pasanda karataa,M15,M15_S1_H16,M2,7,4.1625625,main krikeita kheila koo kaaphi pasanda karataa,मैन् क्रिकेइत खेइल कू काफि पसन्द करता
C:\Users\edwin\OneDrive\Desktop\Capstone\hindi indic\HDSD\hindi_sent\M15\M15_S1_H17_M2.wav,shaayada samajha aa gayaa,M15,M15_S1_H17,M2,4,2.5500625,shaayada samajha aa gayaa,शायद समझ आ गया
C:\Users\edwin\OneDrive\Desktop\Capstone\hindi indic\HDSD\hindi_sent\M15\M15_S1_H18_M2.wav,joo shaayada aapanei deikhaa,M15,M15_S1_H18,M2,4,2.8250625,joo shaayada aapane deikhaa,जू शायद आपने देइखा
C:\Users\edwin\OneDrive\Desktop\Capstone\hindi indic\HDSD\hindi_sent\M15\M15_S1_H19_M2.wav,main bhuula hii gayaa isa baata,M15,M15_S1_H19,M2,6,2.8125625,main bhuula hi gayaa isa baata,मैन् भूल हि गया इस बात
C:\Users\edwin\OneDrive\Desktop\Capstone\hindi indic\HDSD\hindi_sent\M15\M15_S1_H20_M2.wav,magara vaha bhii nahiin huaa,M15,M15_S1_H20,M2,5,2.6875625,magara vaha bhi nahiin huaa,मगर वह भि नहीन् हुआ
C:\Users\edwin\OneDrive\Desktop\Capstone\hindi indic\HDSD\hindi_sent\M15\M15_S1_H21_M2.wav,dara kaa artha hootaa,M15,M15_S1_H21,M2,4,2.0375625,dara kaa artha hootaa,दर का अर्थ हूता
C:\Users\edwin\OneDrive\Desktop\Capstone\hindi indic\HDSD\hindi_sent\M15\M15_S1_H22_M2.wav,eika baara phira sei,M15,M15_S1_H22,M2,4,1.6938125,eika baara phira se,एइक बार फिर से
C:\Users\edwin\OneDrive\Desktop\Capstone\hindi indic\HDSD\hindi_sent\M15\M15_S1_H23_M2.wav,naa jaanei kitanei looga isei,M15,M15_S1_H23,M2,5,1.8875625,naa jaane kitane looga ise,ना जाने कितने लूग इसे
C:\Users\edwin\OneDrive\Desktop\Capstone\hindi indic\HDSD\hindi_sent\M15\M15_S1_H24_M2.wav,abhii main shaanta hii,M15,M15_S1_H24,M2,4,1.4188125,abhi main shaanta hi,अभि मैन् शान्त हि
C:\Users\edwin\OneDrive\Desktop\Capstone\hindi indic\HDSD\hindi_sent\M15\M15_S1_H25_M2.wav,svaagata kei liyei dhanyavaada,M15,M15_S1_H25,M2,4,2.2063125,svaagata ke liye dhanyavaada,स्वागत के लिये धन्यवाद
C:\Users\edwin\OneDrive\Desktop\Capstone\hindi indic\HDSD\hindi_sent\M15\M15_S1_H26_M2.wav,aapa apanaa achchhaa kaarya jaarii rakhein,M15,M15_S1_H26,M2,6,3.1188125,aapa apanaa achchhaa kaarya jaari rakhein,आप अपना अच्छा कार्य जारि रखेइन्
C:\Users\edwin\OneDrive\Desktop\Capstone\hindi indic\HDSD\hindi_sent\M15\M15_S1_H27_M2.wav,main bhaarata rahataa huuna,M15,M15_S1_H27,M2,4,2.0750625,main bhaarata rahataa huuna,मैन् भारत रहता हून
C:\Users\edwin\OneDrive\Desktop\Capstone\hindi indic\HDSD\hindi_sent\M15\M15_S1_H28_M2.wav,kahaa jaataa ki jiivana jhuutha kaa sahaaraa nahiin,M15,M15_S1_H28,M2,8,6.4750625,kahaa jaataa ki jiivana jhuutha kaa sahaaraa nahiin,कहा जाता कि जीवन झूथ का सहारा नहीन्
C:\Users\edwin\OneDrive\Desktop\Capstone\hindi indic\HDSD\hindi_sent\M15\M15_S1_H29_M2.wav,aapakaa sandeisha paakara achchhaa,M15,M15_S1_H29,M2,4,2.7063125,aapakaa sandeisha paakara achchhaa,आपका सन्देइश पाकर अच्छा
C:\Users\edwin\OneDrive\Desktop\Capstone\hindi indic\HDSD\hindi_sent\M15\M15_S1_H30_M2.wav,jaldii sei jaldii kuchha kiijiei,M15,M15_S1_H30,M2,5,3.002875,jaldi se jaldi kuchha kiijie,जल्दि से जल्दि कुछ कीजिए
C:\Users\edwin\OneDrive\Desktop\Capstone\hindi indic\HDSD\hindi_sent\M15\M15_S2_H01_M2.wav,aapakei hindii pasanda karanei khushii,M15,M15_S2_H01,M2,5,5.5375,aapake hindi pasanda karane khushi,आपके हिन्दि पसन्द करने खुशि
C:\Users\edwin\OneDrive\Desktop\Capstone\hindi indic\HDSD\hindi_sent\M15\M15_S2_H02_M2.wav,isakei badalei mein tuma kuchha aura maanaga,M15,M15_S2_H02,M2,7,5.1313125,isake badale mein tuma kuchha aura maanaga,इसके बदले मेइन् तुम कुछ और मानग
C:\Users\edwin\OneDrive\Desktop\Capstone\hindi indic\HDSD\hindi_sent\M15\M15_S2_H03_M2.wav,chikitsaa kaa hootaa ilaaja,M15,M15_S2_H03,M2,4,3.9188125,chikitsaa kaa hootaa ilaaja,चिकित्सा का हूता इलाज
C:\Users\edwin\OneDrive\Desktop\Capstone\hindi indic\HDSD\hindi_sent\M15\M15_S2_H04_M2.wav,isei aisei jaarii rakhein,M15,M15_S2_H04,M2,4,3.5875625,ise aise jaari rakhein,इसे ऐसे जारि रखेइन्
C:\Users\edwin\OneDrive\Desktop\Capstone\hindi indic\HDSD\hindi_sent\M15\M15_S2_H05_M2.wav,madada kei bahuta dhanyavaada,M15,M15_S2_H05,M2,4,3.3938125,madada ke bahuta dhanyavaada,मदद के बहुत धन्यवाद
C:\Users\edwin\OneDrive\Desktop\Capstone\hindi indic\HDSD\hindi_sent\M15\M15_S2_H06_M2.wav,aba joo main kahataa usakaa paalana,M15,M15_S2_H06,M2,6,4.3688125,aba joo main kahataa usakaa paalana,अब जू मैन् कहता उसका पालन
C:\Users\edwin\OneDrive\Desktop\Capstone\hindi indic\HDSD\hindi_sent\M15\M15_S2_H07_M2.wav,bhaarata aisaa nahiin huaa hai,M15,M15_S2_H07,M2,5,3.6625625,bhaarata aisaa nahiin huaa hai,भारत ऐसा नहीन् हुआ है
C:\Users\edwin\OneDrive\Desktop\Capstone\hindi indic\HDSD\hindi_sent\M15\M15_S2_H08_M2.wav,isa sahayooga heitu bhii bahuta dhanyavaada,M15,M15_S2_H08,M2,6,3.8688125,isa sahayooga heitu bhi bahuta dhanyavaada,इस सहयूग हेइतु भि बहुत धन्यवाद
C:\Users\edwin\OneDrive\Desktop\Capstone\hindi indic\HDSD\hindi_sent\M15\M15_S2_H09_M2.wav,para yaha sanbhava naa hoo sakaa,M15,M15_S2_H09,M2,6,3.8313125,para yaha sanbhava naa hoo sakaa,पर यह सन्भव ना हू सका
C:\Users\edwin\OneDrive\Desktop\Capstone\hindi indic\HDSD\hindi_sent\M15\M15_S2_H10_M2.wav,meirii baatoon ki oora dhyaana diijiyei,M15,M15_S2_H10,M2,6,4.4688125,meiri baatoon ki oora dhyaana diijiye,मेइरि बातून् कि ऊर ध्यान दीजिये
C:\Users\edwin\OneDrive\Desktop\Capstone\hindi indic\HDSD\hindi_sent\M15\M15_S2_H11_M2.wav,yahaan sei sangharshha kaa daura shuruu,M15,M15_S2_H11,M2,6,5.0688125,yahaan se sangharshha kaa daura shuruu,यहान् से सन्घर्ष का दौर शुरू
C:\Users\edwin\OneDrive\Desktop\Capstone\hindi indic\HDSD\hindi_sent\M15\M15_S2_H12_M2.wav,mein badaa antara thaa,M15,M15_S2_H12,M2,4,2.8063125,mein badaa antara thaa,मेइन् बदा अन्तर था
C:\Users\edwin\OneDrive\Desktop\Capstone\hindi indic\HDSD\hindi_sent\M15\M15_S2_H13_M2.wav,aapa sabhii kei sahayooga bahuta dhanyavaada,M15,M15_S2_H13,M2,6,3.8563125,aapa sabhi ke sahayooga bahuta dhanyavaada,आप सभि के सहयूग बहुत धन्यवाद
C:\Users\edwin\OneDrive\Desktop\Capstone\hindi indic\HDSD\hindi_sent\M15\M15_S2_H14_M2.wav,aisaa kara bahuta sei looga aisaa kara rahei,M15,M15_S2_H14,M2,8,7.9250625,aisaa kara bahuta se looga aisaa kara rahe,ऐसा कर बहुत से लूग ऐसा कर रहे
C:\Users\edwin\OneDrive\Desktop\Capstone\hindi indic\HDSD\hindi_sent\M15\M15_S2_H15_M2.wav,samaya kei saatha nahiin usasei aagei chalaa jaaei,M15,M15_S2_H15,M2,8,5.0125625,samaya ke saatha nahiin usase aage chalaa jaae,समय के साथ नहीन् उससे आगे चला जाए
C:\Users\edwin\OneDrive\Desktop\Capstone\hindi indic\HDSD\hindi_sent\M15\M15_S2_H16_M2.wav,main krikeita kheila koo kaaphii pasanda karataa,M15,M15_S2_H16,M2,7,4.1563125,main krikeita kheila koo kaaphi pasanda karataa,मैन् क्रिकेइत खेइल कू काफि पसन्द करता
C:\Users\edwin\OneDrive\Desktop\Capstone\hindi indic\HDSD\hindi_sent\M15\M15_S2_H17_M2.wav,shaayada samajha aa,M15,M15_S2_H17,M2,3,2.6000625,shaayada samajha aa,शायद समझ आ
C:\Users\edwin\OneDrive\Desktop\Capstone\hindi indic\HDSD\hindi_sent\M15\M15_S2_H18_M2.wav,joo aapanei deikhaa,M15,M15_S2_H18,M2,3,3.5250625,joo aapane deikhaa,जू आपने देइखा
C:\Users\edwin\OneDrive\Desktop\Capstone\hindi indic\HDSD\hindi_sent\M15\M15_S2_H19_M2.wav,main bhuula hii gayaa isa baata,M15,M15_S2_H19,M2,6,3.1625625,main bhuula hi gayaa isa baata,मैन् भूल हि गया इस बात
C:\Users\edwin\OneDrive\Desktop\Capstone\hindi indic\HDSD\hindi_sent\M15\M15_S2_H20_M2.wav,magara vaha bhii nahiin,M15,M15_S2_H20,M2,4,2.5750625,magara vaha bhi nahiin,मगर वह भि नहीन्
C:\Users\edwin\OneDrive\Desktop\Capstone\hindi indic\HDSD\hindi_sent\M15\M15_S2_H21_M2.wav,dara kaa artha hootaa bhaya,M15,M15_S2_H21,M2,5,2.6313125,dara kaa artha hootaa bhaya,दर का अर्थ हूता भय
C:\Users\edwin\OneDrive\Desktop\Capstone\hindi indic\HDSD\hindi_sent\M15\M15_S2_H22_M2.wav,eika baara phira sei aabhaara,M15,M15_S2_H22,M2,5,2.4938125,eika baara phira se aabhaara,एइक बार फिर से आभार
C:\Users\edwin\OneDrive\Desktop\Capstone\hindi indic\HDSD\hindi_sent\M15\M15_S2_H23_M2.wav,naa jaanei kitanei looga isei padhtei,M15,M15_S2_H23,M2,6,3.0438125,naa jaane kitane looga ise padhte,ना जाने कितने लूग इसे पध्ते
C:\Users\edwin\OneDrive\Desktop\Capstone\hindi indic\HDSD\hindi_sent\M15\M15_S2_H24_M2.wav,abhii main shaanta shaanta hii,M15,M15_S2_H24,M2,5,3.2063125,abhi main shaanta shaanta hi,अभि मैन् शान्त शान्त हि
C:\Users\edwin\OneDrive\Desktop\Capstone\hindi indic\HDSD\hindi_sent\M15\M15_S2_H25_M2.wav,svaagata kei dhanyavaada,M15,M15_S2_H25,M2,3,2.2125625,svaagata ke dhanyavaada,स्वागत के धन्यवाद
C:\Users\edwin\OneDrive\Desktop\Capstone\hindi indic\HDSD\hindi_sent\M15\M15_S2_H26_M2.wav,aapa apanaa achchhaa jaarii,M15,M15_S2_H26,M2,4,3.3125625,aapa apanaa achchhaa jaari,आप अपना अच्छा जारि
C:\Users\edwin\OneDrive\Desktop\Capstone\hindi indic\HDSD\hindi_sent\M15\M15_S2_H27_M2.wav,main bhaarata rahataa,M15,M15_S2_H27,M2,3,2.5250625,main bhaarata rahataa,मैन् भारत रहता
C:\Users\edwin\OneDrive\Desktop\Capstone\hindi indic\HDSD\hindi_sent\M15\M15_S2_H28_M2.wav,kahaa jaataa ki unhoonnei kabhii jiivana jhuutha jhuutha kaa sahaaraa nahiin liyaa,M15,M15_S2_H28,M2,12,9.4813125,kahaa jaataa ki unhoonne kabhi jiivana jhuutha jhuutha kaa sahaaraa nahiin liyaa,कहा जाता कि उन्हून्ने कभि जीवन झूथ झूथ का सहारा नहीन् लिया
C:\Users\edwin\OneDrive\Desktop\Capstone\hindi indic\HDSD\hindi_sent\M15\M15_S2_H29_M2.wav,aapakaa sandeisha paakara achchhaa lagaa,M15,M15_S2_H29,M2,5,3.0875625,aapakaa sandeisha paakara achchhaa lagaa,आपका सन्देइश पाकर अच्छा लगा
C:\Users\edwin\OneDrive\Desktop\Capstone\hindi indic\HDSD\hindi_sent\M15\M15_S2_H30_M2.wav,jaldii sei jaldii kuchha kiijiei,M15,M15_S2_H30,M2,5,2.7000625,jaldi se jaldi kuchha kiijie,जल्दि से जल्दि कुछ कीजिए
C:\Users\edwin\OneDrive\Desktop\Capstone\hindi indic\HDSD\hindi_sent\M15\M15_S3_H06_M2.wav,aba joo main kahataa huuna usakaa paalana karoo,M15,M15_S3_H06,M2,8,4.2688125,aba joo main kahataa huuna usakaa paalana karoo,अब जू मैन् कहता हून उसका पालन करू
C:\Users\edwin\OneDrive\Desktop\Capstone\hindi indic\HDSD\hindi_sent\M15\M15_S3_H07_M2.wav,bhaarata aisaa nahiin huaa hai,M15,M15_S3_H07,M2,5,3.5000625,bhaarata aisaa nahiin huaa hai,भारत ऐसा नहीन् हुआ है
C:\Users\edwin\OneDrive\Desktop\Capstone\hindi indic\HDSD\hindi_sent\M15\M15_S3_H08_M2.wav,isa sahayooga heitu bahuta dhanyavaada,M15,M15_S3_H08,M2,5,3.7813125,isa sahayooga heitu bahuta dhanyavaada,इस सहयूग हेइतु बहुत धन्यवाद
C:\Users\edwin\OneDrive\Desktop\Capstone\hindi indic\HDSD\hindi_sent\M15\M15_S3_H09_M2.wav,para yaha sanbhava naa hoo,M15,M15_S3_H09,M2,5,2.6063125,para yaha sanbhava naa hoo,पर यह सन्भव ना हू
C:\Users\edwin\OneDrive\Desktop\Capstone\hindi indic\HDSD\hindi_sent\M15\M15_S3_H10_M2.wav,meirii baatoon ki dhyaana diijiyei,M15,M15_S3_H10,M2,5,3.6563125,meiri baatoon ki dhyaana diijiye,मेइरि बातून् कि ध्यान दीजिये
C:\Users\edwin\OneDrive\Desktop\Capstone\hindi indic\HDSD\hindi_sent\M15\M15_S3_H11_M2.wav,yahaan sei sangharshha kaa daura shuruu huaa,M15,M15_S3_H11,M2,7,4.2063125,yahaan se sangharshha kaa daura shuruu huaa,यहान् से सन्घर्ष का दौर शुरू हुआ
C:\Users\edwin\OneDrive\Desktop\Capstone\hindi indic\HDSD\hindi_sent\M15\M15_S3_H12_M2.wav,doonoon badaa antara thaa,M15,M15_S3_H12,M2,4,2.73925,doonoon badaa antara thaa,दूनून् बदा अन्तर था
C:\Users\edwin\OneDrive\Desktop\Capstone\hindi indic\HDSD\hindi_sent\M16\M16_S1_H01_M2.wav,aapakei hindii pasanda karanei para khushii huii,M16,M16_S1_H01,M2,7,2.59375,aapake hindi pasanda karane para khushi hui,आपके हिन्दि पसन्द करने पर खुशि हुइ
C:\Users\edwin\OneDrive\Desktop\Capstone\hindi indic\HDSD\hindi_sent\M16\M16_S1_H02_M2.wav,isakei badalei mein tuma kuchha aura maanaga loo,M16,M16_S1_H02,M2,8,3.1563125,isake badale mein tuma kuchha aura maanaga loo,इसके बदले मेइन् तुम कुछ और मानग लू
C:\Users\edwin\OneDrive\Desktop\Capstone\hindi indic\HDSD\hindi_sent\M16\M16_S1_H03_M2.wav,chikitsaa kaa artha hootaa hai ilaaja,M16,M16_S1_H03,M2,6,2.5688125,chikitsaa kaa artha hootaa hai ilaaja,चिकित्सा का अर्थ हूता है इलाज
C:\Users\edwin\OneDrive\Desktop\Capstone\hindi indic\HDSD\hindi_sent\M16\M16_S1_H04_M2.wav,isei aisei hii jaarii rakhein,M16,M16_S1_H04,M2,5,1.9313125,ise aise hi jaari rakhein,इसे ऐसे हि जारि रखेइन्
C:\Users\edwin\OneDrive\Desktop\Capstone\hindi indic\HDSD\hindi_sent\M16\M16_S1_H05_M2.wav,madada kei liyei bahuta dhanyavaada,M16,M16_S1_H05,M2,5,2.1313125,madada ke liye bahuta dhanyavaada,मदद के लिये बहुत धन्यवाद
C:\Users\edwin\OneDrive\Desktop\Capstone\hindi indic\HDSD\hindi_sent\M16\M16_S1_H06_M2.wav,aba joo main joo main kahataa huuna usakaa paalana karoo,M16,M16_S1_H06,M2,10,4.1500625,aba joo main joo main kahataa huuna usakaa paalana karoo,अब जू मैन् जू मैन् कहता हून उसका पालन करू
C:\Users\edwin\OneDrive\Desktop\Capstone\hindi indic\HDSD\hindi_sent\M16\M16_S1_H07_M2.wav,bhaarata mein aisaa nahiin huaa hai,M16,M16_S1_H07,M2,6,3.7250625,bhaarata mein aisaa nahiin huaa hai,भारत मेइन् ऐसा नहीन् हुआ है
C:\Users\edwin\OneDrive\Desktop\Capstone\hindi indic\HDSD\hindi_sent\M16\M16_S1_H08_M2.wav,isa sahayooga heitu isa sahayooga heitu bhii bahuta dhanyavaada,M16,M16_S1_H08,M2,9,4.5188125,isa sahayooga heitu isa sahayooga heitu bhi bahuta dhanyavaada,इस सहयूग हेइतु इस सहयूग हेइतु भि बहुत धन्यवाद
C:\Users\edwin\OneDrive\Desktop\Capstone\hindi indic\HDSD\hindi_sent\M16\M16_S1_H09_M2.wav,para yaha sanbhava naa hoo sakaa,M16,M16_S1_H09,M2,6,1.8313125,para yaha sanbhava naa hoo sakaa,पर यह सन्भव ना हू सका
C:\Users\edwin\OneDrive\Desktop\Capstone\hindi indic\HDSD\hindi_sent\M16\M16_S1_H10_M2.wav,meirii baatoon ki oora dhyaana diijiyei,M16,M16_S1_H10,M2,6,2.6750625,meiri baatoon ki oora dhyaana diijiye,मेइरि बातून् कि ऊर ध्यान दीजिये
C:\Users\edwin\OneDrive\Desktop\Capstone\hindi indic\HDSD\hindi_sent\M16\M16_S1_H11_M2.wav,yahaan sei sangharshha kaa daura shuruu huaa,M16,M16_S1_H11,M2,7,2.6063125,yahaan se sangharshha kaa daura shuruu huaa,यहान् से सन्घर्ष का दौर शुरू हुआ
C:\Users\edwin\OneDrive\Desktop\Capstone\hindi indic\HDSD\hindi_sent\M16\M16_S1_H12_M2.wav,doonoon mein badaa antara thaa,M16,M16_S1_H12,M2,5,2.6500625,doonoon mein badaa antara thaa,दूनून् मेइन् बदा अन्तर था
C:\Users\edwin\OneDrive\Desktop\Capstone\hindi indic\HDSD\hindi_sent\M16\M16_S1_H13_M2.wav,aapa sabhii kei sahayooga kei liyei bahuta dhanyavaada,M16,M16_S1_H13,M2,8,3.4250625,aapa sabhi ke sahayooga ke liye bahuta dhanyavaada,आप सभि के सहयूग के लिये बहुत धन्यवाद
C:\Users\edwin\OneDrive\Desktop\Capstone\hindi indic\HDSD\hindi_sent\M16\M16_S1_H14_M2.wav,bahuta sei looga aisaa kara rahei hai,M16,M16_S1_H14,M2,7,2.4750625,bahuta se looga aisaa kara rahe hai,बहुत से लूग ऐसा कर रहे है
C:\Users\edwin\OneDrive\Desktop\Capstone\hindi indic\HDSD\hindi_sent\M16\M16_S1_H15_M2.wav,samaya kei saatha hii nahiin usasei aagei chalaa jaaei,M16,M16_S1_H15,M2,9,4.7063125,samaya ke saatha hi nahiin usase aage chalaa jaae,समय के साथ हि नहीन् उससे आगे चला जाए
C:\Users\edwin\OneDrive\Desktop\Capstone\hindi indic\HDSD\hindi_sent\M16\M16_S1_H16_M2.wav,main krikeita kaaphii pasanda karataa huuna,M16,M16_S1_H16,M2,6,2.9750625,main krikeita kaaphi pasanda karataa huuna,मैन् क्रिकेइत काफि पसन्द करता हून
C:\Users\edwin\OneDrive\Desktop\Capstone\hindi indic\HDSD\hindi_sent\M16\M16_S1_H17_M2.wav,shaayada samajha aa gayaa hoo,M16,M16_S1_H17,M2,5,1.6688125,shaayada samajha aa gayaa hoo,शायद समझ आ गया हू
C:\Users\edwin\OneDrive\Desktop\Capstone\hindi indic\HDSD\hindi_sent\M16\M16_S1_H18_M2.wav,joo shaayada aapanei deikhaa naa hoo,M16,M16_S1_H18,M2,6,2.1625625,joo shaayada aapane deikhaa naa hoo,जू शायद आपने देइखा ना हू
C:\Users\edwin\OneDrive\Desktop\Capstone\hindi indic\HDSD\hindi_sent\M16\M16_S1_H19_M2.wav,main gayaa thaa isa baata koo,M16,M16_S1_H19,M2,6,2.6625625,main gayaa thaa isa baata koo,मैन् गया था इस बात कू
C:\Users\edwin\OneDrive\Desktop\Capstone\hindi indic\HDSD\hindi_sent\M16\M16_S1_H20_M2.wav,magara vaha bhii nahiin huaa,M16,M16_S1_H20,M2,5,2.0375625,magara vaha bhi nahiin huaa,मगर वह भि नहीन् हुआ
C:\Users\edwin\OneDrive\Desktop\Capstone\hindi indic\HDSD\hindi_sent\M16\M16_S1_H21_M2.wav,kaa artha hootaa hai bhaya,M16,M16_S1_H21,M2,5,1.9250625,kaa artha hootaa hai bhaya,का अर्थ हूता है भय
C:\Users\edwin\OneDrive\Desktop\Capstone\hindi indic\HDSD\hindi_sent\M16\M16_S1_H22_M2.wav,eika baara phira sei aabhaara,M16,M16_S1_H22,M2,5,2.9250625,eika baara phira se aabhaara,एइक बार फिर से आभार
C:\Users\edwin\OneDrive\Desktop\Capstone\hindi indic\HDSD\hindi_sent\M16\M16_S1_H23_M2.wav,naa jaanei kitanei looga isei hai,M16,M16_S1_H23,M2,6,2.4938125,naa jaane kitane looga ise hai,ना जाने कितने लूग इसे है
C:\Users\edwin\OneDrive\Desktop\Capstone\hindi indic\HDSD\hindi_sent\M16\M16_S1_H24_M2.wav,abhii main shaanta hii huuna,M16,M16_S1_H24,M2,5,2.3813125,abhi main shaanta hi huuna,अभि मैन् शान्त हि हून
C:\Users\edwin\OneDrive\Desktop\Capstone\hindi indic\HDSD\hindi_sent\M16\M16_S1_H25_M2.wav,svaagata kei liyei dhanyavaada,M16,M16_S1_H25,M2,4,1.8275625,svaagata ke liye dhanyavaada,स्वागत के लिये धन्यवाद
C:\Users\edwin\OneDrive\Desktop\Capstone\hindi indic\HDSD\hindi_sent\M16\M16_S1_H26_M2.wav,aapa apanaa yaha achchhaa kaarya jaarii rakhein,M16,M16_S1_H26,M2,7,2.8100625,aapa apanaa yaha achchhaa kaarya jaari rakhein,आप अपना यह अच्छा कार्य जारि रखेइन्
C:\Users\edwin\OneDrive\Desktop\Capstone\hindi indic\HDSD\hindi_sent\M16\M16_S1_H27_M2.wav,main bhaarata mein rahataa huuna,M16,M16_S1_H27,M2,5,1.8000625,main bhaarata mein rahataa huuna,मैन् भारत मेइन् रहता हून
C:\Users\edwin\OneDrive\Desktop\Capstone\hindi indic\HDSD\hindi_sent\M16\M16_S1_H28_M2.wav,kahaa jaataa hai ki unhoonnei kabhii jiivana mein jhuutha kaa sahaaraa nahiin liyaa,M16,M16_S1_H28,M2,13,6.1563125,kahaa jaataa hai ki unhoonne kabhi jiivana mein jhuutha kaa sahaaraa nahiin liyaa,कहा जाता है कि उन्हून्ने कभि जीवन मेइन् झूथ का सहारा नहीन् लिया
C:\Users\edwin\OneDrive\Desktop\Capstone\hindi indic\HDSD\hindi_sent\M16\M16_S1_H29_M2.wav,aapakaa sandeisha paakara achchhaa lagaa,M16,M16_S1_H29,M2,5,1.9688125,aapakaa sandeisha paakara achchhaa lagaa,आपका सन्देइश पाकर अच्छा लगा
C:\Users\edwin\OneDrive\Desktop\Capstone\hindi indic\HDSD\hindi_sent\M16\M16_S1_H30_M2.wav,jaldii sei jaldii kuchha kiijiei,M16,M16_S1_H30,M2,5,2.1818125,jaldi se jaldi kuchha kiijie,जल्दि से जल्दि कुछ कीजिए
C:\Users\edwin\OneDrive\Desktop\Capstone\hindi indic\HDSD\hindi_sent\M18\M18_S1_H01_M2.wav,aapakei hindii pasanda karanei para khushii huii,M18,M18_S1_H01,M2,7,3.2875,aapake hindi pasanda karane para khushi hui,आपके हिन्दि पसन्द करने पर खुशि हुइ
C:\Users\edwin\OneDrive\Desktop\Capstone\hindi indic\HDSD\hindi_sent\M18\M18_S1_H02_M2.wav,isakei badalei mein tuma kuchha aura maanaga loo,M18,M18_S1_H02,M2,8,3.5625625,isake badale mein tuma kuchha aura maanaga loo,इसके बदले मेइन् तुम कुछ और मानग लू
C:\Users\edwin\OneDrive\Desktop\Capstone\hindi indic\HDSD\hindi_sent\M18\M18_S1_H03_M2.wav,chikitsaa kaa artha hootaa hai ilaaja,M18,M18_S1_H03,M2,6,3.2219375,chikitsaa kaa artha hootaa hai ilaaja,चिकित्सा का अर्थ हूता है इलाज
C:\Users\edwin\OneDrive\Desktop\Capstone\hindi indic\HDSD\hindi_sent\M18\M18_S1_H04_M2.wav,isei aisei hii jaarii rakhein,M18,M18_S1_H04,M2,5,3.0906875,ise aise hi jaari rakhein,इसे ऐसे हि जारि रखेइन्
C:\Users\edwin\OneDrive\Desktop\Capstone\hindi indic\HDSD\hindi_sent\M18\M18_S1_H05_M2.wav,madada kei liyei bahuta dhanyavaada,M18,M18_S1_H05,M2,5,2.3875625,madada ke liye bahuta dhanyavaada,मदद के लिये बहुत धन्यवाद
C:\Users\edwin\OneDrive\Desktop\Capstone\hindi indic\HDSD\hindi_sent\M18\M18_S1_H06_M2.wav,aba joo main kahataa huuna usakaa paalana karoo,M18,M18_S1_H06,M2,8,3.1000625,aba joo main kahataa huuna usakaa paalana karoo,अब जू मैन् कहता हून उसका पालन करू
C:\Users\edwin\OneDrive\Desktop\Capstone\hindi indic\HDSD\hindi_sent\M18\M18_S1_H07_M2.wav,bhaarata mein aisaa nahiin huaa hai,M18,M18_S1_H07,M2,6,3.4250625,bhaarata mein aisaa nahiin huaa hai,भारत मेइन् ऐसा नहीन् हुआ है
C:\Users\edwin\OneDrive\Desktop\Capstone\hindi indic\HDSD\hindi_sent\M18\M18_S1_H08_M2.wav,isa sahayooga heitu bhii bahuta dhanyavaada,M18,M18_S1_H08,M2,6,4.0625625,isa sahayooga heitu bhi bahuta dhanyavaada,इस सहयूग हेइतु भि बहुत धन्यवाद
C:\Users\edwin\OneDrive\Desktop\Capstone\hindi indic\HDSD\hindi_sent\M18\M18_S1_H09_M2.wav,para yaha sanbhava naa hoo sakaa,M18,M18_S1_H09,M2,6,2.3500625,para yaha sanbhava naa hoo sakaa,पर यह सन्भव ना हू सका
C:\Users\edwin\OneDrive\Desktop\Capstone\hindi indic\HDSD\hindi_sent\M18\M18_S1_H10_M2.wav,meirii baatoon ki oora dhyaana diijiyei,M18,M18_S1_H10,M2,6,2.7063125,meiri baatoon ki oora dhyaana diijiye,मेइरि बातून् कि ऊर ध्यान दीजिये
C:\Users\edwin\OneDrive\Desktop\Capstone\hindi indic\HDSD\hindi_sent\M18\M18_S1_H11_M2.wav,yahaan sei sangharshha kaa daura shuruu huaa,M18,M18_S1_H11,M2,7,3.3625625,yahaan se sangharshha kaa daura shuruu huaa,यहान् से सन्घर्ष का दौर शुरू हुआ
C:\Users\edwin\OneDrive\Desktop\Capstone\hindi indic\HDSD\hindi_sent\M18\M18_S1_H12_M2.wav,doonoon mein badaa antara thaa,M18,M18_S1_H12,M2,5,2.3406875,doonoon mein badaa antara thaa,दूनून् मेइन् बदा अन्तर था
C:\Users\edwin\OneDrive\Desktop\Capstone\hindi indic\HDSD\hindi_sent\M18\M18_S1_H13_M2.wav,aapa sabhii kei sahayooga kei liyei bahuta dhanyavaada,M18,M18_S1_H13,M2,8,3.5394375,aapa sabhi ke sahayooga ke liye bahuta dhanyavaada,आप सभि के सहयूग के लिये बहुत धन्यवाद
C:\Users\edwin\OneDrive\Desktop\Capstone\hindi indic\HDSD\hindi_sent\M18\M18_S1_H14_M2.wav,bahuta sei looga aisaa kara rahei hai,M18,M18_S1_H14,M2,7,2.9638125,bahuta se looga aisaa kara rahe hai,बहुत से लूग ऐसा कर रहे है
C:\Users\edwin\OneDrive\Desktop\Capstone\hindi indic\HDSD\hindi_sent\M18\M18_S1_H15_M2.wav,samaya kei saatha hii nahiin usasei aagei chalaa chalaa jaaei,M18,M18_S1_H15,M2,10,4.8063125,samaya ke saatha hi nahiin usase aage chalaa chalaa jaae,समय के साथ हि नहीन् उससे आगे चला चला जाए
C:\Users\edwin\OneDrive\Desktop\Capstone\hindi indic\HDSD\hindi_sent\M18\M18_S1_H16_M2.wav,main krikeita kheila koo kaaphii pasanda karataa huuna,M18,M18_S1_H16,M2,8,4.2000625,main krikeita kheila koo kaaphi pasanda karataa huuna,मैन् क्रिकेइत खेइल कू काफि पसन्द करता हून
C:\Users\edwin\OneDrive\Desktop\Capstone\hindi indic\HDSD\hindi_sent\M18\M18_S1_H17_M2.wav,shaayada samajha aa gayaa hoo,M18,M18_S1_H17,M2,5,3.9750625,shaayada samajha aa gayaa hoo,शायद समझ आ गया हू
C:\Users\edwin\OneDrive\Desktop\Capstone\hindi indic\HDSD\hindi_sent\M18\M18_S1_H18_M2.wav,joo shaayada aapanei deikhaa naa hoo,M18,M18_S1_H18,M2,6,2.8169375,joo shaayada aapane deikhaa naa hoo,जू शायद आपने देइखा ना हू
C:\Users\edwin\OneDrive\Desktop\Capstone\hindi indic\HDSD\hindi_sent\M18\M18_S1_H19_M2.wav,main bhuula hii gayaa thaa isa baata koo,M18,M18_S1_H19,M2,8,4.3394375,main bhuula hi gayaa thaa isa baata koo,मैन् भूल हि गया था इस बात कू
C:\Users\edwin\OneDrive\Desktop\Capstone\hindi indic\HDSD\hindi_sent\M18\M18_S1_H20_M2.wav,magara vaha bhii nahiin huaa,M18,M18_S1_H20,M2,5,2.7750625,magara vaha bhi nahiin huaa,मगर वह भि नहीन् हुआ
C:\Users\edwin\OneDrive\Desktop\Capstone\hindi indic\HDSD\hindi_sent\M18\M18_S1_H21_M2.wav,dara kaa artha hootaa hai bhaya,M18,M18_S1_H21,M2,6,2.6688125,dara kaa artha hootaa hai bhaya,दर का अर्थ हूता है भय
C:\Users\edwin\OneDrive\Desktop\Capstone\hindi indic\HDSD\hindi_sent\M18\M18_S1_H22_M2.wav,eika baara phira sei aabhaara,M18,M18_S1_H22,M2,5,2.8563125,eika baara phira se aabhaara,एइक बार फिर से आभार
C:\Users\edwin\OneDrive\Desktop\Capstone\hindi indic\HDSD\hindi_sent\M18\M18_S1_H23_M2.wav,naa jaanei kitanei looga isei padhtei hai,M18,M18_S1_H23,M2,7,4.5375625,naa jaane kitane looga ise padhte hai,ना जाने कितने लूग इसे पध्ते है
C:\Users\edwin\OneDrive\Desktop\Capstone\hindi indic\HDSD\hindi_sent\M18\M18_S1_H24_M2.wav,main abhii main shaanta huuna,M18,M18_S1_H24,M2,5,3.7344375,main abhi main shaanta huuna,मैन् अभि मैन् शान्त हून
C:\Users\edwin\OneDrive\Desktop\Capstone\hindi indic\HDSD\hindi_sent\M18\M18_S1_H25_M2.wav,svaagata kei liyei dhanyavaada,M18,M18_S1_H25,M2,4,2.1594375,svaagata ke liye dhanyavaada,स्वागत के लिये धन्यवाद
C:\Users\edwin\OneDrive\Desktop\Capstone\hindi indic\HDSD\hindi_sent\M18\M18_S1_H26_M2.wav,aapa apanaa yaha achchhaa kaarya jaarii rakhein,M18,M18_S1_H26,M2,7,3.2313125,aapa apanaa yaha achchhaa kaarya jaari rakhein,आप अपना यह अच्छा कार्य जारि रखेइन्
C:\Users\edwin\OneDrive\Desktop\Capstone\hindi indic\HDSD\hindi_sent\M18\M18_S1_H27_M2.wav,main bhaarata mein rahataa huuna,M18,M18_S1_H27,M2,5,2.2125625,main bhaarata mein rahataa huuna,मैन् भारत मेइन् रहता हून
C:\Users\edwin\OneDrive\Desktop\Capstone\hindi indic\HDSD\hindi_sent\M18\M18_S1_H28_M2.wav,kahaa jaataa hai ki unhoonnei kabhii jiivana mein jhuutha kaa sahaaraa nahiin liyaa,M18,M18_S1_H28,M2,13,6.3125625,kahaa jaataa hai ki unhoonne kabhi jiivana mein jhuutha kaa sahaaraa nahiin liyaa,कहा जाता है कि उन्हून्ने कभि जीवन मेइन् झूथ का सहारा नहीन् लिया
C:\Users\edwin\OneDrive\Desktop\Capstone\hindi indic\HDSD\hindi_sent\M18\M18_S1_H29_M2.wav,aapakaa sandeisha paakara achchhaa lagaa,M18,M18_S1_H29,M2,5,2.7000625,aapakaa sandeisha paakara achchhaa lagaa,आपका सन्देइश पाकर अच्छा लगा
C:\Users\edwin\OneDrive\Desktop\Capstone\hindi indic\HDSD\hindi_sent\M18\M18_S1_H30_M2.wav,jaldii sei jaldii kuchha kiijiei,M18,M18_S1_H30,M2,5,2.2860625,jaldi se jaldi kuchha kiijie,जल्दि से जल्दि कुछ कीजिए
C:\Users\edwin\OneDrive\Desktop\Capstone\hindi indic\HDSD\hindi_sent\M21\M21_S1_H01_M2.wav,aapakei hindii pasanda karanei para khushii huii,M21,M21_S1_H01,M2,7,2.175,aapake hindi pasanda karane para khushi hui,आपके हिन्दि पसन्द करने पर खुशि हुइ
C:\Users\edwin\OneDrive\Desktop\Capstone\hindi indic\HDSD\hindi_sent\M21\M21_S1_H02_M2.wav,isakei badalei mein tuma kuchha aura maanaga loo,M21,M21_S1_H02,M2,8,2.7250625,isake badale mein tuma kuchha aura maanaga loo,इसके बदले मेइन् तुम कुछ और मानग लू
C:\Users\edwin\OneDrive\Desktop\Capstone\hindi indic\HDSD\hindi_sent\M21\M21_S1_H03_M2.wav,chikitsaa kaa artha hootaa hai ilaaja,M21,M21_S1_H03,M2,6,1.9813125,chikitsaa kaa artha hootaa hai ilaaja,चिकित्सा का अर्थ हूता है इलाज
C:\Users\edwin\OneDrive\Desktop\Capstone\hindi indic\HDSD\hindi_sent\M21\M21_S1_H04_M2.wav,aisei aisei hii jaarii rakhein,M21,M21_S1_H04,M2,5,3.8313125,aise aise hi jaari rakhein,ऐसे ऐसे हि जारि रखेइन्
C:\Users\edwin\OneDrive\Desktop\Capstone\hindi indic\HDSD\hindi_sent\M21\M21_S1_H05_M2.wav,madada kei liyei bahuta dhanyavaada,M21,M21_S1_H05,M2,5,2.0938125,madada ke liye bahuta dhanyavaada,मदद के लिये बहुत धन्यवाद
C:\Users\edwin\OneDrive\Desktop\Capstone\hindi indic\HDSD\hindi_sent\M21\M21_S1_H06_M2.wav,aba joo main kahataa huuna usakaa paalana karoo,M21,M21_S1_H06,M2,8,2.6750625,aba joo main kahataa huuna usakaa paalana karoo,अब जू मैन् कहता हून उसका पालन करू
C:\Users\edwin\OneDrive\Desktop\Capstone\hindi indic\HDSD\hindi_sent\M21\M21_S1_H07_M2.wav,bhaarata mein aisaa nahiin huaa hai,M21,M21_S1_H07,M2,6,1.9500625,bhaarata mein aisaa nahiin huaa hai,भारत मेइन् ऐसा नहीन् हुआ है
C:\Users\edwin\OneDrive\Desktop\Capstone\hindi indic\HDSD\hindi_sent\M21\M21_S1_H08_M2.wav,isa sahayooga heitu bhii bahuta dhanyavaada,M21,M21_S1_H08,M2,6,2.5688125,isa sahayooga heitu bhi bahuta dhanyavaada,इस सहयूग हेइतु भि बहुत धन्यवाद
C:\Users\edwin\OneDrive\Desktop\Capstone\hindi indic\HDSD\hindi_sent\M21\M21_S1_H09_M2.wav,para yaha sanbhava naa hoo sakaa,M21,M21_S1_H09,M2,6,1.7063125,para yaha sanbhava naa hoo sakaa,पर यह सन्भव ना हू सका
C:\Users\edwin\OneDrive\Desktop\Capstone\hindi indic\HDSD\hindi_sent\M21\M21_S1_H10_M2.wav,meirii baatoon ki oora dhyaana diijiyei,M21,M21_S1_H10,M2,6,2.1063125,meiri baatoon ki oora dhyaana diijiye,मेइरि बातून् कि ऊर ध्यान दीजिये
C:\Users\edwin\OneDrive\Desktop\Capstone\hindi indic\HDSD\hindi_sent\M21\M21_S1_H11_M2.wav,yahaan sei sangharshha kaa daura shuruu huaa,M21,M21_S1_H11,M2,7,2.1938125,yahaan se sangharshha kaa daura shuruu huaa,यहान् से सन्घर्ष का दौर शुरू हुआ
C:\Users\edwin\OneDrive\Desktop\Capstone\hindi indic\HDSD\hindi_sent\M21\M21_S1_H12_M2.wav,doonoon mein thaa,M21,M21_S1_H12,M2,3,2.3750625,doonoon mein thaa,दूनून् मेइन् था
C:\Users\edwin\OneDrive\Desktop\Capstone\hindi indic\HDSD\hindi_sent\M21\M21_S1_H13_M2.wav,aapa sabhii kei sahayooga kei liyei bahuta dhanyavaada,M21,M21_S1_H13,M2,8,3.4188125,aapa sabhi ke sahayooga ke liye bahuta dhanyavaada,आप सभि के सहयूग के लिये बहुत धन्यवाद
C:\Users\edwin\OneDrive\Desktop\Capstone\hindi indic\HDSD\hindi_sent\M21\M21_S1_H14_M2.wav,bahuta sei looga aisaa kara rahei hai,M21,M21_S1_H14,M2,7,2.0438125,bahuta se looga aisaa kara rahe hai,बहुत से लूग ऐसा कर रहे है
C:\Users\edwin\OneDrive\Desktop\Capstone\hindi indic\HDSD\hindi_sent\M21\M21_S1_H15_M2.wav,samaya kei saatha hii nahiin usasei aagei chalaa jaaei,M21,M21_S1_H15,M2,9,4.0188125,samaya ke saatha hi nahiin usase aage chalaa jaae,समय के साथ हि नहीन् उससे आगे चला जाए
C:\Users\edwin\OneDrive\Desktop\Capstone\hindi indic\HDSD\hindi_sent\M21\M21_S1_H16_M2.wav,main krikeita kheila koo kaaphii pasanda karataa huuna,M21,M21_S1_H16,M2,8,2.8938125,main krikeita kheila koo kaaphi pasanda karataa huuna,मैन् क्रिकेइत खेइल कू काफि पसन्द करता हून
C:\Users\edwin\OneDrive\Desktop\Capstone\hindi indic\HDSD\hindi_sent\M21\M21_S1_H17_M2.wav,shaayada samajha aa gayaa hoo,M21,M21_S1_H17,M2,5,1.8438125,shaayada samajha aa gayaa hoo,शायद समझ आ गया हू
C:\Users\edwin\OneDrive\Desktop\Capstone\hindi indic\HDSD\hindi_sent\M21\M21_S1_H18_M2.wav,joo shaayada aapanei deikhaa naa hoo,M21,M21_S1_H18,M2,6,2.2750625,joo shaayada aapane deikhaa naa hoo,जू शायद आपने देइखा ना हू
C:\Users\edwin\OneDrive\Desktop\Capstone\hindi indic\HDSD\hindi_sent\M21\M21_S1_H19_M2.wav,main bhuula hii gayaa thaa isa baata koo,M21,M21_S1_H19,M2,8,2.0188125,main bhuula hi gayaa thaa isa baata koo,मैन् भूल हि गया था इस बात कू
C:\Users\edwin\OneDrive\Desktop\Capstone\hindi indic\HDSD\hindi_sent\M21\M21_S1_H20_M2.wav,magara vaha bhii nahiin huaa,M21,M21_S1_H20,M2,5,1.4125625,magara vaha bhi nahiin huaa,मगर वह भि नहीन् हुआ
C:\Users\edwin\OneDrive\Desktop\Capstone\hindi indic\HDSD\hindi_sent\M21\M21_S1_H21_M2.wav,dara kaa artha hootaa hai bhaya,M21,M21_S1_H21,M2,6,1.9375625,dara kaa artha hootaa hai bhaya,दर का अर्थ हूता है भय
C:\Users\edwin\OneDrive\Desktop\Capstone\hindi indic\HDSD\hindi_sent\M21\M21_S1_H22_M2.wav,eika baara phira sei aabhaara,M21,M21_S1_H22,M2,5,2.1125625,eika baara phira se aabhaara,एइक बार फिर से आभार
C:\Users\edwin\OneDrive\Desktop\Capstone\hindi indic\HDSD\hindi_sent\M21\M21_S1_H23_M2.wav,naa jaanei kitanei looga isei padhtei hai,M21,M21_S1_H23,M2,7,3.0500625,naa jaane kitane looga ise padhte hai,ना जाने कितने लूग इसे पध्ते है
C:\Users\edwin\OneDrive\Desktop\Capstone\hindi indic\HDSD\hindi_sent\M21\M21_S1_H24_M2.wav,abhii main shaanta hii huuna,M21,M21_S1_H24,M2,5,1.7750625,abhi main shaanta hi huuna,अभि मैन् शान्त हि हून
C:\Users\edwin\OneDrive\Desktop\Capstone\hindi indic\HDSD\hindi_sent\M21\M21_S1_H25_M2.wav,svaagata kei liyei dhanyavaada,M21,M21_S1_H25,M2,4,1.9563125,svaagata ke liye dhanyavaada,स्वागत के लिये धन्यवाद
C:\Users\edwin\OneDrive\Desktop\Capstone\hindi indic\HDSD\hindi_sent\M21\M21_S1_H26_M2.wav,aapa apanaa yaha achchhaa kaarya jaarii rakhein,M21,M21_S1_H26,M2,7,2.8688125,aapa apanaa yaha achchhaa kaarya jaari rakhein,आप अपना यह अच्छा कार्य जारि रखेइन्
C:\Users\edwin\OneDrive\Desktop\Capstone\hindi indic\HDSD\hindi_sent\M21\M21_S1_H27_M2.wav,main bhaarata mein rahataa huuna,M21,M21_S1_H27,M2,5,1.8125625,main bhaarata mein rahataa huuna,मैन् भारत मेइन् रहता हून
C:\Users\edwin\OneDrive\Desktop\Capstone\hindi indic\HDSD\hindi_sent\M21\M21_S1_H28_M2.wav,kahaa jaataa hai ki unhoonnei kabhii jiivana mein jhuutha kaa sahaaraa nahiin liyaa,M21,M21_S1_H28,M2,13,4.8625625,kahaa jaataa hai ki unhoonne kabhi jiivana mein jhuutha kaa sahaaraa nahiin liyaa,कहा जाता है कि उन्हून्ने कभि जीवन मेइन् झूथ का सहारा नहीन् लिया
C:\Users\edwin\OneDrive\Desktop\Capstone\hindi indic\HDSD\hindi_sent\M21\M21_S1_H29_M2.wav,aapakaa sandeisha paakara achchhaa lagaa,M21,M21_S1_H29,M2,5,2.6625625,aapakaa sandeisha paakara achchhaa lagaa,आपका सन्देइश पाकर अच्छा लगा
C:\Users\edwin\OneDrive\Desktop\Capstone\hindi indic\HDSD\hindi_sent\M21\M21_S1_H30_M2.wav,jaldii sei jaldii kuchha kiijiei,M21,M21_S1_H30,M2,5,2.1094375,jaldi se jaldi kuchha kiijie,जल्दि से जल्दि कुछ कीजिए
C:\Users\edwin\OneDrive\Desktop\Capstone\hindi indic\HDSD\hindi_sent\M22\M22_S1_H01_M2.wav,aapakei hindii pasanda karanei para khushii huii,M22,M22_S1_H01,M2,7,3.21875,aapake hindi pasanda karane para khushi hui,आपके हिन्दि पसन्द करने पर खुशि हुइ
C:\Users\edwin\OneDrive\Desktop\Capstone\hindi indic\HDSD\hindi_sent\M22\M22_S1_H02_M2.wav,isakei badalei mein tuma kuchha aura maanaga loo,M22,M22_S1_H02,M2,8,2.4438125,isake badale mein tuma kuchha aura maanaga loo,इसके बदले मेइन् तुम कुछ और मानग लू
C:\Users\edwin\OneDrive\Desktop\Capstone\hindi indic\HDSD\hindi_sent\M22\M22_S1_H03_M2.wav,chikitsaa kaa artha hootaa hai ilaaja,M22,M22_S1_H03,M2,6,2.3813125,chikitsaa kaa artha hootaa hai ilaaja,चिकित्सा का अर्थ हूता है इलाज
C:\Users\edwin\OneDrive\Desktop\Capstone\hindi indic\HDSD\hindi_sent\M22\M22_S1_H04_M2.wav,isei aisei hii jaarii rakhein,M22,M22_S1_H04,M2,5,1.9250625,ise aise hi jaari rakhein,इसे ऐसे हि जारि रखेइन्
C:\Users\edwin\OneDrive\Desktop\Capstone\hindi indic\HDSD\hindi_sent\M22\M22_S1_H05_M2.wav,madada kei liyei bahuta dhanyavaada,M22,M22_S1_H05,M2,5,2.0125625,madada ke liye bahuta dhanyavaada,मदद के लिये बहुत धन्यवाद
C:\Users\edwin\OneDrive\Desktop\Capstone\hindi indic\HDSD\hindi_sent\M22\M22_S1_H06_M2.wav,aba joo main kahataa huuna usakaa paalana karoo,M22,M22_S1_H06,M2,8,2.3563125,aba joo main kahataa huuna usakaa paalana karoo,अब जू मैन् कहता हून उसका पालन करू
C:\Users\edwin\OneDrive\Desktop\Capstone\hindi indic\HDSD\hindi_sent\M22\M22_S1_H07_M2.wav,bhaarata mein aisaa nahiin huaa hai,M22,M22_S1_H07,M2,6,2.6063125,bhaarata mein aisaa nahiin huaa hai,भारत मेइन् ऐसा नहीन् हुआ है
C:\Users\edwin\OneDrive\Desktop\Capstone\hindi indic\HDSD\hindi_sent\M22\M22_S1_H08_M2.wav,isa sahayooga heitu bhii bahuta dhanyavaada,M22,M22_S1_H08,M2,6,3.4313125,isa sahayooga heitu bhi bahuta dhanyavaada,इस सहयूग हेइतु भि बहुत धन्यवाद
C:\Users\edwin\OneDrive\Desktop\Capstone\hindi indic\HDSD\hindi_sent\M22\M22_S1_H09_M2.wav,para yaha sanbhava naa hoo sakaa,M22,M22_S1_H09,M2,6,1.8406875,para yaha sanbhava naa hoo sakaa,पर यह सन्भव ना हू सका
C:\Users\edwin\OneDrive\Desktop\Capstone\hindi indic\HDSD\hindi_sent\M22\M22_S1_H10_M2.wav,meirii baatoon ki oora dhyaana diijiyei,M22,M22_S1_H10,M2,6,2.7844375,meiri baatoon ki oora dhyaana diijiye,मेइरि बातून् कि ऊर ध्यान दीजिये
C:\Users\edwin\OneDrive\Desktop\Capstone\hindi indic\HDSD\hindi_sent\M22\M22_S1_H11_M2.wav,yahaan sei sangharshha kaa daura shuruu huaa,M22,M22_S1_H11,M2,7,2.7844375,yahaan se sangharshha kaa daura shuruu huaa,यहान् से सन्घर्ष का दौर शुरू हुआ
C:\Users\edwin\OneDrive\Desktop\Capstone\hindi indic\HDSD\hindi_sent\M22\M22_S1_H12_M2.wav,doonoon mein badaa antara thaa,M22,M22_S1_H12,M2,5,1.6969375,doonoon mein badaa antara thaa,दूनून् मेइन् बदा अन्तर था
C:\Users\edwin\OneDrive\Desktop\Capstone\hindi indic\HDSD\hindi_sent\M22\M22_S1_H13_M2.wav,aapa sabhii kei sahayooga kei liyei bahuta dhanyavaada,M22,M22_S1_H13,M2,8,2.7625625,aapa sabhi ke sahayooga ke liye bahuta dhanyavaada,आप सभि के सहयूग के लिये बहुत धन्यवाद
C:\Users\edwin\OneDrive\Desktop\Capstone\hindi indic\HDSD\hindi_sent\M22\M22_S1_H14_M2.wav,bahuta sei looga aisaa kara rahei hai,M22,M22_S1_H14,M2,7,2.7875625,bahuta se looga aisaa kara rahe hai,बहुत से लूग ऐसा कर रहे है
C:\Users\edwin\OneDrive\Desktop\Capstone\hindi indic\HDSD\hindi_sent\M22\M22_S1_H15_M2.wav,samaya kei saatha hii nahiin usasei aagei chalaa jaaei,M22,M22_S1_H15,M2,9,3.2688125,samaya ke saatha hi nahiin usase aage chalaa jaae,समय के साथ हि नहीन् उससे आगे चला जाए
C:\Users\edwin\OneDrive\Desktop\Capstone\hindi indic\HDSD\hindi_sent\M22\M22_S1_H16_M2.wav,main krikeita kheila koo kaaphii pasanda karataa huuna,M22,M22_S1_H16,M2,8,2.7625625,main krikeita kheila koo kaaphi pasanda karataa huuna,मैन् क्रिकेइत खेइल कू काफि पसन्द करता हून
C:\Users\edwin\OneDrive\Desktop\Capstone\hindi indic\HDSD\hindi_sent\M22\M22_S1_H17_M2.wav,shaayada samajha aa gayaa hoo,M22,M22_S1_H17,M2,5,1.8688125,shaayada samajha aa gayaa hoo,शायद समझ आ गया हू
C:\Users\edwin\OneDrive\Desktop\Capstone\hindi indic\HDSD\hindi_sent\M22\M22_S1_H18_M2.wav,joo shaayada aapanei deikhaa naa hoo,M22,M22_S1_H18,M2,6,2.5688125,joo shaayada aapane deikhaa naa hoo,जू शायद आपने देइखा ना हू
C:\Users\edwin\OneDrive\Desktop\Capstone\hindi indic\HDSD\hindi_sent\M22\M22_S1_H19_M2.wav,main bhuula hii gayaa thaa isa baata koo,M22,M22_S1_H19,M2,8,2.1250625,main bhuula hi gayaa thaa isa baata koo,मैन् भूल हि गया था इस बात कू
C:\Users\edwin\OneDrive\Desktop\Capstone\hindi indic\HDSD\hindi_sent\M22\M22_S1_H20_M2.wav,magara vaha bhii nahiin huaa,M22,M22_S1_H20,M2,5,2.7000625,magara vaha bhi nahiin huaa,मगर वह भि नहीन् हुआ
C:\Users\edwin\OneDrive\Desktop\Capstone\hindi indic\HDSD\hindi_sent\M22\M22_S1_H21_M2.wav,dara kaa artha hootaa hai bhaya,M22,M22_S1_H21,M2,6,1.7938125,dara kaa artha hootaa hai bhaya,दर का अर्थ हूता है भय
C:\Users\edwin\OneDrive\Desktop\Capstone\hindi indic\HDSD\hindi_sent\M22\M22_S1_H22_M2.wav,eika baara phira sei aabhaara,M22,M22_S1_H22,M2,5,1.8500625,eika baara phira se aabhaara,एइक बार फिर से आभार
C:\Users\edwin\OneDrive\Desktop\Capstone\hindi indic\HDSD\hindi_sent\M22\M22_S1_H23_M2.wav,naa jaanei kitanei looga isei padhtei hai,M22,M22_S1_H23,M2,7,2.2688125,naa jaane kitane looga ise padhte hai,ना जाने कितने लूग इसे पध्ते है
C:\Users\edwin\OneDrive\Desktop\Capstone\hindi indic\HDSD\hindi_sent\M22\M22_S1_H24_M2.wav,abhii main shaanta hii huuna,M22,M22_S1_H24,M2,5,1.9063125,abhi main shaanta hi huuna,अभि मैन् शान्त हि हून
C:\Users\edwin\OneDrive\Desktop\Capstone\hindi indic\HDSD\hindi_sent\M22\M22_S1_H25_M2.wav,svaagata kei liyei dhanyavaada,M22,M22_S1_H25,M2,4,1.6563125,svaagata ke liye dhanyavaada,स्वागत के लिये धन्यवाद
C:\Users\edwin\OneDrive\Desktop\Capstone\hindi indic\HDSD\hindi_sent\M22\M22_S1_H26_M2.wav,aapa apanaa yaha achchhaa kaarya jaarii rakhein,M22,M22_S1_H26,M2,7,2.8663125,aapa apanaa yaha achchhaa kaarya jaari rakhein,आप अपना यह अच्छा कार्य जारि रखेइन्
C:\Users\edwin\OneDrive\Desktop\Capstone\hindi indic\HDSD\hindi_sent\M22\M22_S1_H27_M2.wav,main bhaarata mein rahataa huuna,M22,M22_S1_H27,M2,5,1.6963125,main bhaarata mein rahataa huuna,मैन् भारत मेइन् रहता हून
C:\Users\edwin\OneDrive\Desktop\Capstone\hindi indic\HDSD\hindi_sent\M22\M22_S1_H28_M2.wav,kahaa jaataa hai ki unhoonnei kabhii jiivana mein jhuutha kaa sahaaraa nahiin liyaa,M22,M22_S1_H28,M2,13,4.3750625,kahaa jaataa hai ki unhoonne kabhi jiivana mein jhuutha kaa sahaaraa nahiin liyaa,कहा जाता है कि उन्हून्ने कभि जीवन मेइन् झूथ का सहारा नहीन् लिया
C:\Users\edwin\OneDrive\Desktop\Capstone\hindi indic\HDSD\hindi_sent\M22\M22_S1_H29_M2.wav,aapakaa sandeisha paakara achchhaa lagaa,M22,M22_S1_H29,M2,5,2.1625625,aapakaa sandeisha paakara achchhaa lagaa,आपका सन्देइश पाकर अच्छा लगा
C:\Users\edwin\OneDrive\Desktop\Capstone\hindi indic\HDSD\hindi_sent\M22\M22_S1_H30_M2.wav,jaldii sei jaldii kuchha kiijiei,M22,M22_S1_H30,M2,5,2.5274375,jaldi se jaldi kuchha kiijie,जल्दि से जल्दि कुछ कीजिए
C:\Users\edwin\OneDrive\Desktop\Capstone\hindi indic\HDSD\hindi_sent\M23\M23_S1_H01_M2.wav,aapakei hindii pasanda karanei para khushii huii,M23,M23_S1_H01,M2,7,2.6125,aapake hindi pasanda karane para khushi hui,आपके हिन्दि पसन्द करने पर खुशि हुइ
C:\Users\edwin\OneDrive\Desktop\Capstone\hindi indic\HDSD\hindi_sent\M23\M23_S1_H02_M2.wav,isakei badalei mein tuma kuchha aura maanaga loo,M23,M23_S1_H02,M2,8,2.0250625,isake badale mein tuma kuchha aura maanaga loo,इसके बदले मेइन् तुम कुछ और मानग लू
C:\Users\edwin\OneDrive\Desktop\Capstone\hindi indic\HDSD\hindi_sent\M23\M23_S1_H03_M2.wav,chikitsaa kaa artha hootaa hai ilaaja,M23,M23_S1_H03,M2,6,2.4813125,chikitsaa kaa artha hootaa hai ilaaja,चिकित्सा का अर्थ हूता है इलाज
C:\Users\edwin\OneDrive\Desktop\Capstone\hindi indic\HDSD\hindi_sent\M23\M23_S1_H04_M2.wav,isei aisei hii jaarii rakhein,M23,M23_S1_H04,M2,5,2.0125625,ise aise hi jaari rakhein,इसे ऐसे हि जारि रखेइन्
C:\Users\edwin\OneDrive\Desktop\Capstone\hindi indic\HDSD\hindi_sent\M23\M23_S1_H05_M2.wav,madada kei liyei bahuta dhanyavaada,M23,M23_S1_H05,M2,5,1.9250625,madada ke liye bahuta dhanyavaada,मदद के लिये बहुत धन्यवाद
C:\Users\edwin\OneDrive\Desktop\Capstone\hindi indic\HDSD\hindi_sent\M23\M23_S1_H06_M2.wav,aba joo main kahataa huuna usakaa paalana karoo,M23,M23_S1_H06,M2,8,2.5438125,aba joo main kahataa huuna usakaa paalana karoo,अब जू मैन् कहता हून उसका पालन करू
C:\Users\edwin\OneDrive\Desktop\Capstone\hindi indic\HDSD\hindi_sent\M23\M23_S1_H07_M2.wav,bhaarata mein aisaa nahiin huaa hai,M23,M23_S1_H07,M2,6,1.9688125,bhaarata mein aisaa nahiin huaa hai,भारत मेइन् ऐसा नहीन् हुआ है
C:\Users\edwin\OneDrive\Desktop\Capstone\hindi indic\HDSD\hindi_sent\M23\M23_S1_H08_M2.wav,isa sahayooga heitu bhii bahuta dhanyavaada,M23,M23_S1_H08,M2,6,3.0188125,isa sahayooga heitu bhi bahuta dhanyavaada,इस सहयूग हेइतु भि बहुत धन्यवाद
C:\Users\edwin\OneDrive\Desktop\Capstone\hindi indic\HDSD\hindi_sent\M23\M23_S1_H09_M2.wav,para yaha sanbhava naa hoo sakaa,M23,M23_S1_H09,M2,6,2.3500625,para yaha sanbhava naa hoo sakaa,पर यह सन्भव ना हू सका
C:\Users\edwin\OneDrive\Desktop\Capstone\hindi indic\HDSD\hindi_sent\M23\M23_S1_H10_M2.wav,meirii baatoon ki oora dhyaana diijiyei,M23,M23_S1_H10,M2,6,2.3875625,meiri baatoon ki oora dhyaana diijiye,मेइरि बातून् कि ऊर ध्यान दीजिये
C:\Users\edwin\OneDrive\Desktop\Capstone\hindi indic\HDSD\hindi_sent\M23\M23_S1_H11_M2.wav,yahaan sei sangharshha daura daura shuruu huaa,M23,M23_S1_H11,M2,7,2.9625625,yahaan se sangharshha daura daura shuruu huaa,यहान् से सन्घर्ष दौर दौर शुरू हुआ
C:\Users\edwin\OneDrive\Desktop\Capstone\hindi indic\HDSD\hindi_sent\M23\M23_S1_H12_M2.wav,doonoon mein badaa antara thaa,M23,M23_S1_H12,M2,5,1.5563125,doonoon mein badaa antara thaa,दूनून् मेइन् बदा अन्तर था
C:\Users\edwin\OneDrive\Desktop\Capstone\hindi indic\HDSD\hindi_sent\M23\M23_S1_H13_M2.wav,aapa sabhii kei sahayooga kei liyei bahuta dhanyavaada,M23,M23_S1_H13,M2,8,3.1250625,aapa sabhi ke sahayooga ke liye bahuta dhanyavaada,आप सभि के सहयूग के लिये बहुत धन्यवाद
C:\Users\edwin\OneDrive\Desktop\Capstone\hindi indic\HDSD\hindi_sent\M23\M23_S1_H14_M2.wav,bahuta sei looga aisaa kara rahei hai,M23,M23_S1_H14,M2,7,2.1250625,bahuta se looga aisaa kara rahe hai,बहुत से लूग ऐसा कर रहे है
C:\Users\edwin\OneDrive\Desktop\Capstone\hindi indic\HDSD\hindi_sent\M23\M23_S1_H15_M2.wav,samaya kei saatha hii nahiin usasei aagei chalaa jaaei,M23,M23_S1_H15,M2,9,3.0250625,samaya ke saatha hi nahiin usase aage chalaa jaae,समय के साथ हि नहीन् उससे आगे चला जाए
C:\Users\edwin\OneDrive\Desktop\Capstone\hindi indic\HDSD\hindi_sent\M23\M23_S1_H16_M2.wav,main krikeita kheila koo kaaphii pasanda karataa huuna,M23,M23_S1_H16,M2,8,2.9438125,main krikeita kheila koo kaaphi pasanda karataa huuna,मैन् क्रिकेइत खेइल कू काफि पसन्द करता हून
C:\Users\edwin\OneDrive\Desktop\Capstone\hindi indic\HDSD\hindi_sent\M23\M23_S1_H17_M2.wav,shaayada samajha aa gayaa hoo,M23,M23_S1_H17,M2,5,2.0250625,shaayada samajha aa gayaa hoo,शायद समझ आ गया हू
C:\Users\edwin\OneDrive\Desktop\Capstone\hindi indic\HDSD\hindi_sent\M23\M23_S1_H18_M2.wav,joo shaayada aapanei deikhaa naa hoo,M23,M23_S1_H18,M2,6,2.0563125,joo shaayada aapane deikhaa naa hoo,जू शायद आपने देइखा ना हू
C:\Users\edwin\OneDrive\Desktop\Capstone\hindi indic\HDSD\hindi_sent\M23\M23_S1_H19_M2.wav,main bhuula hii gayaa thaa isa baata koo,M23,M23_S1_H19,M2,8,2.0375625,main bhuula hi gayaa thaa isa baata koo,मैन् भूल हि गया था इस बात कू
C:\Users\edwin\OneDrive\Desktop\Capstone\hindi indic\HDSD\hindi_sent\M23\M23_S1_H20_M2.wav,magara vaha bhii nahiin huaa,M23,M23_S1_H20,M2,5,1.6563125,magara vaha bhi nahiin huaa,मगर वह भि नहीन् हुआ
C:\Users\edwin\OneDrive\Desktop\Capstone\hindi indic\HDSD\hindi_sent\M23\M23_S1_H21_M2.wav,dara kaa artha hootaa hai bhaya,M23,M23_S1_H21,M2,6,2.0563125,dara kaa artha hootaa hai bhaya,दर का अर्थ हूता है भय
C:\Users\edwin\OneDrive\Desktop\Capstone\hindi indic\HDSD\hindi_sent\M23\M23_S1_H22_M2.wav,eika baara phira sei aabhaara,M23,M23_S1_H22,M2,5,1.7563125,eika baara phira se aabhaara,एइक बार फिर से आभार
C:\Users\edwin\OneDrive\Desktop\Capstone\hindi indic\HDSD\hindi_sent\M23\M23_S1_H23_M2.wav,naa jaanei kitanei looga isei padhtei hai,M23,M23_S1_H23,M2,7,2.3938125,naa jaane kitane looga ise padhte hai,ना जाने कितने लूग इसे पध्ते है
C:\Users\edwin\OneDrive\Desktop\Capstone\hindi indic\HDSD\hindi_sent\M23\M23_S1_H24_M2.wav,abhii main shaanta hii huuna,M23,M23_S1_H24,M2,5,1.7063125,abhi main shaanta hi huuna,अभि मैन् शान्त हि हून
C:\Users\edwin\OneDrive\Desktop\Capstone\hindi indic\HDSD\hindi_sent\M23\M23_S1_H25_M2.wav,svaagata kei liyei dhanyavaada,M23,M23_S1_H25,M2,4,1.7563125,svaagata ke liye dhanyavaada,स्वागत के लिये धन्यवाद
C:\Users\edwin\OneDrive\Desktop\Capstone\hindi indic\HDSD\hindi_sent\M23\M23_S1_H26_M2.wav,aapa apanaa yaha achchhaa kaarya jaarii rakhein,M23,M23_S1_H26,M2,7,3.0313125,aapa apanaa yaha achchhaa kaarya jaari rakhein,आप अपना यह अच्छा कार्य जारि रखेइन्
C:\Users\edwin\OneDrive\Desktop\Capstone\hindi indic\HDSD\hindi_sent\M23\M23_S1_H27_M2.wav,main bhaarata mein rahataa huuna,M23,M23_S1_H27,M2,5,1.5875625,main bhaarata mein rahataa huuna,मैन् भारत मेइन् रहता हून
C:\Users\edwin\OneDrive\Desktop\Capstone\hindi indic\HDSD\hindi_sent\M23\M23_S1_H28_M2.wav,kahaa jaataa hai ki unhoonnei kabhii jiivana mein jhuutha kaa sahaaraa nahiin liyaa,M23,M23_S1_H28,M2,13,4.7563125,kahaa jaataa hai ki unhoonne kabhi jiivana mein jhuutha kaa sahaaraa nahiin liyaa,कहा जाता है कि उन्हून्ने कभि जीवन मेइन् झूथ का सहारा नहीन् लिया
C:\Users\edwin\OneDrive\Desktop\Capstone\hindi indic\HDSD\hindi_sent\M23\M23_S1_H29_M2.wav,aapakaa sandeisha paakara achchhaa lagaa,M23,M23_S1_H29,M2,5,2.3363125,aapakaa sandeisha paakara achchhaa lagaa,आपका सन्देइश पाकर अच्छा लगा
C:\Users\edwin\OneDrive\Desktop\Capstone\hindi indic\HDSD\hindi_sent\M23\M23_S1_H30_M2.wav,jaldii sei jaldii kuchha kiijiei,M23,M23_S1_H30,M2,5,1.7219375,jaldi se jaldi kuchha kiijie,जल्दि से जल्दि कुछ कीजिए
C:\Users\edwin\OneDrive\Desktop\Capstone\hindi indic\HDSD\hindi_sent\M24\M24_S1_H01_M2.wav,aapakei hindii pasanda karanei khushii hai,M24,M24_S1_H01,M2,6,2.825,aapake hindi pasanda karane khushi hai,आपके हिन्दि पसन्द करने खुशि है
C:\Users\edwin\OneDrive\Desktop\Capstone\hindi indic\HDSD\hindi_sent\M24\M24_S1_H02_M2.wav,isakei badalei mein tuma kuchha maanaga loo,M24,M24_S1_H02,M2,7,2.7000625,isake badale mein tuma kuchha maanaga loo,इसके बदले मेइन् तुम कुछ मानग लू
C:\Users\edwin\OneDrive\Desktop\Capstone\hindi indic\HDSD\hindi_sent\M24\M24_S1_H03_M2.wav,chikitsaa kaa artha hootaa hai ilaaja,M24,M24_S1_H03,M2,6,2.1375625,chikitsaa kaa artha hootaa hai ilaaja,चिकित्सा का अर्थ हूता है इलाज
C:\Users\edwin\OneDrive\Desktop\Capstone\hindi indic\HDSD\hindi_sent\M24\M24_S1_H04_M2.wav,isei aisei hii jaarii rakhein,M24,M24_S1_H04,M2,5,1.7563125,ise aise hi jaari rakhein,इसे ऐसे हि जारि रखेइन्
C:\Users\edwin\OneDrive\Desktop\Capstone\hindi indic\HDSD\hindi_sent\M24\M24_S1_H05_M2.wav,madada kei liyei bahuta dhanyavaada,M24,M24_S1_H05,M2,5,1.7188125,madada ke liye bahuta dhanyavaada,मदद के लिये बहुत धन्यवाद
C:\Users\edwin\OneDrive\Desktop\Capstone\hindi indic\HDSD\hindi_sent\M24\M24_S1_H06_M2.wav,aba joo main kahataa huuna usakaa paalana karoo,M24,M24_S1_H06,M2,8,2.7125625,aba joo main kahataa huuna usakaa paalana karoo,अब जू मैन् कहता हून उसका पालन करू
C:\Users\edwin\OneDrive\Desktop\Capstone\hindi indic\HDSD\hindi_sent\M24\M24_S1_H07_M2.wav,bhaarata mein aisaa nahiin huaa hai,M24,M24_S1_H07,M2,6,1.6938125,bhaarata mein aisaa nahiin huaa hai,भारत मेइन् ऐसा नहीन् हुआ है
C:\Users\edwin\OneDrive\Desktop\Capstone\hindi indic\HDSD\hindi_sent\M24\M24_S1_H08_M2.wav,isa sahayooga heitu bhii bahuta dhanyavaada,M24,M24_S1_H08,M2,6,3.2188125,isa sahayooga heitu bhi bahuta dhanyavaada,इस सहयूग हेइतु भि बहुत धन्यवाद
C:\Users\edwin\OneDrive\Desktop\Capstone\hindi indic\HDSD\hindi_sent\M24\M24_S1_H09_M2.wav,para yaha sanbhava naa hoo sakaa,M24,M24_S1_H09,M2,6,1.6125625,para yaha sanbhava naa hoo sakaa,पर यह सन्भव ना हू सका
C:\Users\edwin\OneDrive\Desktop\Capstone\hindi indic\HDSD\hindi_sent\M24\M24_S1_H10_M2.wav,meirii baatoon baatoon ki oora dhyaana diijiyei,M24,M24_S1_H10,M2,7,3.3313125,meiri baatoon baatoon ki oora dhyaana diijiye,मेइरि बातून् बातून् कि ऊर ध्यान दीजिये
C:\Users\edwin\OneDrive\Desktop\Capstone\hindi indic\HDSD\hindi_sent\M24\M24_S1_H11_M2.wav,yahaan sei sangharshha kaa daura shuruu huaa,M24,M24_S1_H11,M2,7,2.0188125,yahaan se sangharshha kaa daura shuruu huaa,यहान् से सन्घर्ष का दौर शुरू हुआ
C:\Users\edwin\OneDrive\Desktop\Capstone\hindi indic\HDSD\hindi_sent\M24\M24_S1_H12_M2.wav,doonoon mein badaa antara thaa,M24,M24_S1_H12,M2,5,2.2750625,doonoon mein badaa antara thaa,दूनून् मेइन् बदा अन्तर था
C:\Users\edwin\OneDrive\Desktop\Capstone\hindi indic\HDSD\hindi_sent\M24\M24_S1_H13_M2.wav,aapa sabhii kei sahayooga kei liyei bahuta dhanyavaada,M24,M24_S1_H13,M2,8,3.2125625,aapa sabhi ke sahayooga ke liye bahuta dhanyavaada,आप सभि के सहयूग के लिये बहुत धन्यवाद
C:\Users\edwin\OneDrive\Desktop\Capstone\hindi indic\HDSD\hindi_sent\M24\M24_S1_H14_M2.wav,bahuta sei looga aisaa kara rahei hai,M24,M24_S1_H14,M2,7,1.7813125,bahuta se looga aisaa kara rahe hai,बहुत से लूग ऐसा कर रहे है
C:\Users\edwin\OneDrive\Desktop\Capstone\hindi indic\HDSD\hindi_sent\M24\M24_S1_H15_M2.wav,samaya kei saatha hii nahiin usasei aagei chalaa jaaei,M24,M24_S1_H15,M2,9,2.7750625,samaya ke saatha hi nahiin usase aage chalaa jaae,समय के साथ हि नहीन् उससे आगे चला जाए
C:\Users\edwin\OneDrive\Desktop\Capstone\hindi indic\HDSD\hindi_sent\M24\M24_S1_H16_M2.wav,main krikeita kheila kheila kaa kaaphii pasanda karataa huuna,M24,M24_S1_H16,M2,9,3.6125625,main krikeita kheila kheila kaa kaaphi pasanda karataa huuna,मैन् क्रिकेइत खेइल खेइल का काफि पसन्द करता हून
C:\Users\edwin\OneDrive\Desktop\Capstone\hindi indic\HDSD\hindi_sent\M24\M24_S1_H17_M2.wav,shaayada samajha aa gayaa hoo,M24,M24_S1_H17,M2,5,1.7875625,shaayada samajha aa gayaa hoo,शायद समझ आ गया हू
C:\Users\edwin\OneDrive\Desktop\Capstone\hindi indic\HDSD\hindi_sent\M24\M24_S1_H18_M2.wav,joo shaayada aapanei deikhaa naa hoo,M24,M24_S1_H18,M2,6,2.2313125,joo shaayada aapane deikhaa naa hoo,जू शायद आपने देइखा ना हू
C:\Users\edwin\OneDrive\Desktop\Capstone\hindi indic\HDSD\hindi_sent\M24\M24_S1_H19_M2.wav,main bhuula hii gayaa thaa isa baata koo,M24,M24_S1_H19,M2,8,2.1000625,main bhuula hi gayaa thaa isa baata koo,मैन् भूल हि गया था इस बात कू
C:\Users\edwin\OneDrive\Desktop\Capstone\hindi indic\HDSD\hindi_sent\M24\M24_S1_H20_M2.wav,magara vaha bhii nahiin huaa,M24,M24_S1_H20,M2,5,1.6750625,magara vaha bhi nahiin huaa,मगर वह भि नहीन् हुआ
C:\Users\edwin\OneDrive\Desktop\Capstone\hindi indic\HDSD\hindi_sent\M24\M24_S1_H21_M2.wav,dara kaa artha hootaa hai bhaya,M24,M24_S1_H21,M2,6,2.1500625,dara kaa artha hootaa hai bhaya,दर का अर्थ हूता है भय
C:\Users\edwin\OneDrive\Desktop\Capstone\hindi indic\HDSD\hindi_sent\M24\M24_S1_H22_M2.wav,eika baara phira sei aabhaara,M24,M24_S1_H22,M2,5,1.8875625,eika baara phira se aabhaara,एइक बार फिर से आभार
C:\Users\edwin\OneDrive\Desktop\Capstone\hindi indic\HDSD\hindi_sent\M24\M24_S1_H23_M2.wav,naa jaanei kitanei looga isei padhtei hai,M24,M24_S1_H23,M2,7,2.2250625,naa jaane kitane looga ise padhte hai,ना जाने कितने लूग इसे पध्ते है
C:\Users\edwin\OneDrive\Desktop\Capstone\hindi indic\HDSD\hindi_sent\M24\M24_S1_H24_M2.wav,abhii main shaanta hii huuna,M24,M24_S1_H24,M2,5,1.4250625,abhi main shaanta hi huuna,अभि मैन् शान्त हि हून
C:\Users\edwin\OneDrive\Desktop\Capstone\hindi indic\HDSD\hindi_sent\M24\M24_S1_H25_M2.wav,svaagata kei liyei dhanyavaada,M24,M24_S1_H25,M2,4,1.7563125,svaagata ke liye dhanyavaada,स्वागत के लिये धन्यवाद
C:\Users\edwin\OneDrive\Desktop\Capstone\hindi indic\HDSD\hindi_sent\M24\M24_S1_H26_M2.wav,aapa apanaa yaha achchhaa kaarya jaarii rakhein,M24,M24_S1_H26,M2,7,3.2238125,aapa apanaa yaha achchhaa kaarya jaari rakhein,आप अपना यह अच्छा कार्य जारि रखेइन्
C:\Users\edwin\OneDrive\Desktop\Capstone\hindi indic\HDSD\hindi_sent\M24\M24_S1_H27_M2.wav,main bhaarata mein rahataa huuna,M24,M24_S1_H27,M2,5,1.4325625,main bhaarata mein rahataa huuna,मैन् भारत मेइन् रहता हून
C:\Users\edwin\OneDrive\Desktop\Capstone\hindi indic\HDSD\hindi_sent\M24\M24_S1_H28_M2.wav,kahaa jaataa hai ki unhoonnei kabhii jiivana mein jhuutha kaa sahaaraa nahiin liyaa,M24,M24_S1_H28,M2,13,6.3875625,kahaa jaataa hai ki unhoonne kabhi jiivana mein jhuutha kaa sahaaraa nahiin liyaa,कहा जाता है कि उन्हून्ने कभि जीवन मेइन् झूथ का सहारा नहीन् लिया
C:\Users\edwin\OneDrive\Desktop\Capstone\hindi indic\HDSD\hindi_sent\M24\M24_S1_H29_M2.wav,aapakaa sandeisha paakara achchhaa lagaa,M24,M24_S1_H29,M2,5,2.0169375,aapakaa sandeisha paakara achchhaa lagaa,आपका सन्देइश पाकर अच्छा लगा
C:\Users\edwin\OneDrive\Desktop\Capstone\hindi indic\HDSD\hindi_sent\M24\M24_S1_H30_M2.wav,jaldii sei jaldii kuchha kiijiei,M24,M24_S1_H30,M2,5,1.680125,jaldi se jaldi kuchha kiijie,जल्दि से जल्दि कुछ कीजिए
C:\Users\edwin\OneDrive\Desktop\Capstone\hindi indic\HDSD\hindi_sent\M25\M25_S1_H01_M2.wav,aapakei hindii pasanda karanei para khushii huii,M25,M25_S1_H01,M2,7,2.85,aapake hindi pasanda karane para khushi hui,आपके हिन्दि पसन्द करने पर खुशि हुइ
C:\Users\edwin\OneDrive\Desktop\Capstone\hindi indic\HDSD\hindi_sent\M25\M25_S1_H02_M2.wav,isakei badalei mein tuma kuchha aura maanaga loo,M25,M25_S1_H02,M2,8,2.9000625,isake badale mein tuma kuchha aura maanaga loo,इसके बदले मेइन् तुम कुछ और मानग लू
C:\Users\edwin\OneDrive\Desktop\Capstone\hindi indic\HDSD\hindi_sent\M25\M25_S1_H03_M2.wav,chikitsaa kaa artha hootaa hai ilaaja,M25,M25_S1_H03,M2,6,3.2063125,chikitsaa kaa artha hootaa hai ilaaja,चिकित्सा का अर्थ हूता है इलाज
C:\Users\edwin\OneDrive\Desktop\Capstone\hindi indic\HDSD\hindi_sent\M25\M25_S1_H04_M2.wav,isei aisei hii jaarii rakhein,M25,M25_S1_H04,M2,5,2.2750625,ise aise hi jaari rakhein,इसे ऐसे हि जारि रखेइन्
C:\Users\edwin\OneDrive\Desktop\Capstone\hindi indic\HDSD\hindi_sent\M25\M25_S1_H05_M2.wav,madada kei liyei bahuta dhanyavaada,M25,M25_S1_H05,M2,5,2.4188125,madada ke liye bahuta dhanyavaada,मदद के लिये बहुत धन्यवाद
C:\Users\edwin\OneDrive\Desktop\Capstone\hindi indic\HDSD\hindi_sent\M25\M25_S1_H06_M2.wav,aba joo main kahataa huuna usakaa paalana karoo,M25,M25_S1_H06,M2,8,2.8688125,aba joo main kahataa huuna usakaa paalana karoo,अब जू मैन् कहता हून उसका पालन करू
C:\Users\edwin\OneDrive\Desktop\Capstone\hindi indic\HDSD\hindi_sent\M25\M25_S1_H07_M2.wav,bhaarata mein aisaa nahiin huaa hai,M25,M25_S1_H07,M2,6,2.3000625,bhaarata mein aisaa nahiin huaa hai,भारत मेइन् ऐसा नहीन् हुआ है
C:\Users\edwin\OneDrive\Desktop\Capstone\hindi indic\HDSD\hindi_sent\M25\M25_S1_H08_M2.wav,isa sahayooga heitu bhii bahuta dhanyavaada,M25,M25_S1_H08,M2,6,3.6813125,isa sahayooga heitu bhi bahuta dhanyavaada,इस सहयूग हेइतु भि बहुत धन्यवाद
C:\Users\edwin\OneDrive\Desktop\Capstone\hindi indic\HDSD\hindi_sent\M25\M25_S1_H09_M2.wav,para yaha yaha sanbhava naa hoo sakaa,M25,M25_S1_H09,M2,7,3.3125625,para yaha yaha sanbhava naa hoo sakaa,पर यह यह सन्भव ना हू सका
C:\Users\edwin\OneDrive\Desktop\Capstone\hindi indic\HDSD\hindi_sent\M25\M25_S1_H10_M2.wav,meirii baatoon ki oora dhyaana diijiyei,M25,M25_S1_H10,M2,6,3.3125625,meiri baatoon ki oora dhyaana diijiye,मेइरि बातून् कि ऊर ध्यान दीजिये
C:\Users\edwin\OneDrive\Desktop\Capstone\hindi indic\HDSD\hindi_sent\M25\M25_S1_H11_M2.wav,yahaan sei sangharshha kaa daura shuruu huaa,M25,M25_S1_H11,M2,7,2.3438125,yahaan se sangharshha kaa daura shuruu huaa,यहान् से सन्घर्ष का दौर शुरू हुआ
C:\Users\edwin\OneDrive\Desktop\Capstone\hindi indic\HDSD\hindi_sent\M25\M25_S1_H12_M2.wav,doonoon mein badaa antara thaa,M25,M25_S1_H12,M2,5,1.9313125,doonoon mein badaa antara thaa,दूनून् मेइन् बदा अन्तर था
C:\Users\edwin\OneDrive\Desktop\Capstone\hindi indic\HDSD\hindi_sent\M25\M25_S1_H13_M2.wav,aapa sabhii kei kei sahayooga kei liyei bahuta dhanyavaada,M25,M25_S1_H13,M2,9,3.7750625,aapa sabhi ke ke sahayooga ke liye bahuta dhanyavaada,आप सभि के के सहयूग के लिये बहुत धन्यवाद
C:\Users\edwin\OneDrive\Desktop\Capstone\hindi indic\HDSD\hindi_sent\M25\M25_S1_H14_M2.wav,bahuta sei looga aisaa kara kara rahei hai,M25,M25_S1_H14,M2,8,2.7750625,bahuta se looga aisaa kara kara rahe hai,बहुत से लूग ऐसा कर कर रहे है
C:\Users\edwin\OneDrive\Desktop\Capstone\hindi indic\HDSD\hindi_sent\M25\M25_S1_H15_M2.wav,samaya kei saatha hii nahiin usasei aagei chalaa jaaei,M25,M25_S1_H15,M2,9,4.1375625,samaya ke saatha hi nahiin usase aage chalaa jaae,समय के साथ हि नहीन् उससे आगे चला जाए
C:\Users\edwin\OneDrive\Desktop\Capstone\hindi indic\HDSD\hindi_sent\M25\M25_S1_H16_M2.wav,main krikeita kheila koo kaaphii pasanda karataa huuna,M25,M25_S1_H16,M2,8,4.0375625,main krikeita kheila koo kaaphi pasanda karataa huuna,मैन् क्रिकेइत खेइल कू काफि पसन्द करता हून
C:\Users\edwin\OneDrive\Desktop\Capstone\hindi indic\HDSD\hindi_sent\M25\M25_S1_H17_M2.wav,shaayada samajha aa aa gayaa hoo,M25,M25_S1_H17,M2,6,4.0938125,shaayada samajha aa aa gayaa hoo,शायद समझ आ आ गया हू
C:\Users\edwin\OneDrive\Desktop\Capstone\hindi indic\HDSD\hindi_sent\M25\M25_S1_H18_M2.wav,joo shaayada aapanei deikhaa naa hoo,M25,M25_S1_H18,M2,6,3.1313125,joo shaayada aapane deikhaa naa hoo,जू शायद आपने देइखा ना हू
C:\Users\edwin\OneDrive\Desktop\Capstone\hindi indic\HDSD\hindi_sent\M25\M25_S1_H19_M2.wav,main bhuula hii gayaa thaa isa baata koo,M25,M25_S1_H19,M2,8,3.9625625,main bhuula hi gayaa thaa isa baata koo,मैन् भूल हि गया था इस बात कू
C:\Users\edwin\OneDrive\Desktop\Capstone\hindi indic\HDSD\hindi_sent\M25\M25_S1_H20_M2.wav,magara vaha bhii nahiin huaa,M25,M25_S1_H20,M2,5,2.0250625,magara vaha bhi nahiin huaa,मगर वह भि नहीन् हुआ
C:\Users\edwin\OneDrive\Desktop\Capstone\hindi indic\HDSD\hindi_sent\M25\M25_S1_H21_M2.wav,dara kaa artha hootaa hai bhaya,M25,M25_S1_H21,M2,6,2.5375625,dara kaa artha hootaa hai bhaya,दर का अर्थ हूता है भय
C:\Users\edwin\OneDrive\Desktop\Capstone\hindi indic\HDSD\hindi_sent\M25\M25_S1_H22_M2.wav,eika baara phira sei aabhaara,M25,M25_S1_H22,M2,5,2.4000625,eika baara phira se aabhaara,एइक बार फिर से आभार
C:\Users\edwin\OneDrive\Desktop\Capstone\hindi indic\HDSD\hindi_sent\M25\M25_S1_H23_M2.wav,naa jaanei kitanei looga isei padhtei hai,M25,M25_S1_H23,M2,7,4.5125625,naa jaane kitane looga ise padhte hai,ना जाने कितने लूग इसे पध्ते है
C:\Users\edwin\OneDrive\Desktop\Capstone\hindi indic\HDSD\hindi_sent\M25\M25_S1_H24_M2.wav,abhii main shaanta hii huuna,M25,M25_S1_H24,M2,5,2.2000625,abhi main shaanta hi huuna,अभि मैन् शान्त हि हून
C:\Users\edwin\OneDrive\Desktop\Capstone\hindi indic\HDSD\hindi_sent\M25\M25_S1_H25_M2.wav,svaagata kei liyei dhanyavaada,M25,M25_S1_H25,M2,4,1.9,svaagata ke liye dhanyavaada,स्वागत के लिये धन्यवाद
C:\Users\edwin\OneDrive\Desktop\Capstone\hindi indic\HDSD\hindi_sent\M25\M25_S1_H26_M2.wav,aapa apanaa yaha achchhaa kaarya jaarii rakhein,M25,M25_S1_H26,M2,7,6.112625,aapa apanaa yaha achchhaa kaarya jaari rakhein,आप अपना यह अच्छा कार्य जारि रखेइन्
C:\Users\edwin\OneDrive\Desktop\Capstone\hindi indic\HDSD\hindi_sent\M25\M25_S1_H27_M2.wav,main bhaarata mein rahataa huuna,M25,M25_S1_H27,M2,5,1.6313125,main bhaarata mein rahataa huuna,मैन् भारत मेइन् रहता हून
C:\Users\edwin\OneDrive\Desktop\Capstone\hindi indic\HDSD\hindi_sent\M25\M25_S1_H28_M2.wav,kahaa jaataa hai unhoonnei kabhii jiivana mein jhuutha jhuutha jhuutha kaa sahaaraa nahiin liyaa,M25,M25_S1_H28,M2,14,6.2750625,kahaa jaataa hai unhoonne kabhi jiivana mein jhuutha jhuutha jhuutha kaa sahaaraa nahiin liyaa,कहा जाता है उन्हून्ने कभि जीवन मेइन् झूथ झूथ झूथ का सहारा नहीन् लिया
C:\Users\edwin\OneDrive\Desktop\Capstone\hindi indic\HDSD\hindi_sent\M25\M25_S1_H29_M2.wav,aapakaa sandeisha paakara achchhaa lagaa,M25,M25_S1_H29,M2,5,2.8938125,aapakaa sandeisha paakara achchhaa lagaa,आपका सन्देइश पाकर अच्छा लगा
C:\Users\edwin\OneDrive\Desktop\Capstone\hindi indic\HDSD\hindi_sent\M25\M25_S1_H30_M2.wav,jaldii sei jaldii kuchha kiijiei,M25,M25_S1_H30,M2,5,2.64625,jaldi se jaldi kuchha kiijie,जल्दि से जल्दि कुछ कीजिए
C:\Users\edwin\OneDrive\Desktop\Capstone\hindi indic\HDSD\hindi_sent\M27\M27_S1_H01_M2.wav,aapakei hindii pasanda karanei para khushii huii,M27,M27_S1_H01,M2,7,2.1125,aapake hindi pasanda karane para khushi hui,आपके हिन्दि पसन्द करने पर खुशि हुइ
C:\Users\edwin\OneDrive\Desktop\Capstone\hindi indic\HDSD\hindi_sent\M27\M27_S1_H02_M2.wav,isakei badalei mein tuma kuchha aura maanaga loo,M27,M27_S1_H02,M2,8,2.4500625,isake badale mein tuma kuchha aura maanaga loo,इसके बदले मेइन् तुम कुछ और मानग लू
C:\Users\edwin\OneDrive\Desktop\Capstone\hindi indic\HDSD\hindi_sent\M27\M27_S1_H03_M2.wav,chikitsaa kaa artha hootaa hai ilaaja,M27,M27_S1_H03,M2,6,1.8750625,chikitsaa kaa artha hootaa hai ilaaja,चिकित्सा का अर्थ हूता है इलाज
C:\Users\edwin\OneDrive\Desktop\Capstone\hindi indic\HDSD\hindi_sent\M27\M27_S1_H04_M2.wav,isei aisei hii jaarii rakhein,M27,M27_S1_H04,M2,5,1.6250625,ise aise hi jaari rakhein,इसे ऐसे हि जारि रखेइन्
C:\Users\edwin\OneDrive\Desktop\Capstone\hindi indic\HDSD\hindi_sent\M27\M27_S1_H05_M2.wav,madada kei liyei bahuta dhanyavaada,M27,M27_S1_H05,M2,5,1.7313125,madada ke liye bahuta dhanyavaada,मदद के लिये बहुत धन्यवाद
C:\Users\edwin\OneDrive\Desktop\Capstone\hindi indic\HDSD\hindi_sent\M27\M27_S1_H06_M2.wav,aba joo main kahataa huuna usakaa paalana karoo,M27,M27_S1_H06,M2,8,2.7750625,aba joo main kahataa huuna usakaa paalana karoo,अब जू मैन् कहता हून उसका पालन करू
C:\Users\edwin\OneDrive\Desktop\Capstone\hindi indic\HDSD\hindi_sent\M27\M27_S1_H07_M2.wav,bhaarata mein aisaa nahiin huaa hai,M27,M27_S1_H07,M2,6,1.6563125,bhaarata mein aisaa nahiin huaa hai,भारत मेइन् ऐसा नहीन् हुआ है
C:\Users\edwin\OneDrive\Desktop\Capstone\hindi indic\HDSD\hindi_sent\M27\M27_S1_H08_M2.wav,isa sahayooga heitu bhii bahuta dhanyavaada,M27,M27_S1_H08,M2,6,2.4438125,isa sahayooga heitu bhi bahuta dhanyavaada,इस सहयूग हेइतु भि बहुत धन्यवाद
C:\Users\edwin\OneDrive\Desktop\Capstone\hindi indic\HDSD\hindi_sent\M27\M27_S1_H09_M2.wav,para yaha sanbhava naa hoo sakaa,M27,M27_S1_H09,M2,6,1.7813125,para yaha sanbhava naa hoo sakaa,पर यह सन्भव ना हू सका
C:\Users\edwin\OneDrive\Desktop\Capstone\hindi indic\HDSD\hindi_sent\M27\M27_S1_H10_M2.wav,meirii baatoon ki oora dhyaana diijiyei,M27,M27_S1_H10,M2,6,1.9438125,meiri baatoon ki oora dhyaana diijiye,मेइरि बातून् कि ऊर ध्यान दीजिये
C:\Users\edwin\OneDrive\Desktop\Capstone\hindi indic\HDSD\hindi_sent\M27\M27_S1_H11_M2.wav,yahaan sei sangharshha kaa daura shuruu huaa,M27,M27_S1_H11,M2,7,2.1813125,yahaan se sangharshha kaa daura shuruu huaa,यहान् से सन्घर्ष का दौर शुरू हुआ
C:\Users\edwin\OneDrive\Desktop\Capstone\hindi indic\HDSD\hindi_sent\M27\M27_S1_H12_M2.wav,doonoon mein badaa antara thaa,M27,M27_S1_H12,M2,5,1.7125625,doonoon mein badaa antara thaa,दूनून् मेइन् बदा अन्तर था
C:\Users\edwin\OneDrive\Desktop\Capstone\hindi indic\HDSD\hindi_sent\M27\M27_S1_H13_M2.wav,aapa sabhii kei sahayooga kei liyei bahuta dhanyavaada,M27,M27_S1_H13,M2,8,2.9375625,aapa sabhi ke sahayooga ke liye bahuta dhanyavaada,आप सभि के सहयूग के लिये बहुत धन्यवाद
C:\Users\edwin\OneDrive\Desktop\Capstone\hindi indic\HDSD\hindi_sent\M27\M27_S1_H14_M2.wav,bahuta sei looga aisaa kara rahei hai,M27,M27_S1_H14,M2,7,1.9813125,bahuta se looga aisaa kara rahe hai,बहुत से लूग ऐसा कर रहे है
C:\Users\edwin\OneDrive\Desktop\Capstone\hindi indic\HDSD\hindi_sent\M27\M27_S1_H15_M2.wav,samaya kei saatha hii nahiin usasei aagei chalaa jaaei,M27,M27_S1_H15,M2,9,3.3125625,samaya ke saatha hi nahiin usase aage chalaa jaae,समय के साथ हि नहीन् उससे आगे चला जाए
C:\Users\edwin\OneDrive\Desktop\Capstone\hindi indic\HDSD\hindi_sent\M27\M27_S1_H16_M2.wav,main krikeita kheila koo kaaphii pasanda karataa huuna,M27,M27_S1_H16,M2,8,3.7250625,main krikeita kheila koo kaaphi pasanda karataa huuna,मैन् क्रिकेइत खेइल कू काफि पसन्द करता हून
C:\Users\edwin\OneDrive\Desktop\Capstone\hindi indic\HDSD\hindi_sent\M27\M27_S1_H17_M2.wav,shaayada samajha aa gayaa hoo,M27,M27_S1_H17,M2,5,1.7500625,shaayada samajha aa gayaa hoo,शायद समझ आ गया हू
C:\Users\edwin\OneDrive\Desktop\Capstone\hindi indic\HDSD\hindi_sent\M27\M27_S1_H18_M2.wav,joo shaayada aapanei deikhaa naa hoo,M27,M27_S1_H18,M2,6,2.6563125,joo shaayada aapane deikhaa naa hoo,जू शायद आपने देइखा ना हू
C:\Users\edwin\OneDrive\Desktop\Capstone\hindi indic\HDSD\hindi_sent\M27\M27_S1_H19_M2.wav,main bhuula hii gayaa thaa isa baata koo,M27,M27_S1_H19,M2,8,2.4563125,main bhuula hi gayaa thaa isa baata koo,मैन् भूल हि गया था इस बात कू
C:\Users\edwin\OneDrive\Desktop\Capstone\hindi indic\HDSD\hindi_sent\M27\M27_S1_H20_M2.wav,magara vaha bhii nahiin huaa,M27,M27_S1_H20,M2,5,2.0313125,magara vaha bhi nahiin huaa,मगर वह भि नहीन् हुआ
C:\Users\edwin\OneDrive\Desktop\Capstone\hindi indic\HDSD\hindi_sent\M27\M27_S1_H21_M2.wav,dara kaa artha hootaa hai bhaya,M27,M27_S1_H21,M2,6,1.6313125,dara kaa artha hootaa hai bhaya,दर का अर्थ हूता है भय
C:\Users\edwin\OneDrive\Desktop\Capstone\hindi indic\HDSD\hindi_sent\M27\M27_S1_H22_M2.wav,eika baara phira sei aabhaara,M27,M27_S1_H22,M2,5,1.7563125,eika baara phira se aabhaara,एइक बार फिर से आभार
C:\Users\edwin\OneDrive\Desktop\Capstone\hindi indic\HDSD\hindi_sent\M27\M27_S1_H23_M2.wav,naa jaanei kitanei looga isei padhtei hai,M27,M27_S1_H23,M2,7,2.3375625,naa jaane kitane looga ise padhte hai,ना जाने कितने लूग इसे पध्ते है
C:\Users\edwin\OneDrive\Desktop\Capstone\hindi indic\HDSD\hindi_sent\M27\M27_S1_H24_M2.wav,abhii main shaanta hii huuna,M27,M27_S1_H24,M2,5,1.8500625,abhi main shaanta hi huuna,अभि मैन् शान्त हि हून
C:\Users\edwin\OneDrive\Desktop\Capstone\hindi indic\HDSD\hindi_sent\M27\M27_S1_H25_M2.wav,svaagata kei liyei dhanyavaada,M27,M27_S1_H25,M2,4,1.7500625,svaagata ke liye dhanyavaada,स्वागत के लिये धन्यवाद
C:\Users\edwin\OneDrive\Desktop\Capstone\hindi indic\HDSD\hindi_sent\M27\M27_S1_H26_M2.wav,aapa apanaa yaha achchhaa kaarya jaarii rakhein,M27,M27_S1_H26,M2,7,2.7188125,aapa apanaa yaha achchhaa kaarya jaari rakhein,आप अपना यह अच्छा कार्य जारि रखेइन्
C:\Users\edwin\OneDrive\Desktop\Capstone\hindi indic\HDSD\hindi_sent\M27\M27_S1_H27_M2.wav,main bhaarata mein rahataa huuna,M27,M27_S1_H27,M2,5,1.5625625,main bhaarata mein rahataa huuna,मैन् भारत मेइन् रहता हून
C:\Users\edwin\OneDrive\Desktop\Capstone\hindi indic\HDSD\hindi_sent\M27\M27_S1_H28_M2.wav,kahaa jaataa hai ki unhoonnei kabhii jiivana mein jhuutha kaa sahaaraa nahiin liyaa,M27,M27_S1_H28,M2,13,4.8938125,kahaa jaataa hai ki unhoonne kabhi jiivana mein jhuutha kaa sahaaraa nahiin liyaa,कहा जाता है कि उन्हून्ने कभि जीवन मेइन् झूथ का सहारा नहीन् लिया
C:\Users\edwin\OneDrive\Desktop\Capstone\hindi indic\HDSD\hindi_sent\M27\M27_S1_H29_M2.wav,aapakaa sandeisha paakara achchhaa lagaa,M27,M27_S1_H29,M2,5,2.0813125,aapakaa sandeisha paakara achchhaa lagaa,आपका सन्देइश पाकर अच्छा लगा
C:\Users\edwin\OneDrive\Desktop\Capstone\hindi indic\HDSD\hindi_sent\M27\M27_S1_H30_M2.wav,jaldii sei jaldii kuchha kiijiei,M27,M27_S1_H30,M2,5,1.732875,jaldi se jaldi kuchha kiijie,जल्दि से जल्दि कुछ कीजिए
C:\Users\edwin\OneDrive\Desktop\Capstone\hindi indic\HDSD\hindi_sent\M28\M28_S1_H01_M2.wav,aapakei hindii pasanda karanei para khushii huii,M28,M28_S1_H01,M2,7,3.91875,aapake hindi pasanda karane para khushi hui,आपके हिन्दि पसन्द करने पर खुशि हुइ
C:\Users\edwin\OneDrive\Desktop\Capstone\hindi indic\HDSD\hindi_sent\M28\M28_S1_H02_M2.wav,isakei badalei badalei mein tuma kuchha aura maanaga loo,M28,M28_S1_H02,M2,9,6.9125625,isake badale badale mein tuma kuchha aura maanaga loo,इसके बदले बदले मेइन् तुम कुछ और मानग लू
C:\Users\edwin\OneDrive\Desktop\Capstone\hindi indic\HDSD\hindi_sent\M28\M28_S1_H03_M2.wav,chikitsaa kaa artha hootaa hai ilaaja,M28,M28_S1_H03,M2,6,2.6813125,chikitsaa kaa artha hootaa hai ilaaja,चिकित्सा का अर्थ हूता है इलाज
C:\Users\edwin\OneDrive\Desktop\Capstone\hindi indic\HDSD\hindi_sent\M28\M28_S1_H04_M2.wav,isei aisei hii jaarii rakhein,M28,M28_S1_H04,M2,5,5.0188125,ise aise hi jaari rakhein,इसे ऐसे हि जारि रखेइन्
C:\Users\edwin\OneDrive\Desktop\Capstone\hindi indic\HDSD\hindi_sent\M28\M28_S1_H05_M2.wav,madada kei liyei bahuta dhanyavaada,M28,M28_S1_H05,M2,5,3.0563125,madada ke liye bahuta dhanyavaada,मदद के लिये बहुत धन्यवाद
C:\Users\edwin\OneDrive\Desktop\Capstone\hindi indic\HDSD\hindi_sent\M28\M28_S1_H06_M2.wav,aba joo main kahataa huuna usakaa paalana karoo,M28,M28_S1_H06,M2,8,5.8188125,aba joo main kahataa huuna usakaa paalana karoo,अब जू मैन् कहता हून उसका पालन करू
C:\Users\edwin\OneDrive\Desktop\Capstone\hindi indic\HDSD\hindi_sent\M28\M28_S1_H07_M2.wav,bhaarata mein aisaa nahiin huaa hai,M28,M28_S1_H07,M2,6,2.8500625,bhaarata mein aisaa nahiin huaa hai,भारत मेइन् ऐसा नहीन् हुआ है
C:\Users\edwin\OneDrive\Desktop\Capstone\hindi indic\HDSD\hindi_sent\M28\M28_S1_H08_M2.wav,isa sahayooga heitu bhii bahuta dhanyavaada,M28,M28_S1_H08,M2,6,7.5563125,isa sahayooga heitu bhi bahuta dhanyavaada,इस सहयूग हेइतु भि बहुत धन्यवाद
C:\Users\edwin\OneDrive\Desktop\Capstone\hindi indic\HDSD\hindi_sent\M28\M28_S1_H09_M2.wav,para yaha sanbhava naa hoo sakaa,M28,M28_S1_H09,M2,6,3.5063125,para yaha sanbhava naa hoo sakaa,पर यह सन्भव ना हू सका
C:\Users\edwin\OneDrive\Desktop\Capstone\hindi indic\HDSD\hindi_sent\M28\M28_S1_H10_M2.wav,meirii baatoon ki oora dhyaana diijiyei,M28,M28_S1_H10,M2,6,4.1500625,meiri baatoon ki oora dhyaana diijiye,मेइरि बातून् कि ऊर ध्यान दीजिये
C:\Users\edwin\OneDrive\Desktop\Capstone\hindi indic\HDSD\hindi_sent\M28\M28_S1_H11_M2.wav,yahaan sei sangharshha kaa daura shuruu huaa,M28,M28_S1_H11,M2,7,4.1125625,yahaan se sangharshha kaa daura shuruu huaa,यहान् से सन्घर्ष का दौर शुरू हुआ
C:\Users\edwin\OneDrive\Desktop\Capstone\hindi indic\HDSD\hindi_sent\M28\M28_S1_H12_M2.wav,doonoon mein badaa antara thaa,M28,M28_S1_H12,M2,5,5.2813125,doonoon mein badaa antara thaa,दूनून् मेइन् बदा अन्तर था
C:\Users\edwin\OneDrive\Desktop\Capstone\hindi indic\HDSD\hindi_sent\M28\M28_S1_H13_M2.wav,aapa sabhii kei sahayooga kei liyei bahuta dhanyavaada,M28,M28_S1_H13,M2,8,3.6375625,aapa sabhi ke sahayooga ke liye bahuta dhanyavaada,आप सभि के सहयूग के लिये बहुत धन्यवाद
C:\Users\edwin\OneDrive\Desktop\Capstone\hindi indic\HDSD\hindi_sent\M28\M28_S1_H14_M2.wav,bahuta sei looga aisaa kara rahei hai,M28,M28_S1_H14,M2,7,3.4563125,bahuta se looga aisaa kara rahe hai,बहुत से लूग ऐसा कर रहे है
C:\Users\edwin\OneDrive\Desktop\Capstone\hindi indic\HDSD\hindi_sent\M28\M28_S1_H15_M2.wav,samaya kei saatha hii nahiin usasei usasei aagei chalaa jaaei,M28,M28_S1_H15,M2,10,6.1500625,samaya ke saatha hi nahiin usase usase aage chalaa jaae,समय के साथ हि नहीन् उससे उससे आगे चला जाए
C:\Users\edwin\OneDrive\Desktop\Capstone\hindi indic\HDSD\hindi_sent\M28\M28_S1_H16_M2.wav,main krikeita kheila koo kaaphii pasanda karataa huuna,M28,M28_S1_H16,M2,8,5.3000625,main krikeita kheila koo kaaphi pasanda karataa huuna,मैन् क्रिकेइत खेइल कू काफि पसन्द करता हून
C:\Users\edwin\OneDrive\Desktop\Capstone\hindi indic\HDSD\hindi_sent\M28\M28_S1_H17_M2.wav,shaayada samajha aa gayaa hoo,M28,M28_S1_H17,M2,5,4.6563125,shaayada samajha aa gayaa hoo,शायद समझ आ गया हू
C:\Users\edwin\OneDrive\Desktop\Capstone\hindi indic\HDSD\hindi_sent\M28\M28_S1_H18_M2.wav,joo shaayada aapanei deikhaa naa hoo,M28,M28_S1_H18,M2,6,4.5313125,joo shaayada aapane deikhaa naa hoo,जू शायद आपने देइखा ना हू
C:\Users\edwin\OneDrive\Desktop\Capstone\hindi indic\HDSD\hindi_sent\M28\M28_S1_H19_M2.wav,main bhuula hii gayaa thaa isa baata koo,M28,M28_S1_H19,M2,8,4.7000625,main bhuula hi gayaa thaa isa baata koo,मैन् भूल हि गया था इस बात कू
C:\Users\edwin\OneDrive\Desktop\Capstone\hindi indic\HDSD\hindi_sent\M28\M28_S1_H20_M2.wav,magara vaha bhii nahiin huaa,M28,M28_S1_H20,M2,5,2.5750625,magara vaha bhi nahiin huaa,मगर वह भि नहीन् हुआ
C:\Users\edwin\OneDrive\Desktop\Capstone\hindi indic\HDSD\hindi_sent\M28\M28_S1_H21_M2.wav,dara kaa artha hootaa hai bhaya,M28,M28_S1_H21,M2,6,4.4250625,dara kaa artha hootaa hai bhaya,दर का अर्थ हूता है भय
C:\Users\edwin\OneDrive\Desktop\Capstone\hindi indic\HDSD\hindi_sent\M28\M28_S1_H22_M2.wav,eika baara phira sei aabhaara,M28,M28_S1_H22,M2,5,3.7813125,eika baara phira se aabhaara,एइक बार फिर से आभार
C:\Users\edwin\OneDrive\Desktop\Capstone\hindi indic\HDSD\hindi_sent\M28\M28_S1_H23_M2.wav,naa jaanei kitanei looga isei padhtei hai,M28,M28_S1_H23,M2,7,6.9688125,naa jaane kitane looga ise padhte hai,ना जाने कितने लूग इसे पध्ते है
C:\Users\edwin\OneDrive\Desktop\Capstone\hindi indic\HDSD\hindi_sent\M28\M28_S1_H24_M2.wav,abhii main shaanta hii huuna,M28,M28_S1_H24,M2,5,5.1500625,abhi main shaanta hi huuna,अभि मैन् शान्त हि हून
C:\Users\edwin\OneDrive\Desktop\Capstone\hindi indic\HDSD\hindi_sent\M28\M28_S1_H25_M2.wav,svaagata kei liyei dhanyavaada,M28,M28_S1_H25,M2,4,2.4625625,svaagata ke liye dhanyavaada,स्वागत के लिये धन्यवाद
C:\Users\edwin\OneDrive\Desktop\Capstone\hindi indic\HDSD\hindi_sent\M28\M28_S1_H26_M2.wav,aapa apanaa yaha achchhaa jaarii rakhein kaarya,M28,M28_S1_H26,M2,7,7.0000625,aapa apanaa yaha achchhaa jaari rakhein kaarya,आप अपना यह अच्छा जारि रखेइन् कार्य
C:\Users\edwin\OneDrive\Desktop\Capstone\hindi indic\HDSD\hindi_sent\M28\M28_S1_H27_M2.wav,main bhaarata mein rahataa huuna,M28,M28_S1_H27,M2,5,2.3938125,main bhaarata mein rahataa huuna,मैन् भारत मेइन् रहता हून
C:\Users\edwin\OneDrive\Desktop\Capstone\hindi indic\HDSD\hindi_sent\M28\M28_S1_H28_M2.wav,kahaa jaataa hai ki unhoonnei kabhii jiivana mein jhuutha kaa sahaaraa nahiin liyaa,M28,M28_S1_H28,M2,13,7.2438125,kahaa jaataa hai ki unhoonne kabhi jiivana mein jhuutha kaa sahaaraa nahiin liyaa,कहा जाता है कि उन्हून्ने कभि जीवन मेइन् झूथ का सहारा नहीन् लिया
C:\Users\edwin\OneDrive\Desktop\Capstone\hindi indic\HDSD\hindi_sent\M28\M28_S1_H29_M2.wav,aapakaa sandeisha paakara achchhaa lagaa,M28,M28_S1_H29,M2,5,3.4500625,aapakaa sandeisha paakara achchhaa lagaa,आपका सन्देइश पाकर अच्छा लगा
C:\Users\edwin\OneDrive\Desktop\Capstone\hindi indic\HDSD\hindi_sent\M28\M28_S1_H30_M2.wav,jaldii sei jaldii kuchha kiijiei,M28,M28_S1_H30,M2,5,3.3563125,jaldi se jaldi kuchha kiijie,जल्दि से जल्दि कुछ कीजिए
C:\Users\edwin\OneDrive\Desktop\Capstone\hindi indic\HDSD\hindi_sent\M30\M30_S1_H01_M2.wav,aapakei hindii pasanda karanei para khushii huii,M30,M30_S1_H01,M2,7,2.96875,aapake hindi pasanda karane para khushi hui,आपके हिन्दि पसन्द करने पर खुशि हुइ
C:\Users\edwin\OneDrive\Desktop\Capstone\hindi indic\HDSD\hindi_sent\M30\M30_S1_H02_M2.wav,isakei badalei mein tuma kuchha aura maanaga loo,M30,M30_S1_H02,M2,8,3.3000625,isake badale mein tuma kuchha aura maanaga loo,इसके बदले मेइन् तुम कुछ और मानग लू
C:\Users\edwin\OneDrive\Desktop\Capstone\hindi indic\HDSD\hindi_sent\M30\M30_S1_H03_M2.wav,chikitsaa kaa artha hootaa hai ilaaja,M30,M30_S1_H03,M2,6,2.4563125,chikitsaa kaa artha hootaa hai ilaaja,चिकित्सा का अर्थ हूता है इलाज
C:\Users\edwin\OneDrive\Desktop\Capstone\hindi indic\HDSD\hindi_sent\M30\M30_S1_H04_M2.wav,isei aisei hii jaarii rakhein,M30,M30_S1_H04,M2,5,2.2563125,ise aise hi jaari rakhein,इसे ऐसे हि जारि रखेइन्
C:\Users\edwin\OneDrive\Desktop\Capstone\hindi indic\HDSD\hindi_sent\M30\M30_S1_H05_M2.wav,madada kei liyei bahuta dhanyavaada,M30,M30_S1_H05,M2,5,2.1250625,madada ke liye bahuta dhanyavaada,मदद के लिये बहुत धन्यवाद
C:\Users\edwin\OneDrive\Desktop\Capstone\hindi indic\HDSD\hindi_sent\M30\M30_S1_H06_M2.wav,aba joo main kahataa huuna usakaa paalana karoo,M30,M30_S1_H06,M2,8,3.0500625,aba joo main kahataa huuna usakaa paalana karoo,अब जू मैन् कहता हून उसका पालन करू
C:\Users\edwin\OneDrive\Desktop\Capstone\hindi indic\HDSD\hindi_sent\M30\M30_S1_H07_M2.wav,bhaarata mein aisaa nahiin huaa hai,M30,M30_S1_H07,M2,6,2.1625625,bhaarata mein aisaa nahiin huaa hai,भारत मेइन् ऐसा नहीन् हुआ है
C:\Users\edwin\OneDrive\Desktop\Capstone\hindi indic\HDSD\hindi_sent\M30\M30_S1_H08_M2.wav,isa sahayooga heitu bhii bahuta dhanyavaada,M30,M30_S1_H08,M2,6,3.0438125,isa sahayooga heitu bhi bahuta dhanyavaada,इस सहयूग हेइतु भि बहुत धन्यवाद
C:\Users\edwin\OneDrive\Desktop\Capstone\hindi indic\HDSD\hindi_sent\M30\M30_S1_H09_M2.wav,para yaha sanbhava naa hoo sakaa,M30,M30_S1_H09,M2,6,2.4000625,para yaha sanbhava naa hoo sakaa,पर यह सन्भव ना हू सका
C:\Users\edwin\OneDrive\Desktop\Capstone\hindi indic\HDSD\hindi_sent\M30\M30_S1_H10_M2.wav,meirii baatoon ki oora dhyaana diijiyei,M30,M30_S1_H10,M2,6,2.4375625,meiri baatoon ki oora dhyaana diijiye,मेइरि बातून् कि ऊर ध्यान दीजिये
C:\Users\edwin\OneDrive\Desktop\Capstone\hindi indic\HDSD\hindi_sent\M30\M30_S1_H11_M2.wav,yahaan sei sangharshha kaa daura shuruu huaa,M30,M30_S1_H11,M2,7,2.6125625,yahaan se sangharshha kaa daura shuruu huaa,यहान् से सन्घर्ष का दौर शुरू हुआ
C:\Users\edwin\OneDrive\Desktop\Capstone\hindi indic\HDSD\hindi_sent\M30\M30_S1_H12_M2.wav,doonoon mein badaa antara thaa,M30,M30_S1_H12,M2,5,2.0500625,doonoon mein badaa antara thaa,दूनून् मेइन् बदा अन्तर था
C:\Users\edwin\OneDrive\Desktop\Capstone\hindi indic\HDSD\hindi_sent\M30\M30_S1_H13_M2.wav,aapa sabhii kei sahayooga kei liyei bahuta dhanyavaada,M30,M30_S1_H13,M2,8,3.1313125,aapa sabhi ke sahayooga ke liye bahuta dhanyavaada,आप सभि के सहयूग के लिये बहुत धन्यवाद
C:\Users\edwin\OneDrive\Desktop\Capstone\hindi indic\HDSD\hindi_sent\M30\M30_S1_H14_M2.wav,bahuta sei looga aisaa kara rahei hai,M30,M30_S1_H14,M2,7,2.4625625,bahuta se looga aisaa kara rahe hai,बहुत से लूग ऐसा कर रहे है
C:\Users\edwin\OneDrive\Desktop\Capstone\hindi indic\HDSD\hindi_sent\M30\M30_S1_H15_M2.wav,samaya kei saatha hii nahiin usasei aagei chalaa jaaei,M30,M30_S1_H15,M2,9,3.1250625,samaya ke saatha hi nahiin usase aage chalaa jaae,समय के साथ हि नहीन् उससे आगे चला जाए
C:\Users\edwin\OneDrive\Desktop\Capstone\hindi indic\HDSD\hindi_sent\M30\M30_S1_H16_M2.wav,main krikeita kheila kheila koo kaaphii pasanda karataa huuna,M30,M30_S1_H16,M2,9,4.4938125,main krikeita kheila kheila koo kaaphi pasanda karataa huuna,मैन् क्रिकेइत खेइल खेइल कू काफि पसन्द करता हून
C:\Users\edwin\OneDrive\Desktop\Capstone\hindi indic\HDSD\hindi_sent\M30\M30_S1_H17_M2.wav,shaayada samajha samajha aa aa gayaa hoo,M30,M30_S1_H17,M2,7,3.1688125,shaayada samajha samajha aa aa gayaa hoo,शायद समझ समझ आ आ गया हू
C:\Users\edwin\OneDrive\Desktop\Capstone\hindi indic\HDSD\hindi_sent\M30\M30_S1_H18_M2.wav,joo shaayada aapanei deikhaa naa hoo,M30,M30_S1_H18,M2,6,2.4500625,joo shaayada aapane deikhaa naa hoo,जू शायद आपने देइखा ना हू
C:\Users\edwin\OneDrive\Desktop\Capstone\hindi indic\HDSD\hindi_sent\M30\M30_S1_H19_M2.wav,main bhuula hii gayaa thaa isa baata koo,M30,M30_S1_H19,M2,8,2.3688125,main bhuula hi gayaa thaa isa baata koo,मैन् भूल हि गया था इस बात कू
C:\Users\edwin\OneDrive\Desktop\Capstone\hindi indic\HDSD\hindi_sent\M30\M30_S1_H20_M2.wav,magara vaha bhii nahiin huaa,M30,M30_S1_H20,M2,5,2.5313125,magara vaha bhi nahiin huaa,मगर वह भि नहीन् हुआ
C:\Users\edwin\OneDrive\Desktop\Capstone\hindi indic\HDSD\hindi_sent\M30\M30_S1_H21_M2.wav,dara kaa artha hootaa hai bhaya,M30,M30_S1_H21,M2,6,2.3875625,dara kaa artha hootaa hai bhaya,दर का अर्थ हूता है भय
C:\Users\edwin\OneDrive\Desktop\Capstone\hindi indic\HDSD\hindi_sent\M30\M30_S1_H22_M2.wav,eika baara phira sei aabhaara,M30,M30_S1_H22,M2,5,2.4563125,eika baara phira se aabhaara,एइक बार फिर से आभार
C:\Users\edwin\OneDrive\Desktop\Capstone\hindi indic\HDSD\hindi_sent\M30\M30_S1_H23_M2.wav,naa jaanei kitanei looga isei padhtei hai,M30,M30_S1_H23,M2,7,2.6063125,naa jaane kitane looga ise padhte hai,ना जाने कितने लूग इसे पध्ते है
C:\Users\edwin\OneDrive\Desktop\Capstone\hindi indic\HDSD\hindi_sent\M30\M30_S1_H24_M2.wav,abhii main shaanta hii huuna,M30,M30_S1_H24,M2,5,2.6188125,abhi main shaanta hi huuna,अभि मैन् शान्त हि हून
C:\Users\edwin\OneDrive\Desktop\Capstone\hindi indic\HDSD\hindi_sent\M30\M30_S1_H25_M2.wav,svaagata kei liyei dhanyavaada,M30,M30_S1_H25,M2,4,1.7500625,svaagata ke liye dhanyavaada,स्वागत के लिये धन्यवाद
C:\Users\edwin\OneDrive\Desktop\Capstone\hindi indic\HDSD\hindi_sent\M30\M30_S1_H26_M2.wav,aapa apanaa yaha achchhaa kaarya jaarii rakhein,M30,M30_S1_H26,M2,7,3.9125625,aapa apanaa yaha achchhaa kaarya jaari rakhein,आप अपना यह अच्छा कार्य जारि रखेइन्
C:\Users\edwin\OneDrive\Desktop\Capstone\hindi indic\HDSD\hindi_sent\M30\M30_S1_H27_M2.wav,main bhaarata mein rahataa huuna,M30,M30_S1_H27,M2,5,1.7188125,main bhaarata mein rahataa huuna,मैन् भारत मेइन् रहता हून
C:\Users\edwin\OneDrive\Desktop\Capstone\hindi indic\HDSD\hindi_sent\M30\M30_S1_H28_M2.wav,kahaa jaataa hai ki unhoonnei kabhii jiivana mein jhuutha kaa sahaaraa nahiin liyaa,M30,M30_S1_H28,M2,13,5.3938125,kahaa jaataa hai ki unhoonne kabhi jiivana mein jhuutha kaa sahaaraa nahiin liyaa,कहा जाता है कि उन्हून्ने कभि जीवन मेइन् झूथ का सहारा नहीन् लिया
C:\Users\edwin\OneDrive\Desktop\Capstone\hindi indic\HDSD\hindi_sent\M30\M30_S1_H29_M2.wav,aapakaa sandeisha paakara achchhaa lagaa,M30,M30_S1_H29,M2,5,2.5625625,aapakaa sandeisha paakara achchhaa lagaa,आपका सन्देइश पाकर अच्छा लगा
C:\Users\edwin\OneDrive\Desktop\Capstone\hindi indic\HDSD\hindi_sent\M30\M30_S1_H30_M2.wav,jaldii sei jaldii kuchha kiijiei,M30,M30_S1_H30,M2,5,2.087125,jaldi se jaldi kuchha kiijie,जल्दि से जल्दि कुछ कीजिए
C:\Users\edwin\OneDrive\Desktop\Capstone\hindi indic\HDSD\hindi_sent\M32\M32_S1_H01_M2.wav,aapakei hindii pasanda karanei para khushii huii,M32,M32_S1_H01,M2,7,3.24375,aapake hindi pasanda karane para khushi hui,आपके हिन्दि पसन्द करने पर खुशि हुइ
C:\Users\edwin\OneDrive\Desktop\Capstone\hindi indic\HDSD\hindi_sent\M32\M32_S1_H02_M2.wav,isakei badalei mein tuma kuchha aura maanaga loo,M32,M32_S1_H02,M2,8,2.8000625,isake badale mein tuma kuchha aura maanaga loo,इसके बदले मेइन् तुम कुछ और मानग लू
C:\Users\edwin\OneDrive\Desktop\Capstone\hindi indic\HDSD\hindi_sent\M32\M32_S1_H03_M2.wav,chikitsaa kaa artha hootaa hai ilaaja,M32,M32_S1_H03,M2,6,2.8688125,chikitsaa kaa artha hootaa hai ilaaja,चिकित्सा का अर्थ हूता है इलाज
C:\Users\edwin\OneDrive\Desktop\Capstone\hindi indic\HDSD\hindi_sent\M32\M32_S1_H04_M2.wav,aisei aisei hii jaarii rakhein,M32,M32_S1_H04,M2,5,3.3188125,aise aise hi jaari rakhein,ऐसे ऐसे हि जारि रखेइन्
C:\Users\edwin\OneDrive\Desktop\Capstone\hindi indic\HDSD\hindi_sent\M32\M32_S1_H05_M2.wav,madada kei liyei bahuta dhanyavaada,M32,M32_S1_H05,M2,5,2.2250625,madada ke liye bahuta dhanyavaada,मदद के लिये बहुत धन्यवाद
C:\Users\edwin\OneDrive\Desktop\Capstone\hindi indic\HDSD\hindi_sent\M32\M32_S1_H06_M2.wav,aba joo main kahataa huuna usakaa paalana karoo,M32,M32_S1_H06,M2,8,2.7188125,aba joo main kahataa huuna usakaa paalana karoo,अब जू मैन् कहता हून उसका पालन करू
C:\Users\edwin\OneDrive\Desktop\Capstone\hindi indic\HDSD\hindi_sent\M32\M32_S1_H07_M2.wav,bhaarata mein aisaa nahiin huaa hai,M32,M32_S1_H07,M2,6,2.2625625,bhaarata mein aisaa nahiin huaa hai,भारत मेइन् ऐसा नहीन् हुआ है
C:\Users\edwin\OneDrive\Desktop\Capstone\hindi indic\HDSD\hindi_sent\M32\M32_S1_H08_M2.wav,isa sahayooga heitu bhii bahuta dhanyavaada,M32,M32_S1_H08,M2,6,3.3938125,isa sahayooga heitu bhi bahuta dhanyavaada,इस सहयूग हेइतु भि बहुत धन्यवाद
C:\Users\edwin\OneDrive\Desktop\Capstone\hindi indic\HDSD\hindi_sent\M32\M32_S1_H09_M2.wav,para yaha sanbhava naa hoo sakaa,M32,M32_S1_H09,M2,6,1.9625625,para yaha sanbhava naa hoo sakaa,पर यह सन्भव ना हू सका
C:\Users\edwin\OneDrive\Desktop\Capstone\hindi indic\HDSD\hindi_sent\M32\M32_S1_H10_M2.wav,meirii baatoon ki oora dhyaana diijiyei,M32,M32_S1_H10,M2,6,2.7813125,meiri baatoon ki oora dhyaana diijiye,मेइरि बातून् कि ऊर ध्यान दीजिये
C:\Users\edwin\OneDrive\Desktop\Capstone\hindi indic\HDSD\hindi_sent\M32\M32_S1_H11_M2.wav,yahaan sei sangharshha kaa daura shuruu huaa,M32,M32_S1_H11,M2,7,2.5619375,yahaan se sangharshha kaa daura shuruu huaa,यहान् से सन्घर्ष का दौर शुरू हुआ
C:\Users\edwin\OneDrive\Desktop\Capstone\hindi indic\HDSD\hindi_sent\M32\M32_S1_H12_M2.wav,doonoon mein badaa antara thaa,M32,M32_S1_H12,M2,5,1.9238125,doonoon mein badaa antara thaa,दूनून् मेइन् बदा अन्तर था
C:\Users\edwin\OneDrive\Desktop\Capstone\hindi indic\HDSD\hindi_sent\M32\M32_S1_H13_M2.wav,aapa sabhii kei sahayooga kei liyei bahuta dhanyavaada,M32,M32_S1_H13,M2,8,2.9394375,aapa sabhi ke sahayooga ke liye bahuta dhanyavaada,आप सभि के सहयूग के लिये बहुत धन्यवाद
C:\Users\edwin\OneDrive\Desktop\Capstone\hindi indic\HDSD\hindi_sent\M32\M32_S1_H14_M2.wav,bahuta sei looga aisaa kara rahei hai,M32,M32_S1_H14,M2,7,2.0375625,bahuta se looga aisaa kara rahe hai,बहुत से लूग ऐसा कर रहे है
C:\Users\edwin\OneDrive\Desktop\Capstone\hindi indic\HDSD\hindi_sent\M32\M32_S1_H15_M2.wav,samaya kei saatha hii nahiin aagei chalaa jaaei,M32,M32_S1_H15,M2,8,4.1750625,samaya ke saatha hi nahiin aage chalaa jaae,समय के साथ हि नहीन् आगे चला जाए
C:\Users\edwin\OneDrive\Desktop\Capstone\hindi indic\HDSD\hindi_sent\M32\M32_S1_H16_M2.wav,main krikeita kheila koo kaaphii pasanda karataa huuna,M32,M32_S1_H16,M2,8,2.8875625,main krikeita kheila koo kaaphi pasanda karataa huuna,मैन् क्रिकेइत खेइल कू काफि पसन्द करता हून
C:\Users\edwin\OneDrive\Desktop\Capstone\hindi indic\HDSD\hindi_sent\M32\M32_S1_H17_M2.wav,shaayada samajha aa gayaa hoo,M32,M32_S1_H17,M2,5,1.8250625,shaayada samajha aa gayaa hoo,शायद समझ आ गया हू
C:\Users\edwin\OneDrive\Desktop\Capstone\hindi indic\HDSD\hindi_sent\M32\M32_S1_H18_M2.wav,joo shaayada aapanei deikhaa naa hoo,M32,M32_S1_H18,M2,6,2.3813125,joo shaayada aapane deikhaa naa hoo,जू शायद आपने देइखा ना हू
C:\Users\edwin\OneDrive\Desktop\Capstone\hindi indic\HDSD\hindi_sent\M32\M32_S1_H19_M2.wav,main bhuula hii gayaa thaa isa baata koo,M32,M32_S1_H19,M2,8,2.4500625,main bhuula hi gayaa thaa isa baata koo,मैन् भूल हि गया था इस बात कू
C:\Users\edwin\OneDrive\Desktop\Capstone\hindi indic\HDSD\hindi_sent\M32\M32_S1_H20_M2.wav,magara vaha bhii nahiin huaa,M32,M32_S1_H20,M2,5,1.8313125,magara vaha bhi nahiin huaa,मगर वह भि नहीन् हुआ
C:\Users\edwin\OneDrive\Desktop\Capstone\hindi indic\HDSD\hindi_sent\M32\M32_S1_H21_M2.wav,dara kaa artha hootaa hai bhaya,M32,M32_S1_H21,M2,6,1.9000625,dara kaa artha hootaa hai bhaya,दर का अर्थ हूता है भय
C:\Users\edwin\OneDrive\Desktop\Capstone\hindi indic\HDSD\hindi_sent\M32\M32_S1_H22_M2.wav,eika baara phira sei aabhaara,M32,M32_S1_H22,M2,5,1.8938125,eika baara phira se aabhaara,एइक बार फिर से आभार
C:\Users\edwin\OneDrive\Desktop\Capstone\hindi indic\HDSD\hindi_sent\M32\M32_S1_H23_M2.wav,naa jaanei kitanei looga isei padhtei hai,M32,M32_S1_H23,M2,7,3.0500625,naa jaane kitane looga ise padhte hai,ना जाने कितने लूग इसे पध्ते है
C:\Users\edwin\OneDrive\Desktop\Capstone\hindi indic\HDSD\hindi_sent\M32\M32_S1_H24_M2.wav,abhii main shaanta hii huuna,M32,M32_S1_H24,M2,5,1.7375625,abhi main shaanta hi huuna,अभि मैन् शान्त हि हून
C:\Users\edwin\OneDrive\Desktop\Capstone\hindi indic\HDSD\hindi_sent\M32\M32_S1_H25_M2.wav,svaagata kei liyei dhanyavaada,M32,M32_S1_H25,M2,4,1.6125625,svaagata ke liye dhanyavaada,स्वागत के लिये धन्यवाद
C:\Users\edwin\OneDrive\Desktop\Capstone\hindi indic\HDSD\hindi_sent\M32\M32_S1_H26_M2.wav,aapa apanaa yaha kaarya jaarii rakhein,M32,M32_S1_H26,M2,6,3.0438125,aapa apanaa yaha kaarya jaari rakhein,आप अपना यह कार्य जारि रखेइन्
C:\Users\edwin\OneDrive\Desktop\Capstone\hindi indic\HDSD\hindi_sent\M32\M32_S1_H27_M2.wav,main bhaarata mein rahataa huuna,M32,M32_S1_H27,M2,5,2.0500625,main bhaarata mein rahataa huuna,मैन् भारत मेइन् रहता हून
C:\Users\edwin\OneDrive\Desktop\Capstone\hindi indic\HDSD\hindi_sent\M32\M32_S1_H28_M2.wav,kahaa jaataa hai ki unhoonnei kabhii mein jhuutha kaa sahaaraa nahiin liyaa,M32,M32_S1_H28,M2,12,4.14225,kahaa jaataa hai ki unhoonne kabhi mein jhuutha kaa sahaaraa nahiin liyaa,कहा जाता है कि उन्हून्ने कभि मेइन् झूथ का सहारा नहीन् लिया
C:\Users\edwin\OneDrive\Desktop\Capstone\hindi indic\HDSD\hindi_sent\M32\M32_S1_H29_M2.wav,aapakaa sandeisha paakara achchhaa lagaa,M32,M32_S1_H29,M2,5,2.092875,aapakaa sandeisha paakara achchhaa lagaa,आपका सन्देइश पाकर अच्छा लगा
C:\Users\edwin\OneDrive\Desktop\Capstone\hindi indic\HDSD\hindi_sent\M32\M32_S1_H30_M2.wav,jaldii sei jaldii kuchha kiijiei,M32,M32_S1_H30,M2,5,1.729375,jaldi se jaldi kuchha kiijie,जल्दि से जल्दि कुछ कीजिए
C:\Users\edwin\OneDrive\Desktop\Capstone\hindi indic\HDSD\hindi_sent\M33\M33_S1_H01_M2.wav,aapakei hindii pasanda karanei para khushii huii hai huii,M33,M33_S1_H01,M2,9,3.61875,aapake hindi pasanda karane para khushi hui hai hui,आपके हिन्दि पसन्द करने पर खुशि हुइ है हुइ
C:\Users\edwin\OneDrive\Desktop\Capstone\hindi indic\HDSD\hindi_sent\M33\M33_S1_H02_M2.wav,isakei badalei mein mein tuma kuchha aura maanaga loo,M33,M33_S1_H02,M2,9,4.1563125,isake badale mein mein tuma kuchha aura maanaga loo,इसके बदले मेइन् मेइन् तुम कुछ और मानग लू
C:\Users\edwin\OneDrive\Desktop\Capstone\hindi indic\HDSD\hindi_sent\M33\M33_S1_H03_M2.wav,chikitsaa kaa artha hootaa hai ilaaja,M33,M33_S1_H03,M2,6,2.2563125,chikitsaa kaa artha hootaa hai ilaaja,चिकित्सा का अर्थ हूता है इलाज
C:\Users\edwin\OneDrive\Desktop\Capstone\hindi indic\HDSD\hindi_sent\M33\M33_S1_H04_M2.wav,isei aisei hii jaarii rakhein,M33,M33_S1_H04,M2,5,2.0563125,ise aise hi jaari rakhein,इसे ऐसे हि जारि रखेइन्
C:\Users\edwin\OneDrive\Desktop\Capstone\hindi indic\HDSD\hindi_sent\M33\M33_S1_H05_M2.wav,madada kei liyei bahuta dhanyavaada,M33,M33_S1_H05,M2,5,1.9125625,madada ke liye bahuta dhanyavaada,मदद के लिये बहुत धन्यवाद
C:\Users\edwin\OneDrive\Desktop\Capstone\hindi indic\HDSD\hindi_sent\M33\M33_S1_H06_M2.wav,aba joo main kahataa huuna usakaa paalana karoo,M33,M33_S1_H06,M2,8,2.6688125,aba joo main kahataa huuna usakaa paalana karoo,अब जू मैन् कहता हून उसका पालन करू
C:\Users\edwin\OneDrive\Desktop\Capstone\hindi indic\HDSD\hindi_sent\M33\M33_S1_H07_M2.wav,bhaarata mein aisaa nahiin huaa hai,M33,M33_S1_H07,M2,6,2.1250625,bhaarata mein aisaa nahiin huaa hai,भारत मेइन् ऐसा नहीन् हुआ है
C:\Users\edwin\OneDrive\Desktop\Capstone\hindi indic\HDSD\hindi_sent\M33\M33_S1_H08_M2.wav,isa sahayooga heitu bhii bahuta dhanyavaada,M33,M33_S1_H08,M2,6,3.7438125,isa sahayooga heitu bhi bahuta dhanyavaada,इस सहयूग हेइतु भि बहुत धन्यवाद
C:\Users\edwin\OneDrive\Desktop\Capstone\hindi indic\HDSD\hindi_sent\M33\M33_S1_H09_M2.wav,para yaha sanbhava naa hoo sakaa,M33,M33_S1_H09,M2,6,2.1688125,para yaha sanbhava naa hoo sakaa,पर यह सन्भव ना हू सका
C:\Users\edwin\OneDrive\Desktop\Capstone\hindi indic\HDSD\hindi_sent\M33\M33_S1_H10_M2.wav,meirii baatoon ki baatoon ki oora dhyaana diijiyei,M33,M33_S1_H10,M2,8,3.2563125,meiri baatoon ki baatoon ki oora dhyaana diijiye,मेइरि बातून् कि बातून् कि ऊर ध्यान दीजिये
C:\Users\edwin\OneDrive\Desktop\Capstone\hindi indic\HDSD\hindi_sent\M33\M33_S1_H11_M2.wav,yahaan sei sangharshha kaa daura shuruu huaa,M33,M33_S1_H11,M2,7,4.6563125,yahaan se sangharshha kaa daura shuruu huaa,यहान् से सन्घर्ष का दौर शुरू हुआ
C:\Users\edwin\OneDrive\Desktop\Capstone\hindi indic\HDSD\hindi_sent\M33\M33_S1_H12_M2.wav,doonoon mein badaa antara thaa,M33,M33_S1_H12,M2,5,2.8438125,doonoon mein badaa antara thaa,दूनून् मेइन् बदा अन्तर था
C:\Users\edwin\OneDrive\Desktop\Capstone\hindi indic\HDSD\hindi_sent\M33\M33_S1_H13_M2.wav,aapa sabhii kei sahayooga kei liyei bahuta dhanyavaada,M33,M33_S1_H13,M2,8,3.3375625,aapa sabhi ke sahayooga ke liye bahuta dhanyavaada,आप सभि के सहयूग के लिये बहुत धन्यवाद
C:\Users\edwin\OneDrive\Desktop\Capstone\hindi indic\HDSD\hindi_sent\M33\M33_S1_H14_M2.wav,bahuta sei looga aisaa kara rahei hai,M33,M33_S1_H14,M2,7,2.2375625,bahuta se looga aisaa kara rahe hai,बहुत से लूग ऐसा कर रहे है
C:\Users\edwin\OneDrive\Desktop\Capstone\hindi indic\HDSD\hindi_sent\M33\M33_S1_H15_M2.wav,samaya kei saatha hii nahiin usasei aagei chalaa jaaei,M33,M33_S1_H15,M2,9,4.1563125,samaya ke saatha hi nahiin usase aage chalaa jaae,समय के साथ हि नहीन् उससे आगे चला जाए
C:\Users\edwin\OneDrive\Desktop\Capstone\hindi indic\HDSD\hindi_sent\M33\M33_S1_H16_M2.wav,main krikeita kheila koo kaaphii pasanda karataa huuna,M33,M33_S1_H16,M2,8,3.4238125,main krikeita kheila koo kaaphi pasanda karataa huuna,मैन् क्रिकेइत खेइल कू काफि पसन्द करता हून
C:\Users\edwin\OneDrive\Desktop\Capstone\hindi indic\HDSD\hindi_sent\M33\M33_S1_H17_M2.wav,shaayada samajha aa gayaa hoo,M33,M33_S1_H17,M2,5,2.9138125,shaayada samajha aa gayaa hoo,शायद समझ आ गया हू
C:\Users\edwin\OneDrive\Desktop\Capstone\hindi indic\HDSD\hindi_sent\M33\M33_S1_H18_M2.wav,joo shaayada aapanei deikhaa naa hoo,M33,M33_S1_H18,M2,6,2.2000625,joo shaayada aapane deikhaa naa hoo,जू शायद आपने देइखा ना हू
C:\Users\edwin\OneDrive\Desktop\Capstone\hindi indic\HDSD\hindi_sent\M33\M33_S1_H19_M2.wav,main bhuula hii gayaa thaa isa baata koo,M33,M33_S1_H19,M2,8,2.4625625,main bhuula hi gayaa thaa isa baata koo,मैन् भूल हि गया था इस बात कू
C:\Users\edwin\OneDrive\Desktop\Capstone\hindi indic\HDSD\hindi_sent\M33\M33_S1_H20_M2.wav,magara vaha bhii nahiin huaa,M33,M33_S1_H20,M2,5,1.6750625,magara vaha bhi nahiin huaa,मगर वह भि नहीन् हुआ
C:\Users\edwin\OneDrive\Desktop\Capstone\hindi indic\HDSD\hindi_sent\M33\M33_S1_H21_M2.wav,dara kaa artha hootaa hai bhaya,M33,M33_S1_H21,M2,6,2.0313125,dara kaa artha hootaa hai bhaya,दर का अर्थ हूता है भय
C:\Users\edwin\OneDrive\Desktop\Capstone\hindi indic\HDSD\hindi_sent\M33\M33_S1_H22_M2.wav,eika baara phira sei aabhaara,M33,M33_S1_H22,M2,5,1.9438125,eika baara phira se aabhaara,एइक बार फिर से आभार
C:\Users\edwin\OneDrive\Desktop\Capstone\hindi indic\HDSD\hindi_sent\M33\M33_S1_H23_M2.wav,naa jaanei kitanei looga isei padhtei hai,M33,M33_S1_H23,M2,7,2.3813125,naa jaane kitane looga ise padhte hai,ना जाने कितने लूग इसे पध्ते है
C:\Users\edwin\OneDrive\Desktop\Capstone\hindi indic\HDSD\hindi_sent\M33\M33_S1_H24_M2.wav,abhii main shaanta hii huuna huuna,M33,M33_S1_H24,M2,6,2.1438125,abhi main shaanta hi huuna huuna,अभि मैन् शान्त हि हून हून
C:\Users\edwin\OneDrive\Desktop\Capstone\hindi indic\HDSD\hindi_sent\M33\M33_S1_H25_M2.wav,svaagata kei liyei dhanyavaada,M33,M33_S1_H25,M2,4,1.8500625,svaagata ke liye dhanyavaada,स्वागत के लिये धन्यवाद
C:\Users\edwin\OneDrive\Desktop\Capstone\hindi indic\HDSD\hindi_sent\M33\M33_S1_H26_M2.wav,aapa apanaa yaha achchhaa kaarya jaarii rakhein,M33,M33_S1_H26,M2,7,2.9813125,aapa apanaa yaha achchhaa kaarya jaari rakhein,आप अपना यह अच्छा कार्य जारि रखेइन्
C:\Users\edwin\OneDrive\Desktop\Capstone\hindi indic\HDSD\hindi_sent\M33\M33_S1_H27_M2.wav,main bhaarata mein rahataa huuna,M33,M33_S1_H27,M2,5,1.6125625,main bhaarata mein rahataa huuna,मैन् भारत मेइन् रहता हून
C:\Users\edwin\OneDrive\Desktop\Capstone\hindi indic\HDSD\hindi_sent\M33\M33_S1_H28_M2.wav,kahaa jaataa hai ki unhoonnei kabhii jiivana mein jhuutha kaa sahaaraa nahiin liyaa,M33,M33_S1_H28,M2,13,5.8063125,kahaa jaataa hai ki unhoonne kabhi jiivana mein jhuutha kaa sahaaraa nahiin liyaa,कहा जाता है कि उन्हून्ने कभि जीवन मेइन् झूथ का सहारा नहीन् लिया
C:\Users\edwin\OneDrive\Desktop\Capstone\hindi indic\HDSD\hindi_sent\M33\M33_S1_H29_M2.wav,aapakaa sandeisha paakara achchhaa lagaa,M33,M33_S1_H29,M2,5,2.1438125,aapakaa sandeisha paakara achchhaa lagaa,आपका सन्देइश पाकर अच्छा लगा
C:\Users\edwin\OneDrive\Desktop\Capstone\hindi indic\HDSD\hindi_sent\M33\M33_S1_H30_M2.wav,jaldii sei jaldii kuchha kiijiei,M33,M33_S1_H30,M2,5,2.7265,jaldi se jaldi kuchha kiijie,जल्दि से जल्दि कुछ कीजिए
C:\Users\edwin\OneDrive\Desktop\Capstone\hindi indic\HDSD\hindi_sent\M36\M36_S1_H04_M2.wav,isei aisei hii jaarii rakhein,M36,M36_S1_H04,M2,5,1.59375,ise aise hi jaari rakhein,इसे ऐसे हि जारि रखेइन्
C:\Users\edwin\OneDrive\Desktop\Capstone\hindi indic\HDSD\hindi_sent\M36\M36_S1_H05_M2.wav,madada kei liyei bahuta dhanyavaada,M36,M36_S1_H05,M2,5,1.8688125,madada ke liye bahuta dhanyavaada,मदद के लिये बहुत धन्यवाद
C:\Users\edwin\OneDrive\Desktop\Capstone\hindi indic\HDSD\hindi_sent\M36\M36_S1_H06_M2.wav,aba joo main kahataa huuna usakaa paalana karoo,M36,M36_S1_H06,M2,8,3.1688125,aba joo main kahataa huuna usakaa paalana karoo,अब जू मैन् कहता हून उसका पालन करू
C:\Users\edwin\OneDrive\Desktop\Capstone\hindi indic\HDSD\hindi_sent\M36\M36_S1_H07_M2.wav,bhaarata mein aisaa nahiin huaa,M36,M36_S1_H07,M2,5,1.7813125,bhaarata mein aisaa nahiin huaa,भारत मेइन् ऐसा नहीन् हुआ
C:\Users\edwin\OneDrive\Desktop\Capstone\hindi indic\HDSD\hindi_sent\M36\M36_S1_H08_M2.wav,isa sahayooga heitu bhii bahuta dhanyavaada,M36,M36_S1_H08,M2,6,3.1625625,isa sahayooga heitu bhi bahuta dhanyavaada,इस सहयूग हेइतु भि बहुत धन्यवाद
C:\Users\edwin\OneDrive\Desktop\Capstone\hindi indic\HDSD\hindi_sent\M36\M36_S1_H09_M2.wav,para yaha sanbhava naa hoo sakaa,M36,M36_S1_H09,M2,6,2.4563125,para yaha sanbhava naa hoo sakaa,पर यह सन्भव ना हू सका
C:\Users\edwin\OneDrive\Desktop\Capstone\hindi indic\HDSD\hindi_sent\M36\M36_S1_H10_M2.wav,meirii baatoon ki oora dhyaana diijiyei,M36,M36_S1_H10,M2,6,1.8125625,meiri baatoon ki oora dhyaana diijiye,मेइरि बातून् कि ऊर ध्यान दीजिये
C:\Users\edwin\OneDrive\Desktop\Capstone\hindi indic\HDSD\hindi_sent\M36\M36_S1_H11_M2.wav,yahaan sei sangharshha kaa daura shuruu huaa,M36,M36_S1_H11,M2,7,2.4688125,yahaan se sangharshha kaa daura shuruu huaa,यहान् से सन्घर्ष का दौर शुरू हुआ
C:\Users\edwin\OneDrive\Desktop\Capstone\hindi indic\HDSD\hindi_sent\M36\M36_S1_H12_M2.wav,doonoon mein badaa antara thaa,M36,M36_S1_H12,M2,5,1.4500625,doonoon mein badaa antara thaa,दूनून् मेइन् बदा अन्तर था
C:\Users\edwin\OneDrive\Desktop\Capstone\hindi indic\HDSD\hindi_sent\M36\M36_S1_H13_M2.wav,aapa sabhii kei sahayooga kei liyei bahuta dhanyavaada,M36,M36_S1_H13,M2,8,2.3625625,aapa sabhi ke sahayooga ke liye bahuta dhanyavaada,आप सभि के सहयूग के लिये बहुत धन्यवाद
C:\Users\edwin\OneDrive\Desktop\Capstone\hindi indic\HDSD\hindi_sent\M36\M36_S1_H14_M2.wav,bahuta sei looga aisaa kara rahei hai,M36,M36_S1_H14,M2,7,1.9938125,bahuta se looga aisaa kara rahe hai,बहुत से लूग ऐसा कर रहे है
C:\Users\edwin\OneDrive\Desktop\Capstone\hindi indic\HDSD\hindi_sent\M36\M36_S1_H15_M2.wav,samaya kei saatha hii nahiin usasei aagei chalaa jaaei,M36,M36_S1_H15,M2,9,4.0375625,samaya ke saatha hi nahiin usase aage chalaa jaae,समय के साथ हि नहीन् उससे आगे चला जाए
C:\Users\edwin\OneDrive\Desktop\Capstone\hindi indic\HDSD\hindi_sent\M36\M36_S1_H16_M2.wav,main krikeita kheila koo kaaphii pasanda karataa huuna,M36,M36_S1_H16,M2,8,2.3938125,main krikeita kheila koo kaaphi pasanda karataa huuna,मैन् क्रिकेइत खेइल कू काफि पसन्द करता हून
C:\Users\edwin\OneDrive\Desktop\Capstone\hindi indic\HDSD\hindi_sent\M36\M36_S1_H17_M2.wav,shaayada samajha aa gayaa hoo,M36,M36_S1_H17,M2,5,2.9250625,shaayada samajha aa gayaa hoo,शायद समझ आ गया हू
C:\Users\edwin\OneDrive\Desktop\Capstone\hindi indic\HDSD\hindi_sent\M36\M36_S1_H18_M2.wav,joo shaayada aapanei deikhaa naa hoo,M36,M36_S1_H18,M2,6,2.1375625,joo shaayada aapane deikhaa naa hoo,जू शायद आपने देइखा ना हू
C:\Users\edwin\OneDrive\Desktop\Capstone\hindi indic\HDSD\hindi_sent\M36\M36_S1_H19_M2.wav,main bhuula hii gayaa thaa isa baata koo,M36,M36_S1_H19,M2,8,1.6938125,main bhuula hi gayaa thaa isa baata koo,मैन् भूल हि गया था इस बात कू
C:\Users\edwin\OneDrive\Desktop\Capstone\hindi indic\HDSD\hindi_sent\M36\M36_S1_H20_M2.wav,magara vaha bhii nahiin huaa,M36,M36_S1_H20,M2,5,1.3063125,magara vaha bhi nahiin huaa,मगर वह भि नहीन् हुआ
C:\Users\edwin\OneDrive\Desktop\Capstone\hindi indic\HDSD\hindi_sent\M36\M36_S1_H21_M2.wav,dara kaa artha hootaa hai bhaya,M36,M36_S1_H21,M2,6,1.4688125,dara kaa artha hootaa hai bhaya,दर का अर्थ हूता है भय
C:\Users\edwin\OneDrive\Desktop\Capstone\hindi indic\HDSD\hindi_sent\M36\M36_S1_H22_M2.wav,eika baara phira,M36,M36_S1_H22,M2,3,1.0625625,eika baara phira,एइक बार फिर
C:\Users\edwin\OneDrive\Desktop\Capstone\hindi indic\HDSD\hindi_sent\M36\M36_S1_H23_M2.wav,naa jaanei kitanei looga isei padhtei hai,M36,M36_S1_H23,M2,7,2.4000625,naa jaane kitane looga ise padhte hai,ना जाने कितने लूग इसे पध्ते है
C:\Users\edwin\OneDrive\Desktop\Capstone\hindi indic\HDSD\hindi_sent\M36\M36_S1_H24_M2.wav,abhii main shaanta hii huuna,M36,M36_S1_H24,M2,5,1.3688125,abhi main shaanta hi huuna,अभि मैन् शान्त हि हून
C:\Users\edwin\OneDrive\Desktop\Capstone\hindi indic\HDSD\hindi_sent\M36\M36_S1_H25_M2.wav,svaagata kei liyei dhanyavaada,M36,M36_S1_H25,M2,4,1.6438125,svaagata ke liye dhanyavaada,स्वागत के लिये धन्यवाद
C:\Users\edwin\OneDrive\Desktop\Capstone\hindi indic\HDSD\hindi_sent\M36\M36_S1_H26_M2.wav,aapa yaha achchhaa kaarya jaarii rakhein,M36,M36_S1_H26,M2,6,2.1375625,aapa yaha achchhaa kaarya jaari rakhein,आप यह अच्छा कार्य जारि रखेइन्
C:\Users\edwin\OneDrive\Desktop\Capstone\hindi indic\HDSD\hindi_sent\M36\M36_S1_H27_M2.wav,main bhaarata mein rahataa huuna,M36,M36_S1_H27,M2,5,1.3375625,main bhaarata mein rahataa huuna,मैन् भारत मेइन् रहता हून
C:\Users\edwin\OneDrive\Desktop\Capstone\hindi indic\HDSD\hindi_sent\M36\M36_S1_H28_M2.wav,kahaa jaataa hai ki unhoonnei kabhii jiivana mein jhuutha kaa sahaaraa nahiin liyaa,M36,M36_S1_H28,M2,13,3.9500625,kahaa jaataa hai ki unhoonne kabhi jiivana mein jhuutha kaa sahaaraa nahiin liyaa,कहा जाता है कि उन्हून्ने कभि जीवन मेइन् झूथ का सहारा नहीन् लिया
C:\Users\edwin\OneDrive\Desktop\Capstone\hindi indic\HDSD\hindi_sent\M36\M36_S1_H29_M2.wav,aapakaa sandeisha paakara achchhaa lagaa,M36,M36_S1_H29,M2,5,1.9750625,aapakaa sandeisha paakara achchhaa lagaa,आपका सन्देइश पाकर अच्छा लगा
C:\Users\edwin\OneDrive\Desktop\Capstone\hindi indic\HDSD\hindi_sent\M36\M36_S1_H30_M2.wav,jaldii jaldii kuchha kiijiei,M36,M36_S1_H30,M2,4,1.5721875,jaldi jaldi kuchha kiijie,जल्दि जल्दि कुछ कीजिए
C:\Users\edwin\OneDrive\Desktop\Capstone\hindi indic\HDSD\hindi_sent\M37\M37_S1_H01_M2.wav,aapakei hindii pasanda karanei para khushii huii,M37,M37_S1_H01,M2,7,2.5125,aapake hindi pasanda karane para khushi hui,आपके हिन्दि पसन्द करने पर खुशि हुइ
C:\Users\edwin\OneDrive\Desktop\Capstone\hindi indic\HDSD\hindi_sent\M37\M37_S1_H02_M2.wav,isakei badalei mein tuma kuchha aura maanaga loo,M37,M37_S1_H02,M2,8,2.4750625,isake badale mein tuma kuchha aura maanaga loo,इसके बदले मेइन् तुम कुछ और मानग लू
C:\Users\edwin\OneDrive\Desktop\Capstone\hindi indic\HDSD\hindi_sent\M37\M37_S1_H03_M2.wav,chikitsaa kaa artha hootaa hai ilaaja,M37,M37_S1_H03,M2,6,2.0688125,chikitsaa kaa artha hootaa hai ilaaja,चिकित्सा का अर्थ हूता है इलाज
C:\Users\edwin\OneDrive\Desktop\Capstone\hindi indic\HDSD\hindi_sent\M37\M37_S1_H04_M2.wav,isei aisei hii jaarii rakhein,M37,M37_S1_H04,M2,5,1.9625625,ise aise hi jaari rakhein,इसे ऐसे हि जारि रखेइन्
C:\Users\edwin\OneDrive\Desktop\Capstone\hindi indic\HDSD\hindi_sent\M37\M37_S1_H05_M2.wav,madada kei liyei bahuta dhanyavaada,M37,M37_S1_H05,M2,5,2.0875625,madada ke liye bahuta dhanyavaada,मदद के लिये बहुत धन्यवाद
C:\Users\edwin\OneDrive\Desktop\Capstone\hindi indic\HDSD\hindi_sent\M37\M37_S1_H06_M2.wav,aba joo main kahataa huuna usakaa paalana karoo,M37,M37_S1_H06,M2,8,2.3500625,aba joo main kahataa huuna usakaa paalana karoo,अब जू मैन् कहता हून उसका पालन करू
C:\Users\edwin\OneDrive\Desktop\Capstone\hindi indic\HDSD\hindi_sent\M37\M37_S1_H07_M2.wav,bhaarata mein aisaa nahiin huaa hai,M37,M37_S1_H07,M2,6,2.0125625,bhaarata mein aisaa nahiin huaa hai,भारत मेइन् ऐसा नहीन् हुआ है
C:\Users\edwin\OneDrive\Desktop\Capstone\hindi indic\HDSD\hindi_sent\M37\M37_S1_H08_M2.wav,isa sahayooga heitu bhii bahuta dhanyavaada,M37,M37_S1_H08,M2,6,2.7688125,isa sahayooga heitu bhi bahuta dhanyavaada,इस सहयूग हेइतु भि बहुत धन्यवाद
C:\Users\edwin\OneDrive\Desktop\Capstone\hindi indic\HDSD\hindi_sent\M37\M37_S1_H09_M2.wav,para yaha sanbhava naa hoo sakaa,M37,M37_S1_H09,M2,6,1.8063125,para yaha sanbhava naa hoo sakaa,पर यह सन्भव ना हू सका
C:\Users\edwin\OneDrive\Desktop\Capstone\hindi indic\HDSD\hindi_sent\M37\M37_S1_H10_M2.wav,meirii baatoon ki oora dhyaana diijiyei,M37,M37_S1_H10,M2,6,2.0688125,meiri baatoon ki oora dhyaana diijiye,मेइरि बातून् कि ऊर ध्यान दीजिये
C:\Users\edwin\OneDrive\Desktop\Capstone\hindi indic\HDSD\hindi_sent\M37\M37_S1_H11_M2.wav,yahaan sei sangharshha kaa daura shuruu huaa,M37,M37_S1_H11,M2,7,2.2688125,yahaan se sangharshha kaa daura shuruu huaa,यहान् से सन्घर्ष का दौर शुरू हुआ
C:\Users\edwin\OneDrive\Desktop\Capstone\hindi indic\HDSD\hindi_sent\M37\M37_S1_H12_M2.wav,doonoon mein badaa antara thaa,M37,M37_S1_H12,M2,5,1.7563125,doonoon mein badaa antara thaa,दूनून् मेइन् बदा अन्तर था
C:\Users\edwin\OneDrive\Desktop\Capstone\hindi indic\HDSD\hindi_sent\M37\M37_S1_H13_M2.wav,aapa sabhii kei sahayooga kei liyei bahuta dhanyavaada,M37,M37_S1_H13,M2,8,2.6188125,aapa sabhi ke sahayooga ke liye bahuta dhanyavaada,आप सभि के सहयूग के लिये बहुत धन्यवाद
C:\Users\edwin\OneDrive\Desktop\Capstone\hindi indic\HDSD\hindi_sent\M37\M37_S1_H14_M2.wav,bahuta sei looga aisaa kara rahei hai,M37,M37_S1_H14,M2,7,2.0375625,bahuta se looga aisaa kara rahe hai,बहुत से लूग ऐसा कर रहे है
C:\Users\edwin\OneDrive\Desktop\Capstone\hindi indic\HDSD\hindi_sent\M37\M37_S1_H15_M2.wav,samaya kei saatha hii nahiin usasei aagei chalaa jaaei,M37,M37_S1_H15,M2,9,3.6875625,samaya ke saatha hi nahiin usase aage chalaa jaae,समय के साथ हि नहीन् उससे आगे चला जाए
C:\Users\edwin\OneDrive\Desktop\Capstone\hindi indic\HDSD\hindi_sent\M37\M37_S1_H16_M2.wav,main krikeita kheila koo kaaphii pasanda karataa huuna,M37,M37_S1_H16,M2,8,3.0438125,main krikeita kheila koo kaaphi pasanda karataa huuna,मैन् क्रिकेइत खेइल कू काफि पसन्द करता हून
C:\Users\edwin\OneDrive\Desktop\Capstone\hindi indic\HDSD\hindi_sent\M37\M37_S1_H17_M2.wav,shaayada samajha aa gayaa hoo,M37,M37_S1_H17,M2,5,1.7313125,shaayada samajha aa gayaa hoo,शायद समझ आ गया हू
C:\Users\edwin\OneDrive\Desktop\Capstone\hindi indic\HDSD\hindi_sent\M37\M37_S1_H18_M2.wav,joo shaayada aapanei deikhaa naa hoo,M37,M37_S1_H18,M2,6,2.0750625,joo shaayada aapane deikhaa naa hoo,जू शायद आपने देइखा ना हू
C:\Users\edwin\OneDrive\Desktop\Capstone\hindi indic\HDSD\hindi_sent\M37\M37_S1_H19_M2.wav,main bhuula hii gayaa thaa isa baata koo,M37,M37_S1_H19,M2,8,2.3375625,main bhuula hi gayaa thaa isa baata koo,मैन् भूल हि गया था इस बात कू
C:\Users\edwin\OneDrive\Desktop\Capstone\hindi indic\HDSD\hindi_sent\M37\M37_S1_H20_M2.wav,magara vaha bhii nahiin huaa,M37,M37_S1_H20,M2,5,2.1500625,magara vaha bhi nahiin huaa,मगर वह भि नहीन् हुआ
C:\Users\edwin\OneDrive\Desktop\Capstone\hindi indic\HDSD\hindi_sent\M37\M37_S1_H21_M2.wav,dara kaa artha hootaa hai bhaya,M37,M37_S1_H21,M2,6,1.8438125,dara kaa artha hootaa hai bhaya,दर का अर्थ हूता है भय
C:\Users\edwin\OneDrive\Desktop\Capstone\hindi indic\HDSD\hindi_sent\M37\M37_S1_H22_M2.wav,eika baara phira sei aabhaara,M37,M37_S1_H22,M2,5,1.6125625,eika baara phira se aabhaara,एइक बार फिर से आभार
C:\Users\edwin\OneDrive\Desktop\Capstone\hindi indic\HDSD\hindi_sent\M37\M37_S1_H23_M2.wav,naa jaanei kitanei looga isei padhtei hai,M37,M37_S1_H23,M2,7,2.4500625,naa jaane kitane looga ise padhte hai,ना जाने कितने लूग इसे पध्ते है
C:\Users\edwin\OneDrive\Desktop\Capstone\hindi indic\HDSD\hindi_sent\M37\M37_S1_H24_M2.wav,abhii main shaanta hii huuna,M37,M37_S1_H24,M2,5,1.4313125,abhi main shaanta hi huuna,अभि मैन् शान्त हि हून
C:\Users\edwin\OneDrive\Desktop\Capstone\hindi indic\HDSD\hindi_sent\M37\M37_S1_H25_M2.wav,svaagata kei liyei dhanyavaada,M37,M37_S1_H25,M2,4,1.6500625,svaagata ke liye dhanyavaada,स्वागत के लिये धन्यवाद
C:\Users\edwin\OneDrive\Desktop\Capstone\hindi indic\HDSD\hindi_sent\M37\M37_S1_H26_M2.wav,aapa apanaa yaha achchhaa kaarya jaarii rakhein,M37,M37_S1_H26,M2,7,2.8250625,aapa apanaa yaha achchhaa kaarya jaari rakhein,आप अपना यह अच्छा कार्य जारि रखेइन्
C:\Users\edwin\OneDrive\Desktop\Capstone\hindi indic\HDSD\hindi_sent\M37\M37_S1_H27_M2.wav,main bhaarata mein rahataa huuna,M37,M37_S1_H27,M2,5,1.6375625,main bhaarata mein rahataa huuna,मैन् भारत मेइन् रहता हून
C:\Users\edwin\OneDrive\Desktop\Capstone\hindi indic\HDSD\hindi_sent\M37\M37_S1_H28_M2.wav,kahaa jaataa hai ki unhoonnei kabhii jiivana mein jhuutha kaa sahaaraa nahiin liyaa,M37,M37_S1_H28,M2,13,4.1688125,kahaa jaataa hai ki unhoonne kabhi jiivana mein jhuutha kaa sahaaraa nahiin liyaa,कहा जाता है कि उन्हून्ने कभि जीवन मेइन् झूथ का सहारा नहीन् लिया
C:\Users\edwin\OneDrive\Desktop\Capstone\hindi indic\HDSD\hindi_sent\M37\M37_S1_H29_M2.wav,aapakaa sandeisha paakara achchhaa lagaa,M37,M37_S1_H29,M2,5,2.1063125,aapakaa sandeisha paakara achchhaa lagaa,आपका सन्देइश पाकर अच्छा लगा
C:\Users\edwin\OneDrive\Desktop\Capstone\hindi indic\HDSD\hindi_sent\M37\M37_S1_H30_M2.wav,jaldii sei jaldii kuchha kiijiei,M37,M37_S1_H30,M2,5,1.7181875,jaldi se jaldi kuchha kiijie,जल्दि से जल्दि कुछ कीजिए
C:\Users\edwin\OneDrive\Desktop\Capstone\hindi indic\HDSD\hindi_sent\M38\M38_S1_H01_M2.wav,aapakei hindii pasanda karanei para khushii huii,M38,M38_S1_H01,M2,7,2.63125,aapake hindi pasanda karane para khushi hui,आपके हिन्दि पसन्द करने पर खुशि हुइ
C:\Users\edwin\OneDrive\Desktop\Capstone\hindi indic\HDSD\hindi_sent\M38\M38_S1_H02_M2.wav,isakei badalei mein tuma kuchha aura maanaga loo,M38,M38_S1_H02,M2,8,2.6438125,isake badale mein tuma kuchha aura maanaga loo,इसके बदले मेइन् तुम कुछ और मानग लू
C:\Users\edwin\OneDrive\Desktop\Capstone\hindi indic\HDSD\hindi_sent\M38\M38_S1_H03_M2.wav,chikitsaa kaa artha hootaa hai ilaaja,M38,M38_S1_H03,M2,6,2.1438125,chikitsaa kaa artha hootaa hai ilaaja,चिकित्सा का अर्थ हूता है इलाज
C:\Users\edwin\OneDrive\Desktop\Capstone\hindi indic\HDSD\hindi_sent\M38\M38_S1_H04_M2.wav,isei aisei hii jaarii rakhein,M38,M38_S1_H04,M2,5,1.8688125,ise aise hi jaari rakhein,इसे ऐसे हि जारि रखेइन्
C:\Users\edwin\OneDrive\Desktop\Capstone\hindi indic\HDSD\hindi_sent\M38\M38_S1_H05_M2.wav,madada kei liyei bahuta dhanyavaada,M38,M38_S1_H05,M2,5,2.2438125,madada ke liye bahuta dhanyavaada,मदद के लिये बहुत धन्यवाद
C:\Users\edwin\OneDrive\Desktop\Capstone\hindi indic\HDSD\hindi_sent\M38\M38_S1_H06_M2.wav,aba joo main kahataa huuna usakaa paalana karoo,M38,M38_S1_H06,M2,8,2.3063125,aba joo main kahataa huuna usakaa paalana karoo,अब जू मैन् कहता हून उसका पालन करू
C:\Users\edwin\OneDrive\Desktop\Capstone\hindi indic\HDSD\hindi_sent\M38\M38_S1_H07_M2.wav,bhaarata mein aisaa nahiin huaa hai,M38,M38_S1_H07,M2,6,2.0313125,bhaarata mein aisaa nahiin huaa hai,भारत मेइन् ऐसा नहीन् हुआ है
C:\Users\edwin\OneDrive\Desktop\Capstone\hindi indic\HDSD\hindi_sent\M38\M38_S1_H08_M2.wav,isa sahayooga heitu dhanyavaada,M38,M38_S1_H08,M2,4,2.7750625,isa sahayooga heitu dhanyavaada,इस सहयूग हेइतु धन्यवाद
C:\Users\edwin\OneDrive\Desktop\Capstone\hindi indic\HDSD\hindi_sent\M38\M38_S1_H09_M2.wav,para yaha sanbhava naa hoo sakaa,M38,M38_S1_H09,M2,6,1.8875625,para yaha sanbhava naa hoo sakaa,पर यह सन्भव ना हू सका
C:\Users\edwin\OneDrive\Desktop\Capstone\hindi indic\HDSD\hindi_sent\M38\M38_S1_H10_M2.wav,meirii baatoon ki oora dhyaana diijiyei,M38,M38_S1_H10,M2,6,2.2125625,meiri baatoon ki oora dhyaana diijiye,मेइरि बातून् कि ऊर ध्यान दीजिये
C:\Users\edwin\OneDrive\Desktop\Capstone\hindi indic\HDSD\hindi_sent\M38\M38_S1_H11_M2.wav,yahaan sei sangharshha kaa daura shuruu huaa doonoon,M38,M38_S1_H11,M2,8,2.9375625,yahaan se sangharshha kaa daura shuruu huaa doonoon,यहान् से सन्घर्ष का दौर शुरू हुआ दूनून्
C:\Users\edwin\OneDrive\Desktop\Capstone\hindi indic\HDSD\hindi_sent\M38\M38_S1_H12_M2.wav,mein badaa antara thaa antara thaa,M38,M38_S1_H12,M2,6,2.2438125,mein badaa antara thaa antara thaa,मेइन् बदा अन्तर था अन्तर था
C:\Users\edwin\OneDrive\Desktop\Capstone\hindi indic\HDSD\hindi_sent\M38\M38_S1_H13_M2.wav,aapa sabhii kei sahayooga kei liyei bahuta dhanyavaada,M38,M38_S1_H13,M2,8,3.7313125,aapa sabhi ke sahayooga ke liye bahuta dhanyavaada,आप सभि के सहयूग के लिये बहुत धन्यवाद
C:\Users\edwin\OneDrive\Desktop\Capstone\hindi indic\HDSD\hindi_sent\M38\M38_S1_H14_M2.wav,bahuta sei looga aisaa kara rahei hai,M38,M38_S1_H14,M2,7,2.3375625,bahuta se looga aisaa kara rahe hai,बहुत से लूग ऐसा कर रहे है
C:\Users\edwin\OneDrive\Desktop\Capstone\hindi indic\HDSD\hindi_sent\M38\M38_S1_H15_M2.wav,samaya kei saatha hii nahiin usasei aagei chalaa jaaei,M38,M38_S1_H15,M2,9,2.8563125,samaya ke saatha hi nahiin usase aage chalaa jaae,समय के साथ हि नहीन् उससे आगे चला जाए
C:\Users\edwin\OneDrive\Desktop\Capstone\hindi indic\HDSD\hindi_sent\M38\M38_S1_H16_M2.wav,main krikeita kheila koo kaaphii pasanda karataa huuna,M38,M38_S1_H16,M2,8,3.4688125,main krikeita kheila koo kaaphi pasanda karataa huuna,मैन् क्रिकेइत खेइल कू काफि पसन्द करता हून
C:\Users\edwin\OneDrive\Desktop\Capstone\hindi indic\HDSD\hindi_sent\M38\M38_S1_H17_M2.wav,shaayada samajha aa gayaa hoo,M38,M38_S1_H17,M2,5,2.0500625,shaayada samajha aa gayaa hoo,शायद समझ आ गया हू
C:\Users\edwin\OneDrive\Desktop\Capstone\hindi indic\HDSD\hindi_sent\M38\M38_S1_H18_M2.wav,joo aapanei deikhaa naa hoo,M38,M38_S1_H18,M2,5,1.7750625,joo aapane deikhaa naa hoo,जू आपने देइखा ना हू
C:\Users\edwin\OneDrive\Desktop\Capstone\hindi indic\HDSD\hindi_sent\M38\M38_S1_H19_M2.wav,main bhuula hii gayaa thaa isa baata koo,M38,M38_S1_H19,M2,8,2.0375625,main bhuula hi gayaa thaa isa baata koo,मैन् भूल हि गया था इस बात कू
C:\Users\edwin\OneDrive\Desktop\Capstone\hindi indic\HDSD\hindi_sent\M38\M38_S1_H20_M2.wav,magara vaha bhii nahiin huaa,M38,M38_S1_H20,M2,5,2.3063125,magara vaha bhi nahiin huaa,मगर वह भि नहीन् हुआ
C:\Users\edwin\OneDrive\Desktop\Capstone\hindi indic\HDSD\hindi_sent\M38\M38_S1_H21_M2.wav,dara kaa artha hootaa hai bhaya,M38,M38_S1_H21,M2,6,2.7563125,dara kaa artha hootaa hai bhaya,दर का अर्थ हूता है भय
C:\Users\edwin\OneDrive\Desktop\Capstone\hindi indic\HDSD\hindi_sent\M38\M38_S1_H22_M2.wav,eika baara phira sei aabhaara,M38,M38_S1_H22,M2,5,1.7375625,eika baara phira se aabhaara,एइक बार फिर से आभार
C:\Users\edwin\OneDrive\Desktop\Capstone\hindi indic\HDSD\hindi_sent\M38\M38_S1_H23_M2.wav,naa jaanei kitanei looga isei padhtei hai,M38,M38_S1_H23,M2,7,2.4938125,naa jaane kitane looga ise padhte hai,ना जाने कितने लूग इसे पध्ते है
C:\Users\edwin\OneDrive\Desktop\Capstone\hindi indic\HDSD\hindi_sent\M38\M38_S1_H24_M2.wav,main abhii shaanta hii huuna,M38,M38_S1_H24,M2,5,1.8375625,main abhi shaanta hi huuna,मैन् अभि शान्त हि हून
C:\Users\edwin\OneDrive\Desktop\Capstone\hindi indic\HDSD\hindi_sent\M38\M38_S1_H25_M2.wav,svaagata kei liyei dhanyavaada,M38,M38_S1_H25,M2,4,1.6938125,svaagata ke liye dhanyavaada,स्वागत के लिये धन्यवाद
C:\Users\edwin\OneDrive\Desktop\Capstone\hindi indic\HDSD\hindi_sent\M38\M38_S1_H26_M2.wav,aapa apanaa yaha achchhaa kaarya jaarii rakhein,M38,M38_S1_H26,M2,7,2.9688125,aapa apanaa yaha achchhaa kaarya jaari rakhein,आप अपना यह अच्छा कार्य जारि रखेइन्
C:\Users\edwin\OneDrive\Desktop\Capstone\hindi indic\HDSD\hindi_sent\M38\M38_S1_H27_M2.wav,main bhaarata mein rahataa huuna,M38,M38_S1_H27,M2,5,1.4688125,main bhaarata mein rahataa huuna,मैन् भारत मेइन् रहता हून
C:\Users\edwin\OneDrive\Desktop\Capstone\hindi indic\HDSD\hindi_sent\M38\M38_S1_H28_M2.wav,kahaa jaataa hai ki unhoonnei kabhii jiivana mein jhuutha kaa sahaaraa nahiin liyaa,M38,M38_S1_H28,M2,13,4.9875625,kahaa jaataa hai ki unhoonne kabhi jiivana mein jhuutha kaa sahaaraa nahiin liyaa,कहा जाता है कि उन्हून्ने कभि जीवन मेइन् झूथ का सहारा नहीन् लिया
C:\Users\edwin\OneDrive\Desktop\Capstone\hindi indic\HDSD\hindi_sent\M38\M38_S1_H29_M2.wav,aapakaa sandeisha paakara achchhaa lagaa,M38,M38_S1_H29,M2,5,2.0313125,aapakaa sandeisha paakara achchhaa lagaa,आपका सन्देइश पाकर अच्छा लगा
C:\Users\edwin\OneDrive\Desktop\Capstone\hindi indic\HDSD\hindi_sent\M38\M38_S1_H30_M2.wav,jaldii sei jaldii kuchha kiijiei,M38,M38_S1_H30,M2,5,1.635,jaldi se jaldi kuchha kiijie,जल्दि से जल्दि कुछ कीजिए
C:\Users\edwin\OneDrive\Desktop\Capstone\hindi indic\HDSD\hindi_sent\M39\M39_S1_H01_M2.wav,aapakei hindii pasanda karanei para khushii huii,M39,M39_S1_H01,M2,7,3.4375,aapake hindi pasanda karane para khushi hui,आपके हिन्दि पसन्द करने पर खुशि हुइ
C:\Users\edwin\OneDrive\Desktop\Capstone\hindi indic\HDSD\hindi_sent\M39\M39_S1_H02_M2.wav,isakei badalei mein tuma kuchha aura maanaga loo,M39,M39_S1_H02,M2,8,3.3125625,isake badale mein tuma kuchha aura maanaga loo,इसके बदले मेइन् तुम कुछ और मानग लू
C:\Users\edwin\OneDrive\Desktop\Capstone\hindi indic\HDSD\hindi_sent\M39\M39_S1_H03_M2.wav,chikitsaa kaa artha hootaa hai ilaaja,M39,M39_S1_H03,M2,6,3.3188125,chikitsaa kaa artha hootaa hai ilaaja,चिकित्सा का अर्थ हूता है इलाज
C:\Users\edwin\OneDrive\Desktop\Capstone\hindi indic\HDSD\hindi_sent\M39\M39_S1_H04_M2.wav,isei aisei hii jaarii rakhein,M39,M39_S1_H04,M2,5,2.4625625,ise aise hi jaari rakhein,इसे ऐसे हि जारि रखेइन्
C:\Users\edwin\OneDrive\Desktop\Capstone\hindi indic\HDSD\hindi_sent\M39\M39_S1_H05_M2.wav,madada kei liyei bahuta dhanyavaada,M39,M39_S1_H05,M2,5,2.5500625,madada ke liye bahuta dhanyavaada,मदद के लिये बहुत धन्यवाद
C:\Users\edwin\OneDrive\Desktop\Capstone\hindi indic\HDSD\hindi_sent\M39\M39_S1_H06_M2.wav,aba joo main kahataa huuna usakaa paalana karoo,M39,M39_S1_H06,M2,8,2.8000625,aba joo main kahataa huuna usakaa paalana karoo,अब जू मैन् कहता हून उसका पालन करू
C:\Users\edwin\OneDrive\Desktop\Capstone\hindi indic\HDSD\hindi_sent\M39\M39_S1_H07_M2.wav,bhaarata mein aisaa nahiin huaa hai,M39,M39_S1_H07,M2,6,2.5688125,bhaarata mein aisaa nahiin huaa hai,भारत मेइन् ऐसा नहीन् हुआ है
C:\Users\edwin\OneDrive\Desktop\Capstone\hindi indic\HDSD\hindi_sent\M39\M39_S1_H08_M2.wav,isa sahayooga heitu bhii bahuta dhanyavaada,M39,M39_S1_H08,M2,6,2.9688125,isa sahayooga heitu bhi bahuta dhanyavaada,इस सहयूग हेइतु भि बहुत धन्यवाद
C:\Users\edwin\OneDrive\Desktop\Capstone\hindi indic\HDSD\hindi_sent\M39\M39_S1_H09_M2.wav,para yaha sanbhava naa hoo sakaa,M39,M39_S1_H09,M2,6,2.8125625,para yaha sanbhava naa hoo sakaa,पर यह सन्भव ना हू सका
C:\Users\edwin\OneDrive\Desktop\Capstone\hindi indic\HDSD\hindi_sent\M39\M39_S1_H10_M2.wav,meirii baatoon ki oora dhyaana diijiyei,M39,M39_S1_H10,M2,6,2.6250625,meiri baatoon ki oora dhyaana diijiye,मेइरि बातून् कि ऊर ध्यान दीजिये
C:\Users\edwin\OneDrive\Desktop\Capstone\hindi indic\HDSD\hindi_sent\M39\M39_S1_H11_M2.wav,yahaan sei sangharshha kaa daura shuruu huaa,M39,M39_S1_H11,M2,7,4.1438125,yahaan se sangharshha kaa daura shuruu huaa,यहान् से सन्घर्ष का दौर शुरू हुआ
C:\Users\edwin\OneDrive\Desktop\Capstone\hindi indic\HDSD\hindi_sent\M39\M39_S1_H12_M2.wav,doonoon mein bahuta antara thaa,M39,M39_S1_H12,M2,5,2.2750625,doonoon mein bahuta antara thaa,दूनून् मेइन् बहुत अन्तर था
C:\Users\edwin\OneDrive\Desktop\Capstone\hindi indic\HDSD\hindi_sent\M39\M39_S1_H13_M2.wav,aapa sabhii kei sahayooga kei liyei bahuta dhanyavaada,M39,M39_S1_H13,M2,8,3.5500625,aapa sabhi ke sahayooga ke liye bahuta dhanyavaada,आप सभि के सहयूग के लिये बहुत धन्यवाद
C:\Users\edwin\OneDrive\Desktop\Capstone\hindi indic\HDSD\hindi_sent\M39\M39_S1_H14_M2.wav,bahuta sei looga aisaa kara rahei hai,M39,M39_S1_H14,M2,7,2.5188125,bahuta se looga aisaa kara rahe hai,बहुत से लूग ऐसा कर रहे है
C:\Users\edwin\OneDrive\Desktop\Capstone\hindi indic\HDSD\hindi_sent\M39\M39_S1_H15_M2.wav,samaya kei saatha hii nahiin usasei aagei chalaa jaaei,M39,M39_S1_H15,M2,9,3.7563125,samaya ke saatha hi nahiin usase aage chalaa jaae,समय के साथ हि नहीन् उससे आगे चला जाए
C:\Users\edwin\OneDrive\Desktop\Capstone\hindi indic\HDSD\hindi_sent\M39\M39_S1_H16_M2.wav,main krikeita kheila koo kaaphii pasanda karataa huuna,M39,M39_S1_H16,M2,8,3.8125625,main krikeita kheila koo kaaphi pasanda karataa huuna,मैन् क्रिकेइत खेइल कू काफि पसन्द करता हून
C:\Users\edwin\OneDrive\Desktop\Capstone\hindi indic\HDSD\hindi_sent\M39\M39_S1_H17_M2.wav,shaayada samajha aa gayaa hoo,M39,M39_S1_H17,M2,5,2.3750625,shaayada samajha aa gayaa hoo,शायद समझ आ गया हू
C:\Users\edwin\OneDrive\Desktop\Capstone\hindi indic\HDSD\hindi_sent\M39\M39_S1_H18_M2.wav,joo shaayada aapanei deikhaa naa hoo,M39,M39_S1_H18,M2,6,3.7688125,joo shaayada aapane deikhaa naa hoo,जू शायद आपने देइखा ना हू
C:\Users\edwin\OneDrive\Desktop\Capstone\hindi indic\HDSD\hindi_sent\M39\M39_S1_H19_M2.wav,main bhuula hii gayaa thaa isa baata koo,M39,M39_S1_H19,M2,8,2.7875625,main bhuula hi gayaa thaa isa baata koo,मैन् भूल हि गया था इस बात कू
C:\Users\edwin\OneDrive\Desktop\Capstone\hindi indic\HDSD\hindi_sent\M39\M39_S1_H20_M2.wav,magara vaha bhii nahiin huaa,M39,M39_S1_H20,M2,5,2.9938125,magara vaha bhi nahiin huaa,मगर वह भि नहीन् हुआ
C:\Users\edwin\OneDrive\Desktop\Capstone\hindi indic\HDSD\hindi_sent\M39\M39_S1_H21_M2.wav,dara kaa artha hootaa hai bhaya,M39,M39_S1_H21,M2,6,3.0000625,dara kaa artha hootaa hai bhaya,दर का अर्थ हूता है भय
C:\Users\edwin\OneDrive\Desktop\Capstone\hindi indic\HDSD\hindi_sent\M39\M39_S1_H22_M2.wav,eika baara phira sei aabhaara,M39,M39_S1_H22,M2,5,2.3188125,eika baara phira se aabhaara,एइक बार फिर से आभार
C:\Users\edwin\OneDrive\Desktop\Capstone\hindi indic\HDSD\hindi_sent\M39\M39_S1_H23_M2.wav,naa jaanei kitanei looga isei padhtei hai,M39,M39_S1_H23,M2,7,3.2625625,naa jaane kitane looga ise padhte hai,ना जाने कितने लूग इसे पध्ते है
C:\Users\edwin\OneDrive\Desktop\Capstone\hindi indic\HDSD\hindi_sent\M39\M39_S1_H24_M2.wav,abhii main shaanta hii huuna,M39,M39_S1_H24,M2,5,2.3313125,abhi main shaanta hi huuna,अभि मैन् शान्त हि हून
C:\Users\edwin\OneDrive\Desktop\Capstone\hindi indic\HDSD\hindi_sent\M39\M39_S1_H25_M2.wav,svaagata kei liyei dhanyavaada,M39,M39_S1_H25,M2,4,2.1750625,svaagata ke liye dhanyavaada,स्वागत के लिये धन्यवाद
C:\Users\edwin\OneDrive\Desktop\Capstone\hindi indic\HDSD\hindi_sent\M39\M39_S1_H26_M2.wav,aapa achchhaa kaarya jaarii rakhein,M39,M39_S1_H26,M2,5,2.4938125,aapa achchhaa kaarya jaari rakhein,आप अच्छा कार्य जारि रखेइन्
C:\Users\edwin\OneDrive\Desktop\Capstone\hindi indic\HDSD\hindi_sent\M39\M39_S1_H27_M2.wav,main bhaarata mein rahataa huuna,M39,M39_S1_H27,M2,5,2.1875625,main bhaarata mein rahataa huuna,मैन् भारत मेइन् रहता हून
C:\Users\edwin\OneDrive\Desktop\Capstone\hindi indic\HDSD\hindi_sent\M39\M39_S1_H28_M2.wav,kahaa jaataa hai ki unhoonnei jhuutha kaa sahaaraa nahiin liyaa,M39,M39_S1_H28,M2,10,4.1188125,kahaa jaataa hai ki unhoonne jhuutha kaa sahaaraa nahiin liyaa,कहा जाता है कि उन्हून्ने झूथ का सहारा नहीन् लिया
C:\Users\edwin\OneDrive\Desktop\Capstone\hindi indic\HDSD\hindi_sent\M39\M39_S1_H29_M2.wav,aapakaa sandeisha paakara achchhaa lagaa,M39,M39_S1_H29,M2,5,2.5188125,aapakaa sandeisha paakara achchhaa lagaa,आपका सन्देइश पाकर अच्छा लगा
C:\Users\edwin\OneDrive\Desktop\Capstone\hindi indic\HDSD\hindi_sent\M39\M39_S1_H30_M2.wav,jaldii sei jaldii kuchha kiijiei,M39,M39_S1_H30,M2,5,2.1746875,jaldi se jaldi kuchha kiijie,जल्दि से जल्दि कुछ कीजिए
C:\Users\edwin\OneDrive\Desktop\Capstone\hindi indic\HDSD\hindi_sent\M40\M40_S1_H01_M2.wav,aapakei hindii karanei para khushii huii pasanda,M40,M40_S1_H01,M2,7,4.4875,aapake hindi karane para khushi hui pasanda,आपके हिन्दि करने पर खुशि हुइ पसन्द
C:\Users\edwin\OneDrive\Desktop\Capstone\hindi indic\HDSD\hindi_sent\M40\M40_S1_H02_M2.wav,isakei badalei mein tuma kuchha aura maanaga loo,M40,M40_S1_H02,M2,8,3.1313125,isake badale mein tuma kuchha aura maanaga loo,इसके बदले मेइन् तुम कुछ और मानग लू
C:\Users\edwin\OneDrive\Desktop\Capstone\hindi indic\HDSD\hindi_sent\M40\M40_S1_H03_M2.wav,chikitsaa kaa artha hootaa hai ilaaja,M40,M40_S1_H03,M2,6,2.7063125,chikitsaa kaa artha hootaa hai ilaaja,चिकित्सा का अर्थ हूता है इलाज
C:\Users\edwin\OneDrive\Desktop\Capstone\hindi indic\HDSD\hindi_sent\M40\M40_S1_H04_M2.wav,isei aisei hii jaarii rakhein,M40,M40_S1_H04,M2,5,2.1438125,ise aise hi jaari rakhein,इसे ऐसे हि जारि रखेइन्
C:\Users\edwin\OneDrive\Desktop\Capstone\hindi indic\HDSD\hindi_sent\M40\M40_S1_H05_M2.wav,madada kei liyei bahuta dhanyavaada,M40,M40_S1_H05,M2,5,2.1875625,madada ke liye bahuta dhanyavaada,मदद के लिये बहुत धन्यवाद
C:\Users\edwin\OneDrive\Desktop\Capstone\hindi indic\HDSD\hindi_sent\M40\M40_S1_H06_M2.wav,joo main kahataa huuna usakaa paalana karoo,M40,M40_S1_H06,M2,7,3.5063125,joo main kahataa huuna usakaa paalana karoo,जू मैन् कहता हून उसका पालन करू
C:\Users\edwin\OneDrive\Desktop\Capstone\hindi indic\HDSD\hindi_sent\M40\M40_S1_H07_M2.wav,bhaarata mein aisaa nahiin huaa hai,M40,M40_S1_H07,M2,6,2.5375625,bhaarata mein aisaa nahiin huaa hai,भारत मेइन् ऐसा नहीन् हुआ है
C:\Users\edwin\OneDrive\Desktop\Capstone\hindi indic\HDSD\hindi_sent\M40\M40_S1_H08_M2.wav,isa sahayooga heitu bhii bahuta dhanyavaada,M40,M40_S1_H08,M2,6,4.3000625,isa sahayooga heitu bhi bahuta dhanyavaada,इस सहयूग हेइतु भि बहुत धन्यवाद
C:\Users\edwin\OneDrive\Desktop\Capstone\hindi indic\HDSD\hindi_sent\M40\M40_S1_H09_M2.wav,para yaha sanbhava naa hoo sakaa,M40,M40_S1_H09,M2,6,2.3750625,para yaha sanbhava naa hoo sakaa,पर यह सन्भव ना हू सका
C:\Users\edwin\OneDrive\Desktop\Capstone\hindi indic\HDSD\hindi_sent\M40\M40_S1_H10_M2.wav,meirii baatoon ki oora dhyaana diijiyei,M40,M40_S1_H10,M2,6,2.7875625,meiri baatoon ki oora dhyaana diijiye,मेइरि बातून् कि ऊर ध्यान दीजिये
C:\Users\edwin\OneDrive\Desktop\Capstone\hindi indic\HDSD\hindi_sent\M40\M40_S1_H11_M2.wav,yahaan sei sangharshha kaa daura shuruu huaa,M40,M40_S1_H11,M2,7,3.5313125,yahaan se sangharshha kaa daura shuruu huaa,यहान् से सन्घर्ष का दौर शुरू हुआ
C:\Users\edwin\OneDrive\Desktop\Capstone\hindi indic\HDSD\hindi_sent\M40\M40_S1_H12_M2.wav,doonoon mein badaa antara thaa,M40,M40_S1_H12,M2,5,2.0000625,doonoon mein badaa antara thaa,दूनून् मेइन् बदा अन्तर था
C:\Users\edwin\OneDrive\Desktop\Capstone\hindi indic\HDSD\hindi_sent\M40\M40_S1_H13_M2.wav,aapa sabhii kei sahayooga kei liyei bahuta dhanyavaada,M40,M40_S1_H13,M2,8,3.7750625,aapa sabhi ke sahayooga ke liye bahuta dhanyavaada,आप सभि के सहयूग के लिये बहुत धन्यवाद
C:\Users\edwin\OneDrive\Desktop\Capstone\hindi indic\HDSD\hindi_sent\M40\M40_S1_H14_M2.wav,bahuta sei looga aisaa kara rahei hai,M40,M40_S1_H14,M2,7,2.3438125,bahuta se looga aisaa kara rahe hai,बहुत से लूग ऐसा कर रहे है
C:\Users\edwin\OneDrive\Desktop\Capstone\hindi indic\HDSD\hindi_sent\M40\M40_S1_H15_M2.wav,samaya kei saatha hii nahiin usasei aagei chalaa jaaei,M40,M40_S1_H15,M2,9,3.5313125,samaya ke saatha hi nahiin usase aage chalaa jaae,समय के साथ हि नहीन् उससे आगे चला जाए
C:\Users\edwin\OneDrive\Desktop\Capstone\hindi indic\HDSD\hindi_sent\M40\M40_S1_H16_M2.wav,main krikeita kheila koo kaaphii pasanda karataa huuna,M40,M40_S1_H16,M2,8,3.2063125,main krikeita kheila koo kaaphi pasanda karataa huuna,मैन् क्रिकेइत खेइल कू काफि पसन्द करता हून
C:\Users\edwin\OneDrive\Desktop\Capstone\hindi indic\HDSD\hindi_sent\M40\M40_S1_H17_M2.wav,samajha aa gayaa hoo,M40,M40_S1_H17,M2,4,2.9938125,samajha aa gayaa hoo,समझ आ गया हू
C:\Users\edwin\OneDrive\Desktop\Capstone\hindi indic\HDSD\hindi_sent\M40\M40_S1_H18_M2.wav,joo shaayada aapanei deikhaa naa hoo,M40,M40_S1_H18,M2,6,3.1938125,joo shaayada aapane deikhaa naa hoo,जू शायद आपने देइखा ना हू
C:\Users\edwin\OneDrive\Desktop\Capstone\hindi indic\HDSD\hindi_sent\M40\M40_S1_H19_M2.wav,main bhuula hii gayaa thaa isa baata koo,M40,M40_S1_H19,M2,8,2.4750625,main bhuula hi gayaa thaa isa baata koo,मैन् भूल हि गया था इस बात कू
C:\Users\edwin\OneDrive\Desktop\Capstone\hindi indic\HDSD\hindi_sent\M40\M40_S1_H20_M2.wav,magara vaha bhii nahiin huaa,M40,M40_S1_H20,M2,5,1.9438125,magara vaha bhi nahiin huaa,मगर वह भि नहीन् हुआ
C:\Users\edwin\OneDrive\Desktop\Capstone\hindi indic\HDSD\hindi_sent\M40\M40_S1_H21_M2.wav,dara kaa artha hootaa hai bhaya,M40,M40_S1_H21,M2,6,2.3250625,dara kaa artha hootaa hai bhaya,दर का अर्थ हूता है भय
C:\Users\edwin\OneDrive\Desktop\Capstone\hindi indic\HDSD\hindi_sent\M40\M40_S1_H22_M2.wav,eika baara phira sei aabhaara,M40,M40_S1_H22,M2,5,2.5563125,eika baara phira se aabhaara,एइक बार फिर से आभार
C:\Users\edwin\OneDrive\Desktop\Capstone\hindi indic\HDSD\hindi_sent\M40\M40_S1_H23_M2.wav,naa jaanei kitanei looga isei padhtei hai,M40,M40_S1_H23,M2,7,2.6938125,naa jaane kitane looga ise padhte hai,ना जाने कितने लूग इसे पध्ते है
C:\Users\edwin\OneDrive\Desktop\Capstone\hindi indic\HDSD\hindi_sent\M40\M40_S1_H24_M2.wav,abhii main shaanta hii huuna,M40,M40_S1_H24,M2,5,2.0688125,abhi main shaanta hi huuna,अभि मैन् शान्त हि हून
C:\Users\edwin\OneDrive\Desktop\Capstone\hindi indic\HDSD\hindi_sent\M40\M40_S1_H25_M2.wav,svaagata kei liyei dhanyavaada,M40,M40_S1_H25,M2,4,2.0063125,svaagata ke liye dhanyavaada,स्वागत के लिये धन्यवाद
C:\Users\edwin\OneDrive\Desktop\Capstone\hindi indic\HDSD\hindi_sent\M40\M40_S1_H26_M2.wav,aapa apanaa yaha achchhaa kaarya jaarii rakhein,M40,M40_S1_H26,M2,7,3.9313125,aapa apanaa yaha achchhaa kaarya jaari rakhein,आप अपना यह अच्छा कार्य जारि रखेइन्
C:\Users\edwin\OneDrive\Desktop\Capstone\hindi indic\HDSD\hindi_sent\M40\M40_S1_H27_M2.wav,main bhaarata mein rahataa huuna,M40,M40_S1_H27,M2,5,1.7000625,main bhaarata mein rahataa huuna,मैन् भारत मेइन् रहता हून
C:\Users\edwin\OneDrive\Desktop\Capstone\hindi indic\HDSD\hindi_sent\M40\M40_S1_H28_M2.wav,kahaa jaataa hai ki unhoonnei kabhii jiivana mein jhuutha kaa sahaaraa nahiin liyaa,M40,M40_S1_H28,M2,13,5.2000625,kahaa jaataa hai ki unhoonne kabhi jiivana mein jhuutha kaa sahaaraa nahiin liyaa,कहा जाता है कि उन्हून्ने कभि जीवन मेइन् झूथ का सहारा नहीन् लिया
C:\Users\edwin\OneDrive\Desktop\Capstone\hindi indic\HDSD\hindi_sent\M40\M40_S1_H29_M2.wav,aapakaa sandeisha paakara achchhaa lagaa,M40,M40_S1_H29,M2,5,2.5438125,aapakaa sandeisha paakara achchhaa lagaa,आपका सन्देइश पाकर अच्छा लगा
C:\Users\edwin\OneDrive\Desktop\Capstone\hindi indic\HDSD\hindi_sent\M40\M40_S1_H30_M2.wav,jaldii sei jaldii kuchha kiijiei,M40,M40_S1_H30,M2,5,2.102375,jaldi se jaldi kuchha kiijie,जल्दि से जल्दि कुछ कीजिए
C:\Users\edwin\OneDrive\Desktop\Capstone\hindi indic\HDSD\hindi_sent\M41\M41_S1_H01_M2.wav,aapakei hindii pasanda hindii pasanda karanei para khushii huii,M41,M41_S1_H01,M2,9,4.10625,aapake hindi pasanda hindi pasanda karane para khushi hui,आपके हिन्दि पसन्द हिन्दि पसन्द करने पर खुशि हुइ
C:\Users\edwin\OneDrive\Desktop\Capstone\hindi indic\HDSD\hindi_sent\M41\M41_S1_H02_M2.wav,isakei badalei mein tuma kuchha aura maanaga loo,M41,M41_S1_H02,M2,8,3.2438125,isake badale mein tuma kuchha aura maanaga loo,इसके बदले मेइन् तुम कुछ और मानग लू
C:\Users\edwin\OneDrive\Desktop\Capstone\hindi indic\HDSD\hindi_sent\M41\M41_S1_H03_M2.wav,chikitsaa kaa artha hootaa hai ilaaja,M41,M41_S1_H03,M2,6,2.1438125,chikitsaa kaa artha hootaa hai ilaaja,चिकित्सा का अर्थ हूता है इलाज
C:\Users\edwin\OneDrive\Desktop\Capstone\hindi indic\HDSD\hindi_sent\M41\M41_S1_H04_M2.wav,isei aisei hii jaarii rakhein,M41,M41_S1_H04,M2,5,2.1500625,ise aise hi jaari rakhein,इसे ऐसे हि जारि रखेइन्
C:\Users\edwin\OneDrive\Desktop\Capstone\hindi indic\HDSD\hindi_sent\M41\M41_S1_H05_M2.wav,madada kei liyei bahuta dhanyavaada,M41,M41_S1_H05,M2,5,2.1938125,madada ke liye bahuta dhanyavaada,मदद के लिये बहुत धन्यवाद
C:\Users\edwin\OneDrive\Desktop\Capstone\hindi indic\HDSD\hindi_sent\M41\M41_S1_H06_M2.wav,main joo kahataa huuna usakaa paalana karoo,M41,M41_S1_H06,M2,7,3.5938125,main joo kahataa huuna usakaa paalana karoo,मैन् जू कहता हून उसका पालन करू
C:\Users\edwin\OneDrive\Desktop\Capstone\hindi indic\HDSD\hindi_sent\M41\M41_S1_H07_M2.wav,bhaarata mein aisaa nahiin huaa hai,M41,M41_S1_H07,M2,6,2.2625625,bhaarata mein aisaa nahiin huaa hai,भारत मेइन् ऐसा नहीन् हुआ है
C:\Users\edwin\OneDrive\Desktop\Capstone\hindi indic\HDSD\hindi_sent\M41\M41_S1_H08_M2.wav,isa sahayooga heitu dhanyavaada,M41,M41_S1_H08,M2,4,2.6813125,isa sahayooga heitu dhanyavaada,इस सहयूग हेइतु धन्यवाद
C:\Users\edwin\OneDrive\Desktop\Capstone\hindi indic\HDSD\hindi_sent\M41\M41_S1_H09_M2.wav,para sanbhava naa hoo sakaa,M41,M41_S1_H09,M2,5,2.2063125,para sanbhava naa hoo sakaa,पर सन्भव ना हू सका
C:\Users\edwin\OneDrive\Desktop\Capstone\hindi indic\HDSD\hindi_sent\M41\M41_S1_H10_M2.wav,meirii baatoon ki oora dhyaana diijiyei,M41,M41_S1_H10,M2,6,2.4563125,meiri baatoon ki oora dhyaana diijiye,मेइरि बातून् कि ऊर ध्यान दीजिये
C:\Users\edwin\OneDrive\Desktop\Capstone\hindi indic\HDSD\hindi_sent\M41\M41_S1_H11_M2.wav,yahaan sei sangharshha kaa daura shuruu huaa,M41,M41_S1_H11,M2,7,2.9125625,yahaan se sangharshha kaa daura shuruu huaa,यहान् से सन्घर्ष का दौर शुरू हुआ
C:\Users\edwin\OneDrive\Desktop\Capstone\hindi indic\HDSD\hindi_sent\M41\M41_S1_H12_M2.wav,doonoon mein badaa antara thaa,M41,M41_S1_H12,M2,5,1.8188125,doonoon mein badaa antara thaa,दूनून् मेइन् बदा अन्तर था
C:\Users\edwin\OneDrive\Desktop\Capstone\hindi indic\HDSD\hindi_sent\M41\M41_S1_H13_M2.wav,aapa sabhii kei sahayooga kei liyei bahuta dhanyavaada,M41,M41_S1_H13,M2,8,3.2000625,aapa sabhi ke sahayooga ke liye bahuta dhanyavaada,आप सभि के सहयूग के लिये बहुत धन्यवाद
C:\Users\edwin\OneDrive\Desktop\Capstone\hindi indic\HDSD\hindi_sent\M41\M41_S1_H14_M2.wav,bahuta sei looga aisaa kara rahei hai,M41,M41_S1_H14,M2,7,2.0313125,bahuta se looga aisaa kara rahe hai,बहुत से लूग ऐसा कर रहे है
C:\Users\edwin\OneDrive\Desktop\Capstone\hindi indic\HDSD\hindi_sent\M41\M41_S1_H15_M2.wav,samaya kei saatha hii nahiin usasei aagei chalaa jaaei,M41,M41_S1_H15,M2,9,3.9063125,samaya ke saatha hi nahiin usase aage chalaa jaae,समय के साथ हि नहीन् उससे आगे चला जाए
C:\Users\edwin\OneDrive\Desktop\Capstone\hindi indic\HDSD\hindi_sent\M41\M41_S1_H16_M2.wav,main krikeita kheila koo kaaphii pasanda karataa huuna,M41,M41_S1_H16,M2,8,2.8875625,main krikeita kheila koo kaaphi pasanda karataa huuna,मैन् क्रिकेइत खेइल कू काफि पसन्द करता हून
C:\Users\edwin\OneDrive\Desktop\Capstone\hindi indic\HDSD\hindi_sent\M41\M41_S1_H17_M2.wav,shaayada samajha aa gayaa hoo,M41,M41_S1_H17,M2,5,1.7625625,shaayada samajha aa gayaa hoo,शायद समझ आ गया हू
C:\Users\edwin\OneDrive\Desktop\Capstone\hindi indic\HDSD\hindi_sent\M41\M41_S1_H18_M2.wav,joo shaayada aapanei deikhaa naa hoo,M41,M41_S1_H18,M2,6,2.3750625,joo shaayada aapane deikhaa naa hoo,जू शायद आपने देइखा ना हू
C:\Users\edwin\OneDrive\Desktop\Capstone\hindi indic\HDSD\hindi_sent\M41\M41_S1_H19_M2.wav,main bhuula hii gayaa thaa isa baata koo,M41,M41_S1_H19,M2,8,2.2688125,main bhuula hi gayaa thaa isa baata koo,मैन् भूल हि गया था इस बात कू
C:\Users\edwin\OneDrive\Desktop\Capstone\hindi indic\HDSD\hindi_sent\M41\M41_S1_H20_M2.wav,magara vaha bhii nahiin huaa,M41,M41_S1_H20,M2,5,1.7375625,magara vaha bhi nahiin huaa,मगर वह भि नहीन् हुआ
C:\Users\edwin\OneDrive\Desktop\Capstone\hindi indic\HDSD\hindi_sent\M41\M41_S1_H21_M2.wav,dara kaa artha hootaa hai bhaya,M41,M41_S1_H21,M2,6,1.8375625,dara kaa artha hootaa hai bhaya,दर का अर्थ हूता है भय
C:\Users\edwin\OneDrive\Desktop\Capstone\hindi indic\HDSD\hindi_sent\M41\M41_S1_H22_M2.wav,eika baara phira sei aabhaara,M41,M41_S1_H22,M2,5,2.0750625,eika baara phira se aabhaara,एइक बार फिर से आभार
C:\Users\edwin\OneDrive\Desktop\Capstone\hindi indic\HDSD\hindi_sent\M41\M41_S1_H23_M2.wav,naa jaanei kitanei looga isei padhtei hai,M41,M41_S1_H23,M2,7,2.9500625,naa jaane kitane looga ise padhte hai,ना जाने कितने लूग इसे पध्ते है
C:\Users\edwin\OneDrive\Desktop\Capstone\hindi indic\HDSD\hindi_sent\M41\M41_S1_H24_M2.wav,abhii main shaanta hii huuna,M41,M41_S1_H24,M2,5,1.6875625,abhi main shaanta hi huuna,अभि मैन् शान्त हि हून
C:\Users\edwin\OneDrive\Desktop\Capstone\hindi indic\HDSD\hindi_sent\M41\M41_S1_H25_M2.wav,svaagata kei liyei dhanyavaada,M41,M41_S1_H25,M2,4,1.9750625,svaagata ke liye dhanyavaada,स्वागत के लिये धन्यवाद
C:\Users\edwin\OneDrive\Desktop\Capstone\hindi indic\HDSD\hindi_sent\M41\M41_S1_H26_M2.wav,aapa apanaa yaha achchhaa kaarya jaarii rakhein,M41,M41_S1_H26,M2,7,2.8250625,aapa apanaa yaha achchhaa kaarya jaari rakhein,आप अपना यह अच्छा कार्य जारि रखेइन्
C:\Users\edwin\OneDrive\Desktop\Capstone\hindi indic\HDSD\hindi_sent\M41\M41_S1_H27_M2.wav,main bhaarata mein rahataa huuna,M41,M41_S1_H27,M2,5,1.5000625,main bhaarata mein rahataa huuna,मैन् भारत मेइन् रहता हून
C:\Users\edwin\OneDrive\Desktop\Capstone\hindi indic\HDSD\hindi_sent\M41\M41_S1_H28_M2.wav,kahaa jaataa hai ki unhoonnei kabhii jiivana mein jhuutha kaa sahaaraa nahiin liyaa,M41,M41_S1_H28,M2,13,7.1188125,kahaa jaataa hai ki unhoonne kabhi jiivana mein jhuutha kaa sahaaraa nahiin liyaa,कहा जाता है कि उन्हून्ने कभि जीवन मेइन् झूथ का सहारा नहीन् लिया
C:\Users\edwin\OneDrive\Desktop\Capstone\hindi indic\HDSD\hindi_sent\M41\M41_S1_H29_M2.wav,aapakaa sandeisha paakara achchhaa lagaa,M41,M41_S1_H29,M2,5,2.1313125,aapakaa sandeisha paakara achchhaa lagaa,आपका सन्देइश पाकर अच्छा लगा
C:\Users\edwin\OneDrive\Desktop\Capstone\hindi indic\HDSD\hindi_sent\M41\M41_S1_H30_M2.wav,jaldii sei jaldii kuchha kiijiei,M41,M41_S1_H30,M2,5,1.8975,jaldi se jaldi kuchha kiijie,जल्दि से जल्दि कुछ कीजिए
C:\Users\edwin\OneDrive\Desktop\Capstone\hindi indic\HDSD\hindi_sent\M42\M42_S1_H01_M2.wav,aapakei hindii pasanda karanei para khushii huii,M42,M42_S1_H01,M2,7,3.425,aapake hindi pasanda karane para khushi hui,आपके हिन्दि पसन्द करने पर खुशि हुइ
C:\Users\edwin\OneDrive\Desktop\Capstone\hindi indic\HDSD\hindi_sent\M42\M42_S1_H02_M2.wav,isakei badalei mein tuma kuchha aura maanaga loo,M42,M42_S1_H02,M2,8,3.7000625,isake badale mein tuma kuchha aura maanaga loo,इसके बदले मेइन् तुम कुछ और मानग लू
C:\Users\edwin\OneDrive\Desktop\Capstone\hindi indic\HDSD\hindi_sent\M42\M42_S1_H03_M2.wav,chikitsaa kaa artha hootaa hai ilaaja,M42,M42_S1_H03,M2,6,1.8188125,chikitsaa kaa artha hootaa hai ilaaja,चिकित्सा का अर्थ हूता है इलाज
C:\Users\edwin\OneDrive\Desktop\Capstone\hindi indic\HDSD\hindi_sent\M42\M42_S1_H04_M2.wav,isei aisei hii jaarii rakhein,M42,M42_S1_H04,M2,5,3.6125625,ise aise hi jaari rakhein,इसे ऐसे हि जारि रखेइन्
C:\Users\edwin\OneDrive\Desktop\Capstone\hindi indic\HDSD\hindi_sent\M42\M42_S1_H05_M2.wav,madada kei liyei bahuta dhanyavaada,M42,M42_S1_H05,M2,5,1.4125625,madada ke liye bahuta dhanyavaada,मदद के लिये बहुत धन्यवाद
C:\Users\edwin\OneDrive\Desktop\Capstone\hindi indic\HDSD\hindi_sent\M42\M42_S1_H06_M2.wav,aba joo main kahataa huuna paalana karoo,M42,M42_S1_H06,M2,7,2.7375625,aba joo main kahataa huuna paalana karoo,अब जू मैन् कहता हून पालन करू
C:\Users\edwin\OneDrive\Desktop\Capstone\hindi indic\HDSD\hindi_sent\M42\M42_S1_H07_M2.wav,bhaarata mein aisaa nahiin huaa hai,M42,M42_S1_H07,M2,6,1.6375625,bhaarata mein aisaa nahiin huaa hai,भारत मेइन् ऐसा नहीन् हुआ है
C:\Users\edwin\OneDrive\Desktop\Capstone\hindi indic\HDSD\hindi_sent\M42\M42_S1_H08_M2.wav,isa sahayooga heitu bhii bahuta dhanyavaada,M42,M42_S1_H08,M2,6,3.1625625,isa sahayooga heitu bhi bahuta dhanyavaada,इस सहयूग हेइतु भि बहुत धन्यवाद
C:\Users\edwin\OneDrive\Desktop\Capstone\hindi indic\HDSD\hindi_sent\M42\M42_S1_H09_M2.wav,para yaha sanbhava naa hoo sakaa,M42,M42_S1_H09,M2,6,1.9500625,para yaha sanbhava naa hoo sakaa,पर यह सन्भव ना हू सका
C:\Users\edwin\OneDrive\Desktop\Capstone\hindi indic\HDSD\hindi_sent\M42\M42_S1_H10_M2.wav,meirii baatoon ki oora dhyaana diijiyei,M42,M42_S1_H10,M2,6,1.5313125,meiri baatoon ki oora dhyaana diijiye,मेइरि बातून् कि ऊर ध्यान दीजिये
C:\Users\edwin\OneDrive\Desktop\Capstone\hindi indic\HDSD\hindi_sent\M42\M42_S1_H11_M2.wav,yahaan sei sangharshha kaa daura shuruu huaa,M42,M42_S1_H11,M2,7,4.3688125,yahaan se sangharshha kaa daura shuruu huaa,यहान् से सन्घर्ष का दौर शुरू हुआ
C:\Users\edwin\OneDrive\Desktop\Capstone\hindi indic\HDSD\hindi_sent\M42\M42_S1_H12_M2.wav,doonoon mein badaa antara thaa,M42,M42_S1_H12,M2,5,1.4625625,doonoon mein badaa antara thaa,दूनून् मेइन् बदा अन्तर था
C:\Users\edwin\OneDrive\Desktop\Capstone\hindi indic\HDSD\hindi_sent\M42\M42_S1_H13_M2.wav,aapa sabhii kei sahayooga kei liyei bahuta dhanyavaada,M42,M42_S1_H13,M2,8,2.7250625,aapa sabhi ke sahayooga ke liye bahuta dhanyavaada,आप सभि के सहयूग के लिये बहुत धन्यवाद
C:\Users\edwin\OneDrive\Desktop\Capstone\hindi indic\HDSD\hindi_sent\M42\M42_S1_H14_M2.wav,bahuta sei looga aisaa kara rahei hai,M42,M42_S1_H14,M2,7,1.8688125,bahuta se looga aisaa kara rahe hai,बहुत से लूग ऐसा कर रहे है
C:\Users\edwin\OneDrive\Desktop\Capstone\hindi indic\HDSD\hindi_sent\M42\M42_S1_H15_M2.wav,samaya kei saatha hii nahiin usasei aagei aagei chalaa jaaei,M42,M42_S1_H15,M2,10,4.4688125,samaya ke saatha hi nahiin usase aage aage chalaa jaae,समय के साथ हि नहीन् उससे आगे आगे चला जाए
C:\Users\edwin\OneDrive\Desktop\Capstone\hindi indic\HDSD\hindi_sent\M42\M42_S1_H16_M2.wav,main krikeita kheila koo kaaphii pasanda karataa huuna,M42,M42_S1_H16,M2,8,2.5000625,main krikeita kheila koo kaaphi pasanda karataa huuna,मैन् क्रिकेइत खेइल कू काफि पसन्द करता हून
C:\Users\edwin\OneDrive\Desktop\Capstone\hindi indic\HDSD\hindi_sent\M42\M42_S1_H17_M2.wav,shaayada samajha aa gayaa hoo,M42,M42_S1_H17,M2,5,1.2813125,shaayada samajha aa gayaa hoo,शायद समझ आ गया हू
C:\Users\edwin\OneDrive\Desktop\Capstone\hindi indic\HDSD\hindi_sent\M42\M42_S1_H18_M2.wav,joo shaayada aapanei deikhaa naa hoo,M42,M42_S1_H18,M2,6,1.9000625,joo shaayada aapane deikhaa naa hoo,जू शायद आपने देइखा ना हू
C:\Users\edwin\OneDrive\Desktop\Capstone\hindi indic\HDSD\hindi_sent\M42\M42_S1_H19_M2.wav,main bhuula hii gayaa thaa isa baata koo,M42,M42_S1_H19,M2,8,2.0750625,main bhuula hi gayaa thaa isa baata koo,मैन् भूल हि गया था इस बात कू
C:\Users\edwin\OneDrive\Desktop\Capstone\hindi indic\HDSD\hindi_sent\M42\M42_S1_H20_M2.wav,magara vaha bhii nahiin huaa huaa,M42,M42_S1_H20,M2,6,2.4438125,magara vaha bhi nahiin huaa huaa,मगर वह भि नहीन् हुआ हुआ
C:\Users\edwin\OneDrive\Desktop\Capstone\hindi indic\HDSD\hindi_sent\M42\M42_S1_H21_M2.wav,dara kaa artha hootaa hai bhaya,M42,M42_S1_H21,M2,6,1.9500625,dara kaa artha hootaa hai bhaya,दर का अर्थ हूता है भय
C:\Users\edwin\OneDrive\Desktop\Capstone\hindi indic\HDSD\hindi_sent\M42\M42_S1_H22_M2.wav,eika baara phira sei aabhaara,M42,M42_S1_H22,M2,5,1.4688125,eika baara phira se aabhaara,एइक बार फिर से आभार
C:\Users\edwin\OneDrive\Desktop\Capstone\hindi indic\HDSD\hindi_sent\M42\M42_S1_H23_M2.wav,naa jaanei kitanei looga isei padhtei hai,M42,M42_S1_H23,M2,7,2.0563125,naa jaane kitane looga ise padhte hai,ना जाने कितने लूग इसे पध्ते है
C:\Users\edwin\OneDrive\Desktop\Capstone\hindi indic\HDSD\hindi_sent\M42\M42_S1_H24_M2.wav,abhii main shaanta hii huuna,M42,M42_S1_H24,M2,5,1.4563125,abhi main shaanta hi huuna,अभि मैन् शान्त हि हून
C:\Users\edwin\OneDrive\Desktop\Capstone\hindi indic\HDSD\hindi_sent\M42\M42_S1_H25_M2.wav,svaagata kei liyei dhanyavaada,M42,M42_S1_H25,M2,4,1.1188125,svaagata ke liye dhanyavaada,स्वागत के लिये धन्यवाद
C:\Users\edwin\OneDrive\Desktop\Capstone\hindi indic\HDSD\hindi_sent\M42\M42_S1_H26_M2.wav,aapa apanaa yaha achchhaa kaarya jaarii rakhein,M42,M42_S1_H26,M2,7,2.3500625,aapa apanaa yaha achchhaa kaarya jaari rakhein,आप अपना यह अच्छा कार्य जारि रखेइन्
C:\Users\edwin\OneDrive\Desktop\Capstone\hindi indic\HDSD\hindi_sent\M42\M42_S1_H27_M2.wav,main bhaarata mein rahataa huuna,M42,M42_S1_H27,M2,5,1.4313125,main bhaarata mein rahataa huuna,मैन् भारत मेइन् रहता हून
C:\Users\edwin\OneDrive\Desktop\Capstone\hindi indic\HDSD\hindi_sent\M42\M42_S1_H28_M2.wav,kahaa jaataa ki unhoonnei kabhii jiivana mein jhuutha sahaaraa nahiin liyaa,M42,M42_S1_H28,M2,11,5.0938125,kahaa jaataa ki unhoonne kabhi jiivana mein jhuutha sahaaraa nahiin liyaa,कहा जाता कि उन्हून्ने कभि जीवन मेइन् झूथ सहारा नहीन् लिया
C:\Users\edwin\OneDrive\Desktop\Capstone\hindi indic\HDSD\hindi_sent\M42\M42_S1_H29_M2.wav,aapakaa sandeisha paakara achchhaa lagaa,M42,M42_S1_H29,M2,5,1.6625625,aapakaa sandeisha paakara achchhaa lagaa,आपका सन्देइश पाकर अच्छा लगा
C:\Users\edwin\OneDrive\Desktop\Capstone\hindi indic\HDSD\hindi_sent\M42\M42_S1_H30_M2.wav,jaldii sei jaldii kuchha kiijiei,M42,M42_S1_H30,M2,5,1.4095,jaldi se jaldi kuchha kiijie,जल्दि से जल्दि कुछ कीजिए
C:\Users\edwin\OneDrive\Desktop\Capstone\hindi indic\HDSD\hindi_sent\M42\M42_S2_H01_M2.wav,aapakei hindii pasanda karanei para khushii huii,M42,M42_S2_H01,M2,7,2.96875,aapake hindi pasanda karane para khushi hui,आपके हिन्दि पसन्द करने पर खुशि हुइ
C:\Users\edwin\OneDrive\Desktop\Capstone\hindi indic\HDSD\hindi_sent\M42\M42_S2_H02_M2.wav,isakei badalei mein tuma kuchha aura maanaga loo,M42,M42_S2_H02,M2,8,3.5375625,isake badale mein tuma kuchha aura maanaga loo,इसके बदले मेइन् तुम कुछ और मानग लू
C:\Users\edwin\OneDrive\Desktop\Capstone\hindi indic\HDSD\hindi_sent\M42\M42_S2_H03_M2.wav,chikitsaa kaa artha hootaa hai ilaaja,M42,M42_S2_H03,M2,6,2.8438125,chikitsaa kaa artha hootaa hai ilaaja,चिकित्सा का अर्थ हूता है इलाज
C:\Users\edwin\OneDrive\Desktop\Capstone\hindi indic\HDSD\hindi_sent\M42\M42_S2_H04_M2.wav,isei aisei hii jaarii rakhein,M42,M42_S2_H04,M2,5,2.4125625,ise aise hi jaari rakhein,इसे ऐसे हि जारि रखेइन्
C:\Users\edwin\OneDrive\Desktop\Capstone\hindi indic\HDSD\hindi_sent\M42\M42_S2_H05_M2.wav,madada kei liyei bahuta dhanyavaada,M42,M42_S2_H05,M2,5,2.2313125,madada ke liye bahuta dhanyavaada,मदद के लिये बहुत धन्यवाद
C:\Users\edwin\OneDrive\Desktop\Capstone\hindi indic\HDSD\hindi_sent\M42\M42_S2_H06_M2.wav,aba joo main kahataa huuna usakaa paalana karoo,M42,M42_S2_H06,M2,8,3.0938125,aba joo main kahataa huuna usakaa paalana karoo,अब जू मैन् कहता हून उसका पालन करू
C:\Users\edwin\OneDrive\Desktop\Capstone\hindi indic\HDSD\hindi_sent\M42\M42_S2_H07_M2.wav,bhaarata mein aisaa nahiin huaa hai,M42,M42_S2_H07,M2,6,2.0813125,bhaarata mein aisaa nahiin huaa hai,भारत मेइन् ऐसा नहीन् हुआ है
C:\Users\edwin\OneDrive\Desktop\Capstone\hindi indic\HDSD\hindi_sent\M42\M42_S2_H08_M2.wav,isa sahayooga heitu bhii bahuta dhanyavaada,M42,M42_S2_H08,M2,6,4.3438125,isa sahayooga heitu bhi bahuta dhanyavaada,इस सहयूग हेइतु भि बहुत धन्यवाद
C:\Users\edwin\OneDrive\Desktop\Capstone\hindi indic\HDSD\hindi_sent\M42\M42_S2_H09_M2.wav,para yaha sanbhava naa hoo sakaa,M42,M42_S2_H09,M2,6,2.4500625,para yaha sanbhava naa hoo sakaa,पर यह सन्भव ना हू सका
C:\Users\edwin\OneDrive\Desktop\Capstone\hindi indic\HDSD\hindi_sent\M42\M42_S2_H10_M2.wav,meirii baatoon ki oora dhyaana diijiyei,M42,M42_S2_H10,M2,6,1.9563125,meiri baatoon ki oora dhyaana diijiye,मेइरि बातून् कि ऊर ध्यान दीजिये
C:\Users\edwin\OneDrive\Desktop\Capstone\hindi indic\HDSD\hindi_sent\M42\M42_S2_H11_M2.wav,yahaan sei sangharshha kaa daura shuruu huaa,M42,M42_S2_H11,M2,7,2.8938125,yahaan se sangharshha kaa daura shuruu huaa,यहान् से सन्घर्ष का दौर शुरू हुआ
C:\Users\edwin\OneDrive\Desktop\Capstone\hindi indic\HDSD\hindi_sent\M42\M42_S2_H12_M2.wav,doonoon mein badaa antara thaa,M42,M42_S2_H12,M2,5,1.8250625,doonoon mein badaa antara thaa,दूनून् मेइन् बदा अन्तर था
C:\Users\edwin\OneDrive\Desktop\Capstone\hindi indic\HDSD\hindi_sent\M42\M42_S2_H13_M2.wav,aapa sabhii kei sahayooga kei liyei bahuta dhanyavaada,M42,M42_S2_H13,M2,8,3.7875625,aapa sabhi ke sahayooga ke liye bahuta dhanyavaada,आप सभि के सहयूग के लिये बहुत धन्यवाद
C:\Users\edwin\OneDrive\Desktop\Capstone\hindi indic\HDSD\hindi_sent\M42\M42_S2_H14_M2.wav,bahuta sei looga aisaa kara rahei hai,M42,M42_S2_H14,M2,7,2.5125625,bahuta se looga aisaa kara rahe hai,बहुत से लूग ऐसा कर रहे है
C:\Users\edwin\OneDrive\Desktop\Capstone\hindi indic\HDSD\hindi_sent\M42\M42_S2_H15_M2.wav,samaya kei nahiin chalaa jaaei,M42,M42_S2_H15,M2,5,5.8625625,samaya ke nahiin chalaa jaae,समय के नहीन् चला जाए
C:\Users\edwin\OneDrive\Desktop\Capstone\hindi indic\HDSD\hindi_sent\M42\M42_S2_H16_M2.wav,main krikeita kheila koo kaaphii pasanda karataa huuna,M42,M42_S2_H16,M2,8,4.2250625,main krikeita kheila koo kaaphi pasanda karataa huuna,मैन् क्रिकेइत खेइल कू काफि पसन्द करता हून
C:\Users\edwin\OneDrive\Desktop\Capstone\hindi indic\HDSD\hindi_sent\M42\M42_S2_H17_M2.wav,shaayada samajha aa gayaa hoo,M42,M42_S2_H17,M2,5,1.7875625,shaayada samajha aa gayaa hoo,शायद समझ आ गया हू
C:\Users\edwin\OneDrive\Desktop\Capstone\hindi indic\HDSD\hindi_sent\M42\M42_S2_H18_M2.wav,joo shaayada aapanei deikhaa naa hoo,M42,M42_S2_H18,M2,6,2.0750625,joo shaayada aapane deikhaa naa hoo,जू शायद आपने देइखा ना हू
C:\Users\edwin\OneDrive\Desktop\Capstone\hindi indic\HDSD\hindi_sent\M42\M42_S2_H19_M2.wav,main bhuula hii gayaa thaa isa baata koo,M42,M42_S2_H19,M2,8,2.4125625,main bhuula hi gayaa thaa isa baata koo,मैन् भूल हि गया था इस बात कू
C:\Users\edwin\OneDrive\Desktop\Capstone\hindi indic\HDSD\hindi_sent\M42\M42_S2_H20_M2.wav,magara vaha bhii nahiin huaa,M42,M42_S2_H20,M2,5,1.8500625,magara vaha bhi nahiin huaa,मगर वह भि नहीन् हुआ
C:\Users\edwin\OneDrive\Desktop\Capstone\hindi indic\HDSD\hindi_sent\M42\M42_S2_H21_M2.wav,dara kaa dara kaa artha hootaa hai bhaya,M42,M42_S2_H21,M2,8,5.3063125,dara kaa dara kaa artha hootaa hai bhaya,दर का दर का अर्थ हूता है भय
C:\Users\edwin\OneDrive\Desktop\Capstone\hindi indic\HDSD\hindi_sent\M42\M42_S2_H22_M2.wav,eika baara phira aabhaara,M42,M42_S2_H22,M2,4,1.8063125,eika baara phira aabhaara,एइक बार फिर आभार
C:\Users\edwin\OneDrive\Desktop\Capstone\hindi indic\HDSD\hindi_sent\M42\M42_S2_H23_M2.wav,naa jaanei kitanei looga isei padhtei hai,M42,M42_S2_H23,M2,7,2.6625625,naa jaane kitane looga ise padhte hai,ना जाने कितने लूग इसे पध्ते है
C:\Users\edwin\OneDrive\Desktop\Capstone\hindi indic\HDSD\hindi_sent\M42\M42_S2_H24_M2.wav,abhii main shaanta hii huuna,M42,M42_S2_H24,M2,5,3.0375625,abhi main shaanta hi huuna,अभि मैन् शान्त हि हून
C:\Users\edwin\OneDrive\Desktop\Capstone\hindi indic\HDSD\hindi_sent\M42\M42_S2_H25_M2.wav,svaagata kei liyei dhanyavaada,M42,M42_S2_H25,M2,4,2.9938125,svaagata ke liye dhanyavaada,स्वागत के लिये धन्यवाद
C:\Users\edwin\OneDrive\Desktop\Capstone\hindi indic\HDSD\hindi_sent\M42\M42_S2_H26_M2.wav,aapa apanaa yaha achchhaa kaarya jaarii rakhein,M42,M42_S2_H26,M2,7,4.6750625,aapa apanaa yaha achchhaa kaarya jaari rakhein,आप अपना यह अच्छा कार्य जारि रखेइन्
C:\Users\edwin\OneDrive\Desktop\Capstone\hindi indic\HDSD\hindi_sent\M42\M42_S2_H27_M2.wav,main bhaarata mein rahataa huuna,M42,M42_S2_H27,M2,5,2.2875625,main bhaarata mein rahataa huuna,मैन् भारत मेइन् रहता हून
C:\Users\edwin\OneDrive\Desktop\Capstone\hindi indic\HDSD\hindi_sent\M42\M42_S2_H28_M2.wav,kahaa jaataa hai ki unhoonnei kabhii jiivana jhuutha nahiin kaa sahaaraa nahiin liyaa,M42,M42_S2_H28,M2,13,6.5063125,kahaa jaataa hai ki unhoonne kabhi jiivana jhuutha nahiin kaa sahaaraa nahiin liyaa,कहा जाता है कि उन्हून्ने कभि जीवन झूथ नहीन् का सहारा नहीन् लिया
C:\Users\edwin\OneDrive\Desktop\Capstone\hindi indic\HDSD\hindi_sent\M42\M42_S2_H29_M2.wav,aapakaa sandeisha paakara achchhaa lagaa,M42,M42_S2_H29,M2,5,2.2688125,aapakaa sandeisha paakara achchhaa lagaa,आपका सन्देइश पाकर अच्छा लगा
C:\Users\edwin\OneDrive\Desktop\Capstone\hindi indic\HDSD\hindi_sent\M42\M42_S2_H30_M2.wav,jaldii sei jaldii kuchha kiijiei,M42,M42_S2_H30,M2,5,3.6195,jaldi se jaldi kuchha kiijie,जल्दि से जल्दि कुछ कीजिए
C:\Users\edwin\OneDrive\Desktop\Capstone\hindi indic\HDSD\hindi_sent\M42\M42_S3_H01_M2.wav,aapakei hindii pasanda karanei para khushii huii,M42,M42_S3_H01,M2,7,2.79375,aapake hindi pasanda karane para khushi hui,आपके हिन्दि पसन्द करने पर खुशि हुइ
C:\Users\edwin\OneDrive\Desktop\Capstone\hindi indic\HDSD\hindi_sent\M42\M42_S3_H02_M2.wav,isakei badalei mein tuma kuchha maanaga loo,M42,M42_S3_H02,M2,7,2.7063125,isake badale mein tuma kuchha maanaga loo,इसके बदले मेइन् तुम कुछ मानग लू
C:\Users\edwin\OneDrive\Desktop\Capstone\hindi indic\HDSD\hindi_sent\M42\M42_S3_H03_M2.wav,chikitsaa kaa artha hootaa hai ilaaja,M42,M42_S3_H03,M2,6,2.4125625,chikitsaa kaa artha hootaa hai ilaaja,चिकित्सा का अर्थ हूता है इलाज
C:\Users\edwin\OneDrive\Desktop\Capstone\hindi indic\HDSD\hindi_sent\M42\M42_S3_H04_M2.wav,isei aisei hii jaarii rakhein,M42,M42_S3_H04,M2,5,2.4500625,ise aise hi jaari rakhein,इसे ऐसे हि जारि रखेइन्
C:\Users\edwin\OneDrive\Desktop\Capstone\hindi indic\HDSD\hindi_sent\M42\M42_S3_H05_M2.wav,madada kei liyei bahuta dhanyavaada,M42,M42_S3_H05,M2,5,2.0438125,madada ke liye bahuta dhanyavaada,मदद के लिये बहुत धन्यवाद
C:\Users\edwin\OneDrive\Desktop\Capstone\hindi indic\HDSD\hindi_sent\M42\M42_S3_H06_M2.wav,aba joo main kahataa huuna usakaa paalana karoo,M42,M42_S3_H06,M2,8,2.7813125,aba joo main kahataa huuna usakaa paalana karoo,अब जू मैन् कहता हून उसका पालन करू
C:\Users\edwin\OneDrive\Desktop\Capstone\hindi indic\HDSD\hindi_sent\M42\M42_S3_H07_M2.wav,bhaarata mein aisaa nahiin huaa hai,M42,M42_S3_H07,M2,6,2.0250625,bhaarata mein aisaa nahiin huaa hai,भारत मेइन् ऐसा नहीन् हुआ है
C:\Users\edwin\OneDrive\Desktop\Capstone\hindi indic\HDSD\hindi_sent\M42\M42_S3_H08_M2.wav,isa sahayooga heitu bhii bahuta dhanyavaada,M42,M42_S3_H08,M2,6,2.8938125,isa sahayooga heitu bhi bahuta dhanyavaada,इस सहयूग हेइतु भि बहुत धन्यवाद
C:\Users\edwin\OneDrive\Desktop\Capstone\hindi indic\HDSD\hindi_sent\M42\M42_S3_H09_M2.wav,para yaha sanbhava naa hoo sakaa,M42,M42_S3_H09,M2,6,1.8750625,para yaha sanbhava naa hoo sakaa,पर यह सन्भव ना हू सका
C:\Users\edwin\OneDrive\Desktop\Capstone\hindi indic\HDSD\hindi_sent\M42\M42_S3_H10_M2.wav,meirii baatoon ki meirii baatoon ki oora dhyaana diijiyei,M42,M42_S3_H10,M2,9,6.1875625,meiri baatoon ki meiri baatoon ki oora dhyaana diijiye,मेइरि बातून् कि मेइरि बातून् कि ऊर ध्यान दीजिये
C:\Users\edwin\OneDrive\Desktop\Capstone\hindi indic\HDSD\hindi_sent\M42\M42_S3_H11_M2.wav,yahaan sei sangharshha kaa daura shuruu huaa,M42,M42_S3_H11,M2,7,2.8688125,yahaan se sangharshha kaa daura shuruu huaa,यहान् से सन्घर्ष का दौर शुरू हुआ
C:\Users\edwin\OneDrive\Desktop\Capstone\hindi indic\HDSD\hindi_sent\M42\M42_S3_H12_M2.wav,doonoon badaa antara,M42,M42_S3_H12,M2,3,2.5188125,doonoon badaa antara,दूनून् बदा अन्तर
C:\Users\edwin\OneDrive\Desktop\Capstone\hindi indic\HDSD\hindi_sent\M42\M42_S3_H13_M2.wav,aapa sabhii kei sahayooga kei liyei bahuta dhanyavaada,M42,M42_S3_H13,M2,8,2.9375625,aapa sabhi ke sahayooga ke liye bahuta dhanyavaada,आप सभि के सहयूग के लिये बहुत धन्यवाद
C:\Users\edwin\OneDrive\Desktop\Capstone\hindi indic\HDSD\hindi_sent\M42\M42_S3_H14_M2.wav,bahuta sei looga aisaa kara rahei hai,M42,M42_S3_H14,M2,7,2.5688125,bahuta se looga aisaa kara rahe hai,बहुत से लूग ऐसा कर रहे है
C:\Users\edwin\OneDrive\Desktop\Capstone\hindi indic\HDSD\hindi_sent\M42\M42_S3_H15_M2.wav,samaya nahiin usasei aagei chalaa jaaei samayaa kei saatha hii nahiin kei saatha hii nahiin usasei aagei chalaa jaaei,M42,M42_S3_H15,M2,19,8.5375625,samaya nahiin usase aage chalaa jaae samayaa ke saatha hi nahiin ke saatha hi nahiin usase aage chalaa jaae,समय नहीन् उससे आगे चला जाए समया के साथ हि नहीन् के साथ हि नहीन् उससे आगे चला जाए
C:\Users\edwin\OneDrive\Desktop\Capstone\hindi indic\HDSD\hindi_sent\M42\M42_S3_H16_M2.wav,main krikeita koo kaaphii pasanda karataa huuna,M42,M42_S3_H16,M2,7,2.8938125,main krikeita koo kaaphi pasanda karataa huuna,मैन् क्रिकेइत कू काफि पसन्द करता हून
C:\Users\edwin\OneDrive\Desktop\Capstone\hindi indic\HDSD\hindi_sent\M42\M42_S3_H17_M2.wav,shaayada samajha aa gayaa hoo,M42,M42_S3_H17,M2,5,2.1000625,shaayada samajha aa gayaa hoo,शायद समझ आ गया हू
C:\Users\edwin\OneDrive\Desktop\Capstone\hindi indic\HDSD\hindi_sent\M42\M42_S3_H18_M2.wav,joo shaayada aapanei aapanei deikhaa naa hoo,M42,M42_S3_H18,M2,7,2.9875625,joo shaayada aapane aapane deikhaa naa hoo,जू शायद आपने आपने देइखा ना हू
C:\Users\edwin\OneDrive\Desktop\Capstone\hindi indic\HDSD\hindi_sent\M42\M42_S3_H19_M2.wav,main bhuula hii gayaa thaa isa baata koo,M42,M42_S3_H19,M2,8,2.2438125,main bhuula hi gayaa thaa isa baata koo,मैन् भूल हि गया था इस बात कू
C:\Users\edwin\OneDrive\Desktop\Capstone\hindi indic\HDSD\hindi_sent\M42\M42_S3_H20_M2.wav,magara vaha bhii nahiin huaa,M42,M42_S3_H20,M2,5,1.6250625,magara vaha bhi nahiin huaa,मगर वह भि नहीन् हुआ
C:\Users\edwin\OneDrive\Desktop\Capstone\hindi indic\HDSD\hindi_sent\M42\M42_S3_H21_M2.wav,dara dara kaa artha hootaa hai bhaya,M42,M42_S3_H21,M2,7,2.5688125,dara dara kaa artha hootaa hai bhaya,दर दर का अर्थ हूता है भय
C:\Users\edwin\OneDrive\Desktop\Capstone\hindi indic\HDSD\hindi_sent\M42\M42_S3_H22_M2.wav,eika baara phira sei aabhaara,M42,M42_S3_H22,M2,5,1.7813125,eika baara phira se aabhaara,एइक बार फिर से आभार
C:\Users\edwin\OneDrive\Desktop\Capstone\hindi indic\HDSD\hindi_sent\M42\M42_S3_H23_M2.wav,naa jaanei kitanei looga isei padhtei hai naa jaanei looga kitanei looga isei padhtei hai,M42,M42_S3_H23,M2,15,5.5313125,naa jaane kitane looga ise padhte hai naa jaane looga kitane looga ise padhte hai,ना जाने कितने लूग इसे पध्ते है ना जाने लूग कितने लूग इसे पध्ते है
C:\Users\edwin\OneDrive\Desktop\Capstone\hindi indic\HDSD\hindi_sent\M42\M42_S3_H24_M2.wav,abhii main hii huuna,M42,M42_S3_H24,M2,4,1.8688125,abhi main hi huuna,अभि मैन् हि हून
C:\Users\edwin\OneDrive\Desktop\Capstone\hindi indic\HDSD\hindi_sent\M42\M42_S3_H25_M2.wav,svaagata svaagata kei liyei dhanyavaada,M42,M42_S3_H25,M2,5,3.3625625,svaagata svaagata ke liye dhanyavaada,स्वागत स्वागत के लिये धन्यवाद
C:\Users\edwin\OneDrive\Desktop\Capstone\hindi indic\HDSD\hindi_sent\M42\M42_S3_H26_M2.wav,aapa apanaa yaha achchhaa kaarya jaarii rakhein,M42,M42_S3_H26,M2,7,2.9188125,aapa apanaa yaha achchhaa kaarya jaari rakhein,आप अपना यह अच्छा कार्य जारि रखेइन्
C:\Users\edwin\OneDrive\Desktop\Capstone\hindi indic\HDSD\hindi_sent\M42\M42_S3_H27_M2.wav,main bhaarata mein rahataa huuna,M42,M42_S3_H27,M2,5,2.2669375,main bhaarata mein rahataa huuna,मैन् भारत मेइन् रहता हून
C:\Users\edwin\OneDrive\Desktop\Capstone\hindi indic\HDSD\hindi_sent\M42\M42_S3_H28_M2.wav,kahaa jaataa hai ki unhoonnei kabhii jiivana mein jhuutha kaa sahaaraa nahiin liyaa,M42,M42_S3_H28,M2,13,4.3456875,kahaa jaataa hai ki unhoonne kabhi jiivana mein jhuutha kaa sahaaraa nahiin liyaa,कहा जाता है कि उन्हून्ने कभि जीवन मेइन् झूथ का सहारा नहीन् लिया
C:\Users\edwin\OneDrive\Desktop\Capstone\hindi indic\HDSD\hindi_sent\M42\M42_S3_H29_M2.wav,aapakaa sandeisha paakara achchhaa lagaa,M42,M42_S3_H29,M2,5,1.9813125,aapakaa sandeisha paakara achchhaa lagaa,आपका सन्देइश पाकर अच्छा लगा
C:\Users\edwin\OneDrive\Desktop\Capstone\hindi indic\HDSD\hindi_sent\M42\M42_S3_H30_M2.wav,jaldii sei jaldii kuchha kiijiei,M42,M42_S3_H30,M2,5,1.6901875,jaldi se jaldi kuchha kiijie,जल्दि से जल्दि कुछ कीजिए
C:\Users\edwin\OneDrive\Desktop\Capstone\hindi indic\HDSD\hindi_sent\M43\M43_S1_H01_M2.wav,aapakei hindii pasanda karanei para khushii huii,M43,M43_S1_H01,M2,7,3.21875,aapake hindi pasanda karane para khushi hui,आपके हिन्दि पसन्द करने पर खुशि हुइ
C:\Users\edwin\OneDrive\Desktop\Capstone\hindi indic\HDSD\hindi_sent\M43\M43_S1_H02_M2.wav,isakei badalei mein tuma kuchha aura maanaga loo,M43,M43_S1_H02,M2,8,2.6688125,isake badale mein tuma kuchha aura maanaga loo,इसके बदले मेइन् तुम कुछ और मानग लू
C:\Users\edwin\OneDrive\Desktop\Capstone\hindi indic\HDSD\hindi_sent\M43\M43_S1_H03_M2.wav,chikitsaa kaa artha hootaa hai ilaaja,M43,M43_S1_H03,M2,6,2.7250625,chikitsaa kaa artha hootaa hai ilaaja,चिकित्सा का अर्थ हूता है इलाज
C:\Users\edwin\OneDrive\Desktop\Capstone\hindi indic\HDSD\hindi_sent\M43\M43_S1_H04_M2.wav,isei aisei hii jaarii rakhein,M43,M43_S1_H04,M2,5,1.9000625,ise aise hi jaari rakhein,इसे ऐसे हि जारि रखेइन्
C:\Users\edwin\OneDrive\Desktop\Capstone\hindi indic\HDSD\hindi_sent\M43\M43_S1_H05_M2.wav,madada kei liyei bahuta dhanyavaada,M43,M43_S1_H05,M2,5,2.0250625,madada ke liye bahuta dhanyavaada,मदद के लिये बहुत धन्यवाद
C:\Users\edwin\OneDrive\Desktop\Capstone\hindi indic\HDSD\hindi_sent\M43\M43_S1_H06_M2.wav,aba joo main kahataa huuna usakaa paalana karoo,M43,M43_S1_H06,M2,8,2.4750625,aba joo main kahataa huuna usakaa paalana karoo,अब जू मैन् कहता हून उसका पालन करू
C:\Users\edwin\OneDrive\Desktop\Capstone\hindi indic\HDSD\hindi_sent\M43\M43_S1_H07_M2.wav,bhaarata mein aisaa nahiin huaa hai,M43,M43_S1_H07,M2,6,2.0125625,bhaarata mein aisaa nahiin huaa hai,भारत मेइन् ऐसा नहीन् हुआ है
C:\Users\edwin\OneDrive\Desktop\Capstone\hindi indic\HDSD\hindi_sent\M43\M43_S1_H08_M2.wav,isa sahayooga heitu tuma bahuta dhanyavaada,M43,M43_S1_H08,M2,6,3.2438125,isa sahayooga heitu tuma bahuta dhanyavaada,इस सहयूग हेइतु तुम बहुत धन्यवाद
C:\Users\edwin\OneDrive\Desktop\Capstone\hindi indic\HDSD\hindi_sent\M43\M43_S1_H09_M2.wav,para yaha sanbhava naa hoo sakaa,M43,M43_S1_H09,M2,6,3.2063125,para yaha sanbhava naa hoo sakaa,पर यह सन्भव ना हू सका
C:\Users\edwin\OneDrive\Desktop\Capstone\hindi indic\HDSD\hindi_sent\M43\M43_S1_H10_M2.wav,meirii baatoon ki oora dhyaana diijiyei,M43,M43_S1_H10,M2,6,2.4500625,meiri baatoon ki oora dhyaana diijiye,मेइरि बातून् कि ऊर ध्यान दीजिये
C:\Users\edwin\OneDrive\Desktop\Capstone\hindi indic\HDSD\hindi_sent\M43\M43_S1_H11_M2.wav,yahaan sei sangharshha kaa daura shuruu huaa,M43,M43_S1_H11,M2,7,2.6813125,yahaan se sangharshha kaa daura shuruu huaa,यहान् से सन्घर्ष का दौर शुरू हुआ
C:\Users\edwin\OneDrive\Desktop\Capstone\hindi indic\HDSD\hindi_sent\M43\M43_S1_H12_M2.wav,doonoon mein badaa antara thaa,M43,M43_S1_H12,M2,5,1.7563125,doonoon mein badaa antara thaa,दूनून् मेइन् बदा अन्तर था
C:\Users\edwin\OneDrive\Desktop\Capstone\hindi indic\HDSD\hindi_sent\M43\M43_S1_H13_M2.wav,aapa kei sabhii sahayooga kei liyei bahuta dhanyavaada,M43,M43_S1_H13,M2,8,2.8063125,aapa ke sabhi sahayooga ke liye bahuta dhanyavaada,आप के सभि सहयूग के लिये बहुत धन्यवाद
C:\Users\edwin\OneDrive\Desktop\Capstone\hindi indic\HDSD\hindi_sent\M43\M43_S1_H14_M2.wav,bahuta sei looga aisaa kara rahei hai,M43,M43_S1_H14,M2,7,2.2438125,bahuta se looga aisaa kara rahe hai,बहुत से लूग ऐसा कर रहे है
C:\Users\edwin\OneDrive\Desktop\Capstone\hindi indic\HDSD\hindi_sent\M43\M43_S1_H15_M2.wav,samaya kei saatha hii nahiin usasei aagei chalaa jaaei,M43,M43_S1_H15,M2,9,4.7938125,samaya ke saatha hi nahiin usase aage chalaa jaae,समय के साथ हि नहीन् उससे आगे चला जाए
C:\Users\edwin\OneDrive\Desktop\Capstone\hindi indic\HDSD\hindi_sent\M43\M43_S1_H16_M2.wav,main krikeita kheila koo kaaphii pasanda karataa huuna,M43,M43_S1_H16,M2,8,3.2563125,main krikeita kheila koo kaaphi pasanda karataa huuna,मैन् क्रिकेइत खेइल कू काफि पसन्द करता हून
C:\Users\edwin\OneDrive\Desktop\Capstone\hindi indic\HDSD\hindi_sent\M43\M43_S1_H17_M2.wav,shaayada samajha aa gayaa hoo,M43,M43_S1_H17,M2,5,1.8875625,shaayada samajha aa gayaa hoo,शायद समझ आ गया हू
C:\Users\edwin\OneDrive\Desktop\Capstone\hindi indic\HDSD\hindi_sent\M43\M43_S1_H18_M2.wav,joo shaayada aapanei deikhaa naa hoo,M43,M43_S1_H18,M2,6,2.3688125,joo shaayada aapane deikhaa naa hoo,जू शायद आपने देइखा ना हू
C:\Users\edwin\OneDrive\Desktop\Capstone\hindi indic\HDSD\hindi_sent\M43\M43_S1_H19_M2.wav,main bhuula hii gayaa thaa isa baata koo,M43,M43_S1_H19,M2,8,2.6813125,main bhuula hi gayaa thaa isa baata koo,मैन् भूल हि गया था इस बात कू
C:\Users\edwin\OneDrive\Desktop\Capstone\hindi indic\HDSD\hindi_sent\M43\M43_S1_H20_M2.wav,magara vaha bhii nahiin huaa,M43,M43_S1_H20,M2,5,1.8250625,magara vaha bhi nahiin huaa,मगर वह भि नहीन् हुआ
C:\Users\edwin\OneDrive\Desktop\Capstone\hindi indic\HDSD\hindi_sent\M43\M43_S1_H21_M2.wav,dara kaa artha hootaa hai bhaya,M43,M43_S1_H21,M2,6,2.0375625,dara kaa artha hootaa hai bhaya,दर का अर्थ हूता है भय
C:\Users\edwin\OneDrive\Desktop\Capstone\hindi indic\HDSD\hindi_sent\M43\M43_S1_H22_M2.wav,eika baara phira sei aabhaara,M43,M43_S1_H22,M2,5,1.9125625,eika baara phira se aabhaara,एइक बार फिर से आभार
C:\Users\edwin\OneDrive\Desktop\Capstone\hindi indic\HDSD\hindi_sent\M43\M43_S1_H23_M2.wav,naa jaanei kitanei looga isei padhtei hai,M43,M43_S1_H23,M2,7,2.6250625,naa jaane kitane looga ise padhte hai,ना जाने कितने लूग इसे पध्ते है
C:\Users\edwin\OneDrive\Desktop\Capstone\hindi indic\HDSD\hindi_sent\M43\M43_S1_H24_M2.wav,abhii main shaanta hii huuna,M43,M43_S1_H24,M2,5,2.2938125,abhi main shaanta hi huuna,अभि मैन् शान्त हि हून
C:\Users\edwin\OneDrive\Desktop\Capstone\hindi indic\HDSD\hindi_sent\M43\M43_S1_H25_M2.wav,svaagata kei liyei dhanyavaada,M43,M43_S1_H25,M2,4,1.8375625,svaagata ke liye dhanyavaada,स्वागत के लिये धन्यवाद
C:\Users\edwin\OneDrive\Desktop\Capstone\hindi indic\HDSD\hindi_sent\M43\M43_S1_H26_M2.wav,aapa apanaa yaha achchhaa kaarya jaarii rakhein,M43,M43_S1_H26,M2,7,3.0750625,aapa apanaa yaha achchhaa kaarya jaari rakhein,आप अपना यह अच्छा कार्य जारि रखेइन्
C:\Users\edwin\OneDrive\Desktop\Capstone\hindi indic\HDSD\hindi_sent\M43\M43_S1_H27_M2.wav,main bhaarata mein rahataa huuna,M43,M43_S1_H27,M2,5,1.6938125,main bhaarata mein rahataa huuna,मैन् भारत मेइन् रहता हून
C:\Users\edwin\OneDrive\Desktop\Capstone\hindi indic\HDSD\hindi_sent\M43\M43_S1_H28_M2.wav,kahaa jaataa hai ki unhoonnei kabhii jiivana mein jhuutha kaa sahaaraa nahiin liyaa,M43,M43_S1_H28,M2,13,5.4563125,kahaa jaataa hai ki unhoonne kabhi jiivana mein jhuutha kaa sahaaraa nahiin liyaa,कहा जाता है कि उन्हून्ने कभि जीवन मेइन् झूथ का सहारा नहीन् लिया
C:\Users\edwin\OneDrive\Desktop\Capstone\hindi indic\HDSD\hindi_sent\M43\M43_S1_H29_M2.wav,aapakaa sandeisha paakara achchhaa lagaa,M43,M43_S1_H29,M2,5,2.3375625,aapakaa sandeisha paakara achchhaa lagaa,आपका सन्देइश पाकर अच्छा लगा
C:\Users\edwin\OneDrive\Desktop\Capstone\hindi indic\HDSD\hindi_sent\M43\M43_S1_H30_M2.wav,jaldii sei jaldii kuchha kiijiei,M43,M43_S1_H30,M2,5,1.8495625,jaldi se jaldi kuchha kiijie,जल्दि से जल्दि कुछ कीजिए
C:\Users\edwin\OneDrive\Desktop\Capstone\hindi indic\HDSD\hindi_sent\M44\M44_S1_H01_M2.wav,aapakei hindii pasanda karanei para khushii huii,M44,M44_S1_H01,M2,7,3.31875,aapake hindi pasanda karane para khushi hui,आपके हिन्दि पसन्द करने पर खुशि हुइ
C:\Users\edwin\OneDrive\Desktop\Capstone\hindi indic\HDSD\hindi_sent\M44\M44_S1_H02_M2.wav,isakei badalei mein tuma kuchha aura maanaga loo,M44,M44_S1_H02,M2,8,4.2625625,isake badale mein tuma kuchha aura maanaga loo,इसके बदले मेइन् तुम कुछ और मानग लू
C:\Users\edwin\OneDrive\Desktop\Capstone\hindi indic\HDSD\hindi_sent\M44\M44_S1_H03_M2.wav,chikitsaa kaa artha hootaa hai ilaaja,M44,M44_S1_H03,M2,6,2.3313125,chikitsaa kaa artha hootaa hai ilaaja,चिकित्सा का अर्थ हूता है इलाज
C:\Users\edwin\OneDrive\Desktop\Capstone\hindi indic\HDSD\hindi_sent\M44\M44_S1_H04_M2.wav,isei aisei hii jaarii rakhein,M44,M44_S1_H04,M2,5,2.2750625,ise aise hi jaari rakhein,इसे ऐसे हि जारि रखेइन्
C:\Users\edwin\OneDrive\Desktop\Capstone\hindi indic\HDSD\hindi_sent\M44\M44_S1_H05_M2.wav,madada kei liyei bahuta dhanyavaada,M44,M44_S1_H05,M2,5,1.9125625,madada ke liye bahuta dhanyavaada,मदद के लिये बहुत धन्यवाद
C:\Users\edwin\OneDrive\Desktop\Capstone\hindi indic\HDSD\hindi_sent\M44\M44_S1_H06_M2.wav,aba joo main kahataa huuna usakaa paalana karoo,M44,M44_S1_H06,M2,8,2.9750625,aba joo main kahataa huuna usakaa paalana karoo,अब जू मैन् कहता हून उसका पालन करू
C:\Users\edwin\OneDrive\Desktop\Capstone\hindi indic\HDSD\hindi_sent\M44\M44_S1_H07_M2.wav,bhaarata mein aisaa nahiin huaa hai,M44,M44_S1_H07,M2,6,1.9125625,bhaarata mein aisaa nahiin huaa hai,भारत मेइन् ऐसा नहीन् हुआ है
C:\Users\edwin\OneDrive\Desktop\Capstone\hindi indic\HDSD\hindi_sent\M44\M44_S1_H08_M2.wav,isa sahayooga heitu bhii bahuta dhanyavaada,M44,M44_S1_H08,M2,6,2.6563125,isa sahayooga heitu bhi bahuta dhanyavaada,इस सहयूग हेइतु भि बहुत धन्यवाद
C:\Users\edwin\OneDrive\Desktop\Capstone\hindi indic\HDSD\hindi_sent\M44\M44_S1_H09_M2.wav,para yaha sanbhava naa hoo sakaa,M44,M44_S1_H09,M2,6,2.3875625,para yaha sanbhava naa hoo sakaa,पर यह सन्भव ना हू सका
C:\Users\edwin\OneDrive\Desktop\Capstone\hindi indic\HDSD\hindi_sent\M44\M44_S1_H10_M2.wav,meirii baatoon ki oora dhyaana diijiyei,M44,M44_S1_H10,M2,6,2.8750625,meiri baatoon ki oora dhyaana diijiye,मेइरि बातून् कि ऊर ध्यान दीजिये
C:\Users\edwin\OneDrive\Desktop\Capstone\hindi indic\HDSD\hindi_sent\M44\M44_S1_H11_M2.wav,yahaan sei sangharshha kaa daura shuruu huaa,M44,M44_S1_H11,M2,7,2.8125625,yahaan se sangharshha kaa daura shuruu huaa,यहान् से सन्घर्ष का दौर शुरू हुआ
C:\Users\edwin\OneDrive\Desktop\Capstone\hindi indic\HDSD\hindi_sent\M44\M44_S1_H12_M2.wav,doonoon mein badaa antara thaa,M44,M44_S1_H12,M2,5,1.8438125,doonoon mein badaa antara thaa,दूनून् मेइन् बदा अन्तर था
C:\Users\edwin\OneDrive\Desktop\Capstone\hindi indic\HDSD\hindi_sent\M44\M44_S1_H13_M2.wav,aapa sabhii kei sahayooga kei liyei bahuta dhanyavaada,M44,M44_S1_H13,M2,8,3.1375625,aapa sabhi ke sahayooga ke liye bahuta dhanyavaada,आप सभि के सहयूग के लिये बहुत धन्यवाद
C:\Users\edwin\OneDrive\Desktop\Capstone\hindi indic\HDSD\hindi_sent\M44\M44_S1_H14_M2.wav,bahuta sei looga aisaa kara rahei hai,M44,M44_S1_H14,M2,7,2.1000625,bahuta se looga aisaa kara rahe hai,बहुत से लूग ऐसा कर रहे है
C:\Users\edwin\OneDrive\Desktop\Capstone\hindi indic\HDSD\hindi_sent\M44\M44_S1_H15_M2.wav,samaya kei saatha hii nahiin usasei aagei chalaa jaaei,M44,M44_S1_H15,M2,9,4.1563125,samaya ke saatha hi nahiin usase aage chalaa jaae,समय के साथ हि नहीन् उससे आगे चला जाए
C:\Users\edwin\OneDrive\Desktop\Capstone\hindi indic\HDSD\hindi_sent\M44\M44_S1_H16_M2.wav,main krikeita kheila koo kaaphii pasanda karataa huuna,M44,M44_S1_H16,M2,8,2.5438125,main krikeita kheila koo kaaphi pasanda karataa huuna,मैन् क्रिकेइत खेइल कू काफि पसन्द करता हून
C:\Users\edwin\OneDrive\Desktop\Capstone\hindi indic\HDSD\hindi_sent\M44\M44_S1_H17_M2.wav,shaayada samajha aa gayaa hoo,M44,M44_S1_H17,M2,5,2.0375625,shaayada samajha aa gayaa hoo,शायद समझ आ गया हू
C:\Users\edwin\OneDrive\Desktop\Capstone\hindi indic\HDSD\hindi_sent\M44\M44_S1_H18_M2.wav,joo shaayada aapanei deikhaa naa hoo,M44,M44_S1_H18,M2,6,2.2625625,joo shaayada aapane deikhaa naa hoo,जू शायद आपने देइखा ना हू
C:\Users\edwin\OneDrive\Desktop\Capstone\hindi indic\HDSD\hindi_sent\M44\M44_S1_H19_M2.wav,main bhuula hii gayaa thaa isa baata koo,M44,M44_S1_H19,M2,8,2.3313125,main bhuula hi gayaa thaa isa baata koo,मैन् भूल हि गया था इस बात कू
C:\Users\edwin\OneDrive\Desktop\Capstone\hindi indic\HDSD\hindi_sent\M44\M44_S1_H20_M2.wav,magara vaha bhii nahiin huaa,M44,M44_S1_H20,M2,5,1.7438125,magara vaha bhi nahiin huaa,मगर वह भि नहीन् हुआ
C:\Users\edwin\OneDrive\Desktop\Capstone\hindi indic\HDSD\hindi_sent\M44\M44_S1_H21_M2.wav,dara kaa artha hootaa hai bhaya,M44,M44_S1_H21,M2,6,1.6563125,dara kaa artha hootaa hai bhaya,दर का अर्थ हूता है भय
C:\Users\edwin\OneDrive\Desktop\Capstone\hindi indic\HDSD\hindi_sent\M44\M44_S1_H22_M2.wav,eika baara phira sei aabhaara,M44,M44_S1_H22,M2,5,2.0125625,eika baara phira se aabhaara,एइक बार फिर से आभार
C:\Users\edwin\OneDrive\Desktop\Capstone\hindi indic\HDSD\hindi_sent\M44\M44_S1_H23_M2.wav,naa jaanei kitanei looga isei padhtei hai,M44,M44_S1_H23,M2,7,2.2438125,naa jaane kitane looga ise padhte hai,ना जाने कितने लूग इसे पध्ते है
C:\Users\edwin\OneDrive\Desktop\Capstone\hindi indic\HDSD\hindi_sent\M44\M44_S1_H24_M2.wav,abhii main shaanta huuna hii,M44,M44_S1_H24,M2,5,1.7563125,abhi main shaanta huuna hi,अभि मैन् शान्त हून हि
C:\Users\edwin\OneDrive\Desktop\Capstone\hindi indic\HDSD\hindi_sent\M44\M44_S1_H25_M2.wav,svaagata kei liyei dhanyavaada,M44,M44_S1_H25,M2,4,1.5813125,svaagata ke liye dhanyavaada,स्वागत के लिये धन्यवाद
C:\Users\edwin\OneDrive\Desktop\Capstone\hindi indic\HDSD\hindi_sent\M44\M44_S1_H26_M2.wav,aapa apanaa yaha achchhaa kaarya jaarii rakhein,M44,M44_S1_H26,M2,7,2.9125625,aapa apanaa yaha achchhaa kaarya jaari rakhein,आप अपना यह अच्छा कार्य जारि रखेइन्
C:\Users\edwin\OneDrive\Desktop\Capstone\hindi indic\HDSD\hindi_sent\M44\M44_S1_H27_M2.wav,main bhaarata mein rahataa huuna,M44,M44_S1_H27,M2,5,1.6313125,main bhaarata mein rahataa huuna,मैन् भारत मेइन् रहता हून
C:\Users\edwin\OneDrive\Desktop\Capstone\hindi indic\HDSD\hindi_sent\M44\M44_S1_H28_M2.wav,kahaa jaataa hai ki unhoonnei kabhii jiivana mein jhuutha kaa sahaaraa nahiin liyaa,M44,M44_S1_H28,M2,13,4.2500625,kahaa jaataa hai ki unhoonne kabhi jiivana mein jhuutha kaa sahaaraa nahiin liyaa,कहा जाता है कि उन्हून्ने कभि जीवन मेइन् झूथ का सहारा नहीन् लिया
C:\Users\edwin\OneDrive\Desktop\Capstone\hindi indic\HDSD\hindi_sent\M44\M44_S1_H29_M2.wav,aapakaa sandeisha paakara bahuta achchhaa lagaa,M44,M44_S1_H29,M2,6,2.0625625,aapakaa sandeisha paakara bahuta achchhaa lagaa,आपका सन्देइश पाकर बहुत अच्छा लगा
C:\Users\edwin\OneDrive\Desktop\Capstone\hindi indic\HDSD\hindi_sent\M44\M44_S1_H30_M2.wav,jaldii sei jaldii kuchha kiijiei,M44,M44_S1_H30,M2,5,2.50675,jaldi se jaldi kuchha kiijie,जल्दि से जल्दि कुछ कीजिए
C:\Users\edwin\OneDrive\Desktop\Capstone\hindi indic\HDSD\hindi_sent\M46\M46_S1_H01_M2.wav,hindii pasanda karanei para khushii huii,M46,M46_S1_H01,M2,6,2.025,hindi pasanda karane para khushi hui,हिन्दि पसन्द करने पर खुशि हुइ
C:\Users\edwin\OneDrive\Desktop\Capstone\hindi indic\HDSD\hindi_sent\M46\M46_S1_H02_M2.wav,isakei badalei mein kuchha tuma kuchha aura maanaga loo,M46,M46_S1_H02,M2,9,3.2875625,isake badale mein kuchha tuma kuchha aura maanaga loo,इसके बदले मेइन् कुछ तुम कुछ और मानग लू
C:\Users\edwin\OneDrive\Desktop\Capstone\hindi indic\HDSD\hindi_sent\M46\M46_S1_H03_M2.wav,chikitsaa kaa artha hootaa hai ilaaja,M46,M46_S1_H03,M2,6,1.7938125,chikitsaa kaa artha hootaa hai ilaaja,चिकित्सा का अर्थ हूता है इलाज
C:\Users\edwin\OneDrive\Desktop\Capstone\hindi indic\HDSD\hindi_sent\M46\M46_S1_H04_M2.wav,isei aisei hii jaarii rakhein,M46,M46_S1_H04,M2,5,1.7563125,ise aise hi jaari rakhein,इसे ऐसे हि जारि रखेइन्
C:\Users\edwin\OneDrive\Desktop\Capstone\hindi indic\HDSD\hindi_sent\M46\M46_S1_H05_M2.wav,madada kei liyei bahuta dhanyavaada,M46,M46_S1_H05,M2,5,1.6688125,madada ke liye bahuta dhanyavaada,मदद के लिये बहुत धन्यवाद
C:\Users\edwin\OneDrive\Desktop\Capstone\hindi indic\HDSD\hindi_sent\M46\M46_S1_H06_M2.wav,aba joo main kahataa huuna usakaa paalana karoo,M46,M46_S1_H06,M2,8,2.2438125,aba joo main kahataa huuna usakaa paalana karoo,अब जू मैन् कहता हून उसका पालन करू
C:\Users\edwin\OneDrive\Desktop\Capstone\hindi indic\HDSD\hindi_sent\M46\M46_S1_H07_M2.wav,bhaarata mein aisaa nahiin huaa hai,M46,M46_S1_H07,M2,6,1.6625625,bhaarata mein aisaa nahiin huaa hai,भारत मेइन् ऐसा नहीन् हुआ है
C:\Users\edwin\OneDrive\Desktop\Capstone\hindi indic\HDSD\hindi_sent\M46\M46_S1_H08_M2.wav,isa sahayooga heitu bhii bahuta dhanyavaada,M46,M46_S1_H08,M2,6,3.0063125,isa sahayooga heitu bhi bahuta dhanyavaada,इस सहयूग हेइतु भि बहुत धन्यवाद
C:\Users\edwin\OneDrive\Desktop\Capstone\hindi indic\HDSD\hindi_sent\M46\M46_S1_H09_M2.wav,para yaha sanbhava naa hoo sakaa,M46,M46_S1_H09,M2,6,1.6813125,para yaha sanbhava naa hoo sakaa,पर यह सन्भव ना हू सका
C:\Users\edwin\OneDrive\Desktop\Capstone\hindi indic\HDSD\hindi_sent\M46\M46_S1_H10_M2.wav,meirii baatoon ki oora dhyaana diijiyei,M46,M46_S1_H10,M2,6,2.1375625,meiri baatoon ki oora dhyaana diijiye,मेइरि बातून् कि ऊर ध्यान दीजिये
C:\Users\edwin\OneDrive\Desktop\Capstone\hindi indic\HDSD\hindi_sent\M46\M46_S1_H11_M2.wav,yahaan sei sangharshha kaa daura shuruu huaa,M46,M46_S1_H11,M2,7,2.2375625,yahaan se sangharshha kaa daura shuruu huaa,यहान् से सन्घर्ष का दौर शुरू हुआ
C:\Users\edwin\OneDrive\Desktop\Capstone\hindi indic\HDSD\hindi_sent\M46\M46_S1_H12_M2.wav,doonoon mein badaa antara thaa,M46,M46_S1_H12,M2,5,1.6438125,doonoon mein badaa antara thaa,दूनून् मेइन् बदा अन्तर था
C:\Users\edwin\OneDrive\Desktop\Capstone\hindi indic\HDSD\hindi_sent\M46\M46_S1_H13_M2.wav,aapa sabhii kei sahayooga kei liyei bahuta dhanyavaada,M46,M46_S1_H13,M2,8,3.3563125,aapa sabhi ke sahayooga ke liye bahuta dhanyavaada,आप सभि के सहयूग के लिये बहुत धन्यवाद
C:\Users\edwin\OneDrive\Desktop\Capstone\hindi indic\HDSD\hindi_sent\M46\M46_S1_H14_M2.wav,bahuta sei looga aisaa kara rahei hai,M46,M46_S1_H14,M2,7,1.8625625,bahuta se looga aisaa kara rahe hai,बहुत से लूग ऐसा कर रहे है
C:\Users\edwin\OneDrive\Desktop\Capstone\hindi indic\HDSD\hindi_sent\M46\M46_S1_H15_M2.wav,samaya kei saatha hii nahiin usasei aagei chalaa jaaei,M46,M46_S1_H15,M2,9,3.0250625,samaya ke saatha hi nahiin usase aage chalaa jaae,समय के साथ हि नहीन् उससे आगे चला जाए
C:\Users\edwin\OneDrive\Desktop\Capstone\hindi indic\HDSD\hindi_sent\M46\M46_S1_H16_M2.wav,main krikeita kheila koo kaaphii pasanda karataa huuna,M46,M46_S1_H16,M2,8,2.4125625,main krikeita kheila koo kaaphi pasanda karataa huuna,मैन् क्रिकेइत खेइल कू काफि पसन्द करता हून
C:\Users\edwin\OneDrive\Desktop\Capstone\hindi indic\HDSD\hindi_sent\M46\M46_S1_H17_M2.wav,shaayada samajha aa gayaa hoo,M46,M46_S1_H17,M2,5,1.5438125,shaayada samajha aa gayaa hoo,शायद समझ आ गया हू
C:\Users\edwin\OneDrive\Desktop\Capstone\hindi indic\HDSD\hindi_sent\M46\M46_S1_H18_M2.wav,joo shaayada aapanei deikhaa naa hoo,M46,M46_S1_H18,M2,6,3.1688125,joo shaayada aapane deikhaa naa hoo,जू शायद आपने देइखा ना हू
C:\Users\edwin\OneDrive\Desktop\Capstone\hindi indic\HDSD\hindi_sent\M46\M46_S1_H19_M2.wav,main bhuula hii gayaa thaa isa baata koo,M46,M46_S1_H19,M2,8,2.1125625,main bhuula hi gayaa thaa isa baata koo,मैन् भूल हि गया था इस बात कू
C:\Users\edwin\OneDrive\Desktop\Capstone\hindi indic\HDSD\hindi_sent\M46\M46_S1_H20_M2.wav,magara vaha bhii nahiin huaa,M46,M46_S1_H20,M2,5,1.4688125,magara vaha bhi nahiin huaa,मगर वह भि नहीन् हुआ
C:\Users\edwin\OneDrive\Desktop\Capstone\hindi indic\HDSD\hindi_sent\M46\M46_S1_H21_M2.wav,dara kaa artha hootaa hai bhaya,M46,M46_S1_H21,M2,6,1.5563125,dara kaa artha hootaa hai bhaya,दर का अर्थ हूता है भय
C:\Users\edwin\OneDrive\Desktop\Capstone\hindi indic\HDSD\hindi_sent\M46\M46_S1_H22_M2.wav,eika baara phira sei aabhaara,M46,M46_S1_H22,M2,5,1.6438125,eika baara phira se aabhaara,एइक बार फिर से आभार
C:\Users\edwin\OneDrive\Desktop\Capstone\hindi indic\HDSD\hindi_sent\M46\M46_S1_H23_M2.wav,naa jaanei kitanei looga isei padhtei hai,M46,M46_S1_H23,M2,7,2.0750625,naa jaane kitane looga ise padhte hai,ना जाने कितने लूग इसे पध्ते है
C:\Users\edwin\OneDrive\Desktop\Capstone\hindi indic\HDSD\hindi_sent\M46\M46_S1_H24_M2.wav,abhii main shaanta hii huuna,M46,M46_S1_H24,M2,5,1.8438125,abhi main shaanta hi huuna,अभि मैन् शान्त हि हून
C:\Users\edwin\OneDrive\Desktop\Capstone\hindi indic\HDSD\hindi_sent\M46\M46_S1_H25_M2.wav,svaagata kei liyei dhanyavaada,M46,M46_S1_H25,M2,4,1.5938125,svaagata ke liye dhanyavaada,स्वागत के लिये धन्यवाद
C:\Users\edwin\OneDrive\Desktop\Capstone\hindi indic\HDSD\hindi_sent\M46\M46_S1_H26_M2.wav,aapa apanaa yaha achchhaa kaarya jaarii rakhein,M46,M46_S1_H26,M2,7,2.2750625,aapa apanaa yaha achchhaa kaarya jaari rakhein,आप अपना यह अच्छा कार्य जारि रखेइन्
C:\Users\edwin\OneDrive\Desktop\Capstone\hindi indic\HDSD\hindi_sent\M46\M46_S1_H27_M2.wav,main bhaarata mein rahataa huuna,M46,M46_S1_H27,M2,5,1.5188125,main bhaarata mein rahataa huuna,मैन् भारत मेइन् रहता हून
C:\Users\edwin\OneDrive\Desktop\Capstone\hindi indic\HDSD\hindi_sent\M46\M46_S1_H28_M2.wav,kahaa jaataa hai ki unhoonnei kabhii jiivana mein jhuutha kaa sahaaraa nahiin liyaa,M46,M46_S1_H28,M2,13,4.4438125,kahaa jaataa hai ki unhoonne kabhi jiivana mein jhuutha kaa sahaaraa nahiin liyaa,कहा जाता है कि उन्हून्ने कभि जीवन मेइन् झूथ का सहारा नहीन् लिया
C:\Users\edwin\OneDrive\Desktop\Capstone\hindi indic\HDSD\hindi_sent\M46\M46_S1_H29_M2.wav,aapakaa sandeisha paakara achchhaa lagaa,M46,M46_S1_H29,M2,5,2.2563125,aapakaa sandeisha paakara achchhaa lagaa,आपका सन्देइश पाकर अच्छा लगा
C:\Users\edwin\OneDrive\Desktop\Capstone\hindi indic\HDSD\hindi_sent\M46\M46_S1_H30_M2.wav,jaldii sei jaldii kuchha kiijiei,M46,M46_S1_H30,M2,5,1.735625,jaldi se jaldi kuchha kiijie,जल्दि से जल्दि कुछ कीजिए
C:\Users\edwin\OneDrive\Desktop\Capstone\hindi indic\HDSD\hindi_sent\M47\M47_S1_H01_M2.wav,aapakei hindii pasanda karanei para khushii huii,M47,M47_S1_H01,M2,7,3.625,aapake hindi pasanda karane para khushi hui,आपके हिन्दि पसन्द करने पर खुशि हुइ
C:\Users\edwin\OneDrive\Desktop\Capstone\hindi indic\HDSD\hindi_sent\M47\M47_S1_H02_M2.wav,isakei badalei mein tuma kuchha aura maanaga loo,M47,M47_S1_H02,M2,8,3.1875625,isake badale mein tuma kuchha aura maanaga loo,इसके बदले मेइन् तुम कुछ और मानग लू
C:\Users\edwin\OneDrive\Desktop\Capstone\hindi indic\HDSD\hindi_sent\M47\M47_S1_H03_M2.wav,chikitsaa kaa artha hootaa hai ilaaja,M47,M47_S1_H03,M2,6,2.6875625,chikitsaa kaa artha hootaa hai ilaaja,चिकित्सा का अर्थ हूता है इलाज
C:\Users\edwin\OneDrive\Desktop\Capstone\hindi indic\HDSD\hindi_sent\M47\M47_S1_H04_M2.wav,isei aisei hii jaarii rakhein,M47,M47_S1_H04,M2,5,2.0625625,ise aise hi jaari rakhein,इसे ऐसे हि जारि रखेइन्
C:\Users\edwin\OneDrive\Desktop\Capstone\hindi indic\HDSD\hindi_sent\M47\M47_S1_H05_M2.wav,madada kei liyei bahuta bahuta dhanyavaada,M47,M47_S1_H05,M2,6,2.3563125,madada ke liye bahuta bahuta dhanyavaada,मदद के लिये बहुत बहुत धन्यवाद
C:\Users\edwin\OneDrive\Desktop\Capstone\hindi indic\HDSD\hindi_sent\M47\M47_S1_H06_M2.wav,aba main aba joo main kahataa huuna usakaa paalana karoo,M47,M47_S1_H06,M2,10,4.0188125,aba main aba joo main kahataa huuna usakaa paalana karoo,अब मैन् अब जू मैन् कहता हून उसका पालन करू
C:\Users\edwin\OneDrive\Desktop\Capstone\hindi indic\HDSD\hindi_sent\M47\M47_S1_H07_M2.wav,bhaarata mein aisaa nahiin huaa hai,M47,M47_S1_H07,M2,6,3.7500625,bhaarata mein aisaa nahiin huaa hai,भारत मेइन् ऐसा नहीन् हुआ है
C:\Users\edwin\OneDrive\Desktop\Capstone\hindi indic\HDSD\hindi_sent\M47\M47_S1_H08_M2.wav,isa sahayooga heitu bhii bahuta dhanyavaada,M47,M47_S1_H08,M2,6,2.9375625,isa sahayooga heitu bhi bahuta dhanyavaada,इस सहयूग हेइतु भि बहुत धन्यवाद
C:\Users\edwin\OneDrive\Desktop\Capstone\hindi indic\HDSD\hindi_sent\M47\M47_S1_H09_M2.wav,para yaha sanbhava naa hoo sakaa,M47,M47_S1_H09,M2,6,2.1875625,para yaha sanbhava naa hoo sakaa,पर यह सन्भव ना हू सका
C:\Users\edwin\OneDrive\Desktop\Capstone\hindi indic\HDSD\hindi_sent\M47\M47_S1_H10_M2.wav,meirii baatoon ki oora dhyaana diijiyei,M47,M47_S1_H10,M2,6,2.7500625,meiri baatoon ki oora dhyaana diijiye,मेइरि बातून् कि ऊर ध्यान दीजिये
C:\Users\edwin\OneDrive\Desktop\Capstone\hindi indic\HDSD\hindi_sent\M47\M47_S1_H11_M2.wav,yahaan sei sangharshha kaa daura shuruu huaa,M47,M47_S1_H11,M2,7,2.7500625,yahaan se sangharshha kaa daura shuruu huaa,यहान् से सन्घर्ष का दौर शुरू हुआ
C:\Users\edwin\OneDrive\Desktop\Capstone\hindi indic\HDSD\hindi_sent\M47\M47_S1_H12_M2.wav,doonoon mein badaa antara thaa,M47,M47_S1_H12,M2,5,2.1250625,doonoon mein badaa antara thaa,दूनून् मेइन् बदा अन्तर था
C:\Users\edwin\OneDrive\Desktop\Capstone\hindi indic\HDSD\hindi_sent\M47\M47_S1_H13_M2.wav,aapa sabhii kei sahayooga kei liyei bahuta dhanyavaada,M47,M47_S1_H13,M2,8,3.3750625,aapa sabhi ke sahayooga ke liye bahuta dhanyavaada,आप सभि के सहयूग के लिये बहुत धन्यवाद
C:\Users\edwin\OneDrive\Desktop\Capstone\hindi indic\HDSD\hindi_sent\M47\M47_S1_H14_M2.wav,bahuta sei looga aisaa kara kara rahei hai,M47,M47_S1_H14,M2,8,3.3125625,bahuta se looga aisaa kara kara rahe hai,बहुत से लूग ऐसा कर कर रहे है
C:\Users\edwin\OneDrive\Desktop\Capstone\hindi indic\HDSD\hindi_sent\M47\M47_S1_H15_M2.wav,samaya kei saatha hii nahiin usasei aagei chalaa jaaei,M47,M47_S1_H15,M2,9,6.6688125,samaya ke saatha hi nahiin usase aage chalaa jaae,समय के साथ हि नहीन् उससे आगे चला जाए
C:\Users\edwin\OneDrive\Desktop\Capstone\hindi indic\HDSD\hindi_sent\M47\M47_S1_H16_M2.wav,main krikeita kheila koo kaaphii pasanda karataa huuna,M47,M47_S1_H16,M2,8,3.2688125,main krikeita kheila koo kaaphi pasanda karataa huuna,मैन् क्रिकेइत खेइल कू काफि पसन्द करता हून
C:\Users\edwin\OneDrive\Desktop\Capstone\hindi indic\HDSD\hindi_sent\M47\M47_S1_H17_M2.wav,shaayada samajha aa gayaa hoo,M47,M47_S1_H17,M2,5,4.1875625,shaayada samajha aa gayaa hoo,शायद समझ आ गया हू
C:\Users\edwin\OneDrive\Desktop\Capstone\hindi indic\HDSD\hindi_sent\M47\M47_S1_H18_M2.wav,joo shaayada aapanei aapanei deikhaa naa hoo,M47,M47_S1_H18,M2,7,5.1875625,joo shaayada aapane aapane deikhaa naa hoo,जू शायद आपने आपने देइखा ना हू
C:\Users\edwin\OneDrive\Desktop\Capstone\hindi indic\HDSD\hindi_sent\M47\M47_S1_H19_M2.wav,main bhuula hii gayaa thaa isa baata koo,M47,M47_S1_H19,M2,8,2.5625625,main bhuula hi gayaa thaa isa baata koo,मैन् भूल हि गया था इस बात कू
C:\Users\edwin\OneDrive\Desktop\Capstone\hindi indic\HDSD\hindi_sent\M47\M47_S1_H20_M2.wav,magara vaha bhii nahiin huaa,M47,M47_S1_H20,M2,5,2.9375625,magara vaha bhi nahiin huaa,मगर वह भि नहीन् हुआ
C:\Users\edwin\OneDrive\Desktop\Capstone\hindi indic\HDSD\hindi_sent\M47\M47_S1_H21_M2.wav,dara kaa artha hootaa hai bhaya,M47,M47_S1_H21,M2,6,2.1875625,dara kaa artha hootaa hai bhaya,दर का अर्थ हूता है भय
C:\Users\edwin\OneDrive\Desktop\Capstone\hindi indic\HDSD\hindi_sent\M47\M47_S1_H22_M2.wav,eika baara phira sei aabhaara,M47,M47_S1_H22,M2,5,2.1875625,eika baara phira se aabhaara,एइक बार फिर से आभार
C:\Users\edwin\OneDrive\Desktop\Capstone\hindi indic\HDSD\hindi_sent\M47\M47_S1_H23_M2.wav,naa jaanei kitanei looga isei padhtei hai,M47,M47_S1_H23,M2,7,3.8125625,naa jaane kitane looga ise padhte hai,ना जाने कितने लूग इसे पध्ते है
C:\Users\edwin\OneDrive\Desktop\Capstone\hindi indic\HDSD\hindi_sent\M47\M47_S1_H24_M2.wav,abhii main shaanta hii huuna,M47,M47_S1_H24,M2,5,3.0625625,abhi main shaanta hi huuna,अभि मैन् शान्त हि हून
C:\Users\edwin\OneDrive\Desktop\Capstone\hindi indic\HDSD\hindi_sent\M47\M47_S1_H25_M2.wav,svaagata kei liyei dhanyavaada,M47,M47_S1_H25,M2,4,2.8125625,svaagata ke liye dhanyavaada,स्वागत के लिये धन्यवाद
C:\Users\edwin\OneDrive\Desktop\Capstone\hindi indic\HDSD\hindi_sent\M47\M47_S1_H26_M2.wav,aapa apanaa yaha achchhaa kaarya jaarii rakhein,M47,M47_S1_H26,M2,7,4.8125625,aapa apanaa yaha achchhaa kaarya jaari rakhein,आप अपना यह अच्छा कार्य जारि रखेइन्
C:\Users\edwin\OneDrive\Desktop\Capstone\hindi indic\HDSD\hindi_sent\M47\M47_S1_H27_M2.wav,main bhaarata mein rahataa huuna,M47,M47_S1_H27,M2,5,2.0500625,main bhaarata mein rahataa huuna,मैन् भारत मेइन् रहता हून
C:\Users\edwin\OneDrive\Desktop\Capstone\hindi indic\HDSD\hindi_sent\M47\M47_S1_H28_M2.wav,kahaa jaataa hai ki unhoonnei kabhii jiivana mein jhuutha kaa sahaaraa nahiin liyaa,M47,M47_S1_H28,M2,13,9.3875625,kahaa jaataa hai ki unhoonne kabhi jiivana mein jhuutha kaa sahaaraa nahiin liyaa,कहा जाता है कि उन्हून्ने कभि जीवन मेइन् झूथ का सहारा नहीन् लिया
C:\Users\edwin\OneDrive\Desktop\Capstone\hindi indic\HDSD\hindi_sent\M47\M47_S1_H29_M2.wav,aapakaa sandeisha paakara achchhaa lagaa,M47,M47_S1_H29,M2,5,2.6250625,aapakaa sandeisha paakara achchhaa lagaa,आपका सन्देइश पाकर अच्छा लगा
C:\Users\edwin\OneDrive\Desktop\Capstone\hindi indic\HDSD\hindi_sent\M47\M47_S1_H30_M2.wav,jaldii jaldii kuchha kiijiei,M47,M47_S1_H30,M2,4,3.06825,jaldi jaldi kuchha kiijie,जल्दि जल्दि कुछ कीजिए
C:\Users\edwin\OneDrive\Desktop\Capstone\hindi indic\HDSD\hindi_sent\M48\M48_S1_H01_M2.wav,para khushii huii,M48,M48_S1_H01,M2,3,1.15,para khushi hui,पर खुशि हुइ
C:\Users\edwin\OneDrive\Desktop\Capstone\hindi indic\HDSD\hindi_sent\M48\M48_S1_H02_M2.wav,isakei badalei mein tuma kuchha aura aura maanaga loo,M48,M48_S1_H02,M2,9,2.6813125,isake badale mein tuma kuchha aura aura maanaga loo,इसके बदले मेइन् तुम कुछ और और मानग लू
C:\Users\edwin\OneDrive\Desktop\Capstone\hindi indic\HDSD\hindi_sent\M48\M48_S1_H03_M2.wav,chikitsaa kaa artha hootaa hai ilaaja,M48,M48_S1_H03,M2,6,1.9750625,chikitsaa kaa artha hootaa hai ilaaja,चिकित्सा का अर्थ हूता है इलाज
C:\Users\edwin\OneDrive\Desktop\Capstone\hindi indic\HDSD\hindi_sent\M48\M48_S1_H04_M2.wav,aisei aisei isei aisei hii jaarii rakhein,M48,M48_S1_H04,M2,7,3.2563125,aise aise ise aise hi jaari rakhein,ऐसे ऐसे इसे ऐसे हि जारि रखेइन्
C:\Users\edwin\OneDrive\Desktop\Capstone\hindi indic\HDSD\hindi_sent\M48\M48_S1_H05_M2.wav,madada kei madada kei liyei bahuta dhanyavaada,M48,M48_S1_H05,M2,7,2.5188125,madada ke madada ke liye bahuta dhanyavaada,मदद के मदद के लिये बहुत धन्यवाद
C:\Users\edwin\OneDrive\Desktop\Capstone\hindi indic\HDSD\hindi_sent\M48\M48_S1_H06_M2.wav,main joo joo kahataa huuna usakaa paalana karoo,M48,M48_S1_H06,M2,8,2.6938125,main joo joo kahataa huuna usakaa paalana karoo,मैन् जू जू कहता हून उसका पालन करू
C:\Users\edwin\OneDrive\Desktop\Capstone\hindi indic\HDSD\hindi_sent\M48\M48_S1_H07_M2.wav,bhaarata mein aisaa nahiin huaa hai,M48,M48_S1_H07,M2,6,1.8313125,bhaarata mein aisaa nahiin huaa hai,भारत मेइन् ऐसा नहीन् हुआ है
C:\Users\edwin\OneDrive\Desktop\Capstone\hindi indic\HDSD\hindi_sent\M48\M48_S1_H08_M2.wav,isa sahayooga heitu bhii bahuta dhanyavaada,M48,M48_S1_H08,M2,6,2.4438125,isa sahayooga heitu bhi bahuta dhanyavaada,इस सहयूग हेइतु भि बहुत धन्यवाद
C:\Users\edwin\OneDrive\Desktop\Capstone\hindi indic\HDSD\hindi_sent\M48\M48_S1_H09_M2.wav,para yaha sanbhava naa hoo sakaa,M48,M48_S1_H09,M2,6,2.2438125,para yaha sanbhava naa hoo sakaa,पर यह सन्भव ना हू सका
C:\Users\edwin\OneDrive\Desktop\Capstone\hindi indic\HDSD\hindi_sent\M48\M48_S1_H10_M2.wav,meirii baatoon ki oora dhyaana diijiyei,M48,M48_S1_H10,M2,6,1.9500625,meiri baatoon ki oora dhyaana diijiye,मेइरि बातून् कि ऊर ध्यान दीजिये
C:\Users\edwin\OneDrive\Desktop\Capstone\hindi indic\HDSD\hindi_sent\M48\M48_S1_H11_M2.wav,yahaan sei sangharshha kaa daura shuruu huaa,M48,M48_S1_H11,M2,7,2.4688125,yahaan se sangharshha kaa daura shuruu huaa,यहान् से सन्घर्ष का दौर शुरू हुआ
C:\Users\edwin\OneDrive\Desktop\Capstone\hindi indic\HDSD\hindi_sent\M48\M48_S1_H12_M2.wav,doonoon mein badaa antara thaa,M48,M48_S1_H12,M2,5,1.5938125,doonoon mein badaa antara thaa,दूनून् मेइन् बदा अन्तर था
C:\Users\edwin\OneDrive\Desktop\Capstone\hindi indic\HDSD\hindi_sent\M48\M48_S1_H13_M2.wav,aapa sabhii kei sahayooga kei liyei bahuta dhanyavaada,M48,M48_S1_H13,M2,8,2.9188125,aapa sabhi ke sahayooga ke liye bahuta dhanyavaada,आप सभि के सहयूग के लिये बहुत धन्यवाद
C:\Users\edwin\OneDrive\Desktop\Capstone\hindi indic\HDSD\hindi_sent\M48\M48_S1_H14_M2.wav,bahuta sei looga aisaa bahuta sei sei looga aisaa kara rahei hai,M48,M48_S1_H14,M2,12,4.7563125,bahuta se looga aisaa bahuta se se looga aisaa kara rahe hai,बहुत से लूग ऐसा बहुत से से लूग ऐसा कर रहे है
C:\Users\edwin\OneDrive\Desktop\Capstone\hindi indic\HDSD\hindi_sent\M48\M48_S1_H15_M2.wav,samaya kei saatha hii nahiin usasei aagei chalaa jaaei,M48,M48_S1_H15,M2,9,3.4625625,samaya ke saatha hi nahiin usase aage chalaa jaae,समय के साथ हि नहीन् उससे आगे चला जाए
C:\Users\edwin\OneDrive\Desktop\Capstone\hindi indic\HDSD\hindi_sent\M48\M48_S1_H16_M2.wav,main krikeita kheila koo kaaphii pasanda karataa huuna,M48,M48_S1_H16,M2,8,2.9938125,main krikeita kheila koo kaaphi pasanda karataa huuna,मैन् क्रिकेइत खेइल कू काफि पसन्द करता हून
C:\Users\edwin\OneDrive\Desktop\Capstone\hindi indic\HDSD\hindi_sent\M48\M48_S1_H17_M2.wav,shaayada samajha aa gayaa hoo,M48,M48_S1_H17,M2,5,1.9063125,shaayada samajha aa gayaa hoo,शायद समझ आ गया हू
C:\Users\edwin\OneDrive\Desktop\Capstone\hindi indic\HDSD\hindi_sent\M48\M48_S1_H18_M2.wav,joo shaayada aapanei deikhaa naa hoo,M48,M48_S1_H18,M2,6,2.1563125,joo shaayada aapane deikhaa naa hoo,जू शायद आपने देइखा ना हू
C:\Users\edwin\OneDrive\Desktop\Capstone\hindi indic\HDSD\hindi_sent\M48\M48_S1_H19_M2.wav,main bhuula hii gayaa thaa isa baata koo,M48,M48_S1_H19,M2,8,2.1688125,main bhuula hi gayaa thaa isa baata koo,मैन् भूल हि गया था इस बात कू
C:\Users\edwin\OneDrive\Desktop\Capstone\hindi indic\HDSD\hindi_sent\M48\M48_S1_H20_M2.wav,magara vaha bhii nahiin huaa,M48,M48_S1_H20,M2,5,1.7625625,magara vaha bhi nahiin huaa,मगर वह भि नहीन् हुआ
C:\Users\edwin\OneDrive\Desktop\Capstone\hindi indic\HDSD\hindi_sent\M48\M48_S1_H21_M2.wav,dara kaa artha hootaa hai bhaya,M48,M48_S1_H21,M2,6,1.4813125,dara kaa artha hootaa hai bhaya,दर का अर्थ हूता है भय
C:\Users\edwin\OneDrive\Desktop\Capstone\hindi indic\HDSD\hindi_sent\M48\M48_S1_H22_M2.wav,eika baara phira sei aabhaara,M48,M48_S1_H22,M2,5,2.3125625,eika baara phira se aabhaara,एइक बार फिर से आभार
C:\Users\edwin\OneDrive\Desktop\Capstone\hindi indic\HDSD\hindi_sent\M48\M48_S1_H23_M2.wav,naa jaanei kitanei looga isei padhtei hai,M48,M48_S1_H23,M2,7,2.2750625,naa jaane kitane looga ise padhte hai,ना जाने कितने लूग इसे पध्ते है
C:\Users\edwin\OneDrive\Desktop\Capstone\hindi indic\HDSD\hindi_sent\M48\M48_S1_H24_M2.wav,main abhii main shaanta hii huuna,M48,M48_S1_H24,M2,6,2.3750625,main abhi main shaanta hi huuna,मैन् अभि मैन् शान्त हि हून
C:\Users\edwin\OneDrive\Desktop\Capstone\hindi indic\HDSD\hindi_sent\M48\M48_S1_H25_M2.wav,svaagata kei liyei dhanyavaada,M48,M48_S1_H25,M2,4,1.4938125,svaagata ke liye dhanyavaada,स्वागत के लिये धन्यवाद
C:\Users\edwin\OneDrive\Desktop\Capstone\hindi indic\HDSD\hindi_sent\M48\M48_S1_H26_M2.wav,aapa apanaa yaha achchhaa kaarya kaarya jaarii rakhein,M48,M48_S1_H26,M2,8,3.5688125,aapa apanaa yaha achchhaa kaarya kaarya jaari rakhein,आप अपना यह अच्छा कार्य कार्य जारि रखेइन्
C:\Users\edwin\OneDrive\Desktop\Capstone\hindi indic\HDSD\hindi_sent\M48\M48_S1_H27_M2.wav,main bhaarata mein rahataa huuna,M48,M48_S1_H27,M2,5,1.5875625,main bhaarata mein rahataa huuna,मैन् भारत मेइन् रहता हून
C:\Users\edwin\OneDrive\Desktop\Capstone\hindi indic\HDSD\hindi_sent\M48\M48_S1_H28_M2.wav,kahaa jaataa hai ki unhoonnei kabhii jiivana mein jhuutha kaa sahaaraa nahiin liyaa,M48,M48_S1_H28,M2,13,3.6875625,kahaa jaataa hai ki unhoonne kabhi jiivana mein jhuutha kaa sahaaraa nahiin liyaa,कहा जाता है कि उन्हून्ने कभि जीवन मेइन् झूथ का सहारा नहीन् लिया
C:\Users\edwin\OneDrive\Desktop\Capstone\hindi indic\HDSD\hindi_sent\M48\M48_S1_H29_M2.wav,aapakaa sandeisha paakara achchhaa achchhaa lagaa,M48,M48_S1_H29,M2,6,2.8625625,aapakaa sandeisha paakara achchhaa achchhaa lagaa,आपका सन्देइश पाकर अच्छा अच्छा लगा
C:\Users\edwin\OneDrive\Desktop\Capstone\hindi indic\HDSD\hindi_sent\M48\M48_S1_H30_M2.wav,jaldii sei jaldii kuchha kiijiei,M48,M48_S1_H30,M2,5,1.6783125,jaldi se jaldi kuchha kiijie,जल्दि से जल्दि कुछ कीजिए
C:\Users\edwin\OneDrive\Desktop\Capstone\hindi indic\HDSD\hindi_sent\M49\M49_S1_H01_M2.wav,aapakei hindii pasanda karanei para khushii huii,M49,M49_S1_H01,M2,7,2.1375,aapake hindi pasanda karane para khushi hui,आपके हिन्दि पसन्द करने पर खुशि हुइ
C:\Users\edwin\OneDrive\Desktop\Capstone\hindi indic\HDSD\hindi_sent\M49\M49_S1_H02_M2.wav,isakei badalei mein tuma kuchha aura maanaga loo,M49,M49_S1_H02,M2,8,2.3625625,isake badale mein tuma kuchha aura maanaga loo,इसके बदले मेइन् तुम कुछ और मानग लू
C:\Users\edwin\OneDrive\Desktop\Capstone\hindi indic\HDSD\hindi_sent\M49\M49_S1_H03_M2.wav,chikitsaa kaa artha hai artha hootaa hai ilaaja,M49,M49_S1_H03,M2,8,2.9063125,chikitsaa kaa artha hai artha hootaa hai ilaaja,चिकित्सा का अर्थ है अर्थ हूता है इलाज
C:\Users\edwin\OneDrive\Desktop\Capstone\hindi indic\HDSD\hindi_sent\M49\M49_S1_H04_M2.wav,isei aisei hii jaarii rakhein,M49,M49_S1_H04,M2,5,1.9063125,ise aise hi jaari rakhein,इसे ऐसे हि जारि रखेइन्
C:\Users\edwin\OneDrive\Desktop\Capstone\hindi indic\HDSD\hindi_sent\M49\M49_S1_H05_M2.wav,madada kei liyei bahuta dhanyavaada,M49,M49_S1_H05,M2,5,1.5875625,madada ke liye bahuta dhanyavaada,मदद के लिये बहुत धन्यवाद
C:\Users\edwin\OneDrive\Desktop\Capstone\hindi indic\HDSD\hindi_sent\M49\M49_S1_H06_M2.wav,aba joo main kahataa huuna usakaa paalana karoo,M49,M49_S1_H06,M2,8,2.4688125,aba joo main kahataa huuna usakaa paalana karoo,अब जू मैन् कहता हून उसका पालन करू
C:\Users\edwin\OneDrive\Desktop\Capstone\hindi indic\HDSD\hindi_sent\M49\M49_S1_H07_M2.wav,bhaarata mein aisaa nahiin huaa,M49,M49_S1_H07,M2,5,1.6063125,bhaarata mein aisaa nahiin huaa,भारत मेइन् ऐसा नहीन् हुआ
C:\Users\edwin\OneDrive\Desktop\Capstone\hindi indic\HDSD\hindi_sent\M49\M49_S1_H08_M2.wav,isa sahayooga heitu bhii bahuta dhanyavaada,M49,M49_S1_H08,M2,6,2.4750625,isa sahayooga heitu bhi bahuta dhanyavaada,इस सहयूग हेइतु भि बहुत धन्यवाद
C:\Users\edwin\OneDrive\Desktop\Capstone\hindi indic\HDSD\hindi_sent\M49\M49_S1_H09_M2.wav,para yaha sanbhava naa hoo sakaa,M49,M49_S1_H09,M2,6,1.8688125,para yaha sanbhava naa hoo sakaa,पर यह सन्भव ना हू सका
C:\Users\edwin\OneDrive\Desktop\Capstone\hindi indic\HDSD\hindi_sent\M49\M49_S1_H10_M2.wav,meirii baatoon ki oora dhyaana diijiyei,M49,M49_S1_H10,M2,6,2.1313125,meiri baatoon ki oora dhyaana diijiye,मेइरि बातून् कि ऊर ध्यान दीजिये
C:\Users\edwin\OneDrive\Desktop\Capstone\hindi indic\HDSD\hindi_sent\M49\M49_S1_H11_M2.wav,yahaan sei sangharshha daura shuruu huaa hai,M49,M49_S1_H11,M2,7,4.2000625,yahaan se sangharshha daura shuruu huaa hai,यहान् से सन्घर्ष दौर शुरू हुआ है
C:\Users\edwin\OneDrive\Desktop\Capstone\hindi indic\HDSD\hindi_sent\M49\M49_S1_H12_M2.wav,doonoon mein badaa antara thaa,M49,M49_S1_H12,M2,5,1.6375625,doonoon mein badaa antara thaa,दूनून् मेइन् बदा अन्तर था
C:\Users\edwin\OneDrive\Desktop\Capstone\hindi indic\HDSD\hindi_sent\M49\M49_S1_H13_M2.wav,aapa sabhii sahayooga kei liyei bahuta dhanyavaada,M49,M49_S1_H13,M2,7,2.6188125,aapa sabhi sahayooga ke liye bahuta dhanyavaada,आप सभि सहयूग के लिये बहुत धन्यवाद
C:\Users\edwin\OneDrive\Desktop\Capstone\hindi indic\HDSD\hindi_sent\M49\M49_S1_H14_M2.wav,bahuta sei looga aisaa rahei hai,M49,M49_S1_H14,M2,6,1.6875625,bahuta se looga aisaa rahe hai,बहुत से लूग ऐसा रहे है
C:\Users\edwin\OneDrive\Desktop\Capstone\hindi indic\HDSD\hindi_sent\M49\M49_S1_H15_M2.wav,samaya kei saatha hii nahiin usasei aagei chalaa jaaei,M49,M49_S1_H15,M2,9,3.3438125,samaya ke saatha hi nahiin usase aage chalaa jaae,समय के साथ हि नहीन् उससे आगे चला जाए
C:\Users\edwin\OneDrive\Desktop\Capstone\hindi indic\HDSD\hindi_sent\M49\M49_S1_H16_M2.wav,main krikeita koo pasanda karataa huuna,M49,M49_S1_H16,M2,6,2.2563125,main krikeita koo pasanda karataa huuna,मैन् क्रिकेइत कू पसन्द करता हून
C:\Users\edwin\OneDrive\Desktop\Capstone\hindi indic\HDSD\hindi_sent\M49\M49_S1_H17_M2.wav,shaayada samajha aa gayaa hoo,M49,M49_S1_H17,M2,5,1.5875625,shaayada samajha aa gayaa hoo,शायद समझ आ गया हू
C:\Users\edwin\OneDrive\Desktop\Capstone\hindi indic\HDSD\hindi_sent\M49\M49_S1_H18_M2.wav,joo shaayada aapanei naa deikhaa hoo,M49,M49_S1_H18,M2,6,2.2250625,joo shaayada aapane naa deikhaa hoo,जू शायद आपने ना देइखा हू
C:\Users\edwin\OneDrive\Desktop\Capstone\hindi indic\HDSD\hindi_sent\M49\M49_S1_H19_M2.wav,main bhuula hii gayaa thaa isa baata koo,M49,M49_S1_H19,M2,8,2.9313125,main bhuula hi gayaa thaa isa baata koo,मैन् भूल हि गया था इस बात कू
C:\Users\edwin\OneDrive\Desktop\Capstone\hindi indic\HDSD\hindi_sent\M49\M49_S1_H20_M2.wav,magara vaha bhii nahiin huaa,M49,M49_S1_H20,M2,5,1.6000625,magara vaha bhi nahiin huaa,मगर वह भि नहीन् हुआ
C:\Users\edwin\OneDrive\Desktop\Capstone\hindi indic\HDSD\hindi_sent\M49\M49_S1_H21_M2.wav,dara kaa artha hai bhaya,M49,M49_S1_H21,M2,5,1.4000625,dara kaa artha hai bhaya,दर का अर्थ है भय
C:\Users\edwin\OneDrive\Desktop\Capstone\hindi indic\HDSD\hindi_sent\M49\M49_S1_H22_M2.wav,isa baara phira phira sei aabhaara,M49,M49_S1_H22,M2,6,2.6188125,isa baara phira phira se aabhaara,इस बार फिर फिर से आभार
C:\Users\edwin\OneDrive\Desktop\Capstone\hindi indic\HDSD\hindi_sent\M49\M49_S1_H23_M2.wav,naa jaanei kitanei looga isei padhtei hai,M49,M49_S1_H23,M2,7,2.0500625,naa jaane kitane looga ise padhte hai,ना जाने कितने लूग इसे पध्ते है
C:\Users\edwin\OneDrive\Desktop\Capstone\hindi indic\HDSD\hindi_sent\M49\M49_S1_H24_M2.wav,abhii main shaanta hii huuna,M49,M49_S1_H24,M2,5,1.7063125,abhi main shaanta hi huuna,अभि मैन् शान्त हि हून
C:\Users\edwin\OneDrive\Desktop\Capstone\hindi indic\HDSD\hindi_sent\M49\M49_S1_H25_M2.wav,svaagata kei liyei dhanyavaada,M49,M49_S1_H25,M2,4,1.4063125,svaagata ke liye dhanyavaada,स्वागत के लिये धन्यवाद
C:\Users\edwin\OneDrive\Desktop\Capstone\hindi indic\HDSD\hindi_sent\M49\M49_S1_H26_M2.wav,aapa apanaa yaha achchhaa kaarya jaarii rakhein,M49,M49_S1_H26,M2,7,2.4750625,aapa apanaa yaha achchhaa kaarya jaari rakhein,आप अपना यह अच्छा कार्य जारि रखेइन्
C:\Users\edwin\OneDrive\Desktop\Capstone\hindi indic\HDSD\hindi_sent\M49\M49_S1_H27_M2.wav,main bhaarata mein rahataa huuna,M49,M49_S1_H27,M2,5,1.4938125,main bhaarata mein rahataa huuna,मैन् भारत मेइन् रहता हून
C:\Users\edwin\OneDrive\Desktop\Capstone\hindi indic\HDSD\hindi_sent\M49\M49_S1_H28_M2.wav,kahaa jaataa hai ki unhoonnei kabhii jiivana mein jhuutha kaa sahaaraa nahiin liyaa,M49,M49_S1_H28,M2,13,4.0813125,kahaa jaataa hai ki unhoonne kabhi jiivana mein jhuutha kaa sahaaraa nahiin liyaa,कहा जाता है कि उन्हून्ने कभि जीवन मेइन् झूथ का सहारा नहीन् लिया
C:\Users\edwin\OneDrive\Desktop\Capstone\hindi indic\HDSD\hindi_sent\M49\M49_S1_H29_M2.wav,aapakaa sandeisha paakara achchhaa lagaa,M49,M49_S1_H29,M2,5,2.8188125,aapakaa sandeisha paakara achchhaa lagaa,आपका सन्देइश पाकर अच्छा लगा
C:\Users\edwin\OneDrive\Desktop\Capstone\hindi indic\HDSD\hindi_sent\M49\M49_S1_H30_M2.wav,jaldii sei jaldii kuchha kiijiei,M49,M49_S1_H30,M2,5,1.6978125,jaldi se jaldi kuchha kiijie,जल्दि से जल्दि कुछ कीजिए
C:\Users\edwin\OneDrive\Desktop\Capstone\hindi indic\HDSD\hindi_sent\M50\M50_S1_H01_M2.wav,aapakei hindii pasanda karanei para khushii huii,M50,M50_S1_H01,M2,7,3.325,aapake hindi pasanda karane para khushi hui,आपके हिन्दि पसन्द करने पर खुशि हुइ
C:\Users\edwin\OneDrive\Desktop\Capstone\hindi indic\HDSD\hindi_sent\M50\M50_S1_H02_M2.wav,isakei badalei mein tuma kuchha aura maanaga loo,M50,M50_S1_H02,M2,8,6.1000625,isake badale mein tuma kuchha aura maanaga loo,इसके बदले मेइन् तुम कुछ और मानग लू
C:\Users\edwin\OneDrive\Desktop\Capstone\hindi indic\HDSD\hindi_sent\M50\M50_S1_H03_M2.wav,chikitsaa kaa artha hootaa hai ilaaja,M50,M50_S1_H03,M2,6,2.4250625,chikitsaa kaa artha hootaa hai ilaaja,चिकित्सा का अर्थ हूता है इलाज
C:\Users\edwin\OneDrive\Desktop\Capstone\hindi indic\HDSD\hindi_sent\M50\M50_S1_H04_M2.wav,isei aisei hii jaarii rakhein,M50,M50_S1_H04,M2,5,2.9438125,ise aise hi jaari rakhein,इसे ऐसे हि जारि रखेइन्
C:\Users\edwin\OneDrive\Desktop\Capstone\hindi indic\HDSD\hindi_sent\M50\M50_S1_H05_M2.wav,madada kei liyei bahuta dhanyavaada,M50,M50_S1_H05,M2,5,3.1438125,madada ke liye bahuta dhanyavaada,मदद के लिये बहुत धन्यवाद
C:\Users\edwin\OneDrive\Desktop\Capstone\hindi indic\HDSD\hindi_sent\M50\M50_S1_H06_M2.wav,aba joo main kahataa huuna paalana karoo,M50,M50_S1_H06,M2,7,6.0375625,aba joo main kahataa huuna paalana karoo,अब जू मैन् कहता हून पालन करू
C:\Users\edwin\OneDrive\Desktop\Capstone\hindi indic\HDSD\hindi_sent\M50\M50_S1_H07_M2.wav,bhaarata mein aisaa nahiin huaa hai,M50,M50_S1_H07,M2,6,4.5500625,bhaarata mein aisaa nahiin huaa hai,भारत मेइन् ऐसा नहीन् हुआ है
C:\Users\edwin\OneDrive\Desktop\Capstone\hindi indic\HDSD\hindi_sent\M50\M50_S1_H08_M2.wav,isa sahayooga heitu bhii bahuta dhanyavaada,M50,M50_S1_H08,M2,6,3.8750625,isa sahayooga heitu bhi bahuta dhanyavaada,इस सहयूग हेइतु भि बहुत धन्यवाद
C:\Users\edwin\OneDrive\Desktop\Capstone\hindi indic\HDSD\hindi_sent\M50\M50_S1_H09_M2.wav,para yaha sanbhava naa hoo sakaa,M50,M50_S1_H09,M2,6,3.2000625,para yaha sanbhava naa hoo sakaa,पर यह सन्भव ना हू सका
C:\Users\edwin\OneDrive\Desktop\Capstone\hindi indic\HDSD\hindi_sent\M50\M50_S1_H10_M2.wav,meirii baatoon ki oora dhyaana diijiyei,M50,M50_S1_H10,M2,6,4.1375625,meiri baatoon ki oora dhyaana diijiye,मेइरि बातून् कि ऊर ध्यान दीजिये
C:\Users\edwin\OneDrive\Desktop\Capstone\hindi indic\HDSD\hindi_sent\M50\M50_S1_H11_M2.wav,yahaan sei sangharshha kaa daura shuruu huaa,M50,M50_S1_H11,M2,7,3.6563125,yahaan se sangharshha kaa daura shuruu huaa,यहान् से सन्घर्ष का दौर शुरू हुआ
C:\Users\edwin\OneDrive\Desktop\Capstone\hindi indic\HDSD\hindi_sent\M50\M50_S1_H12_M2.wav,doonoon mein badaa antara thaa,M50,M50_S1_H12,M2,5,3.1500625,doonoon mein badaa antara thaa,दूनून् मेइन् बदा अन्तर था
C:\Users\edwin\OneDrive\Desktop\Capstone\hindi indic\HDSD\hindi_sent\M50\M50_S1_H13_M2.wav,aapa sabhii kei sahayooga kei liyei bahuta dhanyavaada,M50,M50_S1_H13,M2,8,3.7500625,aapa sabhi ke sahayooga ke liye bahuta dhanyavaada,आप सभि के सहयूग के लिये बहुत धन्यवाद
C:\Users\edwin\OneDrive\Desktop\Capstone\hindi indic\HDSD\hindi_sent\M50\M50_S1_H14_M2.wav,bahuta sei sei bahuta sei looga aisaa kara rahei hai,M50,M50_S1_H14,M2,10,4.8750625,bahuta se se bahuta se looga aisaa kara rahe hai,बहुत से से बहुत से लूग ऐसा कर रहे है
C:\Users\edwin\OneDrive\Desktop\Capstone\hindi indic\HDSD\hindi_sent\M50\M50_S1_H15_M2.wav,samaya kei saatha hii nahiin usasei aagei chalaa jaaei,M50,M50_S1_H15,M2,9,7.6438125,samaya ke saatha hi nahiin usase aage chalaa jaae,समय के साथ हि नहीन् उससे आगे चला जाए
C:\Users\edwin\OneDrive\Desktop\Capstone\hindi indic\HDSD\hindi_sent\M50\M50_S1_H16_M2.wav,main krikeita kheila kaa kaaphii pasanda karataa huuna,M50,M50_S1_H16,M2,8,5.6125625,main krikeita kheila kaa kaaphi pasanda karataa huuna,मैन् क्रिकेइत खेइल का काफि पसन्द करता हून
C:\Users\edwin\OneDrive\Desktop\Capstone\hindi indic\HDSD\hindi_sent\M50\M50_S1_H17_M2.wav,shaayada samajha aa gayaa hoo,M50,M50_S1_H17,M2,5,2.0625625,shaayada samajha aa gayaa hoo,शायद समझ आ गया हू
C:\Users\edwin\OneDrive\Desktop\Capstone\hindi indic\HDSD\hindi_sent\M50\M50_S1_H18_M2.wav,joo shaayada aapanei deikhaa hoo,M50,M50_S1_H18,M2,5,4.8313125,joo shaayada aapane deikhaa hoo,जू शायद आपने देइखा हू
C:\Users\edwin\OneDrive\Desktop\Capstone\hindi indic\HDSD\hindi_sent\M50\M50_S1_H19_M2.wav,main bhuula hii gayaa thaa isa baata koo,M50,M50_S1_H19,M2,8,4.3938125,main bhuula hi gayaa thaa isa baata koo,मैन् भूल हि गया था इस बात कू
C:\Users\edwin\OneDrive\Desktop\Capstone\hindi indic\HDSD\hindi_sent\M50\M50_S1_H20_M2.wav,magara vaha bhii nahiin huaa,M50,M50_S1_H20,M2,5,4.4750625,magara vaha bhi nahiin huaa,मगर वह भि नहीन् हुआ
C:\Users\edwin\OneDrive\Desktop\Capstone\hindi indic\HDSD\hindi_sent\M50\M50_S1_H21_M2.wav,dara kaa artha hootaa hai bhaya bhaya,M50,M50_S1_H21,M2,7,3.4375625,dara kaa artha hootaa hai bhaya bhaya,दर का अर्थ हूता है भय भय
C:\Users\edwin\OneDrive\Desktop\Capstone\hindi indic\HDSD\hindi_sent\M50\M50_S1_H22_M2.wav,eika baara phira sei aabhaara,M50,M50_S1_H22,M2,5,3.8563125,eika baara phira se aabhaara,एइक बार फिर से आभार
C:\Users\edwin\OneDrive\Desktop\Capstone\hindi indic\HDSD\hindi_sent\M50\M50_S1_H23_M2.wav,naa jaanei kitanei looga isei padhtei hai,M50,M50_S1_H23,M2,7,3.5250625,naa jaane kitane looga ise padhte hai,ना जाने कितने लूग इसे पध्ते है
C:\Users\edwin\OneDrive\Desktop\Capstone\hindi indic\HDSD\hindi_sent\M50\M50_S1_H24_M2.wav,abhii shaanta hii huuna,M50,M50_S1_H24,M2,4,5.2375625,abhi shaanta hi huuna,अभि शान्त हि हून
C:\Users\edwin\OneDrive\Desktop\Capstone\hindi indic\HDSD\hindi_sent\M50\M50_S1_H25_M2.wav,kei liyei dhanyavaada,M50,M50_S1_H25,M2,3,3.6563125,ke liye dhanyavaada,के लिये धन्यवाद
C:\Users\edwin\OneDrive\Desktop\Capstone\hindi indic\HDSD\hindi_sent\M50\M50_S1_H26_M2.wav,aapa apanaa achchhaa kaarya jaarii rakhein,M50,M50_S1_H26,M2,6,5.5563125,aapa apanaa achchhaa kaarya jaari rakhein,आप अपना अच्छा कार्य जारि रखेइन्
C:\Users\edwin\OneDrive\Desktop\Capstone\hindi indic\HDSD\hindi_sent\M50\M50_S1_H27_M2.wav,main bhaarata mein rahataa huuna,M50,M50_S1_H27,M2,5,1.8500625,main bhaarata mein rahataa huuna,मैन् भारत मेइन् रहता हून
C:\Users\edwin\OneDrive\Desktop\Capstone\hindi indic\HDSD\hindi_sent\M50\M50_S1_H28_M2.wav,aisaa hootaa hai ki unhoonnei abhii jiivana mein jhuutha kaa sahaaraa nahiin liyaa,M50,M50_S1_H28,M2,13,8.6563125,aisaa hootaa hai ki unhoonne abhi jiivana mein jhuutha kaa sahaaraa nahiin liyaa,ऐसा हूता है कि उन्हून्ने अभि जीवन मेइन् झूथ का सहारा नहीन् लिया
C:\Users\edwin\OneDrive\Desktop\Capstone\hindi indic\HDSD\hindi_sent\M50\M50_S1_H29_M2.wav,sandeisha achchhaa lagaa,M50,M50_S1_H29,M2,3,11.6688125,sandeisha achchhaa lagaa,सन्देइश अच्छा लगा
C:\Users\edwin\OneDrive\Desktop\Capstone\hindi indic\HDSD\hindi_sent\M50\M50_S1_H30_M2.wav,jaldii jaldii kuchha diijiyei,M50,M50_S1_H30,M2,4,6.150375,jaldi jaldi kuchha diijiye,जल्दि जल्दि कुछ दीजिये
C:\Users\edwin\OneDrive\Desktop\Capstone\hindi indic\HDSD\hindi_sent\M52\M52_S1_H01_M2.wav,aapakei hindii pasanda karanei para khushii huii,M52,M52_S1_H01,M2,7,2.34375,aapake hindi pasanda karane para khushi hui,आपके हिन्दि पसन्द करने पर खुशि हुइ
C:\Users\edwin\OneDrive\Desktop\Capstone\hindi indic\HDSD\hindi_sent\M52\M52_S1_H02_M2.wav,isakei badalei mein tuma kuchha aura maanaga loo,M52,M52_S1_H02,M2,8,2.4313125,isake badale mein tuma kuchha aura maanaga loo,इसके बदले मेइन् तुम कुछ और मानग लू
C:\Users\edwin\OneDrive\Desktop\Capstone\hindi indic\HDSD\hindi_sent\M52\M52_S1_H03_M2.wav,chikitsaa kaa artha hootaa hai ilaaja,M52,M52_S1_H03,M2,6,2.1313125,chikitsaa kaa artha hootaa hai ilaaja,चिकित्सा का अर्थ हूता है इलाज
C:\Users\edwin\OneDrive\Desktop\Capstone\hindi indic\HDSD\hindi_sent\M52\M52_S1_H04_M2.wav,isei aisei hii jaarii rakhein,M52,M52_S1_H04,M2,5,1.9375625,ise aise hi jaari rakhein,इसे ऐसे हि जारि रखेइन्
C:\Users\edwin\OneDrive\Desktop\Capstone\hindi indic\HDSD\hindi_sent\M52\M52_S1_H05_M2.wav,madada kei liyei bahuta dhanyavaada,M52,M52_S1_H05,M2,5,1.6500625,madada ke liye bahuta dhanyavaada,मदद के लिये बहुत धन्यवाद
C:\Users\edwin\OneDrive\Desktop\Capstone\hindi indic\HDSD\hindi_sent\M52\M52_S1_H06_M2.wav,aba joo main kahataa huuna usakaa paalana karoo,M52,M52_S1_H06,M2,8,2.2188125,aba joo main kahataa huuna usakaa paalana karoo,अब जू मैन् कहता हून उसका पालन करू
C:\Users\edwin\OneDrive\Desktop\Capstone\hindi indic\HDSD\hindi_sent\M52\M52_S1_H07_M2.wav,bhaarata mein aisaa nahiin huaa hai,M52,M52_S1_H07,M2,6,1.8313125,bhaarata mein aisaa nahiin huaa hai,भारत मेइन् ऐसा नहीन् हुआ है
C:\Users\edwin\OneDrive\Desktop\Capstone\hindi indic\HDSD\hindi_sent\M52\M52_S1_H08_M2.wav,isa sahayooga heitu bhii bahuta dhanyavaada,M52,M52_S1_H08,M2,6,2.0750625,isa sahayooga heitu bhi bahuta dhanyavaada,इस सहयूग हेइतु भि बहुत धन्यवाद
C:\Users\edwin\OneDrive\Desktop\Capstone\hindi indic\HDSD\hindi_sent\M52\M52_S1_H09_M2.wav,para yaha sanbhava naa hoo sakaa,M52,M52_S1_H09,M2,6,1.6750625,para yaha sanbhava naa hoo sakaa,पर यह सन्भव ना हू सका
C:\Users\edwin\OneDrive\Desktop\Capstone\hindi indic\HDSD\hindi_sent\M52\M52_S1_H10_M2.wav,meirii baatoon ki oora dhyaana diijiyei,M52,M52_S1_H10,M2,6,2.2625625,meiri baatoon ki oora dhyaana diijiye,मेइरि बातून् कि ऊर ध्यान दीजिये
C:\Users\edwin\OneDrive\Desktop\Capstone\hindi indic\HDSD\hindi_sent\M52\M52_S1_H11_M2.wav,yahaan sangharshha kaa daura shuruu huaa,M52,M52_S1_H11,M2,6,2.0688125,yahaan sangharshha kaa daura shuruu huaa,यहान् सन्घर्ष का दौर शुरू हुआ
C:\Users\edwin\OneDrive\Desktop\Capstone\hindi indic\HDSD\hindi_sent\M52\M52_S1_H12_M2.wav,doonoon mein badaa antara thaa,M52,M52_S1_H12,M2,5,1.6375625,doonoon mein badaa antara thaa,दूनून् मेइन् बदा अन्तर था
C:\Users\edwin\OneDrive\Desktop\Capstone\hindi indic\HDSD\hindi_sent\M52\M52_S1_H13_M2.wav,aapa sabhii kei sahayooga kei liyei bahuta dhanyavaada,M52,M52_S1_H13,M2,8,2.4313125,aapa sabhi ke sahayooga ke liye bahuta dhanyavaada,आप सभि के सहयूग के लिये बहुत धन्यवाद
C:\Users\edwin\OneDrive\Desktop\Capstone\hindi indic\HDSD\hindi_sent\M52\M52_S1_H14_M2.wav,bahuta sei looga aisaa kara rahei hai,M52,M52_S1_H14,M2,7,1.9250625,bahuta se looga aisaa kara rahe hai,बहुत से लूग ऐसा कर रहे है
C:\Users\edwin\OneDrive\Desktop\Capstone\hindi indic\HDSD\hindi_sent\M52\M52_S1_H15_M2.wav,samaya kei saatha hii nahiin usasei aagei chalaa jaaei,M52,M52_S1_H15,M2,9,3.3125625,samaya ke saatha hi nahiin usase aage chalaa jaae,समय के साथ हि नहीन् उससे आगे चला जाए
C:\Users\edwin\OneDrive\Desktop\Capstone\hindi indic\HDSD\hindi_sent\M52\M52_S1_H16_M2.wav,main krikeita kheila koo kaaphii pasanda karataa huuna,M52,M52_S1_H16,M2,8,2.5750625,main krikeita kheila koo kaaphi pasanda karataa huuna,मैन् क्रिकेइत खेइल कू काफि पसन्द करता हून
C:\Users\edwin\OneDrive\Desktop\Capstone\hindi indic\HDSD\hindi_sent\M52\M52_S1_H17_M2.wav,shaayada samajha aa gayaa hoo,M52,M52_S1_H17,M2,5,1.7375625,shaayada samajha aa gayaa hoo,शायद समझ आ गया हू
C:\Users\edwin\OneDrive\Desktop\Capstone\hindi indic\HDSD\hindi_sent\M52\M52_S1_H18_M2.wav,joo shaayada aapanei deikhaa naa hoo,M52,M52_S1_H18,M2,6,2.1000625,joo shaayada aapane deikhaa naa hoo,जू शायद आपने देइखा ना हू
C:\Users\edwin\OneDrive\Desktop\Capstone\hindi indic\HDSD\hindi_sent\M52\M52_S1_H19_M2.wav,main bhuula hii gayaa thaa isa baata koo,M52,M52_S1_H19,M2,8,1.8438125,main bhuula hi gayaa thaa isa baata koo,मैन् भूल हि गया था इस बात कू
C:\Users\edwin\OneDrive\Desktop\Capstone\hindi indic\HDSD\hindi_sent\M52\M52_S1_H20_M2.wav,magara vaha bhii nahiin huaa,M52,M52_S1_H20,M2,5,1.7188125,magara vaha bhi nahiin huaa,मगर वह भि नहीन् हुआ
C:\Users\edwin\OneDrive\Desktop\Capstone\hindi indic\HDSD\hindi_sent\M52\M52_S1_H21_M2.wav,dara kaa artha hootaa bhaya,M52,M52_S1_H21,M2,5,1.6688125,dara kaa artha hootaa bhaya,दर का अर्थ हूता भय
C:\Users\edwin\OneDrive\Desktop\Capstone\hindi indic\HDSD\hindi_sent\M52\M52_S1_H22_M2.wav,eika baara phira sei aabhaara,M52,M52_S1_H22,M2,5,1.5250625,eika baara phira se aabhaara,एइक बार फिर से आभार
C:\Users\edwin\OneDrive\Desktop\Capstone\hindi indic\HDSD\hindi_sent\M52\M52_S1_H23_M2.wav,naa jaanei kitanei looga isei padhtei hai,M52,M52_S1_H23,M2,7,2.2875625,naa jaane kitane looga ise padhte hai,ना जाने कितने लूग इसे पध्ते है
C:\Users\edwin\OneDrive\Desktop\Capstone\hindi indic\HDSD\hindi_sent\M52\M52_S1_H24_M2.wav,abhii main shaanta hii huuna,M52,M52_S1_H24,M2,5,1.5563125,abhi main shaanta hi huuna,अभि मैन् शान्त हि हून
C:\Users\edwin\OneDrive\Desktop\Capstone\hindi indic\HDSD\hindi_sent\M52\M52_S1_H25_M2.wav,svaagata kei liyei dhanyavaada,M52,M52_S1_H25,M2,4,1.6063125,svaagata ke liye dhanyavaada,स्वागत के लिये धन्यवाद
C:\Users\edwin\OneDrive\Desktop\Capstone\hindi indic\HDSD\hindi_sent\M52\M52_S1_H26_M2.wav,aapa apanaa yaha achchhaa kaarya jaarii rakhein,M52,M52_S1_H26,M2,7,2.6688125,aapa apanaa yaha achchhaa kaarya jaari rakhein,आप अपना यह अच्छा कार्य जारि रखेइन्
C:\Users\edwin\OneDrive\Desktop\Capstone\hindi indic\HDSD\hindi_sent\M52\M52_S1_H27_M2.wav,main bhaarata mein rahataa huuna,M52,M52_S1_H27,M2,5,1.6750625,main bhaarata mein rahataa huuna,मैन् भारत मेइन् रहता हून
C:\Users\edwin\OneDrive\Desktop\Capstone\hindi indic\HDSD\hindi_sent\M52\M52_S1_H28_M2.wav,kahaa jaataa hai ki unhoonnei kabhii jiivana mein jhuutha kaa sahaaraa nahiin liyaa,M52,M52_S1_H28,M2,13,3.3313125,kahaa jaataa hai ki unhoonne kabhi jiivana mein jhuutha kaa sahaaraa nahiin liyaa,कहा जाता है कि उन्हून्ने कभि जीवन मेइन् झूथ का सहारा नहीन् लिया
C:\Users\edwin\OneDrive\Desktop\Capstone\hindi indic\HDSD\hindi_sent\M52\M52_S1_H29_M2.wav,aapakaa sandeisha paakara achchhaa lagaa,M52,M52_S1_H29,M2,5,2.2000625,aapakaa sandeisha paakara achchhaa lagaa,आपका सन्देइश पाकर अच्छा लगा
C:\Users\edwin\OneDrive\Desktop\Capstone\hindi indic\HDSD\hindi_sent\M52\M52_S1_H30_M2.wav,jaldii sei jaldii kuchha kiijiei,M52,M52_S1_H30,M2,5,1.82275,jaldi se jaldi kuchha kiijie,जल्दि से जल्दि कुछ कीजिए
C:\Users\edwin\OneDrive\Desktop\Capstone\hindi indic\HDSD\hindi_sent\M53\M53_S1_H01_M2.wav,aapakei hindii pasanda karanei para khushii huii,M53,M53_S1_H01,M2,7,3.4625,aapake hindi pasanda karane para khushi hui,आपके हिन्दि पसन्द करने पर खुशि हुइ
C:\Users\edwin\OneDrive\Desktop\Capstone\hindi indic\HDSD\hindi_sent\M53\M53_S1_H02_M2.wav,isakei badalei mein tuma kuchha aura maanaga loo,M53,M53_S1_H02,M2,8,3.2188125,isake badale mein tuma kuchha aura maanaga loo,इसके बदले मेइन् तुम कुछ और मानग लू
C:\Users\edwin\OneDrive\Desktop\Capstone\hindi indic\HDSD\hindi_sent\M53\M53_S1_H03_M2.wav,chikitsaa kaa artha hootaa hai ilaaja,M53,M53_S1_H03,M2,6,2.8125625,chikitsaa kaa artha hootaa hai ilaaja,चिकित्सा का अर्थ हूता है इलाज
C:\Users\edwin\OneDrive\Desktop\Capstone\hindi indic\HDSD\hindi_sent\M53\M53_S1_H04_M2.wav,isei aisei hii jaarii rakhein,M53,M53_S1_H04,M2,5,2.3063125,ise aise hi jaari rakhein,इसे ऐसे हि जारि रखेइन्
C:\Users\edwin\OneDrive\Desktop\Capstone\hindi indic\HDSD\hindi_sent\M53\M53_S1_H05_M2.wav,madada kei liyei bahuta dhanyavaada,M53,M53_S1_H05,M2,5,2.3688125,madada ke liye bahuta dhanyavaada,मदद के लिये बहुत धन्यवाद
C:\Users\edwin\OneDrive\Desktop\Capstone\hindi indic\HDSD\hindi_sent\M53\M53_S1_H06_M2.wav,aba joo main kahataa huuna usakaa paalana karoo,M53,M53_S1_H06,M2,8,2.5563125,aba joo main kahataa huuna usakaa paalana karoo,अब जू मैन् कहता हून उसका पालन करू
C:\Users\edwin\OneDrive\Desktop\Capstone\hindi indic\HDSD\hindi_sent\M53\M53_S1_H07_M2.wav,bhaarata mein aisaa nahiin huaa hai,M53,M53_S1_H07,M2,6,2.7750625,bhaarata mein aisaa nahiin huaa hai,भारत मेइन् ऐसा नहीन् हुआ है
C:\Users\edwin\OneDrive\Desktop\Capstone\hindi indic\HDSD\hindi_sent\M53\M53_S1_H08_M2.wav,isa sahayooga heitu bhii bahuta dhanyavaada,M53,M53_S1_H08,M2,6,2.6750625,isa sahayooga heitu bhi bahuta dhanyavaada,इस सहयूग हेइतु भि बहुत धन्यवाद
C:\Users\edwin\OneDrive\Desktop\Capstone\hindi indic\HDSD\hindi_sent\M53\M53_S1_H09_M2.wav,para yaha sanbhava naa hoo sakaa,M53,M53_S1_H09,M2,6,2.4438125,para yaha sanbhava naa hoo sakaa,पर यह सन्भव ना हू सका
C:\Users\edwin\OneDrive\Desktop\Capstone\hindi indic\HDSD\hindi_sent\M53\M53_S1_H10_M2.wav,meirii baatoon oora baatoon ki oora dhyaana diijiyei,M53,M53_S1_H10,M2,8,3.7938125,meiri baatoon oora baatoon ki oora dhyaana diijiye,मेइरि बातून् ऊर बातून् कि ऊर ध्यान दीजिये
C:\Users\edwin\OneDrive\Desktop\Capstone\hindi indic\HDSD\hindi_sent\M53\M53_S1_H11_M2.wav,yahaan sangharshha kaa daura shuruu huaa,M53,M53_S1_H11,M2,6,2.4875625,yahaan sangharshha kaa daura shuruu huaa,यहान् सन्घर्ष का दौर शुरू हुआ
C:\Users\edwin\OneDrive\Desktop\Capstone\hindi indic\HDSD\hindi_sent\M53\M53_S1_H12_M2.wav,doonoon mein badaa antara thaa,M53,M53_S1_H12,M2,5,2.2063125,doonoon mein badaa antara thaa,दूनून् मेइन् बदा अन्तर था
C:\Users\edwin\OneDrive\Desktop\Capstone\hindi indic\HDSD\hindi_sent\M53\M53_S1_H13_M2.wav,aapa sabhii kei sahayooga kei liyei bahuta dhanyavaada,M53,M53_S1_H13,M2,8,2.6500625,aapa sabhi ke sahayooga ke liye bahuta dhanyavaada,आप सभि के सहयूग के लिये बहुत धन्यवाद
C:\Users\edwin\OneDrive\Desktop\Capstone\hindi indic\HDSD\hindi_sent\M53\M53_S1_H14_M2.wav,bahuta sei looga aisaa kara rahei hai,M53,M53_S1_H14,M2,7,2.2563125,bahuta se looga aisaa kara rahe hai,बहुत से लूग ऐसा कर रहे है
C:\Users\edwin\OneDrive\Desktop\Capstone\hindi indic\HDSD\hindi_sent\M53\M53_S1_H15_M2.wav,samaya kei saatha hii nahiin usasei aagei chalaa jaaei,M53,M53_S1_H15,M2,9,3.7563125,samaya ke saatha hi nahiin usase aage chalaa jaae,समय के साथ हि नहीन् उससे आगे चला जाए
C:\Users\edwin\OneDrive\Desktop\Capstone\hindi indic\HDSD\hindi_sent\M53\M53_S1_H16_M2.wav,main krikeita kheila koo kaaphii pasanda karataa huuna,M53,M53_S1_H16,M2,8,2.7625625,main krikeita kheila koo kaaphi pasanda karataa huuna,मैन् क्रिकेइत खेइल कू काफि पसन्द करता हून
C:\Users\edwin\OneDrive\Desktop\Capstone\hindi indic\HDSD\hindi_sent\M53\M53_S1_H17_M2.wav,shaayada samajha aa gayaa hoo,M53,M53_S1_H17,M2,5,1.9375625,shaayada samajha aa gayaa hoo,शायद समझ आ गया हू
C:\Users\edwin\OneDrive\Desktop\Capstone\hindi indic\HDSD\hindi_sent\M53\M53_S1_H18_M2.wav,joo shaayada aapanei deikhaa naa hoo,M53,M53_S1_H18,M2,6,2.1563125,joo shaayada aapane deikhaa naa hoo,जू शायद आपने देइखा ना हू
C:\Users\edwin\OneDrive\Desktop\Capstone\hindi indic\HDSD\hindi_sent\M53\M53_S1_H19_M2.wav,main bhuula hii gayaa thaa isa baata,M53,M53_S1_H19,M2,7,2.7438125,main bhuula hi gayaa thaa isa baata,मैन् भूल हि गया था इस बात
C:\Users\edwin\OneDrive\Desktop\Capstone\hindi indic\HDSD\hindi_sent\M53\M53_S1_H20_M2.wav,magara vaha bhii nahiin huaa,M53,M53_S1_H20,M2,5,2.0625625,magara vaha bhi nahiin huaa,मगर वह भि नहीन् हुआ
C:\Users\edwin\OneDrive\Desktop\Capstone\hindi indic\HDSD\hindi_sent\M53\M53_S1_H21_M2.wav,dara kaa artha hootaa hai bhaya,M53,M53_S1_H21,M2,6,2.0375625,dara kaa artha hootaa hai bhaya,दर का अर्थ हूता है भय
C:\Users\edwin\OneDrive\Desktop\Capstone\hindi indic\HDSD\hindi_sent\M53\M53_S1_H22_M2.wav,eika baara phira sei aabhaara,M53,M53_S1_H22,M2,5,2.2938125,eika baara phira se aabhaara,एइक बार फिर से आभार
C:\Users\edwin\OneDrive\Desktop\Capstone\hindi indic\HDSD\hindi_sent\M53\M53_S1_H23_M2.wav,naa jaanei kitanei looga isei padhtei hai,M53,M53_S1_H23,M2,7,2.5375625,naa jaane kitane looga ise padhte hai,ना जाने कितने लूग इसे पध्ते है
C:\Users\edwin\OneDrive\Desktop\Capstone\hindi indic\HDSD\hindi_sent\M53\M53_S1_H24_M2.wav,main abhii main shaanta hii huuna,M53,M53_S1_H24,M2,6,2.5063125,main abhi main shaanta hi huuna,मैन् अभि मैन् शान्त हि हून
C:\Users\edwin\OneDrive\Desktop\Capstone\hindi indic\HDSD\hindi_sent\M53\M53_S1_H25_M2.wav,svaagata kei liyei dhanyavaada,M53,M53_S1_H25,M2,4,2.2500625,svaagata ke liye dhanyavaada,स्वागत के लिये धन्यवाद
C:\Users\edwin\OneDrive\Desktop\Capstone\hindi indic\HDSD\hindi_sent\M53\M53_S1_H26_M2.wav,aapa apanaa yaha achchhaa kaarya jaarii rakhein,M53,M53_S1_H26,M2,7,2.5188125,aapa apanaa yaha achchhaa kaarya jaari rakhein,आप अपना यह अच्छा कार्य जारि रखेइन्
C:\Users\edwin\OneDrive\Desktop\Capstone\hindi indic\HDSD\hindi_sent\M53\M53_S1_H27_M2.wav,main bhaarata mein rahataa huuna,M53,M53_S1_H27,M2,5,1.9563125,main bhaarata mein rahataa huuna,मैन् भारत मेइन् रहता हून
C:\Users\edwin\OneDrive\Desktop\Capstone\hindi indic\HDSD\hindi_sent\M53\M53_S1_H28_M2.wav,kahaa jaataa hai ki unhoonnei kabhii jiivana mein jhuutha kaa sahaaraa nahiin liyaa,M53,M53_S1_H28,M2,13,4.2438125,kahaa jaataa hai ki unhoonne kabhi jiivana mein jhuutha kaa sahaaraa nahiin liyaa,कहा जाता है कि उन्हून्ने कभि जीवन मेइन् झूथ का सहारा नहीन् लिया
C:\Users\edwin\OneDrive\Desktop\Capstone\hindi indic\HDSD\hindi_sent\M53\M53_S1_H29_M2.wav,aapakaa sandeisha paakara achchhaa lagaa,M53,M53_S1_H29,M2,5,2.2813125,aapakaa sandeisha paakara achchhaa lagaa,आपका सन्देइश पाकर अच्छा लगा
C:\Users\edwin\OneDrive\Desktop\Capstone\hindi indic\HDSD\hindi_sent\M53\M53_S1_H30_M2.wav,jaldii jaldii kuchha kiijiei,M53,M53_S1_H30,M2,4,2.0015,jaldi jaldi kuchha kiijie,जल्दि जल्दि कुछ कीजिए
C:\Users\edwin\OneDrive\Desktop\Capstone\hindi indic\HDSD\hindi_sent\M55\M55_S1_H01_M2.wav,aapakei hindii pasanda karanei para khushii huii,M55,M55_S1_H01,M2,7,2.90625,aapake hindi pasanda karane para khushi hui,आपके हिन्दि पसन्द करने पर खुशि हुइ
C:\Users\edwin\OneDrive\Desktop\Capstone\hindi indic\HDSD\hindi_sent\M55\M55_S1_H02_M2.wav,isakei badalei mein tuma kuchha aura maanaga loo,M55,M55_S1_H02,M2,8,4.8438125,isake badale mein tuma kuchha aura maanaga loo,इसके बदले मेइन् तुम कुछ और मानग लू
C:\Users\edwin\OneDrive\Desktop\Capstone\hindi indic\HDSD\hindi_sent\M55\M55_S1_H03_M2.wav,chikitsaa kaa artha hootaa hai ilaaja,M55,M55_S1_H03,M2,6,2.3875625,chikitsaa kaa artha hootaa hai ilaaja,चिकित्सा का अर्थ हूता है इलाज
C:\Users\edwin\OneDrive\Desktop\Capstone\hindi indic\HDSD\hindi_sent\M55\M55_S1_H04_M2.wav,isei aisei hii jaarii rakhein,M55,M55_S1_H04,M2,5,3.0375625,ise aise hi jaari rakhein,इसे ऐसे हि जारि रखेइन्
C:\Users\edwin\OneDrive\Desktop\Capstone\hindi indic\HDSD\hindi_sent\M55\M55_S1_H05_M2.wav,madada madada bahuta dhanyavaada,M55,M55_S1_H05,M2,4,3.0875625,madada madada bahuta dhanyavaada,मदद मदद बहुत धन्यवाद
C:\Users\edwin\OneDrive\Desktop\Capstone\hindi indic\HDSD\hindi_sent\M55\M55_S1_H06_M2.wav,aba joo main usakaa paalana karoo,M55,M55_S1_H06,M2,6,5.0500625,aba joo main usakaa paalana karoo,अब जू मैन् उसका पालन करू
C:\Users\edwin\OneDrive\Desktop\Capstone\hindi indic\HDSD\hindi_sent\M55\M55_S1_H07_M2.wav,bhaarata mein aisaa nahiin huaa hai,M55,M55_S1_H07,M2,6,3.5000625,bhaarata mein aisaa nahiin huaa hai,भारत मेइन् ऐसा नहीन् हुआ है
C:\Users\edwin\OneDrive\Desktop\Capstone\hindi indic\HDSD\hindi_sent\M55\M55_S1_H08_M2.wav,isa sahayooga isa sahayooga heitu bhii bahuta dhanyavaada,M55,M55_S1_H08,M2,8,4.8750625,isa sahayooga isa sahayooga heitu bhi bahuta dhanyavaada,इस सहयूग इस सहयूग हेइतु भि बहुत धन्यवाद
C:\Users\edwin\OneDrive\Desktop\Capstone\hindi indic\HDSD\hindi_sent\M55\M55_S1_H09_M2.wav,para yaha sanbhava naa hoo sakaa,M55,M55_S1_H09,M2,6,3.1250625,para yaha sanbhava naa hoo sakaa,पर यह सन्भव ना हू सका
C:\Users\edwin\OneDrive\Desktop\Capstone\hindi indic\HDSD\hindi_sent\M55\M55_S1_H10_M2.wav,meirii baatoon ki oora dhyaana diijiyei,M55,M55_S1_H10,M2,6,3.0625625,meiri baatoon ki oora dhyaana diijiye,मेइरि बातून् कि ऊर ध्यान दीजिये
C:\Users\edwin\OneDrive\Desktop\Capstone\hindi indic\HDSD\hindi_sent\M55\M55_S1_H11_M2.wav,yahaan sei sangharshha kaa daura shuruu huaa,M55,M55_S1_H11,M2,7,2.8750625,yahaan se sangharshha kaa daura shuruu huaa,यहान् से सन्घर्ष का दौर शुरू हुआ
C:\Users\edwin\OneDrive\Desktop\Capstone\hindi indic\HDSD\hindi_sent\M55\M55_S1_H12_M2.wav,doonoon mein badaa antara thaa,M55,M55_S1_H12,M2,5,2.0625625,doonoon mein badaa antara thaa,दूनून् मेइन् बदा अन्तर था
C:\Users\edwin\OneDrive\Desktop\Capstone\hindi indic\HDSD\hindi_sent\M55\M55_S1_H13_M2.wav,aapa sabhii kei sahayooga kei liyei bahuta dhanyavaada,M55,M55_S1_H13,M2,8,5.1875625,aapa sabhi ke sahayooga ke liye bahuta dhanyavaada,आप सभि के सहयूग के लिये बहुत धन्यवाद
C:\Users\edwin\OneDrive\Desktop\Capstone\hindi indic\HDSD\hindi_sent\M55\M55_S1_H14_M2.wav,bahuta sei looga aisaa kara rahei hai,M55,M55_S1_H14,M2,7,2.6250625,bahuta se looga aisaa kara rahe hai,बहुत से लूग ऐसा कर रहे है
C:\Users\edwin\OneDrive\Desktop\Capstone\hindi indic\HDSD\hindi_sent\M55\M55_S1_H15_M2.wav,samaya sei saatha hii nahiin aagei chalaa jaaei,M55,M55_S1_H15,M2,8,5.2500625,samaya se saatha hi nahiin aage chalaa jaae,समय से साथ हि नहीन् आगे चला जाए
C:\Users\edwin\OneDrive\Desktop\Capstone\hindi indic\HDSD\hindi_sent\M55\M55_S1_H16_M2.wav,main krikeita kheila kheila koo kaaphii pasanda karataa huuna,M55,M55_S1_H16,M2,9,4.3750625,main krikeita kheila kheila koo kaaphi pasanda karataa huuna,मैन् क्रिकेइत खेइल खेइल कू काफि पसन्द करता हून
C:\Users\edwin\OneDrive\Desktop\Capstone\hindi indic\HDSD\hindi_sent\M55\M55_S1_H17_M2.wav,shaayada samajha aa gayaa hoo,M55,M55_S1_H17,M2,5,2.0625625,shaayada samajha aa gayaa hoo,शायद समझ आ गया हू
C:\Users\edwin\OneDrive\Desktop\Capstone\hindi indic\HDSD\hindi_sent\M55\M55_S1_H18_M2.wav,joo shaayada aapanei deikhaa naa hoo,M55,M55_S1_H18,M2,6,2.7375625,joo shaayada aapane deikhaa naa hoo,जू शायद आपने देइखा ना हू
C:\Users\edwin\OneDrive\Desktop\Capstone\hindi indic\HDSD\hindi_sent\M55\M55_S1_H19_M2.wav,main bhuula hii gayaa thaa isa baata koo,M55,M55_S1_H19,M2,8,3.1688125,main bhuula hi gayaa thaa isa baata koo,मैन् भूल हि गया था इस बात कू
C:\Users\edwin\OneDrive\Desktop\Capstone\hindi indic\HDSD\hindi_sent\M55\M55_S1_H20_M2.wav,magara bhii vaha nahiin huaa,M55,M55_S1_H20,M2,5,2.8563125,magara bhi vaha nahiin huaa,मगर भि वह नहीन् हुआ
C:\Users\edwin\OneDrive\Desktop\Capstone\hindi indic\HDSD\hindi_sent\M55\M55_S1_H21_M2.wav,dara kaa artha hootaa hai bhaya,M55,M55_S1_H21,M2,6,2.1125625,dara kaa artha hootaa hai bhaya,दर का अर्थ हूता है भय
C:\Users\edwin\OneDrive\Desktop\Capstone\hindi indic\HDSD\hindi_sent\M55\M55_S1_H22_M2.wav,eika baara phira sei aabhaara,M55,M55_S1_H22,M2,5,4.6250625,eika baara phira se aabhaara,एइक बार फिर से आभार
C:\Users\edwin\OneDrive\Desktop\Capstone\hindi indic\HDSD\hindi_sent\M55\M55_S1_H23_M2.wav,naa jaanei kitanei looga isei padhtei hai,M55,M55_S1_H23,M2,7,3.0625625,naa jaane kitane looga ise padhte hai,ना जाने कितने लूग इसे पध्ते है
C:\Users\edwin\OneDrive\Desktop\Capstone\hindi indic\HDSD\hindi_sent\M55\M55_S1_H24_M2.wav,abhii main shaanta hii huuna,M55,M55_S1_H24,M2,5,1.8375625,abhi main shaanta hi huuna,अभि मैन् शान्त हि हून
C:\Users\edwin\OneDrive\Desktop\Capstone\hindi indic\HDSD\hindi_sent\M55\M55_S1_H25_M2.wav,svaagata kei liyei dhanyavaada,M55,M55_S1_H25,M2,4,1.9125625,svaagata ke liye dhanyavaada,स्वागत के लिये धन्यवाद
C:\Users\edwin\OneDrive\Desktop\Capstone\hindi indic\HDSD\hindi_sent\M55\M55_S1_H26_M2.wav,aapa apanaa achchhaa kaarya jaarii rakhein,M55,M55_S1_H26,M2,6,2.9125625,aapa apanaa achchhaa kaarya jaari rakhein,आप अपना अच्छा कार्य जारि रखेइन्
C:\Users\edwin\OneDrive\Desktop\Capstone\hindi indic\HDSD\hindi_sent\M55\M55_S1_H27_M2.wav,main bhaarata mein rahataa huuna,M55,M55_S1_H27,M2,5,2.0250625,main bhaarata mein rahataa huuna,मैन् भारत मेइन् रहता हून
C:\Users\edwin\OneDrive\Desktop\Capstone\hindi indic\HDSD\hindi_sent\M55\M55_S1_H28_M2.wav,kahaa jaataa hai ki unhoonnei kabhii jiivana mein jhuutha kaa sahaaraa nahiin liyaa,M55,M55_S1_H28,M2,13,6.3125625,kahaa jaataa hai ki unhoonne kabhi jiivana mein jhuutha kaa sahaaraa nahiin liyaa,कहा जाता है कि उन्हून्ने कभि जीवन मेइन् झूथ का सहारा नहीन् लिया
C:\Users\edwin\OneDrive\Desktop\Capstone\hindi indic\HDSD\hindi_sent\M55\M55_S1_H29_M2.wav,aapakaa sandeisha paakara achchhaa lagaa,M55,M55_S1_H29,M2,5,3.0625625,aapakaa sandeisha paakara achchhaa lagaa,आपका सन्देइश पाकर अच्छा लगा
C:\Users\edwin\OneDrive\Desktop\Capstone\hindi indic\HDSD\hindi_sent\M55\M55_S1_H30_M2.wav,jaldii jaldii kuchha kiijiei,M55,M55_S1_H30,M2,4,2.18,jaldi jaldi kuchha kiijie,जल्दि जल्दि कुछ कीजिए
C:\Users\edwin\OneDrive\Desktop\Capstone\hindi indic\HDSD\hindi_sent\M55\M55_S2_H01_M2.wav,aapakei hindii pasanda karanei para khushii huii,M55,M55_S2_H01,M2,7,3.55625,aapake hindi pasanda karane para khushi hui,आपके हिन्दि पसन्द करने पर खुशि हुइ
C:\Users\edwin\OneDrive\Desktop\Capstone\hindi indic\HDSD\hindi_sent\M55\M55_S2_H02_M2.wav,isakei badalei mein kuchha tuma kuchha aura maanaga loo,M55,M55_S2_H02,M2,9,5.0000625,isake badale mein kuchha tuma kuchha aura maanaga loo,इसके बदले मेइन् कुछ तुम कुछ और मानग लू
C:\Users\edwin\OneDrive\Desktop\Capstone\hindi indic\HDSD\hindi_sent\M55\M55_S2_H03_M2.wav,chikitsaa kaa artha hootaa hai ilaaja,M55,M55_S2_H03,M2,6,2.6313125,chikitsaa kaa artha hootaa hai ilaaja,चिकित्सा का अर्थ हूता है इलाज
C:\Users\edwin\OneDrive\Desktop\Capstone\hindi indic\HDSD\hindi_sent\M55\M55_S2_H04_M2.wav,isei aisei hii jaarii rakhein,M55,M55_S2_H04,M2,5,2.5188125,ise aise hi jaari rakhein,इसे ऐसे हि जारि रखेइन्
C:\Users\edwin\OneDrive\Desktop\Capstone\hindi indic\HDSD\hindi_sent\M55\M55_S2_H05_M2.wav,madada kei liyei bahuta dhanyavaada,M55,M55_S2_H05,M2,5,2.6063125,madada ke liye bahuta dhanyavaada,मदद के लिये बहुत धन्यवाद
C:\Users\edwin\OneDrive\Desktop\Capstone\hindi indic\HDSD\hindi_sent\M55\M55_S2_H06_M2.wav,aba main joo kahataa huuna usakaa paalana karoo,M55,M55_S2_H06,M2,8,4.6125625,aba main joo kahataa huuna usakaa paalana karoo,अब मैन् जू कहता हून उसका पालन करू
C:\Users\edwin\OneDrive\Desktop\Capstone\hindi indic\HDSD\hindi_sent\M55\M55_S2_H07_M2.wav,bhaarata mein aisaa nahiin huaa hai,M55,M55_S2_H07,M2,6,3.4250625,bhaarata mein aisaa nahiin huaa hai,भारत मेइन् ऐसा नहीन् हुआ है
C:\Users\edwin\OneDrive\Desktop\Capstone\hindi indic\HDSD\hindi_sent\M55\M55_S2_H08_M2.wav,isa sahayooga heitu bhii bahuta dhanyavaada,M55,M55_S2_H08,M2,6,3.7000625,isa sahayooga heitu bhi bahuta dhanyavaada,इस सहयूग हेइतु भि बहुत धन्यवाद
C:\Users\edwin\OneDrive\Desktop\Capstone\hindi indic\HDSD\hindi_sent\M55\M55_S2_H09_M2.wav,para yaha sanbhava sanbhava naa hoo sakaa,M55,M55_S2_H09,M2,7,4.1375625,para yaha sanbhava sanbhava naa hoo sakaa,पर यह सन्भव सन्भव ना हू सका
C:\Users\edwin\OneDrive\Desktop\Capstone\hindi indic\HDSD\hindi_sent\M55\M55_S2_H10_M2.wav,meirii baatoon ki oora dhyaana diijiyei,M55,M55_S2_H10,M2,6,3.3063125,meiri baatoon ki oora dhyaana diijiye,मेइरि बातून् कि ऊर ध्यान दीजिये
C:\Users\edwin\OneDrive\Desktop\Capstone\hindi indic\HDSD\hindi_sent\M55\M55_S2_H11_M2.wav,yahaan sei sangharshha kaa daura shuruu huaa,M55,M55_S2_H11,M2,7,3.1000625,yahaan se sangharshha kaa daura shuruu huaa,यहान् से सन्घर्ष का दौर शुरू हुआ
C:\Users\edwin\OneDrive\Desktop\Capstone\hindi indic\HDSD\hindi_sent\M55\M55_S2_H12_M2.wav,doonoon mein badaa antara thaa,M55,M55_S2_H12,M2,5,2.4500625,doonoon mein badaa antara thaa,दूनून् मेइन् बदा अन्तर था
C:\Users\edwin\OneDrive\Desktop\Capstone\hindi indic\HDSD\hindi_sent\M55\M55_S2_H13_M2.wav,aapa sabhii kei sahayooga bahuta dhanyavaada,M55,M55_S2_H13,M2,6,4.2000625,aapa sabhi ke sahayooga bahuta dhanyavaada,आप सभि के सहयूग बहुत धन्यवाद
C:\Users\edwin\OneDrive\Desktop\Capstone\hindi indic\HDSD\hindi_sent\M55\M55_S2_H14_M2.wav,bahuta sei looga aisaa kara rahei hai,M55,M55_S2_H14,M2,7,3.1313125,bahuta se looga aisaa kara rahe hai,बहुत से लूग ऐसा कर रहे है
C:\Users\edwin\OneDrive\Desktop\Capstone\hindi indic\HDSD\hindi_sent\M55\M55_S2_H15_M2.wav,samaya kei saatha hii nahiin usasei aagei chalaa jaaei,M55,M55_S2_H15,M2,9,4.6063125,samaya ke saatha hi nahiin usase aage chalaa jaae,समय के साथ हि नहीन् उससे आगे चला जाए
C:\Users\edwin\OneDrive\Desktop\Capstone\hindi indic\HDSD\hindi_sent\M55\M55_S2_H16_M2.wav,main krikeita kheila kaaphii pasanda karataa huuna,M55,M55_S2_H16,M2,7,3.6500625,main krikeita kheila kaaphi pasanda karataa huuna,मैन् क्रिकेइत खेइल काफि पसन्द करता हून
C:\Users\edwin\OneDrive\Desktop\Capstone\hindi indic\HDSD\hindi_sent\M55\M55_S2_H17_M2.wav,shaayada samajha aa gayaa hoo,M55,M55_S2_H17,M2,5,2.6625625,shaayada samajha aa gayaa hoo,शायद समझ आ गया हू
C:\Users\edwin\OneDrive\Desktop\Capstone\hindi indic\HDSD\hindi_sent\M55\M55_S2_H18_M2.wav,joo shaayada aapanei deikhaa naa hoo,M55,M55_S2_H18,M2,6,3.0500625,joo shaayada aapane deikhaa naa hoo,जू शायद आपने देइखा ना हू
C:\Users\edwin\OneDrive\Desktop\Capstone\hindi indic\HDSD\hindi_sent\M55\M55_S2_H19_M2.wav,main bhuula hii gayaa thaa isa baata koo,M55,M55_S2_H19,M2,8,2.7000625,main bhuula hi gayaa thaa isa baata koo,मैन् भूल हि गया था इस बात कू
C:\Users\edwin\OneDrive\Desktop\Capstone\hindi indic\HDSD\hindi_sent\M55\M55_S2_H20_M2.wav,bhii nahiin huaa,M55,M55_S2_H20,M2,3,3.3563125,bhi nahiin huaa,भि नहीन् हुआ
C:\Users\edwin\OneDrive\Desktop\Capstone\hindi indic\HDSD\hindi_sent\M55\M55_S2_H21_M2.wav,dara kaa artha hootaa hai bhaya,M55,M55_S2_H21,M2,6,2.4563125,dara kaa artha hootaa hai bhaya,दर का अर्थ हूता है भय
C:\Users\edwin\OneDrive\Desktop\Capstone\hindi indic\HDSD\hindi_sent\M55\M55_S2_H22_M2.wav,eika baara phira sei aabhaara,M55,M55_S2_H22,M2,5,2.9875625,eika baara phira se aabhaara,एइक बार फिर से आभार
C:\Users\edwin\OneDrive\Desktop\Capstone\hindi indic\HDSD\hindi_sent\M55\M55_S2_H23_M2.wav,naa jaanei kitanei looga isei padhtei hai,M55,M55_S2_H23,M2,7,3.3563125,naa jaane kitane looga ise padhte hai,ना जाने कितने लूग इसे पध्ते है
C:\Users\edwin\OneDrive\Desktop\Capstone\hindi indic\HDSD\hindi_sent\M55\M55_S2_H24_M2.wav,abhii main shaanta hii huuna,M55,M55_S2_H24,M2,5,2.5688125,abhi main shaanta hi huuna,अभि मैन् शान्त हि हून
C:\Users\edwin\OneDrive\Desktop\Capstone\hindi indic\HDSD\hindi_sent\M55\M55_S2_H25_M2.wav,svaagata kei liyei dhanyavaada,M55,M55_S2_H25,M2,4,2.2000625,svaagata ke liye dhanyavaada,स्वागत के लिये धन्यवाद
C:\Users\edwin\OneDrive\Desktop\Capstone\hindi indic\HDSD\hindi_sent\M55\M55_S2_H26_M2.wav,aapa apanaa achchhaa kaarya jaarii rakhein,M55,M55_S2_H26,M2,6,3.4063125,aapa apanaa achchhaa kaarya jaari rakhein,आप अपना अच्छा कार्य जारि रखेइन्
C:\Users\edwin\OneDrive\Desktop\Capstone\hindi indic\HDSD\hindi_sent\M55\M55_S2_H27_M2.wav,main bhaarata mein rahataa huuna,M55,M55_S2_H27,M2,5,2.3250625,main bhaarata mein rahataa huuna,मैन् भारत मेइन् रहता हून
C:\Users\edwin\OneDrive\Desktop\Capstone\hindi indic\HDSD\hindi_sent\M55\M55_S2_H28_M2.wav,kahaa jaataa hai unhoonnei kabhii jiivana mein kaa sahaaraa nahiin liyaa,M55,M55_S2_H28,M2,11,4.7000625,kahaa jaataa hai unhoonne kabhi jiivana mein kaa sahaaraa nahiin liyaa,कहा जाता है उन्हून्ने कभि जीवन मेइन् का सहारा नहीन् लिया
C:\Users\edwin\OneDrive\Desktop\Capstone\hindi indic\HDSD\hindi_sent\M55\M55_S2_H29_M2.wav,aapakaa sandeisha paakara achchhaa lagaa,M55,M55_S2_H29,M2,5,2.6500625,aapakaa sandeisha paakara achchhaa lagaa,आपका सन्देइश पाकर अच्छा लगा
C:\Users\edwin\OneDrive\Desktop\Capstone\hindi indic\HDSD\hindi_sent\M55\M55_S2_H30_M2.wav,jaldii sei jaldii kuchha kiijiei,M55,M55_S2_H30,M2,5,2.3563125,jaldi se jaldi kuchha kiijie,जल्दि से जल्दि कुछ कीजिए
C:\Users\edwin\OneDrive\Desktop\Capstone\hindi indic\HDSD\hindi_sent\M56\M56_S1_H01_M2.wav,aapakei hindii pasanda karanei para khushii huii,M56,M56_S1_H01,M2,7,5.375,aapake hindi pasanda karane para khushi hui,आपके हिन्दि पसन्द करने पर खुशि हुइ
C:\Users\edwin\OneDrive\Desktop\Capstone\hindi indic\HDSD\hindi_sent\M56\M56_S1_H02_M2.wav,isakei badalei mein tuma kuchha bhii maanaga loo,M56,M56_S1_H02,M2,8,3.7438125,isake badale mein tuma kuchha bhi maanaga loo,इसके बदले मेइन् तुम कुछ भि मानग लू
C:\Users\edwin\OneDrive\Desktop\Capstone\hindi indic\HDSD\hindi_sent\M56\M56_S1_H03_M2.wav,chikitsaa kaa artha hootaa hai ilaaja,M56,M56_S1_H03,M2,6,3.4125625,chikitsaa kaa artha hootaa hai ilaaja,चिकित्सा का अर्थ हूता है इलाज
C:\Users\edwin\OneDrive\Desktop\Capstone\hindi indic\HDSD\hindi_sent\M56\M56_S1_H04_M2.wav,isei aisei nahiin jaarii rakhein,M56,M56_S1_H04,M2,5,4.4063125,ise aise nahiin jaari rakhein,इसे ऐसे नहीन् जारि रखेइन्
C:\Users\edwin\OneDrive\Desktop\Capstone\hindi indic\HDSD\hindi_sent\M56\M56_S1_H05_M2.wav,madada kei liyei dhanyavaada,M56,M56_S1_H05,M2,4,2.1063125,madada ke liye dhanyavaada,मदद के लिये धन्यवाद
C:\Users\edwin\OneDrive\Desktop\Capstone\hindi indic\HDSD\hindi_sent\M56\M56_S1_H06_M2.wav,aba joo main kahataa huuna usakaa paalana karoo,M56,M56_S1_H06,M2,8,5.5438125,aba joo main kahataa huuna usakaa paalana karoo,अब जू मैन् कहता हून उसका पालन करू
C:\Users\edwin\OneDrive\Desktop\Capstone\hindi indic\HDSD\hindi_sent\M56\M56_S1_H07_M2.wav,bhaarata mein aisaa nahiin huaa hai,M56,M56_S1_H07,M2,6,2.8500625,bhaarata mein aisaa nahiin huaa hai,भारत मेइन् ऐसा नहीन् हुआ है
C:\Users\edwin\OneDrive\Desktop\Capstone\hindi indic\HDSD\hindi_sent\M56\M56_S1_H08_M2.wav,isa sahayooga heitu bhii bahuta dhanyavaada,M56,M56_S1_H08,M2,6,5.1313125,isa sahayooga heitu bhi bahuta dhanyavaada,इस सहयूग हेइतु भि बहुत धन्यवाद
C:\Users\edwin\OneDrive\Desktop\Capstone\hindi indic\HDSD\hindi_sent\M56\M56_S1_H09_M2.wav,para yaha sanbhava naa hoo sakaa,M56,M56_S1_H09,M2,6,3.7688125,para yaha sanbhava naa hoo sakaa,पर यह सन्भव ना हू सका
C:\Users\edwin\OneDrive\Desktop\Capstone\hindi indic\HDSD\hindi_sent\M56\M56_S1_H10_M2.wav,meirii baatoon para baatoon ki oora dhyaana diijiyei,M56,M56_S1_H10,M2,8,4.5125625,meiri baatoon para baatoon ki oora dhyaana diijiye,मेइरि बातून् पर बातून् कि ऊर ध्यान दीजिये
C:\Users\edwin\OneDrive\Desktop\Capstone\hindi indic\HDSD\hindi_sent\M56\M56_S1_H11_M2.wav,yahaan sei yahaan sei sangharshha kaa daura shuruu huaa huaa,M56,M56_S1_H11,M2,10,6.8250625,yahaan se yahaan se sangharshha kaa daura shuruu huaa huaa,यहान् से यहान् से सन्घर्ष का दौर शुरू हुआ हुआ
C:\Users\edwin\OneDrive\Desktop\Capstone\hindi indic\HDSD\hindi_sent\M56\M56_S1_H12_M2.wav,doonoon mein badaa antara thaa,M56,M56_S1_H12,M2,5,3.4875625,doonoon mein badaa antara thaa,दूनून् मेइन् बदा अन्तर था
C:\Users\edwin\OneDrive\Desktop\Capstone\hindi indic\HDSD\hindi_sent\M56\M56_S1_H13_M2.wav,aapa sabhii kei sahayooga kei liyei bahuta dhanyavaada,M56,M56_S1_H13,M2,8,2.7813125,aapa sabhi ke sahayooga ke liye bahuta dhanyavaada,आप सभि के सहयूग के लिये बहुत धन्यवाद
C:\Users\edwin\OneDrive\Desktop\Capstone\hindi indic\HDSD\hindi_sent\M56\M56_S1_H14_M2.wav,bahuta sei looga aisaa kara rahei hai,M56,M56_S1_H14,M2,7,1.8500625,bahuta se looga aisaa kara rahe hai,बहुत से लूग ऐसा कर रहे है
C:\Users\edwin\OneDrive\Desktop\Capstone\hindi indic\HDSD\hindi_sent\M56\M56_S1_H15_M2.wav,samaya kei saatha hii nahiin usasei aagei chalaa jaaei,M56,M56_S1_H15,M2,9,2.8750625,samaya ke saatha hi nahiin usase aage chalaa jaae,समय के साथ हि नहीन् उससे आगे चला जाए
C:\Users\edwin\OneDrive\Desktop\Capstone\hindi indic\HDSD\hindi_sent\M56\M56_S1_H16_M2.wav,main krikeita kheila koo kaaphii pasanda karataa huuna,M56,M56_S1_H16,M2,8,2.6813125,main krikeita kheila koo kaaphi pasanda karataa huuna,मैन् क्रिकेइत खेइल कू काफि पसन्द करता हून
C:\Users\edwin\OneDrive\Desktop\Capstone\hindi indic\HDSD\hindi_sent\M56\M56_S1_H17_M2.wav,shaayada samajha aa gayaa hoo,M56,M56_S1_H17,M2,5,1.6688125,shaayada samajha aa gayaa hoo,शायद समझ आ गया हू
C:\Users\edwin\OneDrive\Desktop\Capstone\hindi indic\HDSD\hindi_sent\M56\M56_S1_H18_M2.wav,joo shaayada aapanei deikhaa naa hoo,M56,M56_S1_H18,M2,6,1.8813125,joo shaayada aapane deikhaa naa hoo,जू शायद आपने देइखा ना हू
C:\Users\edwin\OneDrive\Desktop\Capstone\hindi indic\HDSD\hindi_sent\M56\M56_S1_H19_M2.wav,main bhuula hii gayaa thaa isa baata koo,M56,M56_S1_H19,M2,8,1.8500625,main bhuula hi gayaa thaa isa baata koo,मैन् भूल हि गया था इस बात कू
C:\Users\edwin\OneDrive\Desktop\Capstone\hindi indic\HDSD\hindi_sent\M56\M56_S1_H20_M2.wav,magara vaha bhii nahiin huaa,M56,M56_S1_H20,M2,5,1.5625625,magara vaha bhi nahiin huaa,मगर वह भि नहीन् हुआ
C:\Users\edwin\OneDrive\Desktop\Capstone\hindi indic\HDSD\hindi_sent\M56\M56_S1_H21_M2.wav,dara kaa artha hootaa hai bhaya,M56,M56_S1_H21,M2,6,2.1438125,dara kaa artha hootaa hai bhaya,दर का अर्थ हूता है भय
C:\Users\edwin\OneDrive\Desktop\Capstone\hindi indic\HDSD\hindi_sent\M56\M56_S1_H22_M2.wav,eika baara phira sei aabhaara,M56,M56_S1_H22,M2,5,2.2250625,eika baara phira se aabhaara,एइक बार फिर से आभार
C:\Users\edwin\OneDrive\Desktop\Capstone\hindi indic\HDSD\hindi_sent\M56\M56_S1_H23_M2.wav,naa jaanei kitanei looga isei padhtei hai,M56,M56_S1_H23,M2,7,2.0750625,naa jaane kitane looga ise padhte hai,ना जाने कितने लूग इसे पध्ते है
C:\Users\edwin\OneDrive\Desktop\Capstone\hindi indic\HDSD\hindi_sent\M56\M56_S1_H24_M2.wav,abhii main shaanta hii huuna,M56,M56_S1_H24,M2,5,1.3875625,abhi main shaanta hi huuna,अभि मैन् शान्त हि हून
C:\Users\edwin\OneDrive\Desktop\Capstone\hindi indic\HDSD\hindi_sent\M56\M56_S1_H25_M2.wav,svaagata kei liyei dhanyavaada,M56,M56_S1_H25,M2,4,1.5563125,svaagata ke liye dhanyavaada,स्वागत के लिये धन्यवाद
C:\Users\edwin\OneDrive\Desktop\Capstone\hindi indic\HDSD\hindi_sent\M56\M56_S1_H26_M2.wav,aapa yaha achchhaa kaarya jaarii rakhein aapa apanaa yaha achchhaa kaarya jaarii rakhein,M56,M56_S1_H26,M2,13,5.0000625,aapa yaha achchhaa kaarya jaari rakhein aapa apanaa yaha achchhaa kaarya jaari rakhein,आप यह अच्छा कार्य जारि रखेइन् आप अपना यह अच्छा कार्य जारि रखेइन्
C:\Users\edwin\OneDrive\Desktop\Capstone\hindi indic\HDSD\hindi_sent\M56\M56_S1_H27_M2.wav,main bhaarata mein rahataa huuna,M56,M56_S1_H27,M2,5,1.7000625,main bhaarata mein rahataa huuna,मैन् भारत मेइन् रहता हून
C:\Users\edwin\OneDrive\Desktop\Capstone\hindi indic\HDSD\hindi_sent\M56\M56_S1_H28_M2.wav,kahaa jaataa hai ki unhoonnei kabhii jiivana mein jhuutha kaa sahaaraa nahiin liyaa,M56,M56_S1_H28,M2,13,3.9125625,kahaa jaataa hai ki unhoonne kabhi jiivana mein jhuutha kaa sahaaraa nahiin liyaa,कहा जाता है कि उन्हून्ने कभि जीवन मेइन् झूथ का सहारा नहीन् लिया
C:\Users\edwin\OneDrive\Desktop\Capstone\hindi indic\HDSD\hindi_sent\M56\M56_S1_H29_M2.wav,aapakaa sandeisha paakara achchhaa lagaa,M56,M56_S1_H29,M2,5,1.8063125,aapakaa sandeisha paakara achchhaa lagaa,आपका सन्देइश पाकर अच्छा लगा
C:\Users\edwin\OneDrive\Desktop\Capstone\hindi indic\HDSD\hindi_sent\M56\M56_S1_H30_M2.wav,jaldii sei jaldii kuchha kiijiei,M56,M56_S1_H30,M2,5,1.5436875,jaldi se jaldi kuchha kiijie,जल्दि से जल्दि कुछ कीजिए
C:\Users\edwin\OneDrive\Desktop\Capstone\hindi indic\HDSD\hindi_sent\M58\M58_S1_H01_M2.wav,aapakei hindii pasanda karanei para khushii huii,M58,M58_S1_H01,M2,7,3.775,aapake hindi pasanda karane para khushi hui,आपके हिन्दि पसन्द करने पर खुशि हुइ
C:\Users\edwin\OneDrive\Desktop\Capstone\hindi indic\HDSD\hindi_sent\M58\M58_S1_H02_M2.wav,isakei badalei mein tuma kuchha aura maanaga loo,M58,M58_S1_H02,M2,8,3.8500625,isake badale mein tuma kuchha aura maanaga loo,इसके बदले मेइन् तुम कुछ और मानग लू
C:\Users\edwin\OneDrive\Desktop\Capstone\hindi indic\HDSD\hindi_sent\M58\M58_S1_H03_M2.wav,chikitsaa kaa artha hootaa hai ilaaja,M58,M58_S1_H03,M2,6,2.5125625,chikitsaa kaa artha hootaa hai ilaaja,चिकित्सा का अर्थ हूता है इलाज
C:\Users\edwin\OneDrive\Desktop\Capstone\hindi indic\HDSD\hindi_sent\M58\M58_S1_H04_M2.wav,isei aisei hii jaarii rakhein,M58,M58_S1_H04,M2,5,2.3875625,ise aise hi jaari rakhein,इसे ऐसे हि जारि रखेइन्
C:\Users\edwin\OneDrive\Desktop\Capstone\hindi indic\HDSD\hindi_sent\M58\M58_S1_H05_M2.wav,madada kei liyei bahuta dhanyavaada,M58,M58_S1_H05,M2,5,2.2875625,madada ke liye bahuta dhanyavaada,मदद के लिये बहुत धन्यवाद
C:\Users\edwin\OneDrive\Desktop\Capstone\hindi indic\HDSD\hindi_sent\M58\M58_S1_H06_M2.wav,aba joo main kahataa huuna usakaa paalana karoo,M58,M58_S1_H06,M2,8,3.5625625,aba joo main kahataa huuna usakaa paalana karoo,अब जू मैन् कहता हून उसका पालन करू
C:\Users\edwin\OneDrive\Desktop\Capstone\hindi indic\HDSD\hindi_sent\M58\M58_S1_H07_M2.wav,bhaarata mein aisaa nahiin huaa hai,M58,M58_S1_H07,M2,6,2.3000625,bhaarata mein aisaa nahiin huaa hai,भारत मेइन् ऐसा नहीन् हुआ है
C:\Users\edwin\OneDrive\Desktop\Capstone\hindi indic\HDSD\hindi_sent\M58\M58_S1_H08_M2.wav,isa sahayooga heitu bhii bahuta dhanyavaada,M58,M58_S1_H08,M2,6,2.7188125,isa sahayooga heitu bhi bahuta dhanyavaada,इस सहयूग हेइतु भि बहुत धन्यवाद
C:\Users\edwin\OneDrive\Desktop\Capstone\hindi indic\HDSD\hindi_sent\M58\M58_S1_H09_M2.wav,para yaha sanbhava naa hoo sakaa,M58,M58_S1_H09,M2,6,1.8063125,para yaha sanbhava naa hoo sakaa,पर यह सन्भव ना हू सका
C:\Users\edwin\OneDrive\Desktop\Capstone\hindi indic\HDSD\hindi_sent\M58\M58_S1_H10_M2.wav,meirii baatoon ki oora dhyaana diijiyei,M58,M58_S1_H10,M2,6,2.3500625,meiri baatoon ki oora dhyaana diijiye,मेइरि बातून् कि ऊर ध्यान दीजिये
C:\Users\edwin\OneDrive\Desktop\Capstone\hindi indic\HDSD\hindi_sent\M58\M58_S1_H11_M2.wav,yahaan sei sangharshha kaa daura shuruu huaa,M58,M58_S1_H11,M2,7,2.9500625,yahaan se sangharshha kaa daura shuruu huaa,यहान् से सन्घर्ष का दौर शुरू हुआ
C:\Users\edwin\OneDrive\Desktop\Capstone\hindi indic\HDSD\hindi_sent\M58\M58_S1_H12_M2.wav,doonoon mein badaa antara thaa,M58,M58_S1_H12,M2,5,2.0625625,doonoon mein badaa antara thaa,दूनून् मेइन् बदा अन्तर था
C:\Users\edwin\OneDrive\Desktop\Capstone\hindi indic\HDSD\hindi_sent\M58\M58_S1_H13_M2.wav,aapa sabhii kei sahayooga kei liyei bahuta dhanyavaada,M58,M58_S1_H13,M2,8,3.0125625,aapa sabhi ke sahayooga ke liye bahuta dhanyavaada,आप सभि के सहयूग के लिये बहुत धन्यवाद
C:\Users\edwin\OneDrive\Desktop\Capstone\hindi indic\HDSD\hindi_sent\M58\M58_S1_H14_M2.wav,bahuta sei looga aisaa kara rahei hai,M58,M58_S1_H14,M2,7,2.2375625,bahuta se looga aisaa kara rahe hai,बहुत से लूग ऐसा कर रहे है
C:\Users\edwin\OneDrive\Desktop\Capstone\hindi indic\HDSD\hindi_sent\M58\M58_S1_H15_M2.wav,samaya kei saatha hii nahiin usasei aagei chalaa jaaei,M58,M58_S1_H15,M2,9,3.3500625,samaya ke saatha hi nahiin usase aage chalaa jaae,समय के साथ हि नहीन् उससे आगे चला जाए
C:\Users\edwin\OneDrive\Desktop\Capstone\hindi indic\HDSD\hindi_sent\M58\M58_S1_H16_M2.wav,main krikeita kheila koo kaaphii pasanda karataa huuna,M58,M58_S1_H16,M2,8,3.4813125,main krikeita kheila koo kaaphi pasanda karataa huuna,मैन् क्रिकेइत खेइल कू काफि पसन्द करता हून
C:\Users\edwin\OneDrive\Desktop\Capstone\hindi indic\HDSD\hindi_sent\M58\M58_S1_H17_M2.wav,shaayada samajha aa gayaa hoo,M58,M58_S1_H17,M2,5,1.8500625,shaayada samajha aa gayaa hoo,शायद समझ आ गया हू
C:\Users\edwin\OneDrive\Desktop\Capstone\hindi indic\HDSD\hindi_sent\M58\M58_S1_H18_M2.wav,joo shaayada aapanei deikhaa naa hoo,M58,M58_S1_H18,M2,6,2.3000625,joo shaayada aapane deikhaa naa hoo,जू शायद आपने देइखा ना हू
C:\Users\edwin\OneDrive\Desktop\Capstone\hindi indic\HDSD\hindi_sent\M58\M58_S1_H19_M2.wav,main bhuula hii gayaa thaa isa baata koo,M58,M58_S1_H19,M2,8,2.2750625,main bhuula hi gayaa thaa isa baata koo,मैन् भूल हि गया था इस बात कू
C:\Users\edwin\OneDrive\Desktop\Capstone\hindi indic\HDSD\hindi_sent\M58\M58_S1_H20_M2.wav,magara vaha bhii nahiin huaa,M58,M58_S1_H20,M2,5,1.6938125,magara vaha bhi nahiin huaa,मगर वह भि नहीन् हुआ
C:\Users\edwin\OneDrive\Desktop\Capstone\hindi indic\HDSD\hindi_sent\M58\M58_S1_H21_M2.wav,dara kaa artha hootaa hai bhaya,M58,M58_S1_H21,M2,6,2.2063125,dara kaa artha hootaa hai bhaya,दर का अर्थ हूता है भय
C:\Users\edwin\OneDrive\Desktop\Capstone\hindi indic\HDSD\hindi_sent\M58\M58_S1_H22_M2.wav,eika baara phira sei aabhaara,M58,M58_S1_H22,M2,5,1.8750625,eika baara phira se aabhaara,एइक बार फिर से आभार
C:\Users\edwin\OneDrive\Desktop\Capstone\hindi indic\HDSD\hindi_sent\M58\M58_S1_H23_M2.wav,naa jaanei kitanei looga isei padhtei hai,M58,M58_S1_H23,M2,7,2.6875625,naa jaane kitane looga ise padhte hai,ना जाने कितने लूग इसे पध्ते है
C:\Users\edwin\OneDrive\Desktop\Capstone\hindi indic\HDSD\hindi_sent\M58\M58_S1_H24_M2.wav,abhii main shaanta hii huuna,M58,M58_S1_H24,M2,5,1.9063125,abhi main shaanta hi huuna,अभि मैन् शान्त हि हून
C:\Users\edwin\OneDrive\Desktop\Capstone\hindi indic\HDSD\hindi_sent\M58\M58_S1_H25_M2.wav,svaagata kei liyei dhanyavaada,M58,M58_S1_H25,M2,4,1.7813125,svaagata ke liye dhanyavaada,स्वागत के लिये धन्यवाद
C:\Users\edwin\OneDrive\Desktop\Capstone\hindi indic\HDSD\hindi_sent\M58\M58_S1_H26_M2.wav,aapa apanaa yaha achchhaa kaarya jaarii rakhein,M58,M58_S1_H26,M2,7,3.2188125,aapa apanaa yaha achchhaa kaarya jaari rakhein,आप अपना यह अच्छा कार्य जारि रखेइन्
C:\Users\edwin\OneDrive\Desktop\Capstone\hindi indic\HDSD\hindi_sent\M58\M58_S1_H27_M2.wav,main bhaarata mein rahataa huuna,M58,M58_S1_H27,M2,5,2.0188125,main bhaarata mein rahataa huuna,मैन् भारत मेइन् रहता हून
C:\Users\edwin\OneDrive\Desktop\Capstone\hindi indic\HDSD\hindi_sent\M58\M58_S1_H28_M2.wav,kahaa jaataa hai ki unhoonnei kabhii jiivana mein jhuutha kaa sahaaraa nahiin liyaa,M58,M58_S1_H28,M2,13,4.4625625,kahaa jaataa hai ki unhoonne kabhi jiivana mein jhuutha kaa sahaaraa nahiin liyaa,कहा जाता है कि उन्हून्ने कभि जीवन मेइन् झूथ का सहारा नहीन् लिया
C:\Users\edwin\OneDrive\Desktop\Capstone\hindi indic\HDSD\hindi_sent\M58\M58_S1_H29_M2.wav,aapakaa sandeisha paakara achchhaa lagaa,M58,M58_S1_H29,M2,5,2.6688125,aapakaa sandeisha paakara achchhaa lagaa,आपका सन्देइश पाकर अच्छा लगा
C:\Users\edwin\OneDrive\Desktop\Capstone\hindi indic\HDSD\hindi_sent\M58\M58_S1_H30_M2.wav,jaldii sei jaldii kuchha kiijiei,M58,M58_S1_H30,M2,5,1.861875,jaldi se jaldi kuchha kiijie,जल्दि से जल्दि कुछ कीजिए
C:\Users\edwin\OneDrive\Desktop\Capstone\hindi indic\HDSD\hindi_sent\M62\M62_S1_H01_M2.wav,aapakei hindii pasanda karanei mein khushii huii,M62,M62_S1_H01,M2,7,4.6875,aapake hindi pasanda karane mein khushi hui,आपके हिन्दि पसन्द करने मेइन् खुशि हुइ
C:\Users\edwin\OneDrive\Desktop\Capstone\hindi indic\HDSD\hindi_sent\M62\M62_S1_H02_M2.wav,isakei badalei mein tuma kuchha aura maanaga maanaga loo,M62,M62_S1_H02,M2,9,7.2500625,isake badale mein tuma kuchha aura maanaga maanaga loo,इसके बदले मेइन् तुम कुछ और मानग मानग लू
C:\Users\edwin\OneDrive\Desktop\Capstone\hindi indic\HDSD\hindi_sent\M62\M62_S1_H03_M2.wav,chikitsaa kaa artha hootaa hai ilaaja,M62,M62_S1_H03,M2,6,4.6250625,chikitsaa kaa artha hootaa hai ilaaja,चिकित्सा का अर्थ हूता है इलाज
C:\Users\edwin\OneDrive\Desktop\Capstone\hindi indic\HDSD\hindi_sent\M62\M62_S1_H04_M2.wav,isei aisei bhii jaarii rakhein,M62,M62_S1_H04,M2,5,4.3750625,ise aise bhi jaari rakhein,इसे ऐसे भि जारि रखेइन्
C:\Users\edwin\OneDrive\Desktop\Capstone\hindi indic\HDSD\hindi_sent\M62\M62_S1_H05_M2.wav,madada kei liyei bahuta dhanyavaada,M62,M62_S1_H05,M2,5,3.2500625,madada ke liye bahuta dhanyavaada,मदद के लिये बहुत धन्यवाद
C:\Users\edwin\OneDrive\Desktop\Capstone\hindi indic\HDSD\hindi_sent\M62\M62_S1_H06_M2.wav,aba joo main kahataa huuna usakaa paalana karoo,M62,M62_S1_H06,M2,8,6.3125625,aba joo main kahataa huuna usakaa paalana karoo,अब जू मैन् कहता हून उसका पालन करू
C:\Users\edwin\OneDrive\Desktop\Capstone\hindi indic\HDSD\hindi_sent\M62\M62_S1_H07_M2.wav,bhaarata mein aisaa nahiin huaa hai,M62,M62_S1_H07,M2,6,4.2500625,bhaarata mein aisaa nahiin huaa hai,भारत मेइन् ऐसा नहीन् हुआ है
C:\Users\edwin\OneDrive\Desktop\Capstone\hindi indic\HDSD\hindi_sent\M62\M62_S1_H08_M2.wav,isa sahayooga heitu bahuta dhanyavaada dhanyavaada,M62,M62_S1_H08,M2,6,9.3750625,isa sahayooga heitu bahuta dhanyavaada dhanyavaada,इस सहयूग हेइतु बहुत धन्यवाद धन्यवाद
C:\Users\edwin\OneDrive\Desktop\Capstone\hindi indic\HDSD\hindi_sent\M62\M62_S1_H09_M2.wav,para sanbhava naa sakaa,M62,M62_S1_H09,M2,4,4.5625625,para sanbhava naa sakaa,पर सन्भव ना सका
C:\Users\edwin\OneDrive\Desktop\Capstone\hindi indic\HDSD\hindi_sent\M62\M62_S1_H10_M2.wav,meirii baatoon ki oora dhyaana,M62,M62_S1_H10,M2,5,4.6250625,meiri baatoon ki oora dhyaana,मेइरि बातून् कि ऊर ध्यान
C:\Users\edwin\OneDrive\Desktop\Capstone\hindi indic\HDSD\hindi_sent\M62\M62_S1_H11_M2.wav,yahaan sei,M62,M62_S1_H11,M2,2,12.6250625,yahaan se,यहान् से
C:\Users\edwin\OneDrive\Desktop\Capstone\hindi indic\HDSD\hindi_sent\M62\M62_S1_H12_M2.wav,doonoon mein badaa antara thaa,M62,M62_S1_H12,M2,5,2.7500625,doonoon mein badaa antara thaa,दूनून् मेइन् बदा अन्तर था
C:\Users\edwin\OneDrive\Desktop\Capstone\hindi indic\HDSD\hindi_sent\M62\M62_S1_H13_M2.wav,aapa sabhii kei sahayooga kei liyei bahuta dhanyavaada,M62,M62_S1_H13,M2,8,5.3125625,aapa sabhi ke sahayooga ke liye bahuta dhanyavaada,आप सभि के सहयूग के लिये बहुत धन्यवाद
C:\Users\edwin\OneDrive\Desktop\Capstone\hindi indic\HDSD\hindi_sent\M62\M62_S1_H14_M2.wav,bahuta sei looga aisaa kara rahei hai,M62,M62_S1_H14,M2,7,4.9375625,bahuta se looga aisaa kara rahe hai,बहुत से लूग ऐसा कर रहे है
C:\Users\edwin\OneDrive\Desktop\Capstone\hindi indic\HDSD\hindi_sent\M62\M62_S1_H15_M2.wav,samaya kei saatha hii nahiin usasei aagei chalaa jaaei,M62,M62_S1_H15,M2,9,7.0000625,samaya ke saatha hi nahiin usase aage chalaa jaae,समय के साथ हि नहीन् उससे आगे चला जाए
C:\Users\edwin\OneDrive\Desktop\Capstone\hindi indic\HDSD\hindi_sent\M62\M62_S1_H16_M2.wav,main krikeita kheila kaaphii pasanda karataa huuna,M62,M62_S1_H16,M2,7,11.3750625,main krikeita kheila kaaphi pasanda karataa huuna,मैन् क्रिकेइत खेइल काफि पसन्द करता हून
C:\Users\edwin\OneDrive\Desktop\Capstone\hindi indic\HDSD\hindi_sent\M62\M62_S1_H17_M2.wav,samajha aa,M62,M62_S1_H17,M2,2,2.5000625,samajha aa,समझ आ
C:\Users\edwin\OneDrive\Desktop\Capstone\hindi indic\HDSD\hindi_sent\M62\M62_S1_H18_M2.wav,deikhaa naa,M62,M62_S1_H18,M2,2,5.6875625,deikhaa naa,देइखा ना
C:\Users\edwin\OneDrive\Desktop\Capstone\hindi indic\HDSD\hindi_sent\M62\M62_S1_H19_M2.wav,main bhuula gayaa baata koo,M62,M62_S1_H19,M2,5,5.6250625,main bhuula gayaa baata koo,मैन् भूल गया बात कू
C:\Users\edwin\OneDrive\Desktop\Capstone\hindi indic\HDSD\hindi_sent\M62\M62_S1_H22_M2.wav,eika baara phira sei,M62,M62_S1_H22,M2,4,5.9375625,eika baara phira se,एइक बार फिर से
C:\Users\edwin\OneDrive\Desktop\Capstone\hindi indic\HDSD\hindi_sent\M62\M62_S1_H23_M2.wav,padhtei hai,M62,M62_S1_H23,M2,2,5.3125625,padhte hai,पध्ते है
C:\Users\edwin\OneDrive\Desktop\Capstone\hindi indic\HDSD\hindi_sent\M62\M62_S1_H24_M2.wav,abhii main shaanta,M62,M62_S1_H24,M2,3,2.3750625,abhi main shaanta,अभि मैन् शान्त
C:\Users\edwin\OneDrive\Desktop\Capstone\hindi indic\HDSD\hindi_sent\M62\M62_S1_H25_M2.wav,kei liyei dhanyavaada,M62,M62_S1_H25,M2,3,2.6875625,ke liye dhanyavaada,के लिये धन्यवाद
C:\Users\edwin\OneDrive\Desktop\Capstone\hindi indic\HDSD\hindi_sent\M62\M62_S1_H27_M2.wav,main bhaarata mein rahataa huuna,M62,M62_S1_H27,M2,5,2.2500625,main bhaarata mein rahataa huuna,मैन् भारत मेइन् रहता हून
C:\Users\edwin\OneDrive\Desktop\Capstone\hindi indic\HDSD\hindi_sent\M62\M62_S1_H28_M2.wav,kahaa jaataa hai ki kabhii jiivana mein jhuutha kaa nahiin,M62,M62_S1_H28,M2,10,7.2500625,kahaa jaataa hai ki kabhi jiivana mein jhuutha kaa nahiin,कहा जाता है कि कभि जीवन मेइन् झूथ का नहीन्
C:\Users\edwin\OneDrive\Desktop\Capstone\hindi indic\HDSD\hindi_sent\M62\M62_S1_H30_M2.wav,jaldii sei jaldii kuchha kiijiei,M62,M62_S1_H30,M2,5,2.7688125,jaldi se jaldi kuchha kiijie,जल्दि से जल्दि कुछ कीजिए
C:\Users\edwin\OneDrive\Desktop\Capstone\hindi indic\HDSD\hindi_sent\M62\M62_S2_H01_M2.wav,aapakei hindii pasanda karanei para khushii huii,M62,M62_S2_H01,M2,7,3.78125,aapake hindi pasanda karane para khushi hui,आपके हिन्दि पसन्द करने पर खुशि हुइ
C:\Users\edwin\OneDrive\Desktop\Capstone\hindi indic\HDSD\hindi_sent\M62\M62_S2_H02_M2.wav,isakei badalei mein tuma kuchha aura maanaga loo,M62,M62_S2_H02,M2,8,3.5938125,isake badale mein tuma kuchha aura maanaga loo,इसके बदले मेइन् तुम कुछ और मानग लू
C:\Users\edwin\OneDrive\Desktop\Capstone\hindi indic\HDSD\hindi_sent\M62\M62_S2_H03_M2.wav,chikitsaa kaa artha hootaa hai ilaaja,M62,M62_S2_H03,M2,6,2.8750625,chikitsaa kaa artha hootaa hai ilaaja,चिकित्सा का अर्थ हूता है इलाज
C:\Users\edwin\OneDrive\Desktop\Capstone\hindi indic\HDSD\hindi_sent\M62\M62_S2_H04_M2.wav,isei aisei hii jaarii rakhein,M62,M62_S2_H04,M2,5,2.1250625,ise aise hi jaari rakhein,इसे ऐसे हि जारि रखेइन्
C:\Users\edwin\OneDrive\Desktop\Capstone\hindi indic\HDSD\hindi_sent\M62\M62_S2_H05_M2.wav,madada kei liyei bahuta dhanyavaada,M62,M62_S2_H05,M2,5,2.1250625,madada ke liye bahuta dhanyavaada,मदद के लिये बहुत धन्यवाद
C:\Users\edwin\OneDrive\Desktop\Capstone\hindi indic\HDSD\hindi_sent\M62\M62_S2_H06_M2.wav,aba joo main kahataa huuna usakaa paalana karoo,M62,M62_S2_H06,M2,8,3.5000625,aba joo main kahataa huuna usakaa paalana karoo,अब जू मैन् कहता हून उसका पालन करू
C:\Users\edwin\OneDrive\Desktop\Capstone\hindi indic\HDSD\hindi_sent\M62\M62_S2_H07_M2.wav,bhaarata mein aisaa nahiin huaa,M62,M62_S2_H07,M2,5,2.0625625,bhaarata mein aisaa nahiin huaa,भारत मेइन् ऐसा नहीन् हुआ
C:\Users\edwin\OneDrive\Desktop\Capstone\hindi indic\HDSD\hindi_sent\M62\M62_S2_H08_M2.wav,isa sahayooga heitu bhii bahuta dhanyavaada,M62,M62_S2_H08,M2,6,3.6875625,isa sahayooga heitu bhi bahuta dhanyavaada,इस सहयूग हेइतु भि बहुत धन्यवाद
C:\Users\edwin\OneDrive\Desktop\Capstone\hindi indic\HDSD\hindi_sent\M62\M62_S2_H09_M2.wav,para yaha sanbhava naa hoo sakaa,M62,M62_S2_H09,M2,6,2.0000625,para yaha sanbhava naa hoo sakaa,पर यह सन्भव ना हू सका
C:\Users\edwin\OneDrive\Desktop\Capstone\hindi indic\HDSD\hindi_sent\M62\M62_S2_H10_M2.wav,meirii baatoon ki oora dhyaana diijiyei,M62,M62_S2_H10,M2,6,3.0000625,meiri baatoon ki oora dhyaana diijiye,मेइरि बातून् कि ऊर ध्यान दीजिये
C:\Users\edwin\OneDrive\Desktop\Capstone\hindi indic\HDSD\hindi_sent\M62\M62_S2_H11_M2.wav,yahaan sei sangharshha kaa daura shuruu huaa,M62,M62_S2_H11,M2,7,2.3750625,yahaan se sangharshha kaa daura shuruu huaa,यहान् से सन्घर्ष का दौर शुरू हुआ
C:\Users\edwin\OneDrive\Desktop\Capstone\hindi indic\HDSD\hindi_sent\M62\M62_S2_H12_M2.wav,doonoon mein badaa antara thaa,M62,M62_S2_H12,M2,5,2.3125625,doonoon mein badaa antara thaa,दूनून् मेइन् बदा अन्तर था
C:\Users\edwin\OneDrive\Desktop\Capstone\hindi indic\HDSD\hindi_sent\M62\M62_S2_H13_M2.wav,aapa sabhii kei sahayooga kei liyei dhanyavaada,M62,M62_S2_H13,M2,7,3.0625625,aapa sabhi ke sahayooga ke liye dhanyavaada,आप सभि के सहयूग के लिये धन्यवाद
C:\Users\edwin\OneDrive\Desktop\Capstone\hindi indic\HDSD\hindi_sent\M62\M62_S2_H14_M2.wav,bahuta sei looga aisaa kara rahei hai,M62,M62_S2_H14,M2,7,2.8750625,bahuta se looga aisaa kara rahe hai,बहुत से लूग ऐसा कर रहे है
C:\Users\edwin\OneDrive\Desktop\Capstone\hindi indic\HDSD\hindi_sent\M62\M62_S2_H15_M2.wav,samaya kei saatha hii nahiin usasei aagei chalaa jaaei,M62,M62_S2_H15,M2,9,3.5000625,samaya ke saatha hi nahiin usase aage chalaa jaae,समय के साथ हि नहीन् उससे आगे चला जाए
C:\Users\edwin\OneDrive\Desktop\Capstone\hindi indic\HDSD\hindi_sent\M62\M62_S2_H16_M2.wav,main krikeita kheila koo kaaphii pasanda karataa huuna,M62,M62_S2_H16,M2,8,3.5625625,main krikeita kheila koo kaaphi pasanda karataa huuna,मैन् क्रिकेइत खेइल कू काफि पसन्द करता हून
C:\Users\edwin\OneDrive\Desktop\Capstone\hindi indic\HDSD\hindi_sent\M62\M62_S2_H17_M2.wav,shaayada samajha aa gayaa hoo,M62,M62_S2_H17,M2,5,2.0000625,shaayada samajha aa gayaa hoo,शायद समझ आ गया हू
C:\Users\edwin\OneDrive\Desktop\Capstone\hindi indic\HDSD\hindi_sent\M62\M62_S2_H18_M2.wav,shaayada aapanei deikhaa naa hoo,M62,M62_S2_H18,M2,5,2.1250625,shaayada aapane deikhaa naa hoo,शायद आपने देइखा ना हू
C:\Users\edwin\OneDrive\Desktop\Capstone\hindi indic\HDSD\hindi_sent\M62\M62_S2_H19_M2.wav,main bhuula hii gayaa thaa isa baata,M62,M62_S2_H19,M2,7,2.0500625,main bhuula hi gayaa thaa isa baata,मैन् भूल हि गया था इस बात
C:\Users\edwin\OneDrive\Desktop\Capstone\hindi indic\HDSD\hindi_sent\M62\M62_S2_H20_M2.wav,magara vaha bhii nahiin huaa,M62,M62_S2_H20,M2,5,2.1375625,magara vaha bhi nahiin huaa,मगर वह भि नहीन् हुआ
C:\Users\edwin\OneDrive\Desktop\Capstone\hindi indic\HDSD\hindi_sent\M62\M62_S2_H21_M2.wav,dara kaa artha hootaa bhaya,M62,M62_S2_H21,M2,5,2.1875625,dara kaa artha hootaa bhaya,दर का अर्थ हूता भय
C:\Users\edwin\OneDrive\Desktop\Capstone\hindi indic\HDSD\hindi_sent\M62\M62_S2_H22_M2.wav,eika baara phira sei aabhaara,M62,M62_S2_H22,M2,5,2.2500625,eika baara phira se aabhaara,एइक बार फिर से आभार
C:\Users\edwin\OneDrive\Desktop\Capstone\hindi indic\HDSD\hindi_sent\M62\M62_S2_H23_M2.wav,naa jaanei kitanei looga isei padhtei hai,M62,M62_S2_H23,M2,7,3.8125625,naa jaane kitane looga ise padhte hai,ना जाने कितने लूग इसे पध्ते है
C:\Users\edwin\OneDrive\Desktop\Capstone\hindi indic\HDSD\hindi_sent\M62\M62_S2_H24_M2.wav,abhii main shaanta hii huuna,M62,M62_S2_H24,M2,5,2.3375625,abhi main shaanta hi huuna,अभि मैन् शान्त हि हून
C:\Users\edwin\OneDrive\Desktop\Capstone\hindi indic\HDSD\hindi_sent\M62\M62_S2_H25_M2.wav,svaagata kei liyei dhanyavaada,M62,M62_S2_H25,M2,4,1.86725,svaagata ke liye dhanyavaada,स्वागत के लिये धन्यवाद
C:\Users\edwin\OneDrive\Desktop\Capstone\hindi indic\HDSD\hindi_sent\M62\M62_S2_H26_M2.wav,achchhaa kaarya jaarii rakhein,M62,M62_S2_H26,M2,4,2.9375625,achchhaa kaarya jaari rakhein,अच्छा कार्य जारि रखेइन्
C:\Users\edwin\OneDrive\Desktop\Capstone\hindi indic\HDSD\hindi_sent\M62\M62_S2_H27_M2.wav,main bhaarata mein rahataa huuna,M62,M62_S2_H27,M2,5,1.8438125,main bhaarata mein rahataa huuna,मैन् भारत मेइन् रहता हून
C:\Users\edwin\OneDrive\Desktop\Capstone\hindi indic\HDSD\hindi_sent\M62\M62_S2_H28_M2.wav,kahaa jaataa hai ki unhoonnei kabhii jiivana mein jhuutha kaa sahaaraa nahiin liyaa,M62,M62_S2_H28,M2,13,6.2188125,kahaa jaataa hai ki unhoonne kabhi jiivana mein jhuutha kaa sahaaraa nahiin liyaa,कहा जाता है कि उन्हून्ने कभि जीवन मेइन् झूथ का सहारा नहीन् लिया
C:\Users\edwin\OneDrive\Desktop\Capstone\hindi indic\HDSD\hindi_sent\M62\M62_S2_H29_M2.wav,aapakaa sandeisha paakara achchhaa lagaa,M62,M62_S2_H29,M2,5,2.8750625,aapakaa sandeisha paakara achchhaa lagaa,आपका सन्देइश पाकर अच्छा लगा
C:\Users\edwin\OneDrive\Desktop\Capstone\hindi indic\HDSD\hindi_sent\M62\M62_S2_H30_M2.wav,jaldii sei jaldii kuchha kiijiei,M62,M62_S2_H30,M2,5,2.7113125,jaldi se jaldi kuchha kiijie,जल्दि से जल्दि कुछ कीजिए
