path,subject_id,session_id,sentence_id,gender,is_control,transcript_roman,transcript
C:\Users\edwin\OneDrive\Desktop\Capstone\hindi indic\HDSD\hindi_sent\CF00\CF00_S1_H01_M2.wav,CF00,S1,H01,F,True,aapakei hindii pasanda karanei para khushii huii,आपके हिंदी पसंद करने पर खुशी हुई
C:\Users\edwin\OneDrive\Desktop\Capstone\hindi indic\HDSD\hindi_sent\CF00\CF00_S1_H02_M2.wav,CF00,S1,H02,F,True,isakei badalei mein tuma kuchha aura maanaga loo,इसके बदले में तुम कुछ और मांग लो
C:\Users\edwin\OneDrive\Desktop\Capstone\hindi indic\HDSD\hindi_sent\CF00\CF00_S1_H03_M2.wav,CF00,S1,H03,F,True,chikitsaa kaa artha hootaa hai ilaaja,चिकित्सा का अर्थ होता है इलाज
C:\Users\edwin\OneDrive\Desktop\Capstone\hindi indic\HDSD\hindi_sent\CF00\CF00_S1_H04_M2.wav,CF00,S1,H04,F,True,isei aisei hii jaarii rakhein,इसे ऐसे ही जारी रखें
C:\Users\edwin\OneDrive\Desktop\Capstone\hindi indic\HDSD\hindi_sent\CF00\CF00_S1_H05_M2.wav,CF00,S1,H05,F,True,madada kei liyei bahuta dhanyavaada,मदद के लिए बहुत धन्यवाद
C:\Users\edwin\OneDrive\Desktop\Capstone\hindi indic\HDSD\hindi_sent\CF00\CF00_S1_H06_M2.wav,CF00,S1,H06,F,True,aba joo main kahataa huuna usakaa paalana karoo,अब जो मैं कहता हूं उसका पालन करो
C:\Users\edwin\OneDrive\Desktop\Capstone\hindi indic\HDSD\hindi_sent\CF00\CF00_S1_H07_M2.wav,CF00,S1,H07,F,True,bhaarata mein aisaa nahiin huaa hai,भारत में ऐसा नहीं हुआ है
C:\Users\edwin\OneDrive\Desktop\Capstone\hindi indic\HDSD\hindi_sent\CF00\CF00_S1_H08_M2.wav,CF00,S1,H08,F,True,isa sahayooga heitu bhii bahuta dhanyavaada,इस सहयोग हेतु भी बहुत धन्यवाद
C:\Users\edwin\OneDrive\Desktop\Capstone\hindi indic\HDSD\hindi_sent\CF00\CF00_S1_H09_M2.wav,CF00,S1,H09,F,True,para yaha sanbhava naa hoo sakaa,पर यह संभव ना हो सका
C:\Users\edwin\OneDrive\Desktop\Capstone\hindi indic\HDSD\hindi_sent\CF00\CF00_S1_H10_M2.wav,CF00,S1,H10,F,True,meirii baatoon ki oora dhyaana diijiyei,मेरी बातों कि और ध्यान दीजिए
C:\Users\edwin\OneDrive\Desktop\Capstone\hindi indic\HDSD\hindi_sent\CF00\CF00_S1_H11_M2.wav,CF00,S1,H11,F,True,yahaan sei sangharshha kaa daura shuruu huaa,यहाँ से संघर्ष का दौर शुरू हुआ
C:\Users\edwin\OneDrive\Desktop\Capstone\hindi indic\HDSD\hindi_sent\CF00\CF00_S1_H12_M2.wav,CF00,S1,H12,F,True,doonoon mein badaa antara thaa,दोनों में बड़ा अंतर था
C:\Users\edwin\OneDrive\Desktop\Capstone\hindi indic\HDSD\hindi_sent\CF00\CF00_S1_H13_M2.wav,CF00,S1,H13,F,True,aapa sabhii kei sahayooga kei liyei bahuta dhanyavaada,आप सभी के सहयोग के लिए बहुत धन्यवाद
C:\Users\edwin\OneDrive\Desktop\Capstone\hindi indic\HDSD\hindi_sent\CF00\CF00_S1_H14_M2.wav,CF00,S1,H14,F,True,bahuta sei looga aisaa kara rahei hai,बहुत से लोग ऐसा कर रहे है
C:\Users\edwin\OneDrive\Desktop\Capstone\hindi indic\HDSD\hindi_sent\CF00\CF00_S1_H15_M2.wav,CF00,S1,H15,F,True,samaya kei saatha hii nahiin usasei aagei chalaa jaaei,समय के साथ ही नहीं उससे आगे चला जाए
C:\Users\edwin\OneDrive\Desktop\Capstone\hindi indic\HDSD\hindi_sent\CF00\CF00_S1_H16_M2.wav,CF00,S1,H16,F,True,main krikeita kheila koo kaaphii pasanda karataa huuna,मैं क्रिकेट खेल को काफी पसंद करता हूं
C:\Users\edwin\OneDrive\Desktop\Capstone\hindi indic\HDSD\hindi_sent\CF00\CF00_S1_H17_M2.wav,CF00,S1,H17,F,True,shaayada samajha aa gayaa hoo,शायद समझ आ गया हो
C:\Users\edwin\OneDrive\Desktop\Capstone\hindi indic\HDSD\hindi_sent\CF00\CF00_S1_H18_M2.wav,CF00,S1,H18,F,True,joo shaayada aapanei deikhaa naa hoo,जो शायद आपने देखा ना हो
C:\Users\edwin\OneDrive\Desktop\Capstone\hindi indic\HDSD\hindi_sent\CF00\CF00_S1_H19_M2.wav,CF00,S1,H19,F,True,main bhuula hii gayaa thaa isa baata koo,मैं भूला ही गया था इस बात को
C:\Users\edwin\OneDrive\Desktop\Capstone\hindi indic\HDSD\hindi_sent\CF00\CF00_S1_H20_M2.wav,CF00,S1,H20,F,True,magara vaha bhii nahiin huaa,मगर वह भी नहीं हुआ
C:\Users\edwin\OneDrive\Desktop\Capstone\hindi indic\HDSD\hindi_sent\CF00\CF00_S1_H21_M2.wav,CF00,S1,H21,F,True,dara kaa artha hootaa hai bhaya,दर का अर्थ होता है भय
C:\Users\edwin\OneDrive\Desktop\Capstone\hindi indic\HDSD\hindi_sent\CF00\CF00_S1_H22_M2.wav,CF00,S1,H22,F,True,eika baara phira sei aabhaara,एक बार फिर से आभार
C:\Users\edwin\OneDrive\Desktop\Capstone\hindi indic\HDSD\hindi_sent\CF00\CF00_S1_H23_M2.wav,CF00,S1,H23,F,True,naa jaanei kitanei looga isei padhtei hai,ना जाने कितने लोग इसे पढ़ते है
C:\Users\edwin\OneDrive\Desktop\Capstone\hindi indic\HDSD\hindi_sent\CF00\CF00_S1_H24_M2.wav,CF00,S1,H24,F,True,abhii main shaanta hii huuna,अभी मैं शांत ही हूं
C:\Users\edwin\OneDrive\Desktop\Capstone\hindi indic\HDSD\hindi_sent\CF00\CF00_S1_H25_M2.wav,CF00,S1,H25,F,True,svaagata kei liyei dhanyavaada,स्वागत के लिए धन्यवाद
C:\Users\edwin\OneDrive\Desktop\Capstone\hindi indic\HDSD\hindi_sent\CF00\CF00_S1_H26_M2.wav,CF00,S1,H26,F,True,aapa apanaa yaha achchhaa kaarya jaarii rakhein,आप अपना यह अच्छा कार्य जारी रखें
C:\Users\edwin\OneDrive\Desktop\Capstone\hindi indic\HDSD\hindi_sent\CF00\CF00_S1_H27_M2.wav,CF00,S1,H27,F,True,main bhaarata mein rahataa huuna,मैं भारत में रहता हूं
C:\Users\edwin\OneDrive\Desktop\Capstone\hindi indic\HDSD\hindi_sent\CF00\CF00_S1_H28_M2.wav,CF00,S1,H28,F,True,kahaa jaataa hai ki unhoonnei kabhii jiivana mein jhuutha kaa sahaaraa nahiin liyaa,कहा जाता है कि उन्होंने कभी जीवन में झूठ का सहारा नहीं लिया
C:\Users\edwin\OneDrive\Desktop\Capstone\hindi indic\HDSD\hindi_sent\CF00\CF00_S1_H29_M2.wav,CF00,S1,H29,F,True,aapakaa sandeisha paakara achchhaa lagaa,आपका संदेश पाकर अच्छा लगा
C:\Users\edwin\OneDrive\Desktop\Capstone\hindi indic\HDSD\hindi_sent\CF00\CF00_S1_H30_M2.wav,CF00,S1,H30,F,True,jaldii sei jaldii kuchha kiijiei,जल्दी से जल्दी कुछ कीजिए
C:\Users\edwin\OneDrive\Desktop\Capstone\hindi indic\HDSD\hindi_sent\CF02\CF02_S1_H01_M2.wav,CF02,S1,H01,F,True,aapakei hindii pasanda karanei para khushii huii,आपके हिंदी पसंद करने पर खुशी हुई
C:\Users\edwin\OneDrive\Desktop\Capstone\hindi indic\HDSD\hindi_sent\CF02\CF02_S1_H02_M2.wav,CF02,S1,H02,F,True,isakei badalei mein tuma kuchha aura maanaga loo,इसके बदले में तुम कुछ और मांग लो
C:\Users\edwin\OneDrive\Desktop\Capstone\hindi indic\HDSD\hindi_sent\CF02\CF02_S1_H03_M2.wav,CF02,S1,H03,F,True,chikitsaa kaa artha hootaa hai ilaaja,चिकित्सा का अर्थ होता है इलाज
C:\Users\edwin\OneDrive\Desktop\Capstone\hindi indic\HDSD\hindi_sent\CF02\CF02_S1_H04_M2.wav,CF02,S1,H04,F,True,isei aisei hii jaarii rakhein,इसे ऐसे ही जारी रखें
C:\Users\edwin\OneDrive\Desktop\Capstone\hindi indic\HDSD\hindi_sent\CF02\CF02_S1_H05_M2.wav,CF02,S1,H05,F,True,madada kei liyei bahuta dhanyavaada,मदद के लिए बहुत धन्यवाद
C:\Users\edwin\OneDrive\Desktop\Capstone\hindi indic\HDSD\hindi_sent\CF02\CF02_S1_H06_M2.wav,CF02,S1,H06,F,True,aba joo main kahataa huuna usakaa paalana karoo,अब जो मैं कहता हूं उसका पालन करो
C:\Users\edwin\OneDrive\Desktop\Capstone\hindi indic\HDSD\hindi_sent\CF02\CF02_S1_H07_M2.wav,CF02,S1,H07,F,True,bhaarata mein aisaa nahiin huaa,भारत में ऐसा नहीं हुआ
C:\Users\edwin\OneDrive\Desktop\Capstone\hindi indic\HDSD\hindi_sent\CF02\CF02_S1_H08_M2.wav,CF02,S1,H08,F,True,isa sahayooga heitu bhii bahuta dhanyavaada,इस सहयोग हेतु भी बहुत धन्यवाद
C:\Users\edwin\OneDrive\Desktop\Capstone\hindi indic\HDSD\hindi_sent\CF02\CF02_S1_H09_M2.wav,CF02,S1,H09,F,True,para sanbhava naa hoo sakaa,पर संभव ना हो सका
C:\Users\edwin\OneDrive\Desktop\Capstone\hindi indic\HDSD\hindi_sent\CF02\CF02_S1_H10_M2.wav,CF02,S1,H10,F,True,meirii baatoon koo dhyaana diijiyei,मेरी बातों को ध्यान दीजिए
C:\Users\edwin\OneDrive\Desktop\Capstone\hindi indic\HDSD\hindi_sent\CF02\CF02_S1_H11_M2.wav,CF02,S1,H11,F,True,yahaan sei sangharshha kaa daura shuruu huaa,यहाँ से संघर्ष का दौर शुरू हुआ
C:\Users\edwin\OneDrive\Desktop\Capstone\hindi indic\HDSD\hindi_sent\CF02\CF02_S1_H12_M2.wav,CF02,S1,H12,F,True,doonoon mein badaa antara thaa,दोनों में बड़ा अंतर था
C:\Users\edwin\OneDrive\Desktop\Capstone\hindi indic\HDSD\hindi_sent\CF02\CF02_S1_H13_M2.wav,CF02,S1,H13,F,True,aapa sabhii kei sahayooga kei liyei bahuta dhanyavaada,आप सभी के सहयोग के लिए बहुत धन्यवाद
C:\Users\edwin\OneDrive\Desktop\Capstone\hindi indic\HDSD\hindi_sent\CF02\CF02_S1_H14_M2.wav,CF02,S1,H14,F,True,bahuta sei looga aisaa kara rahei hai,बहुत से लोग ऐसा कर रहे है
C:\Users\edwin\OneDrive\Desktop\Capstone\hindi indic\HDSD\hindi_sent\CF02\CF02_S1_H15_M2.wav,CF02,S1,H15,F,True,samaya kei saatha hii nahiin usasei aagei chalaa jaaei,समय के साथ ही नहीं उससे आगे चला जाए
C:\Users\edwin\OneDrive\Desktop\Capstone\hindi indic\HDSD\hindi_sent\CF02\CF02_S1_H16_M2.wav,CF02,S1,H16,F,True,main krikeita kheila koo kaaphii pasanda karataa huuna,मैं क्रिकेट खेल को काफी पसंद करता हूं
C:\Users\edwin\OneDrive\Desktop\Capstone\hindi indic\HDSD\hindi_sent\CF02\CF02_S1_H17_M2.wav,CF02,S1,H17,F,True,shaayada samajha aa gayaa hoo,शायद समझ आ गया हो
C:\Users\edwin\OneDrive\Desktop\Capstone\hindi indic\HDSD\hindi_sent\CF02\CF02_S1_H18_M2.wav,CF02,S1,H18,F,True,joo shaayada aapanei deikhaa naa hoo,जो शायद आपने देखा ना हो
C:\Users\edwin\OneDrive\Desktop\Capstone\hindi indic\HDSD\hindi_sent\CF02\CF02_S1_H19_M2.wav,CF02,S1,H19,F,True,main bhuula hii gayaa thaa isa baata koo,मैं भूला ही गया था इस बात को
C:\Users\edwin\OneDrive\Desktop\Capstone\hindi indic\HDSD\hindi_sent\CF02\CF02_S1_H20_M2.wav,CF02,S1,H20,F,True,magara vaha bhii nahiin huaa,मगर वह भी नहीं हुआ
C:\Users\edwin\OneDrive\Desktop\Capstone\hindi indic\HDSD\hindi_sent\CF02\CF02_S1_H21_M2.wav,CF02,S1,H21,F,True,dara kaa artha hootaa hai bhaya,दर का अर्थ होता है भय
C:\Users\edwin\OneDrive\Desktop\Capstone\hindi indic\HDSD\hindi_sent\CF02\CF02_S1_H22_M2.wav,CF02,S1,H22,F,True,eika baara phira sei aabhaara,एक बार फिर से आभार
C:\Users\edwin\OneDrive\Desktop\Capstone\hindi indic\HDSD\hindi_sent\CF02\CF02_S1_H23_M2.wav,CF02,S1,H23,F,True,naa naa jaanei kitanei looga isei padhtei hai,ना ना जाने कितने लोग इसे पढ़ते है
C:\Users\edwin\OneDrive\Desktop\Capstone\hindi indic\HDSD\hindi_sent\CF02\CF02_S1_H24_M2.wav,CF02,S1,H24,F,True,abhii main shaanta hii huuna,अभी मैं शांत ही हूं
C:\Users\edwin\OneDrive\Desktop\Capstone\hindi indic\HDSD\hindi_sent\CF02\CF02_S1_H25_M2.wav,CF02,S1,H25,F,True,svaagata kei liyei dhanyavaada,स्वागत के लिए धन्यवाद
C:\Users\edwin\OneDrive\Desktop\Capstone\hindi indic\HDSD\hindi_sent\CF02\CF02_S1_H26_M2.wav,CF02,S1,H26,F,True,aapa apanaa yaha achchhaa kaarya jaarii rakhein,आप अपना यह अच्छा कार्य जारी रखें
C:\Users\edwin\OneDrive\Desktop\Capstone\hindi indic\HDSD\hindi_sent\CF02\CF02_S1_H27_M2.wav,CF02,S1,H27,F,True,main bhaarata mein rahataa huuna,मैं भारत में रहता हूं
C:\Users\edwin\OneDrive\Desktop\Capstone\hindi indic\HDSD\hindi_sent\CF02\CF02_S1_H28_M2.wav,CF02,S1,H28,F,True,kahaa jaataa hai ki unhoonnei kabhii jiivana mein jhuutha kaa sahaaraa nahiin liyaa,कहा जाता है कि उन्होंने कभी जीवन में झूठ का सहारा नहीं लिया
C:\Users\edwin\OneDrive\Desktop\Capstone\hindi indic\HDSD\hindi_sent\CF02\CF02_S1_H29_M2.wav,CF02,S1,H29,F,True,aapakaa sandeisha paakara achchhaa lagaa,आपका संदेश पाकर अच्छा लगा
C:\Users\edwin\OneDrive\Desktop\Capstone\hindi indic\HDSD\hindi_sent\CF02\CF02_S1_H30_M2.wav,CF02,S1,H30,F,True,jaldii sei jaldii kuchha kiijiei,जल्दी से जल्दी कुछ कीजिए
C:\Users\edwin\OneDrive\Desktop\Capstone\hindi indic\HDSD\hindi_sent\CF06\CF06_S1_H01_M2.wav,CF06,S1,H01,F,True,aapakei hindii pasanda karanei para khushii huii,आपके हिंदी पसंद करने पर खुशी हुई
C:\Users\edwin\OneDrive\Desktop\Capstone\hindi indic\HDSD\hindi_sent\CF06\CF06_S1_H02_M2.wav,CF06,S1,H02,F,True,isakei badalei mein tuma kuchha aura maanaga loo,इसके बदले में तुम कुछ और मांग लो
C:\Users\edwin\OneDrive\Desktop\Capstone\hindi indic\HDSD\hindi_sent\CF06\CF06_S1_H03_M2.wav,CF06,S1,H03,F,True,chikitsaa kaa artha hootaa hai ilaaja,चिकित्सा का अर्थ होता है इलाज
C:\Users\edwin\OneDrive\Desktop\Capstone\hindi indic\HDSD\hindi_sent\CF06\CF06_S1_H04_M2.wav,CF06,S1,H04,F,True,isei aisei hii jaarii rakhein,इसे ऐसे ही जारी रखें
C:\Users\edwin\OneDrive\Desktop\Capstone\hindi indic\HDSD\hindi_sent\CF06\CF06_S1_H05_M2.wav,CF06,S1,H05,F,True,madada kei liyei bahuta dhanyavaada,मदद के लिए बहुत धन्यवाद
C:\Users\edwin\OneDrive\Desktop\Capstone\hindi indic\HDSD\hindi_sent\CF06\CF06_S1_H06_M2.wav,CF06,S1,H06,F,True,aba joo main kahataa huuna usakaa paalana karoo,अब जो मैं कहता हूं उसका पालन करो
C:\Users\edwin\OneDrive\Desktop\Capstone\hindi indic\HDSD\hindi_sent\CF06\CF06_S1_H07_M2.wav,CF06,S1,H07,F,True,bhaarata mein aisaa nahiin huaa hai,भारत में ऐसा नहीं हुआ है
C:\Users\edwin\OneDrive\Desktop\Capstone\hindi indic\HDSD\hindi_sent\CF06\CF06_S1_H08_M2.wav,CF06,S1,H08,F,True,isa sahayooga heitu bhii bahuta dhanyavaada,इस सहयोग हेतु भी बहुत धन्यवाद
C:\Users\edwin\OneDrive\Desktop\Capstone\hindi indic\HDSD\hindi_sent\CF06\CF06_S1_H09_M2.wav,CF06,S1,H09,F,True,para yaha sanbhava naa hoo sakaa,पर यह संभव ना हो सका
C:\Users\edwin\OneDrive\Desktop\Capstone\hindi indic\HDSD\hindi_sent\CF06\CF06_S1_H10_M2.wav,CF06,S1,H10,F,True,meirii baatoon ki oora dhyaana diijiyei,मेरी बातों कि और ध्यान दीजिए
C:\Users\edwin\OneDrive\Desktop\Capstone\hindi indic\HDSD\hindi_sent\CF06\CF06_S1_H11_M2.wav,CF06,S1,H11,F,True,yahaan sei sangharshha kaa daura shuruu huaa,यहाँ से संघर्ष का दौर शुरू हुआ
C:\Users\edwin\OneDrive\Desktop\Capstone\hindi indic\HDSD\hindi_sent\CF06\CF06_S1_H12_M2.wav,CF06,S1,H12,F,True,doonoon mein badaa antara thaa,दोनों में बड़ा अंतर था
C:\Users\edwin\OneDrive\Desktop\Capstone\hindi indic\HDSD\hindi_sent\CF06\CF06_S1_H13_M2.wav,CF06,S1,H13,F,True,aapa sabhii kei sahayooga kei liyei bahuta dhanyavaada,आप सभी के सहयोग के लिए बहुत धन्यवाद
C:\Users\edwin\OneDrive\Desktop\Capstone\hindi indic\HDSD\hindi_sent\CF06\CF06_S1_H14_M2.wav,CF06,S1,H14,F,True,bahuta sei looga aisaa kara rahei hai,बहुत से लोग ऐसा कर रहे है
C:\Users\edwin\OneDrive\Desktop\Capstone\hindi indic\HDSD\hindi_sent\CF06\CF06_S1_H15_M2.wav,CF06,S1,H15,F,True,samaya kei saatha hii nahiin usasei aagei chalaa jaaei,समय के साथ ही नहीं उससे आगे चला जाए
C:\Users\edwin\OneDrive\Desktop\Capstone\hindi indic\HDSD\hindi_sent\CF06\CF06_S1_H16_M2.wav,CF06,S1,H16,F,True,main krikeita kheila koo kaaphii pasanda karataa huuna,मैं क्रिकेट खेल को काफी पसंद करता हूं
C:\Users\edwin\OneDrive\Desktop\Capstone\hindi indic\HDSD\hindi_sent\CF06\CF06_S1_H17_M2.wav,CF06,S1,H17,F,True,shaayada samajha aa gayaa hoo,शायद समझ आ गया हो
C:\Users\edwin\OneDrive\Desktop\Capstone\hindi indic\HDSD\hindi_sent\CF06\CF06_S1_H18_M2.wav,CF06,S1,H18,F,True,joo shaayada aapanei deikhaa naa hoo,जो शायद आपने देखा ना हो
C:\Users\edwin\OneDrive\Desktop\Capstone\hindi indic\HDSD\hindi_sent\CF06\CF06_S1_H19_M2.wav,CF06,S1,H19,F,True,main bhuula hii gayaa thaa isa baata koo,मैं भूला ही गया था इस बात को
C:\Users\edwin\OneDrive\Desktop\Capstone\hindi indic\HDSD\hindi_sent\CF06\CF06_S1_H20_M2.wav,CF06,S1,H20,F,True,magara vaha bhii nahiin huaa,मगर वह भी नहीं हुआ
C:\Users\edwin\OneDrive\Desktop\Capstone\hindi indic\HDSD\hindi_sent\CF06\CF06_S1_H21_M2.wav,CF06,S1,H21,F,True,dara kaa artha hootaa hai bhaya,दर का अर्थ होता है भय
C:\Users\edwin\OneDrive\Desktop\Capstone\hindi indic\HDSD\hindi_sent\CF06\CF06_S1_H22_M2.wav,CF06,S1,H22,F,True,eika baara phira sei aabhaara,एक बार फिर से आभार
C:\Users\edwin\OneDrive\Desktop\Capstone\hindi indic\HDSD\hindi_sent\CF06\CF06_S1_H23_M2.wav,CF06,S1,H23,F,True,naa jaanei kitanei looga isei padhtei hai,ना जाने कितने लोग इसे पढ़ते है
C:\Users\edwin\OneDrive\Desktop\Capstone\hindi indic\HDSD\hindi_sent\CF06\CF06_S1_H24_M2.wav,CF06,S1,H24,F,True,abhii main shaanta hii huuna,अभी मैं शांत ही हूं
C:\Users\edwin\OneDrive\Desktop\Capstone\hindi indic\HDSD\hindi_sent\CF06\CF06_S1_H25_M2.wav,CF06,S1,H25,F,True,svaagata kei liyei dhanyavaada,स्वागत के लिए धन्यवाद
C:\Users\edwin\OneDrive\Desktop\Capstone\hindi indic\HDSD\hindi_sent\CF06\CF06_S1_H26_M2.wav,CF06,S1,H26,F,True,aapa apanaa yaha achchhaa kaarya jaarii rakhein,आप अपना यह अच्छा कार्य जारी रखें
C:\Users\edwin\OneDrive\Desktop\Capstone\hindi indic\HDSD\hindi_sent\CF06\CF06_S1_H27_M2.wav,CF06,S1,H27,F,True,main bhaarata mein rahataa huuna,मैं भारत में रहता हूं
C:\Users\edwin\OneDrive\Desktop\Capstone\hindi indic\HDSD\hindi_sent\CF06\CF06_S1_H28_M2.wav,CF06,S1,H28,F,True,kahaa jaataa hai ki unhoonnei kabhii jiivana mein jhuutha kaa sahaaraa nahiin liyaa,कहा जाता है कि उन्होंने कभी जीवन में झूठ का सहारा नहीं लिया
C:\Users\edwin\OneDrive\Desktop\Capstone\hindi indic\HDSD\hindi_sent\CF06\CF06_S1_H29_M2.wav,CF06,S1,H29,F,True,aapakaa sandeisha paakara achchhaa lagaa,आपका संदेश पाकर अच्छा लगा
C:\Users\edwin\OneDrive\Desktop\Capstone\hindi indic\HDSD\hindi_sent\CF06\CF06_S1_H30_M2.wav,CF06,S1,H30,F,True,jaldii sei jaldii kuchha kiijiei,जल्दी से जल्दी कुछ कीजिए
C:\Users\edwin\OneDrive\Desktop\Capstone\hindi indic\HDSD\hindi_sent\CM04\CM04_S1_H01_M2.wav,CM04,S1,H01,M,True,aapakei hindii pasanda karanei para khushii huii,आपके हिंदी पसंद करने पर खुशी हुई
C:\Users\edwin\OneDrive\Desktop\Capstone\hindi indic\HDSD\hindi_sent\CM04\CM04_S1_H02_M2.wav,CM04,S1,H02,M,True,isakei badalei mein tuma kuchha aura maanaga loo,इसके बदले में तुम कुछ और मांग लो
C:\Users\edwin\OneDrive\Desktop\Capstone\hindi indic\HDSD\hindi_sent\CM04\CM04_S1_H03_M2.wav,CM04,S1,H03,M,True,chikitsaa kaa artha hootaa hai ilaaja,चिकित्सा का अर्थ होता है इलाज
C:\Users\edwin\OneDrive\Desktop\Capstone\hindi indic\HDSD\hindi_sent\CM04\CM04_S1_H04_M2.wav,CM04,S1,H04,M,True,isei aisei hii jaarii rakhein,इसे ऐसे ही जारी रखें
C:\Users\edwin\OneDrive\Desktop\Capstone\hindi indic\HDSD\hindi_sent\CM04\CM04_S1_H05_M2.wav,CM04,S1,H05,M,True,madada kei liyei bahuta dhanyavaada,मदद के लिए बहुत धन्यवाद
C:\Users\edwin\OneDrive\Desktop\Capstone\hindi indic\HDSD\hindi_sent\CM04\CM04_S1_H06_M2.wav,CM04,S1,H06,M,True,aba joo main kahataa huuna usakaa paalana karoo,अब जो मैं कहता हूं उसका पालन करो
C:\Users\edwin\OneDrive\Desktop\Capstone\hindi indic\HDSD\hindi_sent\CM04\CM04_S1_H07_M2.wav,CM04,S1,H07,M,True,bhaarata mein aisaa nahiin huaa hai,भारत में ऐसा नहीं हुआ है
C:\Users\edwin\OneDrive\Desktop\Capstone\hindi indic\HDSD\hindi_sent\CM04\CM04_S1_H08_M2.wav,CM04,S1,H08,M,True,isa sahayooga heitu bhii bahuta dhanyavaada,इस सहयोग हेतु भी बहुत धन्यवाद
C:\Users\edwin\OneDrive\Desktop\Capstone\hindi indic\HDSD\hindi_sent\CM04\CM04_S1_H09_M2.wav,CM04,S1,H09,M,True,para yaha sanbhava naa hoo sakaa,पर यह संभव ना हो सका
C:\Users\edwin\OneDrive\Desktop\Capstone\hindi indic\HDSD\hindi_sent\CM04\CM04_S1_H10_M2.wav,CM04,S1,H10,M,True,meirii baatoon ki oora dhyaana diijiyei,मेरी बातों कि और ध्यान दीजिए
C:\Users\edwin\OneDrive\Desktop\Capstone\hindi indic\HDSD\hindi_sent\CM04\CM04_S1_H11_M2.wav,CM04,S1,H11,M,True,yahaan sei sangharshha kaa daura shuruu huaa,यहाँ से संघर्ष का दौर शुरू हुआ
C:\Users\edwin\OneDrive\Desktop\Capstone\hindi indic\HDSD\hindi_sent\CM04\CM04_S1_H12_M2.wav,CM04,S1,H12,M,True,doonoon mein badaa antara thaa,दोनों में बड़ा अंतर था
C:\Users\edwin\OneDrive\Desktop\Capstone\hindi indic\HDSD\hindi_sent\CM04\CM04_S1_H13_M2.wav,CM04,S1,H13,M,True,aapa sabhii kei sahayooga kei liyei bahuta dhanyavaada,आप सभी के सहयोग के लिए बहुत धन्यवाद
C:\Users\edwin\OneDrive\Desktop\Capstone\hindi indic\HDSD\hindi_sent\CM04\CM04_S1_H14_M2.wav,CM04,S1,H14,M,True,bahuta sei looga aisaa kara rahei hai,बहुत से लोग ऐसा कर रहे है
C:\Users\edwin\OneDrive\Desktop\Capstone\hindi indic\HDSD\hindi_sent\CM04\CM04_S1_H15_M2.wav,CM04,S1,H15,M,True,samaya kei saatha hii nahiin usasei aagei chalaa jaaei,समय के साथ ही नहीं उससे आगे चला जाए
C:\Users\edwin\OneDrive\Desktop\Capstone\hindi indic\HDSD\hindi_sent\CM04\CM04_S1_H16_M2.wav,CM04,S1,H16,M,True,main krikeita kheila koo kaaphii pasanda karataa huuna,मैं क्रिकेट खेल को काफी पसंद करता हूं
C:\Users\edwin\OneDrive\Desktop\Capstone\hindi indic\HDSD\hindi_sent\CM04\CM04_S1_H17_M2.wav,CM04,S1,H17,M,True,shaayada samajha aa gayaa hoo,शायद समझ आ गया हो
C:\Users\edwin\OneDrive\Desktop\Capstone\hindi indic\HDSD\hindi_sent\CM04\CM04_S1_H18_M2.wav,CM04,S1,H18,M,True,joo shaayada aapanei deikhaa naa hoo,जो शायद आपने देखा ना हो
C:\Users\edwin\OneDrive\Desktop\Capstone\hindi indic\HDSD\hindi_sent\CM04\CM04_S1_H19_M2.wav,CM04,S1,H19,M,True,main bhuula hii gayaa thaa isa baata koo,मैं भूला ही गया था इस बात को
C:\Users\edwin\OneDrive\Desktop\Capstone\hindi indic\HDSD\hindi_sent\CM04\CM04_S1_H20_M2.wav,CM04,S1,H20,M,True,magara vaha bhii nahiin huaa,मगर वह भी नहीं हुआ
C:\Users\edwin\OneDrive\Desktop\Capstone\hindi indic\HDSD\hindi_sent\CM04\CM04_S1_H21_M2.wav,CM04,S1,H21,M,True,dara kaa artha hootaa hai bhaya,दर का अर्थ होता है भय
C:\Users\edwin\OneDrive\Desktop\Capstone\hindi indic\HDSD\hindi_sent\CM04\CM04_S1_H22_M2.wav,CM04,S1,H22,M,True,eika baara phira sei aabhaara,एक बार फिर से आभार
C:\Users\edwin\OneDrive\Desktop\Capstone\hindi indic\HDSD\hindi_sent\CM04\CM04_S1_H23_M2.wav,CM04,S1,H23,M,True,naa jaanei kitanei looga isei padhtei hai,ना जाने कितने लोग इसे पढ़ते है
C:\Users\edwin\OneDrive\Desktop\Capstone\hindi indic\HDSD\hindi_sent\CM04\CM04_S1_H24_M2.wav,CM04,S1,H24,M,True,abhii main shaanta hii huuna,अभी मैं शांत ही हूं
C:\Users\edwin\OneDrive\Desktop\Capstone\hindi indic\HDSD\hindi_sent\CM04\CM04_S1_H25_M2.wav,CM04,S1,H25,M,True,svaagata kei liyei dhanyavaada,स्वागत के लिए धन्यवाद
C:\Users\edwin\OneDrive\Desktop\Capstone\hindi indic\HDSD\hindi_sent\CM04\CM04_S1_H26_M2.wav,CM04,S1,H26,M,True,aapa apanaa yaha achchhaa kaarya jaarii rakhein,आप अपना यह अच्छा कार्य जारी रखें
C:\Users\edwin\OneDrive\Desktop\Capstone\hindi indic\HDSD\hindi_sent\CM04\CM04_S1_H27_M2.wav,CM04,S1,H27,M,True,main bhaarata mein rahataa huuna,मैं भारत में रहता हूं
C:\Users\edwin\OneDrive\Desktop\Capstone\hindi indic\HDSD\hindi_sent\CM04\CM04_S1_H28_M2.wav,CM04,S1,H28,M,True,kahaa jaataa hai ki unhoonnei kabhii jiivana mein jhuutha kaa sahaaraa nahiin liyaa,कहा जाता है कि उन्होंने कभी जीवन में झूठ का सहारा नहीं लिया
C:\Users\edwin\OneDrive\Desktop\Capstone\hindi indic\HDSD\hindi_sent\CM04\CM04_S1_H29_M2.wav,CM04,S1,H29,M,True,aapakaa sandeisha paakara achchhaa lagaa,आपका संदेश पाकर अच्छा लगा
C:\Users\edwin\OneDrive\Desktop\Capstone\hindi indic\HDSD\hindi_sent\CM04\CM04_S1_H30_M2.wav,CM04,S1,H30,M,True,jaldii sei jaldii kuchha kiijiei,जल्दी से जल्दी कुछ कीजिए
C:\Users\edwin\OneDrive\Desktop\Capstone\hindi indic\HDSD\hindi_sent\F07\F07_S1_H01_M2.wav,F07,S1,H01,F,False,aapakei hindii pasanda karanei pasanda karanei para hindii khushii huii,आपके हिंदी पसंद करने पसंद करने पर हिंदी खुशी हुई
C:\Users\edwin\OneDrive\Desktop\Capstone\hindi indic\HDSD\hindi_sent\F07\F07_S1_H02_M2.wav,F07,S1,H02,F,False,isakei badalei mein tuma kuchha aura maanaga loo,इसके बदले में तुम कुछ और मांग लो
C:\Users\edwin\OneDrive\Desktop\Capstone\hindi indic\HDSD\hindi_sent\F07\F07_S1_H03_M2.wav,F07,S1,H03,F,False,chikitsaa chikitsaa kaa artha hootaa hai ilaaja,चिकित्सा चिकित्सा का अर्थ होता है इलाज
C:\Users\edwin\OneDrive\Desktop\Capstone\hindi indic\HDSD\hindi_sent\F07\F07_S1_H04_M2.wav,F07,S1,H04,F,False,isei aisei hii jaarii rakhein,इसे ऐसे ही जारी रखें
C:\Users\edwin\OneDrive\Desktop\Capstone\hindi indic\HDSD\hindi_sent\F07\F07_S1_H05_M2.wav,F07,S1,H05,F,False,madada kei liyei madada kei liyei bahuta dhanyavaada,मदद के लिए मदद के लिए बहुत धन्यवाद
C:\Users\edwin\OneDrive\Desktop\Capstone\hindi indic\HDSD\hindi_sent\F07\F07_S1_H06_M2.wav,F07,S1,H06,F,False,aba joo main kahataa huuna usakaa usakaa paalana karoo,अब जो मैं कहता हूं उसका उसका पालन करो
C:\Users\edwin\OneDrive\Desktop\Capstone\hindi indic\HDSD\hindi_sent\F07\F07_S1_H07_M2.wav,F07,S1,H07,F,False,bhaarata mein aisaa aisaa nahiin huaa hai,भारत में ऐसा ऐसा नहीं हुआ है
C:\Users\edwin\OneDrive\Desktop\Capstone\hindi indic\HDSD\hindi_sent\F07\F07_S1_H08_M2.wav,F07,S1,H08,F,False,isa sahayooga heitu bhii bahuta dhanyavaada,इस सहयोग हेतु भी बहुत धन्यवाद
C:\Users\edwin\OneDrive\Desktop\Capstone\hindi indic\HDSD\hindi_sent\F07\F07_S1_H09_M2.wav,F07,S1,H09,F,False,para yaha sanbhava sanbhava naa hoo sakaa,पर यह संभव संभव ना हो सका
C:\Users\edwin\OneDrive\Desktop\Capstone\hindi indic\HDSD\hindi_sent\F07\F07_S1_H10_M2.wav,F07,S1,H10,F,False,meirii baatoon ki oora dhyaana diijiyei,मेरी बातों कि और ध्यान दीजिए
C:\Users\edwin\OneDrive\Desktop\Capstone\hindi indic\HDSD\hindi_sent\F07\F07_S1_H11_M2.wav,F07,S1,H11,F,False,yahaan sei daura shuruu huaa,यहाँ से दौर शुरू हुआ
C:\Users\edwin\OneDrive\Desktop\Capstone\hindi indic\HDSD\hindi_sent\F07\F07_S1_H12_M2.wav,F07,S1,H12,F,False,doonoon mein badaa antara thaa,दोनों में बड़ा अंतर था
C:\Users\edwin\OneDrive\Desktop\Capstone\hindi indic\HDSD\hindi_sent\F07\F07_S1_H13_M2.wav,F07,S1,H13,F,False,aapa sabhii kei sahayooga kei liyei bahuta dhanyavaada,आप सभी के सहयोग के लिए बहुत धन्यवाद
C:\Users\edwin\OneDrive\Desktop\Capstone\hindi indic\HDSD\hindi_sent\F07\F07_S1_H14_M2.wav,F07,S1,H14,F,False,bahuta sei looga aisaa kara rahei hai,बहुत से लोग ऐसा कर रहे है
C:\Users\edwin\OneDrive\Desktop\Capstone\hindi indic\HDSD\hindi_sent\F07\F07_S1_H15_M2.wav,F07,S1,H15,F,False,samaya kei saatha hii nahiin usasei aagei chalaa jaaei,समय के साथ ही नहीं उससे आगे चला जाए
C:\Users\edwin\OneDrive\Desktop\Capstone\hindi indic\HDSD\hindi_sent\F07\F07_S1_H16_M2.wav,F07,S1,H16,F,False,main krikeita kheila koo main krikeita kheila koo kaaphii pasanda karataa huuna,मैं क्रिकेट खेल को मैं क्रिकेट खेल को काफी पसंद करता हूं
C:\Users\edwin\OneDrive\Desktop\Capstone\hindi indic\HDSD\hindi_sent\F07\F07_S1_H17_M2.wav,F07,S1,H17,F,False,shaayada shaayada samajha aa gayaa hoo,शायद शायद समझ आ गया हो
C:\Users\edwin\OneDrive\Desktop\Capstone\hindi indic\HDSD\hindi_sent\F07\F07_S1_H18_M2.wav,F07,S1,H18,F,False,joo shaayada joo aapanei shaayada deikhaa naa hoo,जो शायद जो आपने शायद देखा ना हो
C:\Users\edwin\OneDrive\Desktop\Capstone\hindi indic\HDSD\hindi_sent\F07\F07_S1_H19_M2.wav,F07,S1,H19,F,False,main bhuula hii gayaa thaa isa baata koo,मैं भूला ही गया था इस बात को
C:\Users\edwin\OneDrive\Desktop\Capstone\hindi indic\HDSD\hindi_sent\F07\F07_S1_H20_M2.wav,F07,S1,H20,F,False,magara vaha bhii nahiin huaa,मगर वह भी नहीं हुआ
C:\Users\edwin\OneDrive\Desktop\Capstone\hindi indic\HDSD\hindi_sent\F07\F07_S1_H21_M2.wav,F07,S1,H21,F,False,dara dara dara dara kaa artha hootaa hai bhaya,दर दर दर दर का अर्थ होता है भय
C:\Users\edwin\OneDrive\Desktop\Capstone\hindi indic\HDSD\hindi_sent\F07\F07_S1_H22_M2.wav,F07,S1,H22,F,False,eika baara phira sei aabhaara,एक बार फिर से आभार
C:\Users\edwin\OneDrive\Desktop\Capstone\hindi indic\HDSD\hindi_sent\F07\F07_S1_H23_M2.wav,F07,S1,H23,F,False,naa jaanei kitanei looga isei padhtei hai,ना जाने कितने लोग इसे पढ़ते है
C:\Users\edwin\OneDrive\Desktop\Capstone\hindi indic\HDSD\hindi_sent\F07\F07_S1_H24_M2.wav,F07,S1,H24,F,False,main abhii shaanta hii huuna,मैं अभी शांत ही हूं
C:\Users\edwin\OneDrive\Desktop\Capstone\hindi indic\HDSD\hindi_sent\F07\F07_S1_H25_M2.wav,F07,S1,H25,F,False,svaagata kei liyei dhanyavaada,स्वागत के लिए धन्यवाद
C:\Users\edwin\OneDrive\Desktop\Capstone\hindi indic\HDSD\hindi_sent\F07\F07_S1_H26_M2.wav,F07,S1,H26,F,False,aapa apanaa yaha achchhaa kaarya jaarii rakhein,आप अपना यह अच्छा कार्य जारी रखें
C:\Users\edwin\OneDrive\Desktop\Capstone\hindi indic\HDSD\hindi_sent\F07\F07_S1_H27_M2.wav,F07,S1,H27,F,False,main bhaarata main main bhaarata mein rahataa huuna,मैं भारत मैं मैं भारत में रहता हूं
C:\Users\edwin\OneDrive\Desktop\Capstone\hindi indic\HDSD\hindi_sent\F07\F07_S1_H28_M2.wav,F07,S1,H28,F,False,kahaa jaataa hai ki unhoonnei kabhii jiivana mein jhuutha kaa sahaaraa nahiin liyaa,कहा जाता है कि उन्होंने कभी जीवन में झूठ का सहारा नहीं लिया
C:\Users\edwin\OneDrive\Desktop\Capstone\hindi indic\HDSD\hindi_sent\F07\F07_S1_H29_M2.wav,F07,S1,H29,F,False,aapakaa sandeisha paakara achchhaa lagaa,आपका संदेश पाकर अच्छा लगा
C:\Users\edwin\OneDrive\Desktop\Capstone\hindi indic\HDSD\hindi_sent\F07\F07_S1_H30_M2.wav,F07,S1,H30,F,False,jaldii sei jaldii kuchha kiijiei,जल्दी से जल्दी कुछ कीजिए
C:\Users\edwin\OneDrive\Desktop\Capstone\hindi indic\HDSD\hindi_sent\F11\F11_S1_H01_M2.wav,F11,S1,H01,F,False,aapakei hindii pasanda karanei para khushii huii,आपके हिंदी पसंद करने पर खुशी हुई
C:\Users\edwin\OneDrive\Desktop\Capstone\hindi indic\HDSD\hindi_sent\F11\F11_S1_H02_M2.wav,F11,S1,H02,F,False,isakei badalei mein tuma aura maanaga loo,इसके बदले में तुम और मांग लो
C:\Users\edwin\OneDrive\Desktop\Capstone\hindi indic\HDSD\hindi_sent\F11\F11_S1_H03_M2.wav,F11,S1,H03,F,False,chikitsaa kaa artha hootaa hai ilaaja,चिकित्सा का अर्थ होता है इलाज
C:\Users\edwin\OneDrive\Desktop\Capstone\hindi indic\HDSD\hindi_sent\F11\F11_S1_H04_M2.wav,F11,S1,H04,F,False,isei aisei hii jaarii rakhein,इसे ऐसे ही जारी रखें
C:\Users\edwin\OneDrive\Desktop\Capstone\hindi indic\HDSD\hindi_sent\F11\F11_S1_H05_M2.wav,F11,S1,H05,F,False,madada kei liyei bahuta dhanyavaada,मदद के लिए बहुत धन्यवाद
C:\Users\edwin\OneDrive\Desktop\Capstone\hindi indic\HDSD\hindi_sent\F11\F11_S1_H06_M2.wav,F11,S1,H06,F,False,aba joo main kahataa huuna usakaa paalana karoo,अब जो मैं कहता हूं उसका पालन करो
C:\Users\edwin\OneDrive\Desktop\Capstone\hindi indic\HDSD\hindi_sent\F11\F11_S1_H07_M2.wav,F11,S1,H07,F,False,bhaarata mein aisaa nahiin huaa hai,भारत में ऐसा नहीं हुआ है
C:\Users\edwin\OneDrive\Desktop\Capstone\hindi indic\HDSD\hindi_sent\F11\F11_S1_H08_M2.wav,F11,S1,H08,F,False,isa sahayooga heitu bhii bahuta dhanyavaada,इस सहयोग हेतु भी बहुत धन्यवाद
C:\Users\edwin\OneDrive\Desktop\Capstone\hindi indic\HDSD\hindi_sent\F11\F11_S1_H09_M2.wav,F11,S1,H09,F,False,para yaha sanbhava naa hoo sakaa,पर यह संभव ना हो सका
C:\Users\edwin\OneDrive\Desktop\Capstone\hindi indic\HDSD\hindi_sent\F11\F11_S1_H10_M2.wav,F11,S1,H10,F,False,meirii baatoon ki oora dhyaana diijiyei,मेरी बातों कि और ध्यान दीजिए
C:\Users\edwin\OneDrive\Desktop\Capstone\hindi indic\HDSD\hindi_sent\F11\F11_S1_H11_M2.wav,F11,S1,H11,F,False,yahaan sei sangharshha daura shuruu huaa,यहाँ से संघर्ष दौर शुरू हुआ
C:\Users\edwin\OneDrive\Desktop\Capstone\hindi indic\HDSD\hindi_sent\F11\F11_S1_H12_M2.wav,F11,S1,H12,F,False,doonoon mein badaa badaa antara thaa,दोनों में बड़ा बड़ा अंतर था
C:\Users\edwin\OneDrive\Desktop\Capstone\hindi indic\HDSD\hindi_sent\F12\F12_S1_H01_M2.wav,F12,S1,H01,F,False,aapakei hindii pasanda karanei para khushii huii,आपके हिंदी पसंद करने पर खुशी हुई
C:\Users\edwin\OneDrive\Desktop\Capstone\hindi indic\HDSD\hindi_sent\F12\F12_S1_H02_M2.wav,F12,S1,H02,F,False,isakei badalei mein tuma kuchha aura maanaga loo,इसके बदले में तुम कुछ और मांग लो
C:\Users\edwin\OneDrive\Desktop\Capstone\hindi indic\HDSD\hindi_sent\F12\F12_S1_H03_M2.wav,F12,S1,H03,F,False,chikitsaa kaa artha ilaaja hootaa hai ilaaja,चिकित्सा का अर्थ इलाज होता है इलाज
C:\Users\edwin\OneDrive\Desktop\Capstone\hindi indic\HDSD\hindi_sent\F12\F12_S1_H04_M2.wav,F12,S1,H04,F,False,isei aisei hii jaarii rakhein,इसे ऐसे ही जारी रखें
C:\Users\edwin\OneDrive\Desktop\Capstone\hindi indic\HDSD\hindi_sent\F12\F12_S1_H05_M2.wav,F12,S1,H05,F,False,madada kei liyei bahuta dhanyavaada,मदद के लिए बहुत धन्यवाद
C:\Users\edwin\OneDrive\Desktop\Capstone\hindi indic\HDSD\hindi_sent\F12\F12_S1_H06_M2.wav,F12,S1,H06,F,False,joo main kahataa huuna aba joo main kahataa huuna usakaa paalana karoo,जो मैं कहता हूं अब जो मैं कहता हूं उसका पालन करो
C:\Users\edwin\OneDrive\Desktop\Capstone\hindi indic\HDSD\hindi_sent\F12\F12_S1_H07_M2.wav,F12,S1,H07,F,False,bhaarata mein aisaa nahiin huaa hai,भारत में ऐसा नहीं हुआ है
C:\Users\edwin\OneDrive\Desktop\Capstone\hindi indic\HDSD\hindi_sent\F12\F12_S1_H08_M2.wav,F12,S1,H08,F,False,isa sahayooga heitu dhanyavaada isa sahayooga dhanyavaada,इस सहयोग हेतु धन्यवाद इस सहयोग धन्यवाद
C:\Users\edwin\OneDrive\Desktop\Capstone\hindi indic\HDSD\hindi_sent\F12\F12_S1_H09_M2.wav,F12,S1,H09,F,False,para yaha sanbhava naa hoo sakaa,पर यह संभव ना हो सका
C:\Users\edwin\OneDrive\Desktop\Capstone\hindi indic\HDSD\hindi_sent\F12\F12_S1_H10_M2.wav,F12,S1,H10,F,False,meirii baatoon ki oora dhyaana diijiyei,मेरी बातों कि और ध्यान दीजिए
C:\Users\edwin\OneDrive\Desktop\Capstone\hindi indic\HDSD\hindi_sent\F12\F12_S1_H11_M2.wav,F12,S1,H11,F,False,yahaan sei sangharshha daura shuruu huaa,यहाँ से संघर्ष दौर शुरू हुआ
C:\Users\edwin\OneDrive\Desktop\Capstone\hindi indic\HDSD\hindi_sent\F12\F12_S1_H12_M2.wav,F12,S1,H12,F,False,doonoon mein badaa antara thaa,दोनों में बड़ा अंतर था
C:\Users\edwin\OneDrive\Desktop\Capstone\hindi indic\HDSD\hindi_sent\F12\F12_S1_H13_M2.wav,F12,S1,H13,F,False,aapa sabhii kei sahayooga kei liyei bahuta dhanyavaada,आप सभी के सहयोग के लिए बहुत धन्यवाद
C:\Users\edwin\OneDrive\Desktop\Capstone\hindi indic\HDSD\hindi_sent\F12\F12_S1_H14_M2.wav,F12,S1,H14,F,False,bahuta sei looga aisaa kara rahei hai,बहुत से लोग ऐसा कर रहे है
C:\Users\edwin\OneDrive\Desktop\Capstone\hindi indic\HDSD\hindi_sent\F12\F12_S1_H15_M2.wav,F12,S1,H15,F,False,samaya kei saatha hii nahiin usasei aagei chalaa jaaei,समय के साथ ही नहीं उससे आगे चला जाए
C:\Users\edwin\OneDrive\Desktop\Capstone\hindi indic\HDSD\hindi_sent\F12\F12_S1_H16_M2.wav,F12,S1,H16,F,False,main krikeita kheila koo kaaphii pasanda karataa huuna,मैं क्रिकेट खेल को काफी पसंद करता हूं
C:\Users\edwin\OneDrive\Desktop\Capstone\hindi indic\HDSD\hindi_sent\F12\F12_S1_H17_M2.wav,F12,S1,H17,F,False,shaayada samajha aa gayaa hoo,शायद समझ आ गया हो
C:\Users\edwin\OneDrive\Desktop\Capstone\hindi indic\HDSD\hindi_sent\F12\F12_S1_H18_M2.wav,F12,S1,H18,F,False,joo shaayada aapanei deikhaa naa hoo,जो शायद आपने देखा ना हो
C:\Users\edwin\OneDrive\Desktop\Capstone\hindi indic\HDSD\hindi_sent\F12\F12_S1_H19_M2.wav,F12,S1,H19,F,False,main bhuula hii gayaa thaa isa baata koo,मैं भूला ही गया था इस बात को
C:\Users\edwin\OneDrive\Desktop\Capstone\hindi indic\HDSD\hindi_sent\F12\F12_S1_H20_M2.wav,F12,S1,H20,F,False,magara vaha bhii nahiin huaa,मगर वह भी नहीं हुआ
C:\Users\edwin\OneDrive\Desktop\Capstone\hindi indic\HDSD\hindi_sent\F12\F12_S1_H21_M2.wav,F12,S1,H21,F,False,dara kaa artha hootaa hai bhaya,दर का अर्थ होता है भय
C:\Users\edwin\OneDrive\Desktop\Capstone\hindi indic\HDSD\hindi_sent\F12\F12_S1_H22_M2.wav,F12,S1,H22,F,False,eika baara phira sei aabhaara,एक बार फिर से आभार
C:\Users\edwin\OneDrive\Desktop\Capstone\hindi indic\HDSD\hindi_sent\F12\F12_S1_H23_M2.wav,F12,S1,H23,F,False,jaanei kitanei looga isei padhtei hai naa jaanei kitanei kitanei looga padhtei hai isei padhtei hai,जाने कितने लोग इसे पढ़ते है ना जाने कितने कितने लोग पढ़ते है इसे पढ़ते है
C:\Users\edwin\OneDrive\Desktop\Capstone\hindi indic\HDSD\hindi_sent\F12\F12_S1_H24_M2.wav,F12,S1,H24,F,False,abhii main shaanta hii huuna,अभी मैं शांत ही हूं
C:\Users\edwin\OneDrive\Desktop\Capstone\hindi indic\HDSD\hindi_sent\F12\F12_S1_H25_M2.wav,F12,S1,H25,F,False,svaagata kei liyei dhanyavaada,स्वागत के लिए धन्यवाद
C:\Users\edwin\OneDrive\Desktop\Capstone\hindi indic\HDSD\hindi_sent\F12\F12_S1_H26_M2.wav,F12,S1,H26,F,False,aapa yaha apanaa achchhaa kaarya aapa apanaa yaha achchhaa kaarya jaarii rakhein,आप यह अपना अच्छा कार्य आप अपना यह अच्छा कार्य जारी रखें
C:\Users\edwin\OneDrive\Desktop\Capstone\hindi indic\HDSD\hindi_sent\F12\F12_S1_H27_M2.wav,F12,S1,H27,F,False,main bhaarata mein rahataa huuna,मैं भारत में रहता हूं
C:\Users\edwin\OneDrive\Desktop\Capstone\hindi indic\HDSD\hindi_sent\F12\F12_S1_H28_M2.wav,F12,S1,H28,F,False,kahaa jaataa hai ki jiivana mein unhoonnei kabhii jiivana mein jhuutha kaa sahaaraa nahiin liyaa,कहा जाता है कि जीवन में उन्होंने कभी जीवन में झूठ का सहारा नहीं लिया
C:\Users\edwin\OneDrive\Desktop\Capstone\hindi indic\HDSD\hindi_sent\F12\F12_S1_H29_M2.wav,F12,S1,H29,F,False,aapakaa sandeisha paakara achchhaa lagaa,आपका संदेश पाकर अच्छा लगा
C:\Users\edwin\OneDrive\Desktop\Capstone\hindi indic\HDSD\hindi_sent\F12\F12_S1_H30_M2.wav,F12,S1,H30,F,False,jaldii sei jaldii kuchha kiijiei,जल्दी से जल्दी कुछ कीजिए
C:\Users\edwin\OneDrive\Desktop\Capstone\hindi indic\HDSD\hindi_sent\F17\F17_S1_H01_M2.wav,F17,S1,H01,F,False,aapakei hindii pasanda karanei para khushii huii,आपके हिंदी पसंद करने पर खुशी हुई
C:\Users\edwin\OneDrive\Desktop\Capstone\hindi indic\HDSD\hindi_sent\F17\F17_S1_H02_M2.wav,F17,S1,H02,F,False,isakei badalei mein tuma kuchha aura maanaga loo,इसके बदले में तुम कुछ और मांग लो
C:\Users\edwin\OneDrive\Desktop\Capstone\hindi indic\HDSD\hindi_sent\F17\F17_S1_H03_M2.wav,F17,S1,H03,F,False,chikitsaa kaa hootaa hai ilaaja,चिकित्सा का होता है इलाज
C:\Users\edwin\OneDrive\Desktop\Capstone\hindi indic\HDSD\hindi_sent\F17\F17_S1_H04_M2.wav,F17,S1,H04,F,False,isei aisei hii jaarii rakhein,इसे ऐसे ही जारी रखें
C:\Users\edwin\OneDrive\Desktop\Capstone\hindi indic\HDSD\hindi_sent\F17\F17_S1_H05_M2.wav,F17,S1,H05,F,False,madada kei liyei bahuta dhanyavaada,मदद के लिए बहुत धन्यवाद
C:\Users\edwin\OneDrive\Desktop\Capstone\hindi indic\HDSD\hindi_sent\F17\F17_S1_H06_M2.wav,F17,S1,H06,F,False,aba joo main kahataa huuna usakaa paalana karoo,अब जो मैं कहता हूं उसका पालन करो
C:\Users\edwin\OneDrive\Desktop\Capstone\hindi indic\HDSD\hindi_sent\F17\F17_S1_H07_M2.wav,F17,S1,H07,F,False,bhaarata mein aisaa nahiin huaa hai,भारत में ऐसा नहीं हुआ है
C:\Users\edwin\OneDrive\Desktop\Capstone\hindi indic\HDSD\hindi_sent\F17\F17_S1_H08_M2.wav,F17,S1,H08,F,False,isa sahayooga heitu bhii bahuta dhanyavaada,इस सहयोग हेतु भी बहुत धन्यवाद
C:\Users\edwin\OneDrive\Desktop\Capstone\hindi indic\HDSD\hindi_sent\F17\F17_S1_H09_M2.wav,F17,S1,H09,F,False,para yaha sanbhava naa hoo sakaa,पर यह संभव ना हो सका
C:\Users\edwin\OneDrive\Desktop\Capstone\hindi indic\HDSD\hindi_sent\F17\F17_S1_H10_M2.wav,F17,S1,H10,F,False,meirii baatoon ki oora dhyaana diijiyei,मेरी बातों कि और ध्यान दीजिए
C:\Users\edwin\OneDrive\Desktop\Capstone\hindi indic\HDSD\hindi_sent\F17\F17_S1_H11_M2.wav,F17,S1,H11,F,False,yahaan sei sangharshha kaa daura shuruu huaa,यहाँ से संघर्ष का दौर शुरू हुआ
C:\Users\edwin\OneDrive\Desktop\Capstone\hindi indic\HDSD\hindi_sent\F17\F17_S1_H12_M2.wav,F17,S1,H12,F,False,doonoon mein badaa antara thaa,दोनों में बड़ा अंतर था
C:\Users\edwin\OneDrive\Desktop\Capstone\hindi indic\HDSD\hindi_sent\F17\F17_S1_H13_M2.wav,F17,S1,H13,F,False,aapa sabhii kei sahayooga kei liyei bahuta dhanyavaada,आप सभी के सहयोग के लिए बहुत धन्यवाद
C:\Users\edwin\OneDrive\Desktop\Capstone\hindi indic\HDSD\hindi_sent\F17\F17_S1_H14_M2.wav,F17,S1,H14,F,False,bahuta sei looga aisaa kara rahei hai,बहुत से लोग ऐसा कर रहे है
C:\Users\edwin\OneDrive\Desktop\Capstone\hindi indic\HDSD\hindi_sent\F17\F17_S1_H15_M2.wav,F17,S1,H15,F,False,samaya kei saatha hii nahiin usasei aagei chalaa jaaei,समय के साथ ही नहीं उससे आगे चला जाए
C:\Users\edwin\OneDrive\Desktop\Capstone\hindi indic\HDSD\hindi_sent\F17\F17_S1_H16_M2.wav,F17,S1,H16,F,False,main krikeita kheila koo kaaphii pasanda karataa huuna,मैं क्रिकेट खेल को काफी पसंद करता हूं
C:\Users\edwin\OneDrive\Desktop\Capstone\hindi indic\HDSD\hindi_sent\F17\F17_S1_H17_M2.wav,F17,S1,H17,F,False,shaayada samajha aa gayaa hoo,शायद समझ आ गया हो
C:\Users\edwin\OneDrive\Desktop\Capstone\hindi indic\HDSD\hindi_sent\F17\F17_S1_H18_M2.wav,F17,S1,H18,F,False,joo aapanei deikhaa naa hoo,जो आपने देखा ना हो
C:\Users\edwin\OneDrive\Desktop\Capstone\hindi indic\HDSD\hindi_sent\F17\F17_S1_H19_M2.wav,F17,S1,H19,F,False,main bhuula hii gayaa thaa isa baata koo,मैं भूला ही गया था इस बात को
C:\Users\edwin\OneDrive\Desktop\Capstone\hindi indic\HDSD\hindi_sent\F17\F17_S1_H20_M2.wav,F17,S1,H20,F,False,magara vaha bhii nahiin huaa,मगर वह भी नहीं हुआ
C:\Users\edwin\OneDrive\Desktop\Capstone\hindi indic\HDSD\hindi_sent\F17\F17_S1_H21_M2.wav,F17,S1,H21,F,False,dara kaa artha hootaa hai bhaya,दर का अर्थ होता है भय
C:\Users\edwin\OneDrive\Desktop\Capstone\hindi indic\HDSD\hindi_sent\F17\F17_S1_H22_M2.wav,F17,S1,H22,F,False,eika baara phira sei aabhaara,एक बार फिर से आभार
C:\Users\edwin\OneDrive\Desktop\Capstone\hindi indic\HDSD\hindi_sent\F17\F17_S1_H23_M2.wav,F17,S1,H23,F,False,naa jaanei kitanei looga isei padhtei hai,ना जाने कितने लोग इसे पढ़ते है
C:\Users\edwin\OneDrive\Desktop\Capstone\hindi indic\HDSD\hindi_sent\F17\F17_S1_H24_M2.wav,F17,S1,H24,F,False,abhii main shaanta hii huuna,अभी मैं शांत ही हूं
C:\Users\edwin\OneDrive\Desktop\Capstone\hindi indic\HDSD\hindi_sent\F17\F17_S1_H25_M2.wav,F17,S1,H25,F,False,svaagata kei liyei dhanyavaada,स्वागत के लिए धन्यवाद
C:\Users\edwin\OneDrive\Desktop\Capstone\hindi indic\HDSD\hindi_sent\F17\F17_S1_H26_M2.wav,F17,S1,H26,F,False,aapa apanaa achchhaa kaarya jaarii rakhein,आप अपना अच्छा कार्य जारी रखें
C:\Users\edwin\OneDrive\Desktop\Capstone\hindi indic\HDSD\hindi_sent\F17\F17_S1_H27_M2.wav,F17,S1,H27,F,False,main bhaarata mein rahataa huuna,मैं भारत में रहता हूं
C:\Users\edwin\OneDrive\Desktop\Capstone\hindi indic\HDSD\hindi_sent\F17\F17_S1_H28_M2.wav,F17,S1,H28,F,False,kahaa jaataa hai ki unhoonnei jiivana mein jhuutha liyaa sahaaraa nahiin liyaa,कहा जाता है कि उन्होंने जीवन में झूठ लिया सहारा नहीं लिया
C:\Users\edwin\OneDrive\Desktop\Capstone\hindi indic\HDSD\hindi_sent\F17\F17_S1_H29_M2.wav,F17,S1,H29,F,False,aapakaa sandeisha paakara achchhaa lagaa,आपका संदेश पाकर अच्छा लगा
C:\Users\edwin\OneDrive\Desktop\Capstone\hindi indic\HDSD\hindi_sent\F17\F17_S1_H30_M2.wav,F17,S1,H30,F,False,jaldii sei jaldii kuchha kiijiei,जल्दी से जल्दी कुछ कीजिए
C:\Users\edwin\OneDrive\Desktop\Capstone\hindi indic\HDSD\hindi_sent\F19\F19_S1_H01_M2.wav,F19,S1,H01,F,False,aapakei hindii pasanda karanei khushii huii,आपके हिंदी पसंद करने खुशी हुई
C:\Users\edwin\OneDrive\Desktop\Capstone\hindi indic\HDSD\hindi_sent\F19\F19_S1_H02_M2.wav,F19,S1,H02,F,False,isakei badalei mein tuma kuchha aura maanaga loo,इसके बदले में तुम कुछ और मांग लो
C:\Users\edwin\OneDrive\Desktop\Capstone\hindi indic\HDSD\hindi_sent\F19\F19_S1_H03_M2.wav,F19,S1,H03,F,False,chikitsaa kaa artha hootaa hai ilaaja,चिकित्सा का अर्थ होता है इलाज
C:\Users\edwin\OneDrive\Desktop\Capstone\hindi indic\HDSD\hindi_sent\F19\F19_S1_H04_M2.wav,F19,S1,H04,F,False,isei aisei hii jaarii rakhein,इसे ऐसे ही जारी रखें
C:\Users\edwin\OneDrive\Desktop\Capstone\hindi indic\HDSD\hindi_sent\F19\F19_S1_H05_M2.wav,F19,S1,H05,F,False,madada kei liyei bahuta dhanyavaada,मदद के लिए बहुत धन्यवाद
C:\Users\edwin\OneDrive\Desktop\Capstone\hindi indic\HDSD\hindi_sent\F19\F19_S1_H06_M2.wav,F19,S1,H06,F,False,aba joo main kahataa huuna usakaa paalana karoo,अब जो मैं कहता हूं उसका पालन करो
C:\Users\edwin\OneDrive\Desktop\Capstone\hindi indic\HDSD\hindi_sent\F19\F19_S1_H07_M2.wav,F19,S1,H07,F,False,bhaarata mein aisaa nahiin huaa hai,भारत में ऐसा नहीं हुआ है
C:\Users\edwin\OneDrive\Desktop\Capstone\hindi indic\HDSD\hindi_sent\F19\F19_S1_H08_M2.wav,F19,S1,H08,F,False,isa sahayooga heitu bhii bahuta dhanyavaada,इस सहयोग हेतु भी बहुत धन्यवाद
C:\Users\edwin\OneDrive\Desktop\Capstone\hindi indic\HDSD\hindi_sent\F19\F19_S1_H09_M2.wav,F19,S1,H09,F,False,para yaha sanbhava naa hoo sakaa,पर यह संभव ना हो सका
C:\Users\edwin\OneDrive\Desktop\Capstone\hindi indic\HDSD\hindi_sent\F19\F19_S1_H10_M2.wav,F19,S1,H10,F,False,meirii baatoon ki oora dhyaana diijiyei,मेरी बातों कि और ध्यान दीजिए
C:\Users\edwin\OneDrive\Desktop\Capstone\hindi indic\HDSD\hindi_sent\F19\F19_S1_H11_M2.wav,F19,S1,H11,F,False,yahaan sei sangharshha kaa daura shuruu huaa,यहाँ से संघर्ष का दौर शुरू हुआ
C:\Users\edwin\OneDrive\Desktop\Capstone\hindi indic\HDSD\hindi_sent\F19\F19_S1_H12_M2.wav,F19,S1,H12,F,False,doonoon mein badaa antara thaa,दोनों में बड़ा अंतर था
C:\Users\edwin\OneDrive\Desktop\Capstone\hindi indic\HDSD\hindi_sent\F19\F19_S1_H13_M2.wav,F19,S1,H13,F,False,aapa sabhii kei sahayooga bahuta dhanyavaada,आप सभी के सहयोग बहुत धन्यवाद
C:\Users\edwin\OneDrive\Desktop\Capstone\hindi indic\HDSD\hindi_sent\F19\F19_S1_H14_M2.wav,F19,S1,H14,F,False,bahuta sei looga kara rahei hai aisaa,बहुत से लोग कर रहे है ऐसा
C:\Users\edwin\OneDrive\Desktop\Capstone\hindi indic\HDSD\hindi_sent\F19\F19_S1_H15_M2.wav,F19,S1,H15,F,False,samaya kei saatha hii nahiin usasei aagei chalaa jaaei,समय के साथ ही नहीं उससे आगे चला जाए
C:\Users\edwin\OneDrive\Desktop\Capstone\hindi indic\HDSD\hindi_sent\F19\F19_S1_H16_M2.wav,F19,S1,H16,F,False,main krikeita kheila koo kaaphii pasanda karataa huuna,मैं क्रिकेट खेल को काफी पसंद करता हूं
C:\Users\edwin\OneDrive\Desktop\Capstone\hindi indic\HDSD\hindi_sent\F19\F19_S1_H17_M2.wav,F19,S1,H17,F,False,shaayada samajha aa gayaa hoo,शायद समझ आ गया हो
C:\Users\edwin\OneDrive\Desktop\Capstone\hindi indic\HDSD\hindi_sent\F19\F19_S1_H18_M2.wav,F19,S1,H18,F,False,joo shaayada aapanei deikhaa naa hoo,जो शायद आपने देखा ना हो
C:\Users\edwin\OneDrive\Desktop\Capstone\hindi indic\HDSD\hindi_sent\F19\F19_S1_H19_M2.wav,F19,S1,H19,F,False,main bhuula hii gayaa thaa isa baata koo,मैं भूला ही गया था इस बात को
C:\Users\edwin\OneDrive\Desktop\Capstone\hindi indic\HDSD\hindi_sent\F19\F19_S1_H20_M2.wav,F19,S1,H20,F,False,magara vaha bhii nahiin huaa,मगर वह भी नहीं हुआ
C:\Users\edwin\OneDrive\Desktop\Capstone\hindi indic\HDSD\hindi_sent\F19\F19_S1_H21_M2.wav,F19,S1,H21,F,False,dara kaa artha hootaa hai bhaya,दर का अर्थ होता है भय
C:\Users\edwin\OneDrive\Desktop\Capstone\hindi indic\HDSD\hindi_sent\F19\F19_S1_H22_M2.wav,F19,S1,H22,F,False,eika baara phira sei aabhaara,एक बार फिर से आभार
C:\Users\edwin\OneDrive\Desktop\Capstone\hindi indic\HDSD\hindi_sent\F19\F19_S1_H23_M2.wav,F19,S1,H23,F,False,naa jaanei kitanei looga isei padhtei hai,ना जाने कितने लोग इसे पढ़ते है
C:\Users\edwin\OneDrive\Desktop\Capstone\hindi indic\HDSD\hindi_sent\F19\F19_S1_H24_M2.wav,F19,S1,H24,F,False,abhii main shaanta hii huuna,अभी मैं शांत ही हूं
C:\Users\edwin\OneDrive\Desktop\Capstone\hindi indic\HDSD\hindi_sent\F19\F19_S1_H25_M2.wav,F19,S1,H25,F,False,svaagata kei liyei dhanyavaada,स्वागत के लिए धन्यवाद
C:\Users\edwin\OneDrive\Desktop\Capstone\hindi indic\HDSD\hindi_sent\F19\F19_S1_H26_M2.wav,F19,S1,H26,F,False,aapa apanaa yaha apanaa kaarya jaarii rakhein,आप अपना यह अपना कार्य जारी रखें
C:\Users\edwin\OneDrive\Desktop\Capstone\hindi indic\HDSD\hindi_sent\F19\F19_S1_H27_M2.wav,F19,S1,H27,F,False,main bhaarata mein rahataa huuna,मैं भारत में रहता हूं
C:\Users\edwin\OneDrive\Desktop\Capstone\hindi indic\HDSD\hindi_sent\F19\F19_S1_H28_M2.wav,F19,S1,H28,F,False,kahaa jaataa hai ki unhoonnei kabhii jiivana mein jhuutha jhuutha kaa sahaaraa nahiin liyaa,कहा जाता है कि उन्होंने कभी जीवन में झूठ झूठ का सहारा नहीं लिया
C:\Users\edwin\OneDrive\Desktop\Capstone\hindi indic\HDSD\hindi_sent\F19\F19_S1_H29_M2.wav,F19,S1,H29,F,False,aapakaa sandeisha paakara achchhaa lagaa,आपका संदेश पाकर अच्छा लगा
C:\Users\edwin\OneDrive\Desktop\Capstone\hindi indic\HDSD\hindi_sent\F19\F19_S1_H30_M2.wav,F19,S1,H30,F,False,jaldii sei jaldii kuchha kiijiei,जल्दी से जल्दी कुछ कीजिए
C:\Users\edwin\OneDrive\Desktop\Capstone\hindi indic\HDSD\hindi_sent\F20\F20_S1_H01_M2.wav,F20,S1,H01,F,False,aapakei hindii pasanda karanei para khushii huii,आपके हिंदी पसंद करने पर खुशी हुई
C:\Users\edwin\OneDrive\Desktop\Capstone\hindi indic\HDSD\hindi_sent\F20\F20_S1_H02_M2.wav,F20,S1,H02,F,False,isakei badalei mein tuma kuchha aura maanaga loo,इसके बदले में तुम कुछ और मांग लो
C:\Users\edwin\OneDrive\Desktop\Capstone\hindi indic\HDSD\hindi_sent\F20\F20_S1_H03_M2.wav,F20,S1,H03,F,False,chikitsaa kaa,चिकित्सा का
C:\Users\edwin\OneDrive\Desktop\Capstone\hindi indic\HDSD\hindi_sent\F20\F20_S1_H04_M2.wav,F20,S1,H04,F,False,aisei hii jaarii rakhein,ऐसे ही जारी रखें
C:\Users\edwin\OneDrive\Desktop\Capstone\hindi indic\HDSD\hindi_sent\F20\F20_S1_H05_M2.wav,F20,S1,H05,F,False,madada kei liyei bahuta dhanyavaada,मदद के लिए बहुत धन्यवाद
C:\Users\edwin\OneDrive\Desktop\Capstone\hindi indic\HDSD\hindi_sent\F20\F20_S1_H06_M2.wav,F20,S1,H06,F,False,aba joo main kahataa huuna usakaa usakaa paalana karoo,अब जो मैं कहता हूं उसका उसका पालन करो
C:\Users\edwin\OneDrive\Desktop\Capstone\hindi indic\HDSD\hindi_sent\F20\F20_S1_H07_M2.wav,F20,S1,H07,F,False,bhaarata mein aisaa nahiin huaa hai,भारत में ऐसा नहीं हुआ है
C:\Users\edwin\OneDrive\Desktop\Capstone\hindi indic\HDSD\hindi_sent\F20\F20_S1_H08_M2.wav,F20,S1,H08,F,False,isa sahayooga heitu bhii bahuta dhanyavaada,इस सहयोग हेतु भी बहुत धन्यवाद
C:\Users\edwin\OneDrive\Desktop\Capstone\hindi indic\HDSD\hindi_sent\F20\F20_S1_H09_M2.wav,F20,S1,H09,F,False,para yaha sanbhava naa hoo sakaa,पर यह संभव ना हो सका
C:\Users\edwin\OneDrive\Desktop\Capstone\hindi indic\HDSD\hindi_sent\F20\F20_S1_H10_M2.wav,F20,S1,H10,F,False,meirii baatoon ki oora dhyaana diijiyei,मेरी बातों कि और ध्यान दीजिए
C:\Users\edwin\OneDrive\Desktop\Capstone\hindi indic\HDSD\hindi_sent\F20\F20_S1_H11_M2.wav,F20,S1,H11,F,False,yahaan sei sangharshha kaa daura shuruu huaa,यहाँ से संघर्ष का दौर शुरू हुआ
C:\Users\edwin\OneDrive\Desktop\Capstone\hindi indic\HDSD\hindi_sent\F20\F20_S1_H12_M2.wav,F20,S1,H12,F,False,doonoon mein badaa antara thaa,दोनों में बड़ा अंतर था
C:\Users\edwin\OneDrive\Desktop\Capstone\hindi indic\HDSD\hindi_sent\F20\F20_S1_H13_M2.wav,F20,S1,H13,F,False,aapa aapa sabhii kei sahayooga kei liyei bahuta dhanyavaada,आप आप सभी के सहयोग के लिए बहुत धन्यवाद
C:\Users\edwin\OneDrive\Desktop\Capstone\hindi indic\HDSD\hindi_sent\F20\F20_S1_H14_M2.wav,F20,S1,H14,F,False,bahuta sei looga aisaa kara rahei hai,बहुत से लोग ऐसा कर रहे है
C:\Users\edwin\OneDrive\Desktop\Capstone\hindi indic\HDSD\hindi_sent\F20\F20_S1_H15_M2.wav,F20,S1,H15,F,False,samaya kei saatha hii nahiin usasei aagei aagei chalaa jaaei,समय के साथ ही नहीं उससे आगे आगे चला जाए
C:\Users\edwin\OneDrive\Desktop\Capstone\hindi indic\HDSD\hindi_sent\F20\F20_S1_H16_M2.wav,F20,S1,H16,F,False,main main krikeita kheila kheila koo kaaphii pasanda karataa huuna,मैं मैं क्रिकेट खेल खेल को काफी पसंद करता हूं
C:\Users\edwin\OneDrive\Desktop\Capstone\hindi indic\HDSD\hindi_sent\F20\F20_S1_H17_M2.wav,F20,S1,H17,F,False,shaayada samajha aa gayaa hoo,शायद समझ आ गया हो
C:\Users\edwin\OneDrive\Desktop\Capstone\hindi indic\HDSD\hindi_sent\F20\F20_S1_H18_M2.wav,F20,S1,H18,F,False,joo shaayada aapanei deikhaa naa hoo,जो शायद आपने देखा ना हो
C:\Users\edwin\OneDrive\Desktop\Capstone\hindi indic\HDSD\hindi_sent\F20\F20_S1_H19_M2.wav,F20,S1,H19,F,False,main bhuula hii gayaa thaa isa baata koo,मैं भूला ही गया था इस बात को
C:\Users\edwin\OneDrive\Desktop\Capstone\hindi indic\HDSD\hindi_sent\F20\F20_S1_H20_M2.wav,F20,S1,H20,F,False,magara vaha bhii nahiin huaa,मगर वह भी नहीं हुआ
C:\Users\edwin\OneDrive\Desktop\Capstone\hindi indic\HDSD\hindi_sent\F20\F20_S1_H21_M2.wav,F20,S1,H21,F,False,dara kaa artha hootaa hai bhaya,दर का अर्थ होता है भय
C:\Users\edwin\OneDrive\Desktop\Capstone\hindi indic\HDSD\hindi_sent\F20\F20_S1_H22_M2.wav,F20,S1,H22,F,False,eika baara phira sei aabhaara,एक बार फिर से आभार
C:\Users\edwin\OneDrive\Desktop\Capstone\hindi indic\HDSD\hindi_sent\F20\F20_S1_H23_M2.wav,F20,S1,H23,F,False,naa jaanei kitanei looga isei padhtei hai,ना जाने कितने लोग इसे पढ़ते है
C:\Users\edwin\OneDrive\Desktop\Capstone\hindi indic\HDSD\hindi_sent\F20\F20_S1_H24_M2.wav,F20,S1,H24,F,False,abhii main shaanta hii huuna,अभी मैं शांत ही हूं
C:\Users\edwin\OneDrive\Desktop\Capstone\hindi indic\HDSD\hindi_sent\F20\F20_S1_H25_M2.wav,F20,S1,H25,F,False,svaagata kei liyei dhanyavaada,स्वागत के लिए धन्यवाद
C:\Users\edwin\OneDrive\Desktop\Capstone\hindi indic\HDSD\hindi_sent\F20\F20_S1_H26_M2.wav,F20,S1,H26,F,False,aapa apanaa yaha achchhaa kaarya jaarii rakhein,आप अपना यह अच्छा कार्य जारी रखें
C:\Users\edwin\OneDrive\Desktop\Capstone\hindi indic\HDSD\hindi_sent\F20\F20_S1_H27_M2.wav,F20,S1,H27,F,False,main bhaarata mein rahataa huuna,मैं भारत में रहता हूं
C:\Users\edwin\OneDrive\Desktop\Capstone\hindi indic\HDSD\hindi_sent\F20\F20_S1_H28_M2.wav,F20,S1,H28,F,False,kahaa jaataa hai ki unhoonnei kabhii jiivana mein jhuutha kaa sahaaraa nahiin liyaa,कहा जाता है कि उन्होंने कभी जीवन में झूठ का सहारा नहीं लिया
C:\Users\edwin\OneDrive\Desktop\Capstone\hindi indic\HDSD\hindi_sent\F20\F20_S1_H29_M2.wav,F20,S1,H29,F,False,aapakaa sandeisha paakara achchhaa lagaa,आपका संदेश पाकर अच्छा लगा
C:\Users\edwin\OneDrive\Desktop\Capstone\hindi indic\HDSD\hindi_sent\F20\F20_S1_H30_M2.wav,F20,S1,H30,F,False,jaldii sei jaldii kuchha kiijiei,जल्दी से जल्दी कुछ कीजिए
C:\Users\edwin\OneDrive\Desktop\Capstone\hindi indic\HDSD\hindi_sent\F26\F26_S1_H01_M2.wav,F26,S1,H01,F,False,aapakei hindii pasanda karanei para khushii huii,आपके हिंदी पसंद करने पर खुशी हुई
C:\Users\edwin\OneDrive\Desktop\Capstone\hindi indic\HDSD\hindi_sent\F26\F26_S1_H02_M2.wav,F26,S1,H02,F,False,isakei badalei mein tuma kuchha aura maanaga loo,इसके बदले में तुम कुछ और मांग लो
C:\Users\edwin\OneDrive\Desktop\Capstone\hindi indic\HDSD\hindi_sent\F26\F26_S1_H03_M2.wav,F26,S1,H03,F,False,chikitsaa kaa artha hootaa hai ilaaja,चिकित्सा का अर्थ होता है इलाज
C:\Users\edwin\OneDrive\Desktop\Capstone\hindi indic\HDSD\hindi_sent\F26\F26_S1_H04_M2.wav,F26,S1,H04,F,False,isei aisei hii jaarii rakhein,इसे ऐसे ही जारी रखें
C:\Users\edwin\OneDrive\Desktop\Capstone\hindi indic\HDSD\hindi_sent\F26\F26_S1_H05_M2.wav,F26,S1,H05,F,False,madada kei liyei bahuta dhanyavaada,मदद के लिए बहुत धन्यवाद
C:\Users\edwin\OneDrive\Desktop\Capstone\hindi indic\HDSD\hindi_sent\F26\F26_S1_H06_M2.wav,F26,S1,H06,F,False,aba joo main kahataa huuna usakaa paalana karoo,अब जो मैं कहता हूं उसका पालन करो
C:\Users\edwin\OneDrive\Desktop\Capstone\hindi indic\HDSD\hindi_sent\F26\F26_S1_H07_M2.wav,F26,S1,H07,F,False,bhaarata mein aisaa nahiin huaa hai,भारत में ऐसा नहीं हुआ है
C:\Users\edwin\OneDrive\Desktop\Capstone\hindi indic\HDSD\hindi_sent\F26\F26_S1_H08_M2.wav,F26,S1,H08,F,False,isa sahayooga heitu bhii bahuta dhanyavaada,इस सहयोग हेतु भी बहुत धन्यवाद
C:\Users\edwin\OneDrive\Desktop\Capstone\hindi indic\HDSD\hindi_sent\F26\F26_S1_H09_M2.wav,F26,S1,H09,F,False,para yaha sanbhava naa hoo sakaa,पर यह संभव ना हो सका
C:\Users\edwin\OneDrive\Desktop\Capstone\hindi indic\HDSD\hindi_sent\F26\F26_S1_H10_M2.wav,F26,S1,H10,F,False,meirii baatoon ki oora dhyaana diijiyei,मेरी बातों कि और ध्यान दीजिए
C:\Users\edwin\OneDrive\Desktop\Capstone\hindi indic\HDSD\hindi_sent\F26\F26_S1_H11_M2.wav,F26,S1,H11,F,False,yahaan sei sangharshha kaa daura shuruu huaa,यहाँ से संघर्ष का दौर शुरू हुआ
C:\Users\edwin\OneDrive\Desktop\Capstone\hindi indic\HDSD\hindi_sent\F26\F26_S1_H12_M2.wav,F26,S1,H12,F,False,doonoon mein badaa antara thaa,दोनों में बड़ा अंतर था
C:\Users\edwin\OneDrive\Desktop\Capstone\hindi indic\HDSD\hindi_sent\F26\F26_S1_H13_M2.wav,F26,S1,H13,F,False,aapa sabhii kei sahayooga kei liyei bahuta dhanyavaada,आप सभी के सहयोग के लिए बहुत धन्यवाद
C:\Users\edwin\OneDrive\Desktop\Capstone\hindi indic\HDSD\hindi_sent\F26\F26_S1_H14_M2.wav,F26,S1,H14,F,False,bahuta sei looga aisaa kara rahei hai,बहुत से लोग ऐसा कर रहे है
C:\Users\edwin\OneDrive\Desktop\Capstone\hindi indic\HDSD\hindi_sent\F26\F26_S1_H15_M2.wav,F26,S1,H15,F,False,samaya kei saatha hii nahiin usasei aagei usasei aagei chalaa jaaei,समय के साथ ही नहीं उससे आगे उससे आगे चला जाए
C:\Users\edwin\OneDrive\Desktop\Capstone\hindi indic\HDSD\hindi_sent\F26\F26_S1_H16_M2.wav,F26,S1,H16,F,False,main krikeita kheila koo kaaphii pasanda karataa huuna,मैं क्रिकेट खेल को काफी पसंद करता हूं
C:\Users\edwin\OneDrive\Desktop\Capstone\hindi indic\HDSD\hindi_sent\F26\F26_S1_H17_M2.wav,F26,S1,H17,F,False,shaayada samajha aa gayaa hoo,शायद समझ आ गया हो
C:\Users\edwin\OneDrive\Desktop\Capstone\hindi indic\HDSD\hindi_sent\F26\F26_S1_H18_M2.wav,F26,S1,H18,F,False,joo shaayada aapanei deikhaa naa hoo,जो शायद आपने देखा ना हो
C:\Users\edwin\OneDrive\Desktop\Capstone\hindi indic\HDSD\hindi_sent\F26\F26_S1_H19_M2.wav,F26,S1,H19,F,False,main bhuula hii gayaa thaa isa baata koo,मैं भूला ही गया था इस बात को
C:\Users\edwin\OneDrive\Desktop\Capstone\hindi indic\HDSD\hindi_sent\F26\F26_S1_H20_M2.wav,F26,S1,H20,F,False,magara vaha bhii nahiin huaa,मगर वह भी नहीं हुआ
C:\Users\edwin\OneDrive\Desktop\Capstone\hindi indic\HDSD\hindi_sent\F26\F26_S1_H21_M2.wav,F26,S1,H21,F,False,dara kaa artha hootaa hai bhaya,दर का अर्थ होता है भय
C:\Users\edwin\OneDrive\Desktop\Capstone\hindi indic\HDSD\hindi_sent\F26\F26_S1_H22_M2.wav,F26,S1,H22,F,False,eika baara phira sei aabhaara,एक बार फिर से आभार
C:\Users\edwin\OneDrive\Desktop\Capstone\hindi indic\HDSD\hindi_sent\F26\F26_S1_H23_M2.wav,F26,S1,H23,F,False,naa jaanei kitanei looga isei padhtei hai,ना जाने कितने लोग इसे पढ़ते है
C:\Users\edwin\OneDrive\Desktop\Capstone\hindi indic\HDSD\hindi_sent\F26\F26_S1_H24_M2.wav,F26,S1,H24,F,False,abhii main shaanta hii huuna,अभी मैं शांत ही हूं
C:\Users\edwin\OneDrive\Desktop\Capstone\hindi indic\HDSD\hindi_sent\F26\F26_S1_H25_M2.wav,F26,S1,H25,F,False,svaagata kei liyei dhanyavaada,स्वागत के लिए धन्यवाद
C:\Users\edwin\OneDrive\Desktop\Capstone\hindi indic\HDSD\hindi_sent\F26\F26_S1_H26_M2.wav,F26,S1,H26,F,False,aapa apanaa yaha achchhaa kaarya jaarii rakhein,आप अपना यह अच्छा कार्य जारी रखें
C:\Users\edwin\OneDrive\Desktop\Capstone\hindi indic\HDSD\hindi_sent\F26\F26_S1_H27_M2.wav,F26,S1,H27,F,False,main bhaarata mein rahataa huuna,मैं भारत में रहता हूं
C:\Users\edwin\OneDrive\Desktop\Capstone\hindi indic\HDSD\hindi_sent\F26\F26_S1_H28_M2.wav,F26,S1,H28,F,False,kahaa jaataa hai ki unhoonnei kabhii jiivana mein jhuutha kaa sahaaraa nahiin liyaa,कहा जाता है कि उन्होंने कभी जीवन में झूठ का सहारा नहीं लिया
C:\Users\edwin\OneDrive\Desktop\Capstone\hindi indic\HDSD\hindi_sent\F26\F26_S1_H29_M2.wav,F26,S1,H29,F,False,aapakaa sandeisha paakara achchhaa lagaa,आपका संदेश पाकर अच्छा लगा
C:\Users\edwin\OneDrive\Desktop\Capstone\hindi indic\HDSD\hindi_sent\F26\F26_S1_H30_M2.wav,F26,S1,H30,F,False,jaldii sei jaldii kuchha kiijiei,जल्दी से जल्दी कुछ कीजिए
C:\Users\edwin\OneDrive\Desktop\Capstone\hindi indic\HDSD\hindi_sent\F29\F29_S1_H01_M2.wav,F29,S1,H01,F,False,aapakei hindii pasanda karanei para khushii huii,आपके हिंदी पसंद करने पर खुशी हुई
C:\Users\edwin\OneDrive\Desktop\Capstone\hindi indic\HDSD\hindi_sent\F29\F29_S1_H02_M2.wav,F29,S1,H02,F,False,isakei badalei mein tuma kuchha aura maanaga loo,इसके बदले में तुम कुछ और मांग लो
C:\Users\edwin\OneDrive\Desktop\Capstone\hindi indic\HDSD\hindi_sent\F29\F29_S1_H03_M2.wav,F29,S1,H03,F,False,chikitsaa kaa artha hootaa hai ilaaja,चिकित्सा का अर्थ होता है इलाज
C:\Users\edwin\OneDrive\Desktop\Capstone\hindi indic\HDSD\hindi_sent\F29\F29_S1_H04_M2.wav,F29,S1,H04,F,False,isei aisei hii jaarii rakhein,इसे ऐसे ही जारी रखें
C:\Users\edwin\OneDrive\Desktop\Capstone\hindi indic\HDSD\hindi_sent\F29\F29_S1_H05_M2.wav,F29,S1,H05,F,False,madada kei liyei bahuta dhanyavaada,मदद के लिए बहुत धन्यवाद
C:\Users\edwin\OneDrive\Desktop\Capstone\hindi indic\HDSD\hindi_sent\F29\F29_S1_H06_M2.wav,F29,S1,H06,F,False,aba joo main kahataa huuna usakaa paalana karoo,अब जो मैं कहता हूं उसका पालन करो
C:\Users\edwin\OneDrive\Desktop\Capstone\hindi indic\HDSD\hindi_sent\F29\F29_S1_H07_M2.wav,F29,S1,H07,F,False,bhaarata mein aisaa nahiin huaa huaa hai,भारत में ऐसा नहीं हुआ हुआ है
C:\Users\edwin\OneDrive\Desktop\Capstone\hindi indic\HDSD\hindi_sent\F29\F29_S1_H08_M2.wav,F29,S1,H08,F,False,isa sahayooga heitu bhii bahuta dhanyavaada,इस सहयोग हेतु भी बहुत धन्यवाद
C:\Users\edwin\OneDrive\Desktop\Capstone\hindi indic\HDSD\hindi_sent\F29\F29_S1_H09_M2.wav,F29,S1,H09,F,False,para yaha sanbhava naa hoo sakaa,पर यह संभव ना हो सका
C:\Users\edwin\OneDrive\Desktop\Capstone\hindi indic\HDSD\hindi_sent\F29\F29_S1_H10_M2.wav,F29,S1,H10,F,False,meirii baatoon ki oora dhyaana diijiyei,मेरी बातों कि और ध्यान दीजिए
C:\Users\edwin\OneDrive\Desktop\Capstone\hindi indic\HDSD\hindi_sent\F29\F29_S1_H11_M2.wav,F29,S1,H11,F,False,yahaan sei sangharshha kaa daura shuruu huaa,यहाँ से संघर्ष का दौर शुरू हुआ
C:\Users\edwin\OneDrive\Desktop\Capstone\hindi indic\HDSD\hindi_sent\F29\F29_S1_H12_M2.wav,F29,S1,H12,F,False,doonoon mein badaa antara thaa,दोनों में बड़ा अंतर था
C:\Users\edwin\OneDrive\Desktop\Capstone\hindi indic\HDSD\hindi_sent\F29\F29_S1_H13_M2.wav,F29,S1,H13,F,False,aapa sabhii kei sahayooga kei liyei bahuta dhanyavaada,आप सभी के सहयोग के लिए बहुत धन्यवाद
C:\Users\edwin\OneDrive\Desktop\Capstone\hindi indic\HDSD\hindi_sent\F29\F29_S1_H14_M2.wav,F29,S1,H14,F,False,bahuta sei looga aisaa kara rahei kara rahei hai,बहुत से लोग ऐसा कर रहे कर रहे है
C:\Users\edwin\OneDrive\Desktop\Capstone\hindi indic\HDSD\hindi_sent\F29\F29_S1_H15_M2.wav,F29,S1,H15,F,False,samaya kei saatha hii nahiin usasei aagei chalaa jaaei,समय के साथ ही नहीं उससे आगे चला जाए
C:\Users\edwin\OneDrive\Desktop\Capstone\hindi indic\HDSD\hindi_sent\F29\F29_S1_H16_M2.wav,F29,S1,H16,F,False,main krikeita kheila koo kaaphii pasanda karataa huuna,मैं क्रिकेट खेल को काफी पसंद करता हूं
C:\Users\edwin\OneDrive\Desktop\Capstone\hindi indic\HDSD\hindi_sent\F29\F29_S1_H17_M2.wav,F29,S1,H17,F,False,shaayada samajha aa gayaa hoo,शायद समझ आ गया हो
C:\Users\edwin\OneDrive\Desktop\Capstone\hindi indic\HDSD\hindi_sent\F29\F29_S1_H18_M2.wav,F29,S1,H18,F,False,joo shaayada aapanei deikhaa naa hoo,जो शायद आपने देखा ना हो
C:\Users\edwin\OneDrive\Desktop\Capstone\hindi indic\HDSD\hindi_sent\F29\F29_S1_H19_M2.wav,F29,S1,H19,F,False,main bhuula hii gayaa thaa isa baata koo,मैं भूला ही गया था इस बात को
C:\Users\edwin\OneDrive\Desktop\Capstone\hindi indic\HDSD\hindi_sent\F29\F29_S1_H20_M2.wav,F29,S1,H20,F,False,magara vaha bhii nahiin huaa,मगर वह भी नहीं हुआ
C:\Users\edwin\OneDrive\Desktop\Capstone\hindi indic\HDSD\hindi_sent\F29\F29_S1_H21_M2.wav,F29,S1,H21,F,False,dara kaa artha hootaa hai bhaya,दर का अर्थ होता है भय
C:\Users\edwin\OneDrive\Desktop\Capstone\hindi indic\HDSD\hindi_sent\F29\F29_S1_H22_M2.wav,F29,S1,H22,F,False,eika baara phira sei aabhaara,एक बार फिर से आभार
C:\Users\edwin\OneDrive\Desktop\Capstone\hindi indic\HDSD\hindi_sent\F29\F29_S1_H23_M2.wav,F29,S1,H23,F,False,naa jaanei kitanei looga isei padhtei hai,ना जाने कितने लोग इसे पढ़ते है
C:\Users\edwin\OneDrive\Desktop\Capstone\hindi indic\HDSD\hindi_sent\F29\F29_S1_H24_M2.wav,F29,S1,H24,F,False,abhii main shaanta hii huuna,अभी मैं शांत ही हूं
C:\Users\edwin\OneDrive\Desktop\Capstone\hindi indic\HDSD\hindi_sent\F29\F29_S1_H25_M2.wav,F29,S1,H25,F,False,svaagata kei liyei dhanyavaada,स्वागत के लिए धन्यवाद
C:\Users\edwin\OneDrive\Desktop\Capstone\hindi indic\HDSD\hindi_sent\F29\F29_S1_H26_M2.wav,F29,S1,H26,F,False,aapa apanaa yaha achchhaa kaarya jaarii rakhein,आप अपना यह अच्छा कार्य जारी रखें
C:\Users\edwin\OneDrive\Desktop\Capstone\hindi indic\HDSD\hindi_sent\F29\F29_S1_H27_M2.wav,F29,S1,H27,F,False,main bhaarata mein rahataa huuna,मैं भारत में रहता हूं
C:\Users\edwin\OneDrive\Desktop\Capstone\hindi indic\HDSD\hindi_sent\F29\F29_S1_H28_M2.wav,F29,S1,H28,F,False,kahaa jaataa hai ki unhoonnei kabhii jiivana mein jhuutha kaa sahaaraa nahiin liyaa,कहा जाता है कि उन्होंने कभी जीवन में झूठ का सहारा नहीं लिया
C:\Users\edwin\OneDrive\Desktop\Capstone\hindi indic\HDSD\hindi_sent\F29\F29_S1_H29_M2.wav,F29,S1,H29,F,False,aapakaa sandeisha paakara achchhaa lagaa,आपका संदेश पाकर अच्छा लगा
C:\Users\edwin\OneDrive\Desktop\Capstone\hindi indic\HDSD\hindi_sent\F29\F29_S1_H30_M2.wav,F29,S1,H30,F,False,jaldii sei jaldii kuchha kiijiei,जल्दी से जल्दी कुछ कीजिए
C:\Users\edwin\OneDrive\Desktop\Capstone\hindi indic\HDSD\hindi_sent\F31\F31_S1_H01_M2.wav,F31,S1,H01,F,False,aapakei hindii pasanda karanei para khushii huii,आपके हिंदी पसंद करने पर खुशी हुई
C:\Users\edwin\OneDrive\Desktop\Capstone\hindi indic\HDSD\hindi_sent\F31\F31_S1_H02_M2.wav,F31,S1,H02,F,False,isakei badalei mein tuma kuchha aura maanaga loo,इसके बदले में तुम कुछ और मांग लो
C:\Users\edwin\OneDrive\Desktop\Capstone\hindi indic\HDSD\hindi_sent\F31\F31_S1_H03_M2.wav,F31,S1,H03,F,False,chikitsaa kaa artha hootaa hai ilaaja,चिकित्सा का अर्थ होता है इलाज
C:\Users\edwin\OneDrive\Desktop\Capstone\hindi indic\HDSD\hindi_sent\F31\F31_S1_H04_M2.wav,F31,S1,H04,F,False,isei aisei hii jaarii rakhein,इसे ऐसे ही जारी रखें
C:\Users\edwin\OneDrive\Desktop\Capstone\hindi indic\HDSD\hindi_sent\F31\F31_S1_H05_M2.wav,F31,S1,H05,F,False,madada kei liyei bahuta dhanyavaada,मदद के लिए बहुत धन्यवाद
C:\Users\edwin\OneDrive\Desktop\Capstone\hindi indic\HDSD\hindi_sent\F31\F31_S1_H06_M2.wav,F31,S1,H06,F,False,aba joo main kahataa huuna usakaa paalana karoo,अब जो मैं कहता हूं उसका पालन करो
C:\Users\edwin\OneDrive\Desktop\Capstone\hindi indic\HDSD\hindi_sent\F31\F31_S1_H07_M2.wav,F31,S1,H07,F,False,bhaarata mein aisaa nahiin huaa hai,भारत में ऐसा नहीं हुआ है
C:\Users\edwin\OneDrive\Desktop\Capstone\hindi indic\HDSD\hindi_sent\F31\F31_S1_H08_M2.wav,F31,S1,H08,F,False,isa sahayooga heitu bhii bahuta dhanyavaada,इस सहयोग हेतु भी बहुत धन्यवाद
C:\Users\edwin\OneDrive\Desktop\Capstone\hindi indic\HDSD\hindi_sent\F31\F31_S1_H09_M2.wav,F31,S1,H09,F,False,para yaha sanbhava naa hoo sakaa,पर यह संभव ना हो सका
C:\Users\edwin\OneDrive\Desktop\Capstone\hindi indic\HDSD\hindi_sent\F31\F31_S1_H10_M2.wav,F31,S1,H10,F,False,meirii baatoon ki oora dhyaana diijiyei,मेरी बातों कि और ध्यान दीजिए
C:\Users\edwin\OneDrive\Desktop\Capstone\hindi indic\HDSD\hindi_sent\F31\F31_S1_H11_M2.wav,F31,S1,H11,F,False,yahaan sei sangharshha kaa daura shuruu huaa,यहाँ से संघर्ष का दौर शुरू हुआ
C:\Users\edwin\OneDrive\Desktop\Capstone\hindi indic\HDSD\hindi_sent\F31\F31_S1_H12_M2.wav,F31,S1,H12,F,False,doonoon mein badaa antara thaa,दोनों में बड़ा अंतर था
C:\Users\edwin\OneDrive\Desktop\Capstone\hindi indic\HDSD\hindi_sent\F31\F31_S1_H13_M2.wav,F31,S1,H13,F,False,aapa sabhii kei sahayooga kei liyei bahuta dhanyavaada,आप सभी के सहयोग के लिए बहुत धन्यवाद
C:\Users\edwin\OneDrive\Desktop\Capstone\hindi indic\HDSD\hindi_sent\F31\F31_S1_H14_M2.wav,F31,S1,H14,F,False,bahuta sei looga aisaa kara rahei hai,बहुत से लोग ऐसा कर रहे है
C:\Users\edwin\OneDrive\Desktop\Capstone\hindi indic\HDSD\hindi_sent\F31\F31_S1_H15_M2.wav,F31,S1,H15,F,False,samaya kei saatha hii nahiin usasei aagei chalaa jaaei,समय के साथ ही नहीं उससे आगे चला जाए
C:\Users\edwin\OneDrive\Desktop\Capstone\hindi indic\HDSD\hindi_sent\F31\F31_S1_H16_M2.wav,F31,S1,H16,F,False,main krikeita kheila koo kaaphii pasanda karataa huuna,मैं क्रिकेट खेल को काफी पसंद करता हूं
C:\Users\edwin\OneDrive\Desktop\Capstone\hindi indic\HDSD\hindi_sent\F31\F31_S1_H17_M2.wav,F31,S1,H17,F,False,shaayada samajha aa gayaa hoo,शायद समझ आ गया हो
C:\Users\edwin\OneDrive\Desktop\Capstone\hindi indic\HDSD\hindi_sent\F31\F31_S1_H18_M2.wav,F31,S1,H18,F,False,joo shaayada aapanei deikhaa naa hoo,जो शायद आपने देखा ना हो
C:\Users\edwin\OneDrive\Desktop\Capstone\hindi indic\HDSD\hindi_sent\F31\F31_S1_H19_M2.wav,F31,S1,H19,F,False,main bhuula hii gayaa thaa isa baata koo,मैं भूला ही गया था इस बात को
C:\Users\edwin\OneDrive\Desktop\Capstone\hindi indic\HDSD\hindi_sent\F31\F31_S1_H20_M2.wav,F31,S1,H20,F,False,magara vaha bhii nahiin huaa,मगर वह भी नहीं हुआ
C:\Users\edwin\OneDrive\Desktop\Capstone\hindi indic\HDSD\hindi_sent\F31\F31_S1_H21_M2.wav,F31,S1,H21,F,False,dara kaa artha hootaa hai bhaya,दर का अर्थ होता है भय
C:\Users\edwin\OneDrive\Desktop\Capstone\hindi indic\HDSD\hindi_sent\F31\F31_S1_H22_M2.wav,F31,S1,H22,F,False,eika baara phira sei aabhaara,एक बार फिर से आभार
C:\Users\edwin\OneDrive\Desktop\Capstone\hindi indic\HDSD\hindi_sent\F31\F31_S1_H23_M2.wav,F31,S1,H23,F,False,naa jaanei kitanei looga isei padhtei hai,ना जाने कितने लोग इसे पढ़ते है
C:\Users\edwin\OneDrive\Desktop\Capstone\hindi indic\HDSD\hindi_sent\F31\F31_S1_H24_M2.wav,F31,S1,H24,F,False,abhii main shaanta hii huuna,अभी मैं शांत ही हूं
C:\Users\edwin\OneDrive\Desktop\Capstone\hindi indic\HDSD\hindi_sent\F31\F31_S1_H25_M2.wav,F31,S1,H25,F,False,svaagata kei liyei dhanyavaada,स्वागत के लिए धन्यवाद
C:\Users\edwin\OneDrive\Desktop\Capstone\hindi indic\HDSD\hindi_sent\F31\F31_S1_H26_M2.wav,F31,S1,H26,F,False,aapa apanaa yaha achchhaa kaarya jaarii rakhein,आप अपना यह अच्छा कार्य जारी रखें
C:\Users\edwin\OneDrive\Desktop\Capstone\hindi indic\HDSD\hindi_sent\F31\F31_S1_H27_M2.wav,F31,S1,H27,F,False,main bhaarata mein rahataa huuna,मैं भारत में रहता हूं
C:\Users\edwin\OneDrive\Desktop\Capstone\hindi indic\HDSD\hindi_sent\F31\F31_S1_H28_M2.wav,F31,S1,H28,F,False,kahaa jaataa hai ki unhoonnei kabhii jiivana mein jhuutha kaa sahaaraa nahiin liyaa,कहा जाता है कि उन्होंने कभी जीवन में झूठ का सहारा नहीं लिया
C:\Users\edwin\OneDrive\Desktop\Capstone\hindi indic\HDSD\hindi_sent\F31\F31_S1_H29_M2.wav,F31,S1,H29,F,False,aapakaa sandeisha paakara achchhaa lagaa,आपका संदेश पाकर अच्छा लगा
C:\Users\edwin\OneDrive\Desktop\Capstone\hindi indic\HDSD\hindi_sent\F31\F31_S1_H30_M2.wav,F31,S1,H30,F,False,jaldii sei jaldii kuchha kiijiei,जल्दी से जल्दी कुछ कीजिए
C:\Users\edwin\OneDrive\Desktop\Capstone\hindi indic\HDSD\hindi_sent\F34\F34_S1_H01_M2.wav,F34,S1,H01,F,False,aapakei hindii pasanda karanei para khushii huii,आपके हिंदी पसंद करने पर खुशी हुई
C:\Users\edwin\OneDrive\Desktop\Capstone\hindi indic\HDSD\hindi_sent\F34\F34_S1_H02_M2.wav,F34,S1,H02,F,False,isakei badalei mein tuma kuchha aura maanaga loo,इसके बदले में तुम कुछ और मांग लो
C:\Users\edwin\OneDrive\Desktop\Capstone\hindi indic\HDSD\hindi_sent\F34\F34_S1_H03_M2.wav,F34,S1,H03,F,False,chikitsaa kaa artha hootaa hai ilaaja,चिकित्सा का अर्थ होता है इलाज
C:\Users\edwin\OneDrive\Desktop\Capstone\hindi indic\HDSD\hindi_sent\F34\F34_S1_H04_M2.wav,F34,S1,H04,F,False,isei aisei hii jaarii rakhein,इसे ऐसे ही जारी रखें
C:\Users\edwin\OneDrive\Desktop\Capstone\hindi indic\HDSD\hindi_sent\F34\F34_S1_H05_M2.wav,F34,S1,H05,F,False,madada kei liyei dhanyavaada bahuta bahuta dhanyavaada,मदद के लिए धन्यवाद बहुत बहुत धन्यवाद
C:\Users\edwin\OneDrive\Desktop\Capstone\hindi indic\HDSD\hindi_sent\F34\F34_S1_H06_M2.wav,F34,S1,H06,F,False,joo main kahataa huuna paalana paalana karoo paalana karoo,जो मैं कहता हूं पालन पालन करो पालन करो
C:\Users\edwin\OneDrive\Desktop\Capstone\hindi indic\HDSD\hindi_sent\F34\F34_S1_H07_M2.wav,F34,S1,H07,F,False,bhaarata mein aisaa nahiin huaa hai,भारत में ऐसा नहीं हुआ है
C:\Users\edwin\OneDrive\Desktop\Capstone\hindi indic\HDSD\hindi_sent\F34\F34_S1_H08_M2.wav,F34,S1,H08,F,False,isa sahayooga bhii bahuta dhanyavaada,इस सहयोग भी बहुत धन्यवाद
C:\Users\edwin\OneDrive\Desktop\Capstone\hindi indic\HDSD\hindi_sent\F34\F34_S1_H09_M2.wav,F34,S1,H09,F,False,para sanbhava naa hoo,पर संभव ना हो
C:\Users\edwin\OneDrive\Desktop\Capstone\hindi indic\HDSD\hindi_sent\F34\F34_S1_H10_M2.wav,F34,S1,H10,F,False,meirii baatoon ki dhyaana diijiyei dhyaana,मेरी बातों कि ध्यान दीजिए ध्यान
C:\Users\edwin\OneDrive\Desktop\Capstone\hindi indic\HDSD\hindi_sent\F35\F35_S1_H01_M2.wav,F35,S1,H01,F,False,aapakei hindii pasanda karanei para khushii huii,आपके हिंदी पसंद करने पर खुशी हुई
C:\Users\edwin\OneDrive\Desktop\Capstone\hindi indic\HDSD\hindi_sent\F35\F35_S1_H02_M2.wav,F35,S1,H02,F,False,isakei badalei mein tuma kuchha aura maanaga loo,इसके बदले में तुम कुछ और मांग लो
C:\Users\edwin\OneDrive\Desktop\Capstone\hindi indic\HDSD\hindi_sent\F35\F35_S1_H03_M2.wav,F35,S1,H03,F,False,chikitsaa kaa artha hootaa hai ilaaja,चिकित्सा का अर्थ होता है इलाज
C:\Users\edwin\OneDrive\Desktop\Capstone\hindi indic\HDSD\hindi_sent\F35\F35_S1_H04_M2.wav,F35,S1,H04,F,False,isei aisei hii jaarii rakhein,इसे ऐसे ही जारी रखें
C:\Users\edwin\OneDrive\Desktop\Capstone\hindi indic\HDSD\hindi_sent\F35\F35_S1_H05_M2.wav,F35,S1,H05,F,False,madada kei liyei bahuta dhanyavaada,मदद के लिए बहुत धन्यवाद
C:\Users\edwin\OneDrive\Desktop\Capstone\hindi indic\HDSD\hindi_sent\F35\F35_S1_H06_M2.wav,F35,S1,H06,F,False,aba joo main kahataa huuna usakaa paalana karoo,अब जो मैं कहता हूं उसका पालन करो
C:\Users\edwin\OneDrive\Desktop\Capstone\hindi indic\HDSD\hindi_sent\F35\F35_S1_H07_M2.wav,F35,S1,H07,F,False,bhaarata mein aisaa nahiin huaa hai,भारत में ऐसा नहीं हुआ है
C:\Users\edwin\OneDrive\Desktop\Capstone\hindi indic\HDSD\hindi_sent\F35\F35_S1_H08_M2.wav,F35,S1,H08,F,False,isa sahayooga heitu bhii bahuta dhanyavaada,इस सहयोग हेतु भी बहुत धन्यवाद
C:\Users\edwin\OneDrive\Desktop\Capstone\hindi indic\HDSD\hindi_sent\F35\F35_S1_H09_M2.wav,F35,S1,H09,F,False,para yaha sanbhava naa hoo sakaa,पर यह संभव ना हो सका
C:\Users\edwin\OneDrive\Desktop\Capstone\hindi indic\HDSD\hindi_sent\F35\F35_S1_H10_M2.wav,F35,S1,H10,F,False,meirii baatoon ki oora dhyaana diijiyei,मेरी बातों कि और ध्यान दीजिए
C:\Users\edwin\OneDrive\Desktop\Capstone\hindi indic\HDSD\hindi_sent\F35\F35_S1_H11_M2.wav,F35,S1,H11,F,False,yahaan sei sangharshha kaa daura shuruu huaa,यहाँ से संघर्ष का दौर शुरू हुआ
C:\Users\edwin\OneDrive\Desktop\Capstone\hindi indic\HDSD\hindi_sent\F35\F35_S1_H12_M2.wav,F35,S1,H12,F,False,doonoon mein badaa antara thaa,दोनों में बड़ा अंतर था
C:\Users\edwin\OneDrive\Desktop\Capstone\hindi indic\HDSD\hindi_sent\F35\F35_S1_H13_M2.wav,F35,S1,H13,F,False,aapa sabhii kei sahayooga kei liyei bahuta dhanyavaada,आप सभी के सहयोग के लिए बहुत धन्यवाद
C:\Users\edwin\OneDrive\Desktop\Capstone\hindi indic\HDSD\hindi_sent\F35\F35_S1_H14_M2.wav,F35,S1,H14,F,False,bahuta sei looga aisaa kara rahei hai,बहुत से लोग ऐसा कर रहे है
C:\Users\edwin\OneDrive\Desktop\Capstone\hindi indic\HDSD\hindi_sent\F35\F35_S1_H15_M2.wav,F35,S1,H15,F,False,samaya kei saatha hii nahiin usasei aagei chalaa jaaei,समय के साथ ही नहीं उससे आगे चला जाए
C:\Users\edwin\OneDrive\Desktop\Capstone\hindi indic\HDSD\hindi_sent\F35\F35_S1_H16_M2.wav,F35,S1,H16,F,False,main krikeita kheila koo kaaphii pasanda karataa huuna,मैं क्रिकेट खेल को काफी पसंद करता हूं
C:\Users\edwin\OneDrive\Desktop\Capstone\hindi indic\HDSD\hindi_sent\F35\F35_S1_H17_M2.wav,F35,S1,H17,F,False,shaayada samajha aa gayaa hoo,शायद समझ आ गया हो
C:\Users\edwin\OneDrive\Desktop\Capstone\hindi indic\HDSD\hindi_sent\F35\F35_S1_H18_M2.wav,F35,S1,H18,F,False,joo shaayada aapanei deikhaa naa hoo,जो शायद आपने देखा ना हो
C:\Users\edwin\OneDrive\Desktop\Capstone\hindi indic\HDSD\hindi_sent\F35\F35_S1_H19_M2.wav,F35,S1,H19,F,False,main bhuula hii gayaa thaa isa baata koo,मैं भूला ही गया था इस बात को
C:\Users\edwin\OneDrive\Desktop\Capstone\hindi indic\HDSD\hindi_sent\F35\F35_S1_H20_M2.wav,F35,S1,H20,F,False,magara vaha bhii nahiin huaa,मगर वह भी नहीं हुआ
C:\Users\edwin\OneDrive\Desktop\Capstone\hindi indic\HDSD\hindi_sent\F35\F35_S1_H21_M2.wav,F35,S1,H21,F,False,dara kaa artha hootaa hai bhaya,दर का अर्थ होता है भय
C:\Users\edwin\OneDrive\Desktop\Capstone\hindi indic\HDSD\hindi_sent\F35\F35_S1_H22_M2.wav,F35,S1,H22,F,False,eika baara phira sei aabhaara,एक बार फिर से आभार
C:\Users\edwin\OneDrive\Desktop\Capstone\hindi indic\HDSD\hindi_sent\F35\F35_S1_H23_M2.wav,F35,S1,H23,F,False,naa jaanei kitanei looga isei padhtei hai,ना जाने कितने लोग इसे पढ़ते है
C:\Users\edwin\OneDrive\Desktop\Capstone\hindi indic\HDSD\hindi_sent\F35\F35_S1_H24_M2.wav,F35,S1,H24,F,False,abhii main shaanta hii huuna,अभी मैं शांत ही हूं
C:\Users\edwin\OneDrive\Desktop\Capstone\hindi indic\HDSD\hindi_sent\F35\F35_S1_H25_M2.wav,F35,S1,H25,F,False,svaagata kei liyei dhanyavaada,स्वागत के लिए धन्यवाद
C:\Users\edwin\OneDrive\Desktop\Capstone\hindi indic\HDSD\hindi_sent\F35\F35_S1_H26_M2.wav,F35,S1,H26,F,False,aapa apanaa yaha achchhaa kaarya jaarii rakhein,आप अपना यह अच्छा कार्य जारी रखें
C:\Users\edwin\OneDrive\Desktop\Capstone\hindi indic\HDSD\hindi_sent\F35\F35_S1_H27_M2.wav,F35,S1,H27,F,False,main bhaarata mein rahataa huuna,मैं भारत में रहता हूं
C:\Users\edwin\OneDrive\Desktop\Capstone\hindi indic\HDSD\hindi_sent\F35\F35_S1_H28_M2.wav,F35,S1,H28,F,False,kahaa jaataa hai ki unhoonnei kabhii jiivana mein jhuutha kaa sahaaraa nahiin liyaa,कहा जाता है कि उन्होंने कभी जीवन में झूठ का सहारा नहीं लिया
C:\Users\edwin\OneDrive\Desktop\Capstone\hindi indic\HDSD\hindi_sent\F35\F35_S1_H29_M2.wav,F35,S1,H29,F,False,aapakaa sandeisha paakara achchhaa lagaa,आपका संदेश पाकर अच्छा लगा
C:\Users\edwin\OneDrive\Desktop\Capstone\hindi indic\HDSD\hindi_sent\F35\F35_S1_H30_M2.wav,F35,S1,H30,F,False,jaldii sei jaldii kuchha kiijiei,जल्दी से जल्दी कुछ कीजिए
C:\Users\edwin\OneDrive\Desktop\Capstone\hindi indic\HDSD\hindi_sent\F45\F45_S1_H01_M2.wav,F45,S1,H01,F,False,aapakei hindii pasanda karanei para khushii huii,आपके हिंदी पसंद करने पर खुशी हुई
C:\Users\edwin\OneDrive\Desktop\Capstone\hindi indic\HDSD\hindi_sent\F45\F45_S1_H02_M2.wav,F45,S1,H02,F,False,isakei badalei mein tuma kuchha aura maanaga loo,इसके बदले में तुम कुछ और मांग लो
C:\Users\edwin\OneDrive\Desktop\Capstone\hindi indic\HDSD\hindi_sent\F45\F45_S1_H03_M2.wav,F45,S1,H03,F,False,chikitsaa kaa artha hootaa hai ilaaja,चिकित्सा का अर्थ होता है इलाज
C:\Users\edwin\OneDrive\Desktop\Capstone\hindi indic\HDSD\hindi_sent\F45\F45_S1_H04_M2.wav,F45,S1,H04,F,False,isei aisei hii jaarii rakhein,इसे ऐसे ही जारी रखें
C:\Users\edwin\OneDrive\Desktop\Capstone\hindi indic\HDSD\hindi_sent\F45\F45_S1_H05_M2.wav,F45,S1,H05,F,False,madada kei liyei bahuta dhanyavaada,मदद के लिए बहुत धन्यवाद
C:\Users\edwin\OneDrive\Desktop\Capstone\hindi indic\HDSD\hindi_sent\F45\F45_S1_H06_M2.wav,F45,S1,H06,F,False,aba joo main kahataa huuna usakaa paalana karoo,अब जो मैं कहता हूं उसका पालन करो
C:\Users\edwin\OneDrive\Desktop\Capstone\hindi indic\HDSD\hindi_sent\F45\F45_S1_H07_M2.wav,F45,S1,H07,F,False,bhaarata mein aisaa nahiin huaa hai,भारत में ऐसा नहीं हुआ है
C:\Users\edwin\OneDrive\Desktop\Capstone\hindi indic\HDSD\hindi_sent\F45\F45_S1_H08_M2.wav,F45,S1,H08,F,False,isa sahayooga heitu bhii bahuta dhanyavaada,इस सहयोग हेतु भी बहुत धन्यवाद
C:\Users\edwin\OneDrive\Desktop\Capstone\hindi indic\HDSD\hindi_sent\F45\F45_S1_H09_M2.wav,F45,S1,H09,F,False,para yaha para yaha sanbhava naa hoo sakaa,पर यह पर यह संभव ना हो सका
C:\Users\edwin\OneDrive\Desktop\Capstone\hindi indic\HDSD\hindi_sent\F45\F45_S1_H10_M2.wav,F45,S1,H10,F,False,meirii baatoon ki oora dhyaana diijiyei,मेरी बातों कि और ध्यान दीजिए
C:\Users\edwin\OneDrive\Desktop\Capstone\hindi indic\HDSD\hindi_sent\F45\F45_S1_H11_M2.wav,F45,S1,H11,F,False,yahaan sei sangharshha kaa daura shuruu huaa,यहाँ से संघर्ष का दौर शुरू हुआ
C:\Users\edwin\OneDrive\Desktop\Capstone\hindi indic\HDSD\hindi_sent\F45\F45_S1_H12_M2.wav,F45,S1,H12,F,False,doonoon mein badaa antara thaa,दोनों में बड़ा अंतर था
C:\Users\edwin\OneDrive\Desktop\Capstone\hindi indic\HDSD\hindi_sent\F45\F45_S1_H13_M2.wav,F45,S1,H13,F,False,aapa sabhii kei sahayooga bahuta dhanyavaada aapa sabhii kei sahayooga kei liyei bahuta dhanyavaada,आप सभी के सहयोग बहुत धन्यवाद आप सभी के सहयोग के लिए बहुत धन्यवाद
C:\Users\edwin\OneDrive\Desktop\Capstone\hindi indic\HDSD\hindi_sent\F45\F45_S1_H14_M2.wav,F45,S1,H14,F,False,bahuta sei looga aisaa kara rahei hai,बहुत से लोग ऐसा कर रहे है
C:\Users\edwin\OneDrive\Desktop\Capstone\hindi indic\HDSD\hindi_sent\F45\F45_S1_H15_M2.wav,F45,S1,H15,F,False,samaya kei saatha hii nahiin usasei aagei chalaa jaaei,समय के साथ ही नहीं उससे आगे चला जाए
C:\Users\edwin\OneDrive\Desktop\Capstone\hindi indic\HDSD\hindi_sent\F45\F45_S1_H16_M2.wav,F45,S1,H16,F,False,main krikeita koo kaaphii pasanda karataa huuna,मैं क्रिकेट को काफी पसंद करता हूं
C:\Users\edwin\OneDrive\Desktop\Capstone\hindi indic\HDSD\hindi_sent\F45\F45_S1_H17_M2.wav,F45,S1,H17,F,False,shaayada samajha gayaa hoo shaayada samajha aa gayaa hoo,शायद समझ गया हो शायद समझ आ गया हो
C:\Users\edwin\OneDrive\Desktop\Capstone\hindi indic\HDSD\hindi_sent\F45\F45_S1_H18_M2.wav,F45,S1,H18,F,False,joo shaayada aapanei deikhaa naa hoo,जो शायद आपने देखा ना हो
C:\Users\edwin\OneDrive\Desktop\Capstone\hindi indic\HDSD\hindi_sent\F45\F45_S1_H19_M2.wav,F45,S1,H19,F,False,main bhuula hii gayaa thaa isa baata koo,मैं भूला ही गया था इस बात को
C:\Users\edwin\OneDrive\Desktop\Capstone\hindi indic\HDSD\hindi_sent\F45\F45_S1_H20_M2.wav,F45,S1,H20,F,False,magara vaha bhii nahiin huaa,मगर वह भी नहीं हुआ
C:\Users\edwin\OneDrive\Desktop\Capstone\hindi indic\HDSD\hindi_sent\F45\F45_S1_H21_M2.wav,F45,S1,H21,F,False,dara kaa artha hootaa hai bhaya bhaya,दर का अर्थ होता है भय भय
C:\Users\edwin\OneDrive\Desktop\Capstone\hindi indic\HDSD\hindi_sent\F45\F45_S1_H22_M2.wav,F45,S1,H22,F,False,eika baara phira sei aabhaara,एक बार फिर से आभार
C:\Users\edwin\OneDrive\Desktop\Capstone\hindi indic\HDSD\hindi_sent\F45\F45_S1_H23_M2.wav,F45,S1,H23,F,False,naa jaanei kitanei looga isei padhtei hai,ना जाने कितने लोग इसे पढ़ते है
C:\Users\edwin\OneDrive\Desktop\Capstone\hindi indic\HDSD\hindi_sent\F45\F45_S1_H24_M2.wav,F45,S1,H24,F,False,abhii main shaanta hii huuna,अभी मैं शांत ही हूं
C:\Users\edwin\OneDrive\Desktop\Capstone\hindi indic\HDSD\hindi_sent\F45\F45_S1_H25_M2.wav,F45,S1,H25,F,False,svaagata kei liyei dhanyavaada,स्वागत के लिए धन्यवाद
C:\Users\edwin\OneDrive\Desktop\Capstone\hindi indic\HDSD\hindi_sent\F45\F45_S1_H26_M2.wav,F45,S1,H26,F,False,aapa apanaa yaha achchhaa kaarya jaarii rakhein,आप अपना यह अच्छा कार्य जारी रखें
C:\Users\edwin\OneDrive\Desktop\Capstone\hindi indic\HDSD\hindi_sent\F45\F45_S1_H27_M2.wav,F45,S1,H27,F,False,main bhaarata mein rahataa huuna,मैं भारत में रहता हूं
C:\Users\edwin\OneDrive\Desktop\Capstone\hindi indic\HDSD\hindi_sent\F45\F45_S1_H28_M2.wav,F45,S1,H28,F,False,kahaa jaataa hai ki unhoonnei kabhii jhuutha kaa sahaaraa nahiin liyaa jiivana mein jhuutha kaa sahaaraa nahiin liyaa,कहा जाता है कि उन्होंने कभी झूठ का सहारा नहीं लिया जीवन में झूठ का सहारा नहीं लिया
C:\Users\edwin\OneDrive\Desktop\Capstone\hindi indic\HDSD\hindi_sent\F45\F45_S1_H29_M2.wav,F45,S1,H29,F,False,aapakaa sandeisha paakara achchhaa lagaa,आपका संदेश पाकर अच्छा लगा
C:\Users\edwin\OneDrive\Desktop\Capstone\hindi indic\HDSD\hindi_sent\F45\F45_S1_H30_M2.wav,F45,S1,H30,F,False,jaldii sei jaldii kuchha kiijiei,जल्दी से जल्दी कुछ कीजिए
C:\Users\edwin\OneDrive\Desktop\Capstone\hindi indic\HDSD\hindi_sent\F51\F51_S1_H01_M2.wav,F51,S1,H01,F,False,aapakei hindii pasanda karanei para khushii huii,आपके हिंदी पसंद करने पर खुशी हुई
C:\Users\edwin\OneDrive\Desktop\Capstone\hindi indic\HDSD\hindi_sent\F51\F51_S1_H02_M2.wav,F51,S1,H02,F,False,isakei badalei tuma kuchha aura maanaga loo,इसके बदले तुम कुछ और मांग लो
C:\Users\edwin\OneDrive\Desktop\Capstone\hindi indic\HDSD\hindi_sent\F51\F51_S1_H03_M2.wav,F51,S1,H03,F,False,chikitsaa artha hootaa hai ilaaja,चिकित्सा अर्थ होता है इलाज
C:\Users\edwin\OneDrive\Desktop\Capstone\hindi indic\HDSD\hindi_sent\F51\F51_S1_H04_M2.wav,F51,S1,H04,F,False,isei aisei hii jaarii rakhein,इसे ऐसे ही जारी रखें
C:\Users\edwin\OneDrive\Desktop\Capstone\hindi indic\HDSD\hindi_sent\F51\F51_S1_H05_M2.wav,F51,S1,H05,F,False,madada kei liyei bahuta dhanyavaada,मदद के लिए बहुत धन्यवाद
C:\Users\edwin\OneDrive\Desktop\Capstone\hindi indic\HDSD\hindi_sent\F51\F51_S1_H06_M2.wav,F51,S1,H06,F,False,aba main kahataa huuna usakaa paalana karoo,अब मैं कहता हूं उसका पालन करो
C:\Users\edwin\OneDrive\Desktop\Capstone\hindi indic\HDSD\hindi_sent\F51\F51_S1_H07_M2.wav,F51,S1,H07,F,False,bhaarata mein aisaa nahiin huaa hai,भारत में ऐसा नहीं हुआ है
C:\Users\edwin\OneDrive\Desktop\Capstone\hindi indic\HDSD\hindi_sent\F51\F51_S1_H08_M2.wav,F51,S1,H08,F,False,isa sahayooga heitu bhii bahuta dhanyavaada,इस सहयोग हेतु भी बहुत धन्यवाद
C:\Users\edwin\OneDrive\Desktop\Capstone\hindi indic\HDSD\hindi_sent\F51\F51_S1_H09_M2.wav,F51,S1,H09,F,False,yaha sanbhava naa hoo sakaa,यह संभव ना हो सका
C:\Users\edwin\OneDrive\Desktop\Capstone\hindi indic\HDSD\hindi_sent\F51\F51_S1_H10_M2.wav,F51,S1,H10,F,False,meirii baatoon ki dhyaana,मेरी बातों कि ध्यान
C:\Users\edwin\OneDrive\Desktop\Capstone\hindi indic\HDSD\hindi_sent\F51\F51_S1_H11_M2.wav,F51,S1,H11,F,False,yahaan daura kaa daura shuruu huaa,यहाँ दौर का दौर शुरू हुआ
C:\Users\edwin\OneDrive\Desktop\Capstone\hindi indic\HDSD\hindi_sent\F51\F51_S1_H12_M2.wav,F51,S1,H12,F,False,doonoon mein badaa antara thaa doonoon mein,दोनों में बड़ा अंतर था दोनों में
C:\Users\edwin\OneDrive\Desktop\Capstone\hindi indic\HDSD\hindi_sent\F51\F51_S1_H13_M2.wav,F51,S1,H13,F,False,sabhii kei sahayooga kei liyei dhanyavaada,सभी के सहयोग के लिए धन्यवाद
C:\Users\edwin\OneDrive\Desktop\Capstone\hindi indic\HDSD\hindi_sent\F51\F51_S1_H14_M2.wav,F51,S1,H14,F,False,bahuta sei looga aisaa kara rahei hai,बहुत से लोग ऐसा कर रहे है
C:\Users\edwin\OneDrive\Desktop\Capstone\hindi indic\HDSD\hindi_sent\F51\F51_S1_H15_M2.wav,F51,S1,H15,F,False,samaya kei saatha nahiin usasei aagei usasei aagei chalaa jaaei,समय के साथ नहीं उससे आगे उससे आगे चला जाए
C:\Users\edwin\OneDrive\Desktop\Capstone\hindi indic\HDSD\hindi_sent\F51\F51_S1_H16_M2.wav,F51,S1,H16,F,False,main krikeita kheila kaaphii pasanda karataa huuna,मैं क्रिकेट खेल काफी पसंद करता हूं
C:\Users\edwin\OneDrive\Desktop\Capstone\hindi indic\HDSD\hindi_sent\F51\F51_S1_H17_M2.wav,F51,S1,H17,F,False,shaayada samajha aa gayaa,शायद समझ आ गया
C:\Users\edwin\OneDrive\Desktop\Capstone\hindi indic\HDSD\hindi_sent\F51\F51_S1_H18_M2.wav,F51,S1,H18,F,False,shaayada aapanei naa deikhaa hoo,शायद आपने ना देखा हो
C:\Users\edwin\OneDrive\Desktop\Capstone\hindi indic\HDSD\hindi_sent\F51\F51_S1_H19_M2.wav,F51,S1,H19,F,False,bhuula isa baata koo,भूला इस बात को
C:\Users\edwin\OneDrive\Desktop\Capstone\hindi indic\HDSD\hindi_sent\F51\F51_S1_H20_M2.wav,F51,S1,H20,F,False,magara vaha bhii nahiin huaa,मगर वह भी नहीं हुआ
C:\Users\edwin\OneDrive\Desktop\Capstone\hindi indic\HDSD\hindi_sent\F51\F51_S1_H21_M2.wav,F51,S1,H21,F,False,dara kaa artha hootaa hai bhaya,दर का अर्थ होता है भय
C:\Users\edwin\OneDrive\Desktop\Capstone\hindi indic\HDSD\hindi_sent\F51\F51_S1_H22_M2.wav,F51,S1,H22,F,False,eika baara phira sei aabhaara,एक बार फिर से आभार
C:\Users\edwin\OneDrive\Desktop\Capstone\hindi indic\HDSD\hindi_sent\F51\F51_S1_H23_M2.wav,F51,S1,H23,F,False,naa jaanei kitanei looga isei padhtei hai,ना जाने कितने लोग इसे पढ़ते है
C:\Users\edwin\OneDrive\Desktop\Capstone\hindi indic\HDSD\hindi_sent\F51\F51_S1_H24_M2.wav,F51,S1,H24,F,False,abhii main shaanta hii huuna,अभी मैं शांत ही हूं
C:\Users\edwin\OneDrive\Desktop\Capstone\hindi indic\HDSD\hindi_sent\F51\F51_S1_H25_M2.wav,F51,S1,H25,F,False,svaagata kei liyei dhanyavaada,स्वागत के लिए धन्यवाद
C:\Users\edwin\OneDrive\Desktop\Capstone\hindi indic\HDSD\hindi_sent\F51\F51_S1_H26_M2.wav,F51,S1,H26,F,False,apanaa apanaa achchhaa kaarya jaarii rakhein,अपना अपना अच्छा कार्य जारी रखें
C:\Users\edwin\OneDrive\Desktop\Capstone\hindi indic\HDSD\hindi_sent\F51\F51_S1_H27_M2.wav,F51,S1,H27,F,False,main bhaarata mein rahataa huuna,मैं भारत में रहता हूं
C:\Users\edwin\OneDrive\Desktop\Capstone\hindi indic\HDSD\hindi_sent\F51\F51_S1_H28_M2.wav,F51,S1,H28,F,False,kahaa jaataa huuna ki unhoonnei kabhii jiivana mein jhuutha kaa sahaaraa nahiin liyaa,कहा जाता हूं कि उन्होंने कभी जीवन में झूठ का सहारा नहीं लिया
C:\Users\edwin\OneDrive\Desktop\Capstone\hindi indic\HDSD\hindi_sent\F51\F51_S1_H29_M2.wav,F51,S1,H29,F,False,aapakaa sandeisha paakara achchhaa lagaa,आपका संदेश पाकर अच्छा लगा
C:\Users\edwin\OneDrive\Desktop\Capstone\hindi indic\HDSD\hindi_sent\F51\F51_S1_H30_M2.wav,F51,S1,H30,F,False,jaldii sei jaldii kuchha kiijiei,जल्दी से जल्दी कुछ कीजिए
C:\Users\edwin\OneDrive\Desktop\Capstone\hindi indic\HDSD\hindi_sent\F54\F54_S1_H01_M2.wav,F54,S1,H01,F,False,pasanda karanei aapakei hindii pasanda karanei khushii huii,पसंद करने आपके हिंदी पसंद करने खुशी हुई
C:\Users\edwin\OneDrive\Desktop\Capstone\hindi indic\HDSD\hindi_sent\F54\F54_S1_H02_M2.wav,F54,S1,H02,F,False,isakei badalei mein tuma kuchha aura maanaga loo,इसके बदले में तुम कुछ और मांग लो
C:\Users\edwin\OneDrive\Desktop\Capstone\hindi indic\HDSD\hindi_sent\F54\F54_S1_H03_M2.wav,F54,S1,H03,F,False,chikitsaa kaa ilaaja ilaaja,चिकित्सा का इलाज इलाज
C:\Users\edwin\OneDrive\Desktop\Capstone\hindi indic\HDSD\hindi_sent\F54\F54_S1_H04_M2.wav,F54,S1,H04,F,False,isei jaarii,इसे जारी
C:\Users\edwin\OneDrive\Desktop\Capstone\hindi indic\HDSD\hindi_sent\F54\F54_S1_H05_M2.wav,F54,S1,H05,F,False,madada kei liyei bahuta dhanyavaada bahuta dhanyavaada,मदद के लिए बहुत धन्यवाद बहुत धन्यवाद
C:\Users\edwin\OneDrive\Desktop\Capstone\hindi indic\HDSD\hindi_sent\F54\F54_S1_H06_M2.wav,F54,S1,H06,F,False,aba joo main kahataa huuna usakaa paalana,अब जो मैं कहता हूं उसका पालन
C:\Users\edwin\OneDrive\Desktop\Capstone\hindi indic\HDSD\hindi_sent\F54\F54_S1_H07_M2.wav,F54,S1,H07,F,False,bhaarata mein bhaarata mein aisaa nahiin huaa hai,भारत में भारत में ऐसा नहीं हुआ है
C:\Users\edwin\OneDrive\Desktop\Capstone\hindi indic\HDSD\hindi_sent\F54\F54_S1_H08_M2.wav,F54,S1,H08,F,False,isa sahayooga heitu heitu bhii bahuta dhanyavaada,इस सहयोग हेतु हेतु भी बहुत धन्यवाद
C:\Users\edwin\OneDrive\Desktop\Capstone\hindi indic\HDSD\hindi_sent\F54\F54_S1_H09_M2.wav,F54,S1,H09,F,False,para yaha sanbhava naa naa hoo sakaa,पर यह संभव ना ना हो सका
C:\Users\edwin\OneDrive\Desktop\Capstone\hindi indic\HDSD\hindi_sent\F54\F54_S1_H10_M2.wav,F54,S1,H10,F,False,meirii meirii baatoon ki meirii baatoon dhyaana diijiyei,मेरी मेरी बातों कि मेरी बातों ध्यान दीजिए
C:\Users\edwin\OneDrive\Desktop\Capstone\hindi indic\HDSD\hindi_sent\F54\F54_S1_H11_M2.wav,F54,S1,H11,F,False,yahaan sei sangharshha kaa daura,यहाँ से संघर्ष का दौर
C:\Users\edwin\OneDrive\Desktop\Capstone\hindi indic\HDSD\hindi_sent\F54\F54_S1_H12_M2.wav,F54,S1,H12,F,False,doonoon mein badaa antara thaa,दोनों में बड़ा अंतर था
C:\Users\edwin\OneDrive\Desktop\Capstone\hindi indic\HDSD\hindi_sent\F54\F54_S1_H13_M2.wav,F54,S1,H13,F,False,aapa sabhii sahayooga kei liyei bahuta dhanyavaada,आप सभी सहयोग के लिए बहुत धन्यवाद
C:\Users\edwin\OneDrive\Desktop\Capstone\hindi indic\HDSD\hindi_sent\F54\F54_S1_H14_M2.wav,F54,S1,H14,F,False,bahuta sei looga aisaa kara rahei hai,बहुत से लोग ऐसा कर रहे है
C:\Users\edwin\OneDrive\Desktop\Capstone\hindi indic\HDSD\hindi_sent\F54\F54_S1_H15_M2.wav,F54,S1,H15,F,False,samaya kei saatha hii nahiin usasei aagei chalaa jaaei,समय के साथ ही नहीं उससे आगे चला जाए
C:\Users\edwin\OneDrive\Desktop\Capstone\hindi indic\HDSD\hindi_sent\F54\F54_S1_H16_M2.wav,F54,S1,H16,F,False,main krikeita koo kaaphii pasanda pasanda,मैं क्रिकेट को काफी पसंद पसंद
C:\Users\edwin\OneDrive\Desktop\Capstone\hindi indic\HDSD\hindi_sent\F54\F54_S1_H17_M2.wav,F54,S1,H17,F,False,shaayada samajha samajha aa gayaa hoo,शायद समझ समझ आ गया हो
C:\Users\edwin\OneDrive\Desktop\Capstone\hindi indic\HDSD\hindi_sent\F54\F54_S1_H18_M2.wav,F54,S1,H18,F,False,joo joo shaayada aapanei deikhaa naa hoo,जो जो शायद आपने देखा ना हो
C:\Users\edwin\OneDrive\Desktop\Capstone\hindi indic\HDSD\hindi_sent\F54\F54_S1_H19_M2.wav,F54,S1,H19,F,False,main main bhuula hii,मैं मैं भूला ही
C:\Users\edwin\OneDrive\Desktop\Capstone\hindi indic\HDSD\hindi_sent\F54\F54_S1_H20_M2.wav,F54,S1,H20,F,False,magara vaha bhii vaha bhii nahiin huaa,मगर वह भी वह भी नहीं हुआ
C:\Users\edwin\OneDrive\Desktop\Capstone\hindi indic\HDSD\hindi_sent\F54\F54_S1_H21_M2.wav,F54,S1,H21,F,False,dara kaa artha hai bhaya,दर का अर्थ है भय
C:\Users\edwin\OneDrive\Desktop\Capstone\hindi indic\HDSD\hindi_sent\F54\F54_S1_H22_M2.wav,F54,S1,H22,F,False,eika baara phira sei aabhaara,एक बार फिर से आभार
C:\Users\edwin\OneDrive\Desktop\Capstone\hindi indic\HDSD\hindi_sent\F54\F54_S1_H23_M2.wav,F54,S1,H23,F,False,naa jaanei kitanei looga padhtei hai,ना जाने कितने लोग पढ़ते है
C:\Users\edwin\OneDrive\Desktop\Capstone\hindi indic\HDSD\hindi_sent\F54\F54_S1_H24_M2.wav,F54,S1,H24,F,False,abhii shaanta hii huuna,अभी शांत ही हूं
C:\Users\edwin\OneDrive\Desktop\Capstone\hindi indic\HDSD\hindi_sent\F54\F54_S1_H25_M2.wav,F54,S1,H25,F,False,svaagata kei liyei dhanyavaada,स्वागत के लिए धन्यवाद
C:\Users\edwin\OneDrive\Desktop\Capstone\hindi indic\HDSD\hindi_sent\F54\F54_S1_H26_M2.wav,F54,S1,H26,F,False,aapa apanaa yaha achchhaa kaarya rakhein,आप अपना यह अच्छा कार्य रखें
C:\Users\edwin\OneDrive\Desktop\Capstone\hindi indic\HDSD\hindi_sent\F54\F54_S1_H27_M2.wav,F54,S1,H27,F,False,main bhaarata mein bhaarata rahataa,मैं भारत में भारत रहता
C:\Users\edwin\OneDrive\Desktop\Capstone\hindi indic\HDSD\hindi_sent\F54\F54_S1_H28_M2.wav,F54,S1,H28,F,False,kahaa jaataa hai ki unhoonnei kabhii jiivana jhuutha kaa sahaaraa nahiin liyaa,कहा जाता है कि उन्होंने कभी जीवन झूठ का सहारा नहीं लिया
C:\Users\edwin\OneDrive\Desktop\Capstone\hindi indic\HDSD\hindi_sent\F54\F54_S1_H29_M2.wav,F54,S1,H29,F,False,aapakaa sandeisha paakara achchhaa lagaa,आपका संदेश पाकर अच्छा लगा
C:\Users\edwin\OneDrive\Desktop\Capstone\hindi indic\HDSD\hindi_sent\F54\F54_S1_H30_M2.wav,F54,S1,H30,F,False,jaldii sei jaldii kuchha kiijiei,जल्दी से जल्दी कुछ कीजिए
C:\Users\edwin\OneDrive\Desktop\Capstone\hindi indic\HDSD\hindi_sent\F57\F57_S1_H01_M2.wav,F57,S1,H01,F,False,aapakei hindii pasanda karanei para khushii huii,आपके हिंदी पसंद करने पर खुशी हुई
C:\Users\edwin\OneDrive\Desktop\Capstone\hindi indic\HDSD\hindi_sent\F57\F57_S1_H02_M2.wav,F57,S1,H02,F,False,isakei badalei mein tuma aura maanaga loo,इसके बदले में तुम और मांग लो
C:\Users\edwin\OneDrive\Desktop\Capstone\hindi indic\HDSD\hindi_sent\F57\F57_S1_H03_M2.wav,F57,S1,H03,F,False,chikitsaa kaa artha hootaa hai ilaaja,चिकित्सा का अर्थ होता है इलाज
C:\Users\edwin\OneDrive\Desktop\Capstone\hindi indic\HDSD\hindi_sent\F57\F57_S1_H04_M2.wav,F57,S1,H04,F,False,aisei aisei bhii jaarii rakhein,ऐसे ऐसे भी जारी रखें
C:\Users\edwin\OneDrive\Desktop\Capstone\hindi indic\HDSD\hindi_sent\F57\F57_S1_H05_M2.wav,F57,S1,H05,F,False,madada kei liyei dhanyavaada,मदद के लिए धन्यवाद
C:\Users\edwin\OneDrive\Desktop\Capstone\hindi indic\HDSD\hindi_sent\F57\F57_S1_H06_M2.wav,F57,S1,H06,F,False,joo main kahataa huuna aba joo main kahataa huuna usakaa paalana karoo,जो मैं कहता हूं अब जो मैं कहता हूं उसका पालन करो
C:\Users\edwin\OneDrive\Desktop\Capstone\hindi indic\HDSD\hindi_sent\F57\F57_S1_H07_M2.wav,F57,S1,H07,F,False,bhaarata mein aisaa nahiin huaa hai,भारत में ऐसा नहीं हुआ है
C:\Users\edwin\OneDrive\Desktop\Capstone\hindi indic\HDSD\hindi_sent\F57\F57_S1_H08_M2.wav,F57,S1,H08,F,False,isa sahayooga heitu dhanyavaada,इस सहयोग हेतु धन्यवाद
C:\Users\edwin\OneDrive\Desktop\Capstone\hindi indic\HDSD\hindi_sent\F57\F57_S1_H09_M2.wav,F57,S1,H09,F,False,para yaha sanbhava naa hoo sakaa,पर यह संभव ना हो सका
C:\Users\edwin\OneDrive\Desktop\Capstone\hindi indic\HDSD\hindi_sent\F57\F57_S1_H10_M2.wav,F57,S1,H10,F,False,meirii baatoon ki oora dhyaana diijiyei,मेरी बातों कि और ध्यान दीजिए
C:\Users\edwin\OneDrive\Desktop\Capstone\hindi indic\HDSD\hindi_sent\F57\F57_S1_H11_M2.wav,F57,S1,H11,F,False,yahaan sei yahaan sei kaa daura shuruu huaa,यहाँ से यहाँ से का दौर शुरू हुआ
C:\Users\edwin\OneDrive\Desktop\Capstone\hindi indic\HDSD\hindi_sent\F57\F57_S1_H12_M2.wav,F57,S1,H12,F,False,doonoon mein antara thaa doonoon mein badaa antara thaa,दोनों में अंतर था दोनों में बड़ा अंतर था
C:\Users\edwin\OneDrive\Desktop\Capstone\hindi indic\HDSD\hindi_sent\F57\F57_S1_H13_M2.wav,F57,S1,H13,F,False,aapa sabhii kei sahayooga dhanyavaada,आप सभी के सहयोग धन्यवाद
C:\Users\edwin\OneDrive\Desktop\Capstone\hindi indic\HDSD\hindi_sent\F57\F57_S1_H14_M2.wav,F57,S1,H14,F,False,bahuta sei looga bahuta sei looga aisaa kara rahei hai,बहुत से लोग बहुत से लोग ऐसा कर रहे है
C:\Users\edwin\OneDrive\Desktop\Capstone\hindi indic\HDSD\hindi_sent\F57\F57_S1_H15_M2.wav,F57,S1,H15,F,False,samaya kaa saatha hii nahiin usasei aagei chalaa,समय का साथ ही नहीं उससे आगे चला
C:\Users\edwin\OneDrive\Desktop\Capstone\hindi indic\HDSD\hindi_sent\F57\F57_S1_H16_M2.wav,F57,S1,H16,F,False,krikeita kheila koo main krikeita kheila koo kaaphii pasanda karataa huuna,क्रिकेट खेल को मैं क्रिकेट खेल को काफी पसंद करता हूं
C:\Users\edwin\OneDrive\Desktop\Capstone\hindi indic\HDSD\hindi_sent\F57\F57_S1_H17_M2.wav,F57,S1,H17,F,False,shaayada samajha aa gayaa hoo shaayada shaayada samajha aa gayaa,शायद समझ आ गया हो शायद शायद समझ आ गया
C:\Users\edwin\OneDrive\Desktop\Capstone\hindi indic\HDSD\hindi_sent\F57\F57_S1_H18_M2.wav,F57,S1,H18,F,False,joo shaayada aapanei deikhaa naa hoo,जो शायद आपने देखा ना हो
C:\Users\edwin\OneDrive\Desktop\Capstone\hindi indic\HDSD\hindi_sent\F57\F57_S1_H19_M2.wav,F57,S1,H19,F,False,main bhuula hii gayaa thaa isa baata koo,मैं भूला ही गया था इस बात को
C:\Users\edwin\OneDrive\Desktop\Capstone\hindi indic\HDSD\hindi_sent\F57\F57_S1_H20_M2.wav,F57,S1,H20,F,False,vaha bhii nahiin huaa magara bhii nahiin huaa,वह भी नहीं हुआ मगर भी नहीं हुआ
C:\Users\edwin\OneDrive\Desktop\Capstone\hindi indic\HDSD\hindi_sent\F57\F57_S1_H21_M2.wav,F57,S1,H21,F,False,dara kaa artha hootaa hai bhaya,दर का अर्थ होता है भय
C:\Users\edwin\OneDrive\Desktop\Capstone\hindi indic\HDSD\hindi_sent\F57\F57_S1_H22_M2.wav,F57,S1,H22,F,False,eika baara phira sei aabhaara,एक बार फिर से आभार
C:\Users\edwin\OneDrive\Desktop\Capstone\hindi indic\HDSD\hindi_sent\F57\F57_S1_H23_M2.wav,F57,S1,H23,F,False,naa jaanei kitanei looga isei padhtei hai,ना जाने कितने लोग इसे पढ़ते है
C:\Users\edwin\OneDrive\Desktop\Capstone\hindi indic\HDSD\hindi_sent\F57\F57_S1_H24_M2.wav,F57,S1,H24,F,False,abhii main shaanta hii huuna,अभी मैं शांत ही हूं
C:\Users\edwin\OneDrive\Desktop\Capstone\hindi indic\HDSD\hindi_sent\F57\F57_S1_H25_M2.wav,F57,S1,H25,F,False,svaagata svaagata kei liyei dhanyavaada,स्वागत स्वागत के लिए धन्यवाद
C:\Users\edwin\OneDrive\Desktop\Capstone\hindi indic\HDSD\hindi_sent\F57\F57_S1_H26_M2.wav,F57,S1,H26,F,False,aapa apanaa achchhaa kaarya jaarii rakhein,आप अपना अच्छा कार्य जारी रखें
C:\Users\edwin\OneDrive\Desktop\Capstone\hindi indic\HDSD\hindi_sent\F57\F57_S1_H27_M2.wav,F57,S1,H27,F,False,main bhaarata mein rahataa huuna,मैं भारत में रहता हूं
C:\Users\edwin\OneDrive\Desktop\Capstone\hindi indic\HDSD\hindi_sent\F57\F57_S1_H28_M2.wav,F57,S1,H28,F,False,kahaa jaataa hai ki unhoonnei kabhii jiivana mein jhuutha kaa sahaaraa nahiin liyaa,कहा जाता है कि उन्होंने कभी जीवन में झूठ का सहारा नहीं लिया
C:\Users\edwin\OneDrive\Desktop\Capstone\hindi indic\HDSD\hindi_sent\F57\F57_S1_H29_M2.wav,F57,S1,H29,F,False,aapakaa sandeisha paakara achchhaa lagaa,आपका संदेश पाकर अच्छा लगा
C:\Users\edwin\OneDrive\Desktop\Capstone\hindi indic\HDSD\hindi_sent\F57\F57_S1_H30_M2.wav,F57,S1,H30,F,False,jaldii sei jaldii kiijiei,जल्दी से जल्दी कीजिए
C:\Users\edwin\OneDrive\Desktop\Capstone\hindi indic\HDSD\hindi_sent\F59\F59_S1_H01_M2.wav,F59,S1,H01,F,False,aapakei hindii pasanda karanei khushii huii,आपके हिंदी पसंद करने खुशी हुई
C:\Users\edwin\OneDrive\Desktop\Capstone\hindi indic\HDSD\hindi_sent\F59\F59_S1_H02_M2.wav,F59,S1,H02,F,False,isakei badalei mein tuma kuchha aura maanaga loo,इसके बदले में तुम कुछ और मांग लो
C:\Users\edwin\OneDrive\Desktop\Capstone\hindi indic\HDSD\hindi_sent\F59\F59_S1_H03_M2.wav,F59,S1,H03,F,False,chikitsaa kaa artha hootaa hai ilaaja,चिकित्सा का अर्थ होता है इलाज
C:\Users\edwin\OneDrive\Desktop\Capstone\hindi indic\HDSD\hindi_sent\F59\F59_S1_H04_M2.wav,F59,S1,H04,F,False,isei aisei hii jaarii rakhein,इसे ऐसे ही जारी रखें
C:\Users\edwin\OneDrive\Desktop\Capstone\hindi indic\HDSD\hindi_sent\F59\F59_S1_H05_M2.wav,F59,S1,H05,F,False,madada kei liyei bahuta dhanyavaada,मदद के लिए बहुत धन्यवाद
C:\Users\edwin\OneDrive\Desktop\Capstone\hindi indic\HDSD\hindi_sent\F59\F59_S1_H06_M2.wav,F59,S1,H06,F,False,aba joo main kahataa huuna usakaa paalana karoo,अब जो मैं कहता हूं उसका पालन करो
C:\Users\edwin\OneDrive\Desktop\Capstone\hindi indic\HDSD\hindi_sent\F59\F59_S1_H07_M2.wav,F59,S1,H07,F,False,bhaarata mein aisaa nahiin huaa hai,भारत में ऐसा नहीं हुआ है
C:\Users\edwin\OneDrive\Desktop\Capstone\hindi indic\HDSD\hindi_sent\F59\F59_S1_H08_M2.wav,F59,S1,H08,F,False,isa sahayooga heitu bhii bahuta dhanyavaada,इस सहयोग हेतु भी बहुत धन्यवाद
C:\Users\edwin\OneDrive\Desktop\Capstone\hindi indic\HDSD\hindi_sent\F59\F59_S1_H09_M2.wav,F59,S1,H09,F,False,para yaha sanbhava naa hoo sakaa,पर यह संभव ना हो सका
C:\Users\edwin\OneDrive\Desktop\Capstone\hindi indic\HDSD\hindi_sent\F59\F59_S1_H10_M2.wav,F59,S1,H10,F,False,meirii baatoon ki oora dhyaana diijiyei,मेरी बातों कि और ध्यान दीजिए
C:\Users\edwin\OneDrive\Desktop\Capstone\hindi indic\HDSD\hindi_sent\F59\F59_S1_H11_M2.wav,F59,S1,H11,F,False,yahaan sei sangharshha kaa daura shuruu huaa,यहाँ से संघर्ष का दौर शुरू हुआ
C:\Users\edwin\OneDrive\Desktop\Capstone\hindi indic\HDSD\hindi_sent\F59\F59_S1_H12_M2.wav,F59,S1,H12,F,False,doonoon mein badaa antara thaa,दोनों में बड़ा अंतर था
C:\Users\edwin\OneDrive\Desktop\Capstone\hindi indic\HDSD\hindi_sent\F59\F59_S1_H13_M2.wav,F59,S1,H13,F,False,aapa sabhii kei sahayooga kei liyei bahuta dhanyavaada,आप सभी के सहयोग के लिए बहुत धन्यवाद
C:\Users\edwin\OneDrive\Desktop\Capstone\hindi indic\HDSD\hindi_sent\F59\F59_S1_H14_M2.wav,F59,S1,H14,F,False,bahuta sei looga aisaa kara rahei hai,बहुत से लोग ऐसा कर रहे है
C:\Users\edwin\OneDrive\Desktop\Capstone\hindi indic\HDSD\hindi_sent\F59\F59_S1_H15_M2.wav,F59,S1,H15,F,False,samaya kei saatha hii nahiin usasei aagei chalaa jaaei,समय के साथ ही नहीं उससे आगे चला जाए
C:\Users\edwin\OneDrive\Desktop\Capstone\hindi indic\HDSD\hindi_sent\F59\F59_S1_H16_M2.wav,F59,S1,H16,F,False,main krikeita kheila koo kaaphii pasanda karataa huuna,मैं क्रिकेट खेल को काफी पसंद करता हूं
C:\Users\edwin\OneDrive\Desktop\Capstone\hindi indic\HDSD\hindi_sent\F59\F59_S1_H17_M2.wav,F59,S1,H17,F,False,shaayada samajha aa gayaa hoo,शायद समझ आ गया हो
C:\Users\edwin\OneDrive\Desktop\Capstone\hindi indic\HDSD\hindi_sent\F59\F59_S1_H18_M2.wav,F59,S1,H18,F,False,shaayada deikhaa naa hoo aapanei deikhaa naa hoo,शायद देखा ना हो आपने देखा ना हो
C:\Users\edwin\OneDrive\Desktop\Capstone\hindi indic\HDSD\hindi_sent\F59\F59_S1_H19_M2.wav,F59,S1,H19,F,False,joo bhuula hii gayaa thaa isa baata koo,जो भूला ही गया था इस बात को
C:\Users\edwin\OneDrive\Desktop\Capstone\hindi indic\HDSD\hindi_sent\F59\F59_S1_H20_M2.wav,F59,S1,H20,F,False,magara vaha bhii nahiin huaa,मगर वह भी नहीं हुआ
C:\Users\edwin\OneDrive\Desktop\Capstone\hindi indic\HDSD\hindi_sent\F59\F59_S1_H21_M2.wav,F59,S1,H21,F,False,dara kaa artha hootaa hai bhaya,दर का अर्थ होता है भय
C:\Users\edwin\OneDrive\Desktop\Capstone\hindi indic\HDSD\hindi_sent\F59\F59_S1_H22_M2.wav,F59,S1,H22,F,False,eika baara phira sei aabhaara,एक बार फिर से आभार
C:\Users\edwin\OneDrive\Desktop\Capstone\hindi indic\HDSD\hindi_sent\F59\F59_S1_H23_M2.wav,F59,S1,H23,F,False,naa jaanei naa jaanei kitanei looga isei padhtei hai,ना जाने ना जाने कितने लोग इसे पढ़ते है
C:\Users\edwin\OneDrive\Desktop\Capstone\hindi indic\HDSD\hindi_sent\F59\F59_S1_H24_M2.wav,F59,S1,H24,F,False,abhii main shaanta hii huuna,अभी मैं शांत ही हूं
C:\Users\edwin\OneDrive\Desktop\Capstone\hindi indic\HDSD\hindi_sent\F59\F59_S1_H25_M2.wav,F59,S1,H25,F,False,svaagata kei liyei dhanyavaada,स्वागत के लिए धन्यवाद
C:\Users\edwin\OneDrive\Desktop\Capstone\hindi indic\HDSD\hindi_sent\F59\F59_S1_H26_M2.wav,F59,S1,H26,F,False,aapa apanaa yaha achchhaa kaarya jaarii rakhein,आप अपना यह अच्छा कार्य जारी रखें
C:\Users\edwin\OneDrive\Desktop\Capstone\hindi indic\HDSD\hindi_sent\F59\F59_S1_H27_M2.wav,F59,S1,H27,F,False,main bhaarata mein rahataa huuna,मैं भारत में रहता हूं
C:\Users\edwin\OneDrive\Desktop\Capstone\hindi indic\HDSD\hindi_sent\F59\F59_S1_H28_M2.wav,F59,S1,H28,F,False,kahaa jaataa hai ki unhoonnei kabhii jiivana mein jhuutha kaa sahaaraa nahiin liyaa,कहा जाता है कि उन्होंने कभी जीवन में झूठ का सहारा नहीं लिया
C:\Users\edwin\OneDrive\Desktop\Capstone\hindi indic\HDSD\hindi_sent\F59\F59_S1_H29_M2.wav,F59,S1,H29,F,False,aapakaa sandeisha paakara achchhaa lagaa,आपका संदेश पाकर अच्छा लगा
C:\Users\edwin\OneDrive\Desktop\Capstone\hindi indic\HDSD\hindi_sent\F59\F59_S1_H30_M2.wav,F59,S1,H30,F,False,jaldii sei jaldii kuchha kiijiei,जल्दी से जल्दी कुछ कीजिए
C:\Users\edwin\OneDrive\Desktop\Capstone\hindi indic\HDSD\hindi_sent\F60\F60_S1_H01_M2.wav,F60,S1,H01,F,False,aapakei hindii pasanda karanei para khushii huii,आपके हिंदी पसंद करने पर खुशी हुई
C:\Users\edwin\OneDrive\Desktop\Capstone\hindi indic\HDSD\hindi_sent\F60\F60_S1_H02_M2.wav,F60,S1,H02,F,False,isakei badalei mein tuma kuchha aura maanaga loo,इसके बदले में तुम कुछ और मांग लो
C:\Users\edwin\OneDrive\Desktop\Capstone\hindi indic\HDSD\hindi_sent\F60\F60_S1_H03_M2.wav,F60,S1,H03,F,False,chikitsaa kaa artha hootaa hai ilaaja,चिकित्सा का अर्थ होता है इलाज
C:\Users\edwin\OneDrive\Desktop\Capstone\hindi indic\HDSD\hindi_sent\F60\F60_S1_H04_M2.wav,F60,S1,H04,F,False,isei aisei hii jaarii rakhein,इसे ऐसे ही जारी रखें
C:\Users\edwin\OneDrive\Desktop\Capstone\hindi indic\HDSD\hindi_sent\F60\F60_S1_H05_M2.wav,F60,S1,H05,F,False,madada kei liyei bahuta dhanyavaada,मदद के लिए बहुत धन्यवाद
C:\Users\edwin\OneDrive\Desktop\Capstone\hindi indic\HDSD\hindi_sent\F60\F60_S1_H06_M2.wav,F60,S1,H06,F,False,aba joo main kahataa huuna usakaa paalana karoo,अब जो मैं कहता हूं उसका पालन करो
C:\Users\edwin\OneDrive\Desktop\Capstone\hindi indic\HDSD\hindi_sent\F60\F60_S1_H07_M2.wav,F60,S1,H07,F,False,bhaarata mein aisaa nahiin huaa hai,भारत में ऐसा नहीं हुआ है
C:\Users\edwin\OneDrive\Desktop\Capstone\hindi indic\HDSD\hindi_sent\F60\F60_S1_H08_M2.wav,F60,S1,H08,F,False,isa bahuta dhanyavaada,इस बहुत धन्यवाद
C:\Users\edwin\OneDrive\Desktop\Capstone\hindi indic\HDSD\hindi_sent\F60\F60_S1_H09_M2.wav,F60,S1,H09,F,False,para yaha sanbhava hoo naa sakaa,पर यह संभव हो ना सका
C:\Users\edwin\OneDrive\Desktop\Capstone\hindi indic\HDSD\hindi_sent\F60\F60_S1_H10_M2.wav,F60,S1,H10,F,False,meirii baatoon ki oora dhyaana diijiyei,मेरी बातों कि और ध्यान दीजिए
C:\Users\edwin\OneDrive\Desktop\Capstone\hindi indic\HDSD\hindi_sent\F60\F60_S1_H11_M2.wav,F60,S1,H11,F,False,yahaan sei sangharshha kaa daura shuruu huaa,यहाँ से संघर्ष का दौर शुरू हुआ
C:\Users\edwin\OneDrive\Desktop\Capstone\hindi indic\HDSD\hindi_sent\F60\F60_S1_H12_M2.wav,F60,S1,H12,F,False,doonoon mein badaa antara thaa,दोनों में बड़ा अंतर था
C:\Users\edwin\OneDrive\Desktop\Capstone\hindi indic\HDSD\hindi_sent\F60\F60_S1_H13_M2.wav,F60,S1,H13,F,False,aapa sabhii kei sahayooga kei liyei dhanyavaada,आप सभी के सहयोग के लिए धन्यवाद
C:\Users\edwin\OneDrive\Desktop\Capstone\hindi indic\HDSD\hindi_sent\F60\F60_S1_H14_M2.wav,F60,S1,H14,F,False,bahuta sei looga aisaa kara rahei hai,बहुत से लोग ऐसा कर रहे है
C:\Users\edwin\OneDrive\Desktop\Capstone\hindi indic\HDSD\hindi_sent\F60\F60_S1_H15_M2.wav,F60,S1,H15,F,False,samaya kei saatha hii nahiin usasei aagei chalaa jaaei,समय के साथ ही नहीं उससे आगे चला जाए
C:\Users\edwin\OneDrive\Desktop\Capstone\hindi indic\HDSD\hindi_sent\F60\F60_S1_H16_M2.wav,F60,S1,H16,F,False,main krikeita kheila koo kaaphii pasanda karataa huuna,मैं क्रिकेट खेल को काफी पसंद करता हूं
C:\Users\edwin\OneDrive\Desktop\Capstone\hindi indic\HDSD\hindi_sent\F60\F60_S1_H17_M2.wav,F60,S1,H17,F,False,shaayada samajha aa gayaa hoo,शायद समझ आ गया हो
C:\Users\edwin\OneDrive\Desktop\Capstone\hindi indic\HDSD\hindi_sent\F60\F60_S1_H18_M2.wav,F60,S1,H18,F,False,joo shaayada aapanei deikhaa naa hoo,जो शायद आपने देखा ना हो
C:\Users\edwin\OneDrive\Desktop\Capstone\hindi indic\HDSD\hindi_sent\F60\F60_S1_H19_M2.wav,F60,S1,H19,F,False,main bhuula hii gayaa thaa isa baata koo,मैं भूला ही गया था इस बात को
C:\Users\edwin\OneDrive\Desktop\Capstone\hindi indic\HDSD\hindi_sent\F60\F60_S1_H20_M2.wav,F60,S1,H20,F,False,vaha bhii nahiin,वह भी नहीं
C:\Users\edwin\OneDrive\Desktop\Capstone\hindi indic\HDSD\hindi_sent\F60\F60_S1_H21_M2.wav,F60,S1,H21,F,False,dara kaa artha hootaa hai bhaya,दर का अर्थ होता है भय
C:\Users\edwin\OneDrive\Desktop\Capstone\hindi indic\HDSD\hindi_sent\F60\F60_S1_H22_M2.wav,F60,S1,H22,F,False,eika baara phira sei aabhaara,एक बार फिर से आभार
C:\Users\edwin\OneDrive\Desktop\Capstone\hindi indic\HDSD\hindi_sent\F60\F60_S1_H23_M2.wav,F60,S1,H23,F,False,naa jaanei kitanei looga isei padhtei hai,ना जाने कितने लोग इसे पढ़ते है
C:\Users\edwin\OneDrive\Desktop\Capstone\hindi indic\HDSD\hindi_sent\F60\F60_S1_H24_M2.wav,F60,S1,H24,F,False,abhii main shaanta huuna,अभी मैं शांत हूं
C:\Users\edwin\OneDrive\Desktop\Capstone\hindi indic\HDSD\hindi_sent\F60\F60_S1_H25_M2.wav,F60,S1,H25,F,False,svaagata kei liyei dhanyavaada,स्वागत के लिए धन्यवाद
C:\Users\edwin\OneDrive\Desktop\Capstone\hindi indic\HDSD\hindi_sent\F60\F60_S1_H26_M2.wav,F60,S1,H26,F,False,aapa apanaa achchhaa kaarya jaarii rakhein,आप अपना अच्छा कार्य जारी रखें
C:\Users\edwin\OneDrive\Desktop\Capstone\hindi indic\HDSD\hindi_sent\F60\F60_S1_H27_M2.wav,F60,S1,H27,F,False,main bhaarata mein rahataa huuna,मैं भारत में रहता हूं
C:\Users\edwin\OneDrive\Desktop\Capstone\hindi indic\HDSD\hindi_sent\F60\F60_S1_H28_M2.wav,F60,S1,H28,F,False,kahaa jaataa hai ki unhoonnei kabhii jiivana mein jhuutha kaa sahaaraa nahiin liyaa,कहा जाता है कि उन्होंने कभी जीवन में झूठ का सहारा नहीं लिया
C:\Users\edwin\OneDrive\Desktop\Capstone\hindi indic\HDSD\hindi_sent\F60\F60_S1_H29_M2.wav,F60,S1,H29,F,False,aapakaa sandeisha paakara achchhaa lagaa,आपका संदेश पाकर अच्छा लगा
C:\Users\edwin\OneDrive\Desktop\Capstone\hindi indic\HDSD\hindi_sent\F60\F60_S1_H30_M2.wav,F60,S1,H30,F,False,jaldii sei jaldii kuchha kiijiei,जल्दी से जल्दी कुछ कीजिए
C:\Users\edwin\OneDrive\Desktop\Capstone\hindi indic\HDSD\hindi_sent\F63\F63_S1_H01_M2.wav,F63,S1,H01,F,False,aapakei hindii pasanda karanei para khushii huii,आपके हिंदी पसंद करने पर खुशी हुई
C:\Users\edwin\OneDrive\Desktop\Capstone\hindi indic\HDSD\hindi_sent\F63\F63_S1_H02_M2.wav,F63,S1,H02,F,False,isakei badalei mein tuma aura maanaga loo,इसके बदले में तुम और मांग लो
C:\Users\edwin\OneDrive\Desktop\Capstone\hindi indic\HDSD\hindi_sent\F63\F63_S1_H03_M2.wav,F63,S1,H03,F,False,chikitsaa artha hootaa hai ilaaja,चिकित्सा अर्थ होता है इलाज
C:\Users\edwin\OneDrive\Desktop\Capstone\hindi indic\HDSD\hindi_sent\F63\F63_S1_H04_M2.wav,F63,S1,H04,F,False,isei aisei jaarii rakhein,इसे ऐसे जारी रखें
C:\Users\edwin\OneDrive\Desktop\Capstone\hindi indic\HDSD\hindi_sent\F63\F63_S1_H05_M2.wav,F63,S1,H05,F,False,madada kei liyei bahuta dhanyavaada,मदद के लिए बहुत धन्यवाद
C:\Users\edwin\OneDrive\Desktop\Capstone\hindi indic\HDSD\hindi_sent\F63\F63_S1_H06_M2.wav,F63,S1,H06,F,False,aba joo main kahataa huuna usakaa paalana karoo,अब जो मैं कहता हूं उसका पालन करो
C:\Users\edwin\OneDrive\Desktop\Capstone\hindi indic\HDSD\hindi_sent\F63\F63_S1_H07_M2.wav,F63,S1,H07,F,False,bhaarata mein aisaa nahiin huaa hai,भारत में ऐसा नहीं हुआ है
C:\Users\edwin\OneDrive\Desktop\Capstone\hindi indic\HDSD\hindi_sent\F63\F63_S1_H08_M2.wav,F63,S1,H08,F,False,isa sahayooga bhii bahuta dhanyavaada,इस सहयोग भी बहुत धन्यवाद
C:\Users\edwin\OneDrive\Desktop\Capstone\hindi indic\HDSD\hindi_sent\F63\F63_S1_H09_M2.wav,F63,S1,H09,F,False,para yaha sanbhava naa hoo sakaa,पर यह संभव ना हो सका
C:\Users\edwin\OneDrive\Desktop\Capstone\hindi indic\HDSD\hindi_sent\F63\F63_S1_H10_M2.wav,F63,S1,H10,F,False,meirii baatoon ki oora dhyaana diijiyei,मेरी बातों कि और ध्यान दीजिए
C:\Users\edwin\OneDrive\Desktop\Capstone\hindi indic\HDSD\hindi_sent\F63\F63_S1_H11_M2.wav,F63,S1,H11,F,False,yahaan sei sangharshha kaa daura shuruu huaa,यहाँ से संघर्ष का दौर शुरू हुआ
C:\Users\edwin\OneDrive\Desktop\Capstone\hindi indic\HDSD\hindi_sent\F63\F63_S1_H12_M2.wav,F63,S1,H12,F,False,doonoon mein badaa antara thaa,दोनों में बड़ा अंतर था
C:\Users\edwin\OneDrive\Desktop\Capstone\hindi indic\HDSD\hindi_sent\F63\F63_S1_H13_M2.wav,F63,S1,H13,F,False,aapa kei sabhii sahayooga kei liyei sabhii kei sahayooga kei liyei bahuta dhanyavaada,आप के सभी सहयोग के लिए सभी के सहयोग के लिए बहुत धन्यवाद
C:\Users\edwin\OneDrive\Desktop\Capstone\hindi indic\HDSD\hindi_sent\F63\F63_S1_H14_M2.wav,F63,S1,H14,F,False,bahuta sei looga aisaa kara rahei hai,बहुत से लोग ऐसा कर रहे है
C:\Users\edwin\OneDrive\Desktop\Capstone\hindi indic\HDSD\hindi_sent\F63\F63_S1_H15_M2.wav,F63,S1,H15,F,False,samaya kei saatha hii nahiin usasei aagei chalaa jaaei,समय के साथ ही नहीं उससे आगे चला जाए
C:\Users\edwin\OneDrive\Desktop\Capstone\hindi indic\HDSD\hindi_sent\F63\F63_S1_H16_M2.wav,F63,S1,H16,F,False,main krikeita kheila koo kaaphii pasanda karataa huuna,मैं क्रिकेट खेल को काफी पसंद करता हूं
C:\Users\edwin\OneDrive\Desktop\Capstone\hindi indic\HDSD\hindi_sent\F63\F63_S1_H17_M2.wav,F63,S1,H17,F,False,shaayada samajha aa gayaa hoo,शायद समझ आ गया हो
C:\Users\edwin\OneDrive\Desktop\Capstone\hindi indic\HDSD\hindi_sent\F63\F63_S1_H18_M2.wav,F63,S1,H18,F,False,joo shaayada aapanei deikhaa naa hoo,जो शायद आपने देखा ना हो
C:\Users\edwin\OneDrive\Desktop\Capstone\hindi indic\HDSD\hindi_sent\F63\F63_S1_H19_M2.wav,F63,S1,H19,F,False,main bhuula hii gayaa thaa isa baata koo,मैं भूला ही गया था इस बात को
C:\Users\edwin\OneDrive\Desktop\Capstone\hindi indic\HDSD\hindi_sent\F63\F63_S1_H20_M2.wav,F63,S1,H20,F,False,bhii nahiin huaa magara vaha bhii nahiin huaa,भी नहीं हुआ मगर वह भी नहीं हुआ
C:\Users\edwin\OneDrive\Desktop\Capstone\hindi indic\HDSD\hindi_sent\F63\F63_S1_H21_M2.wav,F63,S1,H21,F,False,dara kaa artha hootaa hai bhaya,दर का अर्थ होता है भय
C:\Users\edwin\OneDrive\Desktop\Capstone\hindi indic\HDSD\hindi_sent\F63\F63_S1_H22_M2.wav,F63,S1,H22,F,False,eika baara phira sei aabhaara,एक बार फिर से आभार
C:\Users\edwin\OneDrive\Desktop\Capstone\hindi indic\HDSD\hindi_sent\F63\F63_S1_H23_M2.wav,F63,S1,H23,F,False,naa jaanei kitanei looga isei padhtei hai,ना जाने कितने लोग इसे पढ़ते है
C:\Users\edwin\OneDrive\Desktop\Capstone\hindi indic\HDSD\hindi_sent\F63\F63_S1_H24_M2.wav,F63,S1,H24,F,False,abhii main shaanta hii huuna,अभी मैं शांत ही हूं
C:\Users\edwin\OneDrive\Desktop\Capstone\hindi indic\HDSD\hindi_sent\F63\F63_S1_H25_M2.wav,F63,S1,H25,F,False,svaagata kei liyei dhanyavaada,स्वागत के लिए धन्यवाद
C:\Users\edwin\OneDrive\Desktop\Capstone\hindi indic\HDSD\hindi_sent\F63\F63_S1_H26_M2.wav,F63,S1,H26,F,False,aapa apanaa yaha achchhaa kaarya jaarii rakhein,आप अपना यह अच्छा कार्य जारी रखें
C:\Users\edwin\OneDrive\Desktop\Capstone\hindi indic\HDSD\hindi_sent\F63\F63_S1_H27_M2.wav,F63,S1,H27,F,False,main bhaarata mein rahataa huuna,मैं भारत में रहता हूं
C:\Users\edwin\OneDrive\Desktop\Capstone\hindi indic\HDSD\hindi_sent\F63\F63_S1_H28_M2.wav,F63,S1,H28,F,False,kahaa jaataa hai ki unhoonnei kabhii jhuutha kaa sahaaraa nahiin liyaa,कहा जाता है कि उन्होंने कभी झूठ का सहारा नहीं लिया
C:\Users\edwin\OneDrive\Desktop\Capstone\hindi indic\HDSD\hindi_sent\F63\F63_S1_H29_M2.wav,F63,S1,H29,F,False,aapakaa sandeisha achchhaa lagaa,आपका संदेश अच्छा लगा
C:\Users\edwin\OneDrive\Desktop\Capstone\hindi indic\HDSD\hindi_sent\F63\F63_S1_H30_M2.wav,F63,S1,H30,F,False,jaldii sei jaldii kuchha kiijiei,जल्दी से जल्दी कुछ कीजिए
C:\Users\edwin\OneDrive\Desktop\Capstone\hindi indic\HDSD\hindi_sent\M01\M01_S1_H01_M2.wav,M01,S1,H01,M,False,aapakei hindii pasanda karanei para khushii huii,आपके हिंदी पसंद करने पर खुशी हुई
C:\Users\edwin\OneDrive\Desktop\Capstone\hindi indic\HDSD\hindi_sent\M01\M01_S1_H02_M2.wav,M01,S1,H02,M,False,isakei badalei mein tuma kuchha aura maanaga loo,इसके बदले में तुम कुछ और मांग लो
C:\Users\edwin\OneDrive\Desktop\Capstone\hindi indic\HDSD\hindi_sent\M01\M01_S1_H03_M2.wav,M01,S1,H03,M,False,chikitsaa kaa artha hootaa hai ilaaja,चिकित्सा का अर्थ होता है इलाज
C:\Users\edwin\OneDrive\Desktop\Capstone\hindi indic\HDSD\hindi_sent\M01\M01_S1_H04_M2.wav,M01,S1,H04,M,False,isei aisei hii jaarii rakhein,इसे ऐसे ही जारी रखें
C:\Users\edwin\OneDrive\Desktop\Capstone\hindi indic\HDSD\hindi_sent\M01\M01_S1_H05_M2.wav,M01,S1,H05,M,False,madada kei liyei bahuta dhanyavaada,मदद के लिए बहुत धन्यवाद
C:\Users\edwin\OneDrive\Desktop\Capstone\hindi indic\HDSD\hindi_sent\M01\M01_S1_H06_M2.wav,M01,S1,H06,M,False,aba joo main kahataa huuna usakaa paalana karoo,अब जो मैं कहता हूं उसका पालन करो
C:\Users\edwin\OneDrive\Desktop\Capstone\hindi indic\HDSD\hindi_sent\M01\M01_S1_H07_M2.wav,M01,S1,H07,M,False,bhaarata mein aisaa nahiin huaa hai,भारत में ऐसा नहीं हुआ है
C:\Users\edwin\OneDrive\Desktop\Capstone\hindi indic\HDSD\hindi_sent\M01\M01_S1_H08_M2.wav,M01,S1,H08,M,False,isa sahayooga heitu bhii bahuta dhanyavaada,इस सहयोग हेतु भी बहुत धन्यवाद
C:\Users\edwin\OneDrive\Desktop\Capstone\hindi indic\HDSD\hindi_sent\M01\M01_S1_H09_M2.wav,M01,S1,H09,M,False,para yaha sanbhava naa hoo sakaa,पर यह संभव ना हो सका
C:\Users\edwin\OneDrive\Desktop\Capstone\hindi indic\HDSD\hindi_sent\M01\M01_S1_H10_M2.wav,M01,S1,H10,M,False,meirii baatoon ki oora dhyaana diijiyei,मेरी बातों कि और ध्यान दीजिए
C:\Users\edwin\OneDrive\Desktop\Capstone\hindi indic\HDSD\hindi_sent\M01\M01_S1_H11_M2.wav,M01,S1,H11,M,False,yahaan sei sangharshha kaa daura shuruu huaa,यहाँ से संघर्ष का दौर शुरू हुआ
C:\Users\edwin\OneDrive\Desktop\Capstone\hindi indic\HDSD\hindi_sent\M01\M01_S1_H12_M2.wav,M01,S1,H12,M,False,doonoon mein badaa antara thaa,दोनों में बड़ा अंतर था
C:\Users\edwin\OneDrive\Desktop\Capstone\hindi indic\HDSD\hindi_sent\M01\M01_S1_H13_M2.wav,M01,S1,H13,M,False,aapa sabhii kei sahayooga bahuta dhanyavaada,आप सभी के सहयोग बहुत धन्यवाद
C:\Users\edwin\OneDrive\Desktop\Capstone\hindi indic\HDSD\hindi_sent\M01\M01_S1_H14_M2.wav,M01,S1,H14,M,False,bahuta sei looga aisaa kara rahei hai,बहुत से लोग ऐसा कर रहे है
C:\Users\edwin\OneDrive\Desktop\Capstone\hindi indic\HDSD\hindi_sent\M01\M01_S1_H15_M2.wav,M01,S1,H15,M,False,samaya kei saatha nahiin usasei aagei chalaa jaaei,समय के साथ नहीं उससे आगे चला जाए
C:\Users\edwin\OneDrive\Desktop\Capstone\hindi indic\HDSD\hindi_sent\M01\M01_S1_H16_M2.wav,M01,S1,H16,M,False,main krikeita kheila koo kaaphii pasanda karataa huuna,मैं क्रिकेट खेल को काफी पसंद करता हूं
C:\Users\edwin\OneDrive\Desktop\Capstone\hindi indic\HDSD\hindi_sent\M01\M01_S1_H17_M2.wav,M01,S1,H17,M,False,samajha aa gayaa hoo,समझ आ गया हो
C:\Users\edwin\OneDrive\Desktop\Capstone\hindi indic\HDSD\hindi_sent\M01\M01_S1_H18_M2.wav,M01,S1,H18,M,False,joo shaayada aapanei deikhaa hoo,जो शायद आपने देखा हो
C:\Users\edwin\OneDrive\Desktop\Capstone\hindi indic\HDSD\hindi_sent\M01\M01_S1_H19_M2.wav,M01,S1,H19,M,False,main bhuula hii gayaa thaa isa baata koo,मैं भूला ही गया था इस बात को
C:\Users\edwin\OneDrive\Desktop\Capstone\hindi indic\HDSD\hindi_sent\M01\M01_S1_H20_M2.wav,M01,S1,H20,M,False,magara vaha nahiin huaa,मगर वह नहीं हुआ
C:\Users\edwin\OneDrive\Desktop\Capstone\hindi indic\HDSD\hindi_sent\M01\M01_S1_H21_M2.wav,M01,S1,H21,M,False,dara kaa artha hootaa hai bhaya,दर का अर्थ होता है भय
C:\Users\edwin\OneDrive\Desktop\Capstone\hindi indic\HDSD\hindi_sent\M01\M01_S1_H22_M2.wav,M01,S1,H22,M,False,eika baara phira sei aabhaara,एक बार फिर से आभार
C:\Users\edwin\OneDrive\Desktop\Capstone\hindi indic\HDSD\hindi_sent\M01\M01_S1_H23_M2.wav,M01,S1,H23,M,False,naa jaanei kitanei looga isei padhtei hai,ना जाने कितने लोग इसे पढ़ते है
C:\Users\edwin\OneDrive\Desktop\Capstone\hindi indic\HDSD\hindi_sent\M01\M01_S1_H24_M2.wav,M01,S1,H24,M,False,abhii main shaanta nahiin huuna,अभी मैं शांत नहीं हूं
C:\Users\edwin\OneDrive\Desktop\Capstone\hindi indic\HDSD\hindi_sent\M01\M01_S1_H25_M2.wav,M01,S1,H25,M,False,svaagata kei liyei dhanyavaada,स्वागत के लिए धन्यवाद
C:\Users\edwin\OneDrive\Desktop\Capstone\hindi indic\HDSD\hindi_sent\M01\M01_S1_H26_M2.wav,M01,S1,H26,M,False,aapa apanaa yaha achchhaa kaarya jaarii rakhein,आप अपना यह अच्छा कार्य जारी रखें
C:\Users\edwin\OneDrive\Desktop\Capstone\hindi indic\HDSD\hindi_sent\M01\M01_S1_H27_M2.wav,M01,S1,H27,M,False,main bhaarata mein rahataa huuna,मैं भारत में रहता हूं
C:\Users\edwin\OneDrive\Desktop\Capstone\hindi indic\HDSD\hindi_sent\M01\M01_S1_H28_M2.wav,M01,S1,H28,M,False,kahaa jaataa hai unhoonnei kabhii jiivana mein jhuutha kaa sahaaraa nahiin liyaa,कहा जाता है उन्होंने कभी जीवन में झूठ का सहारा नहीं लिया
C:\Users\edwin\OneDrive\Desktop\Capstone\hindi indic\HDSD\hindi_sent\M01\M01_S1_H29_M2.wav,M01,S1,H29,M,False,aapakaa sandeisha paakara achchhaa lagaa,आपका संदेश पाकर अच्छा लगा
C:\Users\edwin\OneDrive\Desktop\Capstone\hindi indic\HDSD\hindi_sent\M01\M01_S1_H30_M2.wav,M01,S1,H30,M,False,jaldii sei jaldii kuchha kiijiei,जल्दी से जल्दी कुछ कीजिए
C:\Users\edwin\OneDrive\Desktop\Capstone\hindi indic\HDSD\hindi_sent\M03\M03_S1_H01_M2.wav,M03,S1,H01,M,False,aapakei hindii pasanda karanei para khushii huii,आपके हिंदी पसंद करने पर खुशी हुई
C:\Users\edwin\OneDrive\Desktop\Capstone\hindi indic\HDSD\hindi_sent\M03\M03_S1_H02_M2.wav,M03,S1,H02,M,False,isakei badalei mein tuma kuchha aura maanaga loo,इसके बदले में तुम कुछ और मांग लो
C:\Users\edwin\OneDrive\Desktop\Capstone\hindi indic\HDSD\hindi_sent\M03\M03_S1_H03_M2.wav,M03,S1,H03,M,False,chikitsaa kaa artha hootaa hai ilaaja,चिकित्सा का अर्थ होता है इलाज
C:\Users\edwin\OneDrive\Desktop\Capstone\hindi indic\HDSD\hindi_sent\M03\M03_S1_H04_M2.wav,M03,S1,H04,M,False,isei aisei hii jaarii rakhein,इसे ऐसे ही जारी रखें
C:\Users\edwin\OneDrive\Desktop\Capstone\hindi indic\HDSD\hindi_sent\M03\M03_S1_H05_M2.wav,M03,S1,H05,M,False,madada kei liyei bahuta dhanyavaada,मदद के लिए बहुत धन्यवाद
C:\Users\edwin\OneDrive\Desktop\Capstone\hindi indic\HDSD\hindi_sent\M03\M03_S1_H06_M2.wav,M03,S1,H06,M,False,aba joo main kahataa huuna usakaa paalana karoo,अब जो मैं कहता हूं उसका पालन करो
C:\Users\edwin\OneDrive\Desktop\Capstone\hindi indic\HDSD\hindi_sent\M03\M03_S1_H07_M2.wav,M03,S1,H07,M,False,bhaarata mein aisaa nahiin huaa,भारत में ऐसा नहीं हुआ
C:\Users\edwin\OneDrive\Desktop\Capstone\hindi indic\HDSD\hindi_sent\M03\M03_S1_H08_M2.wav,M03,S1,H08,M,False,isa sahayooga heitu bhii bahuta dhanyavaada,इस सहयोग हेतु भी बहुत धन्यवाद
C:\Users\edwin\OneDrive\Desktop\Capstone\hindi indic\HDSD\hindi_sent\M03\M03_S1_H09_M2.wav,M03,S1,H09,M,False,para yaha sanbhava naa hoo sakaa,पर यह संभव ना हो सका
C:\Users\edwin\OneDrive\Desktop\Capstone\hindi indic\HDSD\hindi_sent\M03\M03_S1_H10_M2.wav,M03,S1,H10,M,False,meirii baatoon ki oora dhyaana diijiyei,मेरी बातों कि और ध्यान दीजिए
C:\Users\edwin\OneDrive\Desktop\Capstone\hindi indic\HDSD\hindi_sent\M03\M03_S1_H11_M2.wav,M03,S1,H11,M,False,yahaan sei sangharshha kaa daura shuruu huaa,यहाँ से संघर्ष का दौर शुरू हुआ
C:\Users\edwin\OneDrive\Desktop\Capstone\hindi indic\HDSD\hindi_sent\M03\M03_S1_H12_M2.wav,M03,S1,H12,M,False,doonoon mein badaa antara thaa,दोनों में बड़ा अंतर था
C:\Users\edwin\OneDrive\Desktop\Capstone\hindi indic\HDSD\hindi_sent\M03\M03_S1_H13_M2.wav,M03,S1,H13,M,False,aapa sabhii kei sahayooga kei liyei bahuta dhanyavaada,आप सभी के सहयोग के लिए बहुत धन्यवाद
C:\Users\edwin\OneDrive\Desktop\Capstone\hindi indic\HDSD\hindi_sent\M03\M03_S1_H14_M2.wav,M03,S1,H14,M,False,bahuta sei looga aisaa kara rahei hai,बहुत से लोग ऐसा कर रहे है
C:\Users\edwin\OneDrive\Desktop\Capstone\hindi indic\HDSD\hindi_sent\M03\M03_S1_H15_M2.wav,M03,S1,H15,M,False,samaya kei saatha hii nahiin usasei aagei chalaa jaaei,समय के साथ ही नहीं उससे आगे चला जाए
C:\Users\edwin\OneDrive\Desktop\Capstone\hindi indic\HDSD\hindi_sent\M03\M03_S1_H16_M2.wav,M03,S1,H16,M,False,main krikeita kheila koo kaaphii pasanda karataa huuna,मैं क्रिकेट खेल को काफी पसंद करता हूं
C:\Users\edwin\OneDrive\Desktop\Capstone\hindi indic\HDSD\hindi_sent\M03\M03_S1_H17_M2.wav,M03,S1,H17,M,False,shaayada samajha aa gayaa hoo,शायद समझ आ गया हो
C:\Users\edwin\OneDrive\Desktop\Capstone\hindi indic\HDSD\hindi_sent\M03\M03_S1_H18_M2.wav,M03,S1,H18,M,False,joo shaayada aapanei deikhaa naa hoo,जो शायद आपने देखा ना हो
C:\Users\edwin\OneDrive\Desktop\Capstone\hindi indic\HDSD\hindi_sent\M03\M03_S1_H19_M2.wav,M03,S1,H19,M,False,main bhuula hii gayaa thaa isa baata koo,मैं भूला ही गया था इस बात को
C:\Users\edwin\OneDrive\Desktop\Capstone\hindi indic\HDSD\hindi_sent\M03\M03_S1_H20_M2.wav,M03,S1,H20,M,False,magara vaha bhii nahiin huaa,मगर वह भी नहीं हुआ
C:\Users\edwin\OneDrive\Desktop\Capstone\hindi indic\HDSD\hindi_sent\M03\M03_S1_H21_M2.wav,M03,S1,H21,M,False,dara kaa artha hootaa hai bhaya,दर का अर्थ होता है भय
C:\Users\edwin\OneDrive\Desktop\Capstone\hindi indic\HDSD\hindi_sent\M03\M03_S1_H22_M2.wav,M03,S1,H22,M,False,eika baara phira sei aabhaara,एक बार फिर से आभार
C:\Users\edwin\OneDrive\Desktop\Capstone\hindi indic\HDSD\hindi_sent\M03\M03_S1_H23_M2.wav,M03,S1,H23,M,False,naa jaanei kitanei looga isei padhtei hai,ना जाने कितने लोग इसे पढ़ते है
C:\Users\edwin\OneDrive\Desktop\Capstone\hindi indic\HDSD\hindi_sent\M03\M03_S1_H24_M2.wav,M03,S1,H24,M,False,abhii main shaanta hii huuna,अभी मैं शांत ही हूं
C:\Users\edwin\OneDrive\Desktop\Capstone\hindi indic\HDSD\hindi_sent\M03\M03_S1_H25_M2.wav,M03,S1,H25,M,False,svaagata kei liyei dhanyavaada,स्वागत के लिए धन्यवाद
C:\Users\edwin\OneDrive\Desktop\Capstone\hindi indic\HDSD\hindi_sent\M03\M03_S1_H26_M2.wav,M03,S1,H26,M,False,aapa apanaa yaha achchhaa kaarya jaarii rakhein,आप अपना यह अच्छा कार्य जारी रखें
C:\Users\edwin\OneDrive\Desktop\Capstone\hindi indic\HDSD\hindi_sent\M03\M03_S1_H27_M2.wav,M03,S1,H27,M,False,main bhaarata mein rahataa huuna,मैं भारत में रहता हूं
C:\Users\edwin\OneDrive\Desktop\Capstone\hindi indic\HDSD\hindi_sent\M03\M03_S1_H28_M2.wav,M03,S1,H28,M,False,kahaa jaataa hai ki unhoonnei kabhii jiivana mein jhuutha nahiin kaa sahaaraa nahiin liyaa,कहा जाता है कि उन्होंने कभी जीवन में झूठ नहीं का सहारा नहीं लिया
C:\Users\edwin\OneDrive\Desktop\Capstone\hindi indic\HDSD\hindi_sent\M03\M03_S1_H29_M2.wav,M03,S1,H29,M,False,aapakaa sandeisha paakara achchhaa lagaa,आपका संदेश पाकर अच्छा लगा
C:\Users\edwin\OneDrive\Desktop\Capstone\hindi indic\HDSD\hindi_sent\M03\M03_S1_H30_M2.wav,M03,S1,H30,M,False,jaldii sei jaldii kuchha kiijiei,जल्दी से जल्दी कुछ कीजिए
C:\Users\edwin\OneDrive\Desktop\Capstone\hindi indic\HDSD\hindi_sent\M05\M05_S1_H01_M2.wav,M05,S1,H01,M,False,aapakei hindii pasanda karanei para khushii huii,आपके हिंदी पसंद करने पर खुशी हुई
C:\Users\edwin\OneDrive\Desktop\Capstone\hindi indic\HDSD\hindi_sent\M05\M05_S1_H02_M2.wav,M05,S1,H02,M,False,isakei badalei mein tuma kuchha aura maanaga loo,इसके बदले में तुम कुछ और मांग लो
C:\Users\edwin\OneDrive\Desktop\Capstone\hindi indic\HDSD\hindi_sent\M05\M05_S1_H03_M2.wav,M05,S1,H03,M,False,chikitsaa kaa artha hootaa hai ilaaja,चिकित्सा का अर्थ होता है इलाज
C:\Users\edwin\OneDrive\Desktop\Capstone\hindi indic\HDSD\hindi_sent\M05\M05_S1_H04_M2.wav,M05,S1,H04,M,False,isei aisei hii jaarii rakhein,इसे ऐसे ही जारी रखें
C:\Users\edwin\OneDrive\Desktop\Capstone\hindi indic\HDSD\hindi_sent\M05\M05_S1_H05_M2.wav,M05,S1,H05,M,False,madada kei liyei bahuta dhanyavaada,मदद के लिए बहुत धन्यवाद
C:\Users\edwin\OneDrive\Desktop\Capstone\hindi indic\HDSD\hindi_sent\M05\M05_S1_H06_M2.wav,M05,S1,H06,M,False,aba joo main kahataa huuna usakaa paalana karoo,अब जो मैं कहता हूं उसका पालन करो
C:\Users\edwin\OneDrive\Desktop\Capstone\hindi indic\HDSD\hindi_sent\M05\M05_S1_H07_M2.wav,M05,S1,H07,M,False,bhaarata mein aisaa nahiin huaa hai,भारत में ऐसा नहीं हुआ है
C:\Users\edwin\OneDrive\Desktop\Capstone\hindi indic\HDSD\hindi_sent\M05\M05_S1_H08_M2.wav,M05,S1,H08,M,False,isa sahayooga heitu bhii isa sahayooga heitu bhii bahuta dhanyavaada dhanyavaada,इस सहयोग हेतु भी इस सहयोग हेतु भी बहुत धन्यवाद धन्यवाद
C:\Users\edwin\OneDrive\Desktop\Capstone\hindi indic\HDSD\hindi_sent\M05\M05_S1_H09_M2.wav,M05,S1,H09,M,False,para yaha sanbhava naa hoo sakaa,पर यह संभव ना हो सका
C:\Users\edwin\OneDrive\Desktop\Capstone\hindi indic\HDSD\hindi_sent\M05\M05_S1_H10_M2.wav,M05,S1,H10,M,False,meirii baatoon ki oora dhyaana diijiyei,मेरी बातों कि और ध्यान दीजिए
C:\Users\edwin\OneDrive\Desktop\Capstone\hindi indic\HDSD\hindi_sent\M05\M05_S1_H11_M2.wav,M05,S1,H11,M,False,yahaan sei sangharshha kaa daura shuruu huaa,यहाँ से संघर्ष का दौर शुरू हुआ
C:\Users\edwin\OneDrive\Desktop\Capstone\hindi indic\HDSD\hindi_sent\M05\M05_S1_H12_M2.wav,M05,S1,H12,M,False,doonoon mein badaa antara thaa,दोनों में बड़ा अंतर था
C:\Users\edwin\OneDrive\Desktop\Capstone\hindi indic\HDSD\hindi_sent\M05\M05_S1_H13_M2.wav,M05,S1,H13,M,False,aapa sabhii kei sahayooga kei liyei bahuta dhanyavaada,आप सभी के सहयोग के लिए बहुत धन्यवाद
C:\Users\edwin\OneDrive\Desktop\Capstone\hindi indic\HDSD\hindi_sent\M05\M05_S1_H14_M2.wav,M05,S1,H14,M,False,bahuta sei looga aisaa kara rahei hai,बहुत से लोग ऐसा कर रहे है
C:\Users\edwin\OneDrive\Desktop\Capstone\hindi indic\HDSD\hindi_sent\M05\M05_S1_H15_M2.wav,M05,S1,H15,M,False,samaya kei saatha hii nahiin usasei aagei chalaa jaaei chalaa jaaei,समय के साथ ही नहीं उससे आगे चला जाए चला जाए
C:\Users\edwin\OneDrive\Desktop\Capstone\hindi indic\HDSD\hindi_sent\M05\M05_S1_H16_M2.wav,M05,S1,H16,M,False,main krikeita kheila koo kaaphii pasanda karataa huuna,मैं क्रिकेट खेल को काफी पसंद करता हूं
C:\Users\edwin\OneDrive\Desktop\Capstone\hindi indic\HDSD\hindi_sent\M05\M05_S1_H17_M2.wav,M05,S1,H17,M,False,shaayada samajha aa gayaa hoo,शायद समझ आ गया हो
C:\Users\edwin\OneDrive\Desktop\Capstone\hindi indic\HDSD\hindi_sent\M05\M05_S1_H18_M2.wav,M05,S1,H18,M,False,joo shaayada aapanei deikhaa naa hoo,जो शायद आपने देखा ना हो
C:\Users\edwin\OneDrive\Desktop\Capstone\hindi indic\HDSD\hindi_sent\M05\M05_S1_H19_M2.wav,M05,S1,H19,M,False,main bhuula hii gayaa thaa isa baata koo,मैं भूला ही गया था इस बात को
C:\Users\edwin\OneDrive\Desktop\Capstone\hindi indic\HDSD\hindi_sent\M05\M05_S1_H20_M2.wav,M05,S1,H20,M,False,magara vaha bhii nahiin huaa,मगर वह भी नहीं हुआ
C:\Users\edwin\OneDrive\Desktop\Capstone\hindi indic\HDSD\hindi_sent\M05\M05_S1_H21_M2.wav,M05,S1,H21,M,False,dara kaa artha hootaa hai bhaya,दर का अर्थ होता है भय
C:\Users\edwin\OneDrive\Desktop\Capstone\hindi indic\HDSD\hindi_sent\M05\M05_S1_H22_M2.wav,M05,S1,H22,M,False,eika baara phira sei aabhaara,एक बार फिर से आभार
C:\Users\edwin\OneDrive\Desktop\Capstone\hindi indic\HDSD\hindi_sent\M05\M05_S1_H23_M2.wav,M05,S1,H23,M,False,naa jaanei kitanei looga isei padhtei hai,ना जाने कितने लोग इसे पढ़ते है
C:\Users\edwin\OneDrive\Desktop\Capstone\hindi indic\HDSD\hindi_sent\M05\M05_S1_H24_M2.wav,M05,S1,H24,M,False,abhii main shaanta hii huuna,अभी मैं शांत ही हूं
C:\Users\edwin\OneDrive\Desktop\Capstone\hindi indic\HDSD\hindi_sent\M05\M05_S1_H25_M2.wav,M05,S1,H25,M,False,svaagata kei liyei dhanyavaada,स्वागत के लिए धन्यवाद
C:\Users\edwin\OneDrive\Desktop\Capstone\hindi indic\HDSD\hindi_sent\M05\M05_S1_H26_M2.wav,M05,S1,H26,M,False,aapa apanaa yaha achchhaa kaarya jaarii rakhein,आप अपना यह अच्छा कार्य जारी रखें
C:\Users\edwin\OneDrive\Desktop\Capstone\hindi indic\HDSD\hindi_sent\M05\M05_S1_H27_M2.wav,M05,S1,H27,M,False,main bhaarata mein rahataa huuna,मैं भारत में रहता हूं
C:\Users\edwin\OneDrive\Desktop\Capstone\hindi indic\HDSD\hindi_sent\M05\M05_S1_H28_M2.wav,M05,S1,H28,M,False,kahaa jaataa hai ki unhoonnei kabhii jiivana mein jhuutha nahiin jhuutha kaa sahaaraa nahiin liyaa,कहा जाता है कि उन्होंने कभी जीवन में झूठ नहीं झूठ का सहारा नहीं लिया
C:\Users\edwin\OneDrive\Desktop\Capstone\hindi indic\HDSD\hindi_sent\M05\M05_S1_H29_M2.wav,M05,S1,H29,M,False,aapakaa sandeisha paakara achchhaa lagaa,आपका संदेश पाकर अच्छा लगा
C:\Users\edwin\OneDrive\Desktop\Capstone\hindi indic\HDSD\hindi_sent\M05\M05_S1_H30_M2.wav,M05,S1,H30,M,False,jaldii sei jaldii kuchha kiijiei,जल्दी से जल्दी कुछ कीजिए
C:\Users\edwin\OneDrive\Desktop\Capstone\hindi indic\HDSD\hindi_sent\M08\M08_S1_H01_M2.wav,M08,S1,H01,M,False,aapakei hindii pasanda karanei para khushii huii,आपके हिंदी पसंद करने पर खुशी हुई
C:\Users\edwin\OneDrive\Desktop\Capstone\hindi indic\HDSD\hindi_sent\M08\M08_S1_H02_M2.wav,M08,S1,H02,M,False,isakei badalei mein tuma kuchha aura maanaga loo,इसके बदले में तुम कुछ और मांग लो
C:\Users\edwin\OneDrive\Desktop\Capstone\hindi indic\HDSD\hindi_sent\M08\M08_S1_H03_M2.wav,M08,S1,H03,M,False,chikitsaa kaa artha hootaa hai ilaaja,चिकित्सा का अर्थ होता है इलाज
C:\Users\edwin\OneDrive\Desktop\Capstone\hindi indic\HDSD\hindi_sent\M08\M08_S1_H04_M2.wav,M08,S1,H04,M,False,isei aisei hii jaarii rakhein,इसे ऐसे ही जारी रखें
C:\Users\edwin\OneDrive\Desktop\Capstone\hindi indic\HDSD\hindi_sent\M08\M08_S1_H05_M2.wav,M08,S1,H05,M,False,madada kei liyei bahuta dhanyavaada,मदद के लिए बहुत धन्यवाद
C:\Users\edwin\OneDrive\Desktop\Capstone\hindi indic\HDSD\hindi_sent\M08\M08_S1_H06_M2.wav,M08,S1,H06,M,False,aba joo main kahataa huuna usakaa paalana karoo,अब जो मैं कहता हूं उसका पालन करो
C:\Users\edwin\OneDrive\Desktop\Capstone\hindi indic\HDSD\hindi_sent\M08\M08_S1_H07_M2.wav,M08,S1,H07,M,False,bhaarata mein aisaa nahiin huaa hai,भारत में ऐसा नहीं हुआ है
C:\Users\edwin\OneDrive\Desktop\Capstone\hindi indic\HDSD\hindi_sent\M08\M08_S1_H08_M2.wav,M08,S1,H08,M,False,isa sahayooga heitu bhii bahuta dhanyavaada,इस सहयोग हेतु भी बहुत धन्यवाद
C:\Users\edwin\OneDrive\Desktop\Capstone\hindi indic\HDSD\hindi_sent\M08\M08_S1_H09_M2.wav,M08,S1,H09,M,False,para yaha sanbhava naa hoo sakaa,पर यह संभव ना हो सका
C:\Users\edwin\OneDrive\Desktop\Capstone\hindi indic\HDSD\hindi_sent\M08\M08_S1_H10_M2.wav,M08,S1,H10,M,False,meirii baatoon ki oora dhyaana diijiyei,मेरी बातों कि और ध्यान दीजिए
C:\Users\edwin\OneDrive\Desktop\Capstone\hindi indic\HDSD\hindi_sent\M08\M08_S1_H11_M2.wav,M08,S1,H11,M,False,yahaan sei sangharshha kaa daura shuruu huaa,यहाँ से संघर्ष का दौर शुरू हुआ
C:\Users\edwin\OneDrive\Desktop\Capstone\hindi indic\HDSD\hindi_sent\M08\M08_S1_H12_M2.wav,M08,S1,H12,M,False,doonoon mein badaa antara thaa,दोनों में बड़ा अंतर था
C:\Users\edwin\OneDrive\Desktop\Capstone\hindi indic\HDSD\hindi_sent\M08\M08_S1_H13_M2.wav,M08,S1,H13,M,False,aapa sabhii kei sahayooga kei liyei bahuta dhanyavaada,आप सभी के सहयोग के लिए बहुत धन्यवाद
C:\Users\edwin\OneDrive\Desktop\Capstone\hindi indic\HDSD\hindi_sent\M08\M08_S1_H14_M2.wav,M08,S1,H14,M,False,bahuta sei looga aisaa kara rahei hai,बहुत से लोग ऐसा कर रहे है
C:\Users\edwin\OneDrive\Desktop\Capstone\hindi indic\HDSD\hindi_sent\M08\M08_S1_H15_M2.wav,M08,S1,H15,M,False,samaya kei saatha hii nahiin usasei aagei chalaa jaaei,समय के साथ ही नहीं उससे आगे चला जाए
C:\Users\edwin\OneDrive\Desktop\Capstone\hindi indic\HDSD\hindi_sent\M08\M08_S1_H16_M2.wav,M08,S1,H16,M,False,main krikeita kheila koo kaaphii pasanda karataa huuna,मैं क्रिकेट खेल को काफी पसंद करता हूं
C:\Users\edwin\OneDrive\Desktop\Capstone\hindi indic\HDSD\hindi_sent\M08\M08_S1_H17_M2.wav,M08,S1,H17,M,False,shaayada samajha aa gayaa hoo,शायद समझ आ गया हो
C:\Users\edwin\OneDrive\Desktop\Capstone\hindi indic\HDSD\hindi_sent\M08\M08_S1_H18_M2.wav,M08,S1,H18,M,False,joo shaayada aapanei deikhaa naa hoo,जो शायद आपने देखा ना हो
C:\Users\edwin\OneDrive\Desktop\Capstone\hindi indic\HDSD\hindi_sent\M08\M08_S1_H19_M2.wav,M08,S1,H19,M,False,main bhuula hii gayaa thaa isa baata koo,मैं भूला ही गया था इस बात को
C:\Users\edwin\OneDrive\Desktop\Capstone\hindi indic\HDSD\hindi_sent\M08\M08_S1_H20_M2.wav,M08,S1,H20,M,False,magara vaha bhii nahiin huaa,मगर वह भी नहीं हुआ
C:\Users\edwin\OneDrive\Desktop\Capstone\hindi indic\HDSD\hindi_sent\M08\M08_S1_H21_M2.wav,M08,S1,H21,M,False,dara kaa artha hootaa hai bhaya,दर का अर्थ होता है भय
C:\Users\edwin\OneDrive\Desktop\Capstone\hindi indic\HDSD\hindi_sent\M08\M08_S1_H22_M2.wav,M08,S1,H22,M,False,eika baara phira sei aabhaara,एक बार फिर से आभार
C:\Users\edwin\OneDrive\Desktop\Capstone\hindi indic\HDSD\hindi_sent\M08\M08_S1_H23_M2.wav,M08,S1,H23,M,False,naa jaanei kitanei looga isei padhtei hai,ना जाने कितने लोग इसे पढ़ते है
C:\Users\edwin\OneDrive\Desktop\Capstone\hindi indic\HDSD\hindi_sent\M08\M08_S1_H24_M2.wav,M08,S1,H24,M,False,abhii main shaanta hii huuna,अभी मैं शांत ही हूं
C:\Users\edwin\OneDrive\Desktop\Capstone\hindi indic\HDSD\hindi_sent\M08\M08_S1_H25_M2.wav,M08,S1,H25,M,False,svaagata kei liyei dhanyavaada,स्वागत के लिए धन्यवाद
C:\Users\edwin\OneDrive\Desktop\Capstone\hindi indic\HDSD\hindi_sent\M08\M08_S1_H26_M2.wav,M08,S1,H26,M,False,aapa apanaa yaha achchhaa kaarya jaarii rakhein,आप अपना यह अच्छा कार्य जारी रखें
C:\Users\edwin\OneDrive\Desktop\Capstone\hindi indic\HDSD\hindi_sent\M08\M08_S1_H27_M2.wav,M08,S1,H27,M,False,main bhaarata mein rahataa huuna,मैं भारत में रहता हूं
C:\Users\edwin\OneDrive\Desktop\Capstone\hindi indic\HDSD\hindi_sent\M08\M08_S1_H28_M2.wav,M08,S1,H28,M,False,kahaa jaataa hai ki unhoonnei kabhii jiivana mein jhuutha kaa sahaaraa nahiin liyaa,कहा जाता है कि उन्होंने कभी जीवन में झूठ का सहारा नहीं लिया
C:\Users\edwin\OneDrive\Desktop\Capstone\hindi indic\HDSD\hindi_sent\M08\M08_S1_H29_M2.wav,M08,S1,H29,M,False,aapakaa sandeisha paakara achchhaa lagaa,आपका संदेश पाकर अच्छा लगा
C:\Users\edwin\OneDrive\Desktop\Capstone\hindi indic\HDSD\hindi_sent\M08\M08_S1_H30_M2.wav,M08,S1,H30,M,False,jaldii sei jaldii kuchha kiijiei,जल्दी से जल्दी कुछ कीजिए
C:\Users\edwin\OneDrive\Desktop\Capstone\hindi indic\HDSD\hindi_sent\M09\M09_S1_H01_M2.wav,M09,S1,H01,M,False,aapakei hindii pasanda karanei para khushii huii,आपके हिंदी पसंद करने पर खुशी हुई
C:\Users\edwin\OneDrive\Desktop\Capstone\hindi indic\HDSD\hindi_sent\M09\M09_S1_H02_M2.wav,M09,S1,H02,M,False,isakei badalei mein tuma kuchha aura maanaga loo,इसके बदले में तुम कुछ और मांग लो
C:\Users\edwin\OneDrive\Desktop\Capstone\hindi indic\HDSD\hindi_sent\M09\M09_S1_H03_M2.wav,M09,S1,H03,M,False,chikitsaa kaa artha hootaa hai ilaaja,चिकित्सा का अर्थ होता है इलाज
C:\Users\edwin\OneDrive\Desktop\Capstone\hindi indic\HDSD\hindi_sent\M09\M09_S1_H04_M2.wav,M09,S1,H04,M,False,isei aisei hii jaarii rakhein,इसे ऐसे ही जारी रखें
C:\Users\edwin\OneDrive\Desktop\Capstone\hindi indic\HDSD\hindi_sent\M09\M09_S1_H05_M2.wav,M09,S1,H05,M,False,madada kei liyei bahuta dhanyavaada,मदद के लिए बहुत धन्यवाद
C:\Users\edwin\OneDrive\Desktop\Capstone\hindi indic\HDSD\hindi_sent\M09\M09_S1_H06_M2.wav,M09,S1,H06,M,False,aba joo main kahataa huuna usakaa paalana karoo,अब जो मैं कहता हूं उसका पालन करो
C:\Users\edwin\OneDrive\Desktop\Capstone\hindi indic\HDSD\hindi_sent\M09\M09_S1_H07_M2.wav,M09,S1,H07,M,False,bhaarata mein aisaa nahiin huaa hai,भारत में ऐसा नहीं हुआ है
C:\Users\edwin\OneDrive\Desktop\Capstone\hindi indic\HDSD\hindi_sent\M09\M09_S1_H08_M2.wav,M09,S1,H08,M,False,isa sahayooga heitu bhii bahuta dhanyavaada,इस सहयोग हेतु भी बहुत धन्यवाद
C:\Users\edwin\OneDrive\Desktop\Capstone\hindi indic\HDSD\hindi_sent\M09\M09_S1_H09_M2.wav,M09,S1,H09,M,False,para yaha sanbhava naa hoo sakaa,पर यह संभव ना हो सका
C:\Users\edwin\OneDrive\Desktop\Capstone\hindi indic\HDSD\hindi_sent\M09\M09_S1_H10_M2.wav,M09,S1,H10,M,False,meirii baatoon ki oora dhyaana diijiyei,मेरी बातों कि और ध्यान दीजिए
C:\Users\edwin\OneDrive\Desktop\Capstone\hindi indic\HDSD\hindi_sent\M09\M09_S1_H11_M2.wav,M09,S1,H11,M,False,yahaan sei sangharshha kaa daura shuruu huaa,यहाँ से संघर्ष का दौर शुरू हुआ
C:\Users\edwin\OneDrive\Desktop\Capstone\hindi indic\HDSD\hindi_sent\M09\M09_S1_H12_M2.wav,M09,S1,H12,M,False,doonoon mein badaa antara thaa,दोनों में बड़ा अंतर था
C:\Users\edwin\OneDrive\Desktop\Capstone\hindi indic\HDSD\hindi_sent\M09\M09_S1_H13_M2.wav,M09,S1,H13,M,False,aapa sabhii kei sahayooga kei liyei bahuta dhanyavaada,आप सभी के सहयोग के लिए बहुत धन्यवाद
C:\Users\edwin\OneDrive\Desktop\Capstone\hindi indic\HDSD\hindi_sent\M09\M09_S1_H14_M2.wav,M09,S1,H14,M,False,bahuta sei looga aisaa kara rahei hai,बहुत से लोग ऐसा कर रहे है
C:\Users\edwin\OneDrive\Desktop\Capstone\hindi indic\HDSD\hindi_sent\M09\M09_S1_H15_M2.wav,M09,S1,H15,M,False,samaya kei saatha hii nahiin usasei aagei chalaa jaaei,समय के साथ ही नहीं उससे आगे चला जाए
C:\Users\edwin\OneDrive\Desktop\Capstone\hindi indic\HDSD\hindi_sent\M09\M09_S1_H16_M2.wav,M09,S1,H16,M,False,main krikeita kheila koo kaaphii pasanda karataa huuna,मैं क्रिकेट खेल को काफी पसंद करता हूं
C:\Users\edwin\OneDrive\Desktop\Capstone\hindi indic\HDSD\hindi_sent\M09\M09_S1_H17_M2.wav,M09,S1,H17,M,False,shaayada samajha aa gayaa hoo,शायद समझ आ गया हो
C:\Users\edwin\OneDrive\Desktop\Capstone\hindi indic\HDSD\hindi_sent\M09\M09_S1_H18_M2.wav,M09,S1,H18,M,False,joo shaayada aapanei deikhaa naa hoo,जो शायद आपने देखा ना हो
C:\Users\edwin\OneDrive\Desktop\Capstone\hindi indic\HDSD\hindi_sent\M09\M09_S1_H19_M2.wav,M09,S1,H19,M,False,main bhuula hii gayaa thaa isa baata koo,मैं भूला ही गया था इस बात को
C:\Users\edwin\OneDrive\Desktop\Capstone\hindi indic\HDSD\hindi_sent\M09\M09_S1_H20_M2.wav,M09,S1,H20,M,False,magara vaha bhii nahiin huaa,मगर वह भी नहीं हुआ
C:\Users\edwin\OneDrive\Desktop\Capstone\hindi indic\HDSD\hindi_sent\M09\M09_S1_H21_M2.wav,M09,S1,H21,M,False,dara kaa artha hootaa hai bhaya,दर का अर्थ होता है भय
C:\Users\edwin\OneDrive\Desktop\Capstone\hindi indic\HDSD\hindi_sent\M09\M09_S1_H22_M2.wav,M09,S1,H22,M,False,eika baara phira sei aabhaara,एक बार फिर से आभार
C:\Users\edwin\OneDrive\Desktop\Capstone\hindi indic\HDSD\hindi_sent\M09\M09_S1_H23_M2.wav,M09,S1,H23,M,False,naa jaanei kitanei looga isei padhtei hai,ना जाने कितने लोग इसे पढ़ते है
C:\Users\edwin\OneDrive\Desktop\Capstone\hindi indic\HDSD\hindi_sent\M09\M09_S1_H24_M2.wav,M09,S1,H24,M,False,abhii main shaanta hii huuna,अभी मैं शांत ही हूं
C:\Users\edwin\OneDrive\Desktop\Capstone\hindi indic\HDSD\hindi_sent\M09\M09_S1_H25_M2.wav,M09,S1,H25,M,False,svaagata kei liyei dhanyavaada,स्वागत के लिए धन्यवाद
C:\Users\edwin\OneDrive\Desktop\Capstone\hindi indic\HDSD\hindi_sent\M09\M09_S1_H26_M2.wav,M09,S1,H26,M,False,aapa apanaa yaha achchhaa kaarya jaarii rakhein,आप अपना यह अच्छा कार्य जारी रखें
C:\Users\edwin\OneDrive\Desktop\Capstone\hindi indic\HDSD\hindi_sent\M09\M09_S1_H27_M2.wav,M09,S1,H27,M,False,main bhaarata mein rahataa huuna,मैं भारत में रहता हूं
C:\Users\edwin\OneDrive\Desktop\Capstone\hindi indic\HDSD\hindi_sent\M09\M09_S1_H28_M2.wav,M09,S1,H28,M,False,kahaa jaataa hai ki unhoonnei kabhii jiivana mein jhuutha kaa sahaaraa nahiin liyaa,कहा जाता है कि उन्होंने कभी जीवन में झूठ का सहारा नहीं लिया
C:\Users\edwin\OneDrive\Desktop\Capstone\hindi indic\HDSD\hindi_sent\M09\M09_S1_H29_M2.wav,M09,S1,H29,M,False,aapakaa sandeisha paakara achchhaa lagaa,आपका संदेश पाकर अच्छा लगा
C:\Users\edwin\OneDrive\Desktop\Capstone\hindi indic\HDSD\hindi_sent\M09\M09_S1_H30_M2.wav,M09,S1,H30,M,False,jaldii sei jaldii kuchha kiijiei,जल्दी से जल्दी कुछ कीजिए
C:\Users\edwin\OneDrive\Desktop\Capstone\hindi indic\HDSD\hindi_sent\M10\M10_S1_H01_M2.wav,M10,S1,H01,M,False,aapakei hindii pasanda karanei para khushii huii,आपके हिंदी पसंद करने पर खुशी हुई
C:\Users\edwin\OneDrive\Desktop\Capstone\hindi indic\HDSD\hindi_sent\M10\M10_S1_H02_M2.wav,M10,S1,H02,M,False,isakei badalei mein tuma kuchha aura maanaga loo,इसके बदले में तुम कुछ और मांग लो
C:\Users\edwin\OneDrive\Desktop\Capstone\hindi indic\HDSD\hindi_sent\M10\M10_S1_H03_M2.wav,M10,S1,H03,M,False,chikitsaa kaa artha hootaa hai ilaaja,चिकित्सा का अर्थ होता है इलाज
C:\Users\edwin\OneDrive\Desktop\Capstone\hindi indic\HDSD\hindi_sent\M10\M10_S1_H04_M2.wav,M10,S1,H04,M,False,isei aisei hii jaarii rakhein,इसे ऐसे ही जारी रखें
C:\Users\edwin\OneDrive\Desktop\Capstone\hindi indic\HDSD\hindi_sent\M10\M10_S1_H05_M2.wav,M10,S1,H05,M,False,madada kei liyei bahuta dhanyavaada,मदद के लिए बहुत धन्यवाद
C:\Users\edwin\OneDrive\Desktop\Capstone\hindi indic\HDSD\hindi_sent\M10\M10_S1_H06_M2.wav,M10,S1,H06,M,False,aba joo main kahataa huuna usakaa paalana karoo,अब जो मैं कहता हूं उसका पालन करो
C:\Users\edwin\OneDrive\Desktop\Capstone\hindi indic\HDSD\hindi_sent\M10\M10_S1_H07_M2.wav,M10,S1,H07,M,False,bhaarata mein aisaa nahiin huaa hai,भारत में ऐसा नहीं हुआ है
C:\Users\edwin\OneDrive\Desktop\Capstone\hindi indic\HDSD\hindi_sent\M10\M10_S1_H08_M2.wav,M10,S1,H08,M,False,isa sahayooga heitu bhii bahuta dhanyavaada,इस सहयोग हेतु भी बहुत धन्यवाद
C:\Users\edwin\OneDrive\Desktop\Capstone\hindi indic\HDSD\hindi_sent\M10\M10_S1_H09_M2.wav,M10,S1,H09,M,False,para yaha sanbhava naa hoo sakaa,पर यह संभव ना हो सका
C:\Users\edwin\OneDrive\Desktop\Capstone\hindi indic\HDSD\hindi_sent\M10\M10_S1_H10_M2.wav,M10,S1,H10,M,False,meirii baatoon ki oora dhyaana diijiyei,मेरी बातों कि और ध्यान दीजिए
C:\Users\edwin\OneDrive\Desktop\Capstone\hindi indic\HDSD\hindi_sent\M10\M10_S1_H11_M2.wav,M10,S1,H11,M,False,yahaan sei sangharshha kaa daura shuruu huaa,यहाँ से संघर्ष का दौर शुरू हुआ
C:\Users\edwin\OneDrive\Desktop\Capstone\hindi indic\HDSD\hindi_sent\M10\M10_S1_H12_M2.wav,M10,S1,H12,M,False,doonoon mein badaa antara thaa,दोनों में बड़ा अंतर था
C:\Users\edwin\OneDrive\Desktop\Capstone\hindi indic\HDSD\hindi_sent\M10\M10_S1_H13_M2.wav,M10,S1,H13,M,False,aapa sabhii kei sahayooga kei liyei bahuta dhanyavaada,आप सभी के सहयोग के लिए बहुत धन्यवाद
C:\Users\edwin\OneDrive\Desktop\Capstone\hindi indic\HDSD\hindi_sent\M10\M10_S1_H14_M2.wav,M10,S1,H14,M,False,bahuta sei looga aisaa kara rahei hai,बहुत से लोग ऐसा कर रहे है
C:\Users\edwin\OneDrive\Desktop\Capstone\hindi indic\HDSD\hindi_sent\M10\M10_S1_H15_M2.wav,M10,S1,H15,M,False,samaya kei saatha hii nahiin usasei aagei chalaa jaaei,समय के साथ ही नहीं उससे आगे चला जाए
C:\Users\edwin\OneDrive\Desktop\Capstone\hindi indic\HDSD\hindi_sent\M10\M10_S1_H16_M2.wav,M10,S1,H16,M,False,main krikeita kheila koo kaaphii pasanda karataa huuna,मैं क्रिकेट खेल को काफी पसंद करता हूं
C:\Users\edwin\OneDrive\Desktop\Capstone\hindi indic\HDSD\hindi_sent\M10\M10_S1_H17_M2.wav,M10,S1,H17,M,False,shaayada samajha aa gayaa hoo,शायद समझ आ गया हो
C:\Users\edwin\OneDrive\Desktop\Capstone\hindi indic\HDSD\hindi_sent\M10\M10_S1_H18_M2.wav,M10,S1,H18,M,False,joo shaayada aapanei deikhaa naa hoo,जो शायद आपने देखा ना हो
C:\Users\edwin\OneDrive\Desktop\Capstone\hindi indic\HDSD\hindi_sent\M10\M10_S1_H19_M2.wav,M10,S1,H19,M,False,main bhuula hii gayaa thaa isa baata koo,मैं भूला ही गया था इस बात को
C:\Users\edwin\OneDrive\Desktop\Capstone\hindi indic\HDSD\hindi_sent\M10\M10_S1_H20_M2.wav,M10,S1,H20,M,False,magara vaha bhii nahiin huaa,मगर वह भी नहीं हुआ
C:\Users\edwin\OneDrive\Desktop\Capstone\hindi indic\HDSD\hindi_sent\M10\M10_S1_H21_M2.wav,M10,S1,H21,M,False,dara kaa artha hootaa hai bhaya,दर का अर्थ होता है भय
C:\Users\edwin\OneDrive\Desktop\Capstone\hindi indic\HDSD\hindi_sent\M10\M10_S1_H22_M2.wav,M10,S1,H22,M,False,eika baara phira sei aabhaara,एक बार फिर से आभार
C:\Users\edwin\OneDrive\Desktop\Capstone\hindi indic\HDSD\hindi_sent\M10\M10_S1_H23_M2.wav,M10,S1,H23,M,False,naa jaanei kitanei looga isei padhtei hai,ना जाने कितने लोग इसे पढ़ते है
C:\Users\edwin\OneDrive\Desktop\Capstone\hindi indic\HDSD\hindi_sent\M10\M10_S1_H24_M2.wav,M10,S1,H24,M,False,abhii main shaanta hii huuna,अभी मैं शांत ही हूं
C:\Users\edwin\OneDrive\Desktop\Capstone\hindi indic\HDSD\hindi_sent\M10\M10_S1_H25_M2.wav,M10,S1,H25,M,False,svaagata kei liyei dhanyavaada,स्वागत के लिए धन्यवाद
C:\Users\edwin\OneDrive\Desktop\Capstone\hindi indic\HDSD\hindi_sent\M10\M10_S1_H26_M2.wav,M10,S1,H26,M,False,aapa apanaa yaha achchhaa kaarya jaarii rakhein,आप अपना यह अच्छा कार्य जारी रखें
C:\Users\edwin\OneDrive\Desktop\Capstone\hindi indic\HDSD\hindi_sent\M10\M10_S1_H27_M2.wav,M10,S1,H27,M,False,main bhaarata mein rahataa huuna,मैं भारत में रहता हूं
C:\Users\edwin\OneDrive\Desktop\Capstone\hindi indic\HDSD\hindi_sent\M10\M10_S1_H28_M2.wav,M10,S1,H28,M,False,kahaa jaataa hai ki unhoonnei kabhii jiivana mein jhuutha kaa sahaaraa nahiin liyaa,कहा जाता है कि उन्होंने कभी जीवन में झूठ का सहारा नहीं लिया
C:\Users\edwin\OneDrive\Desktop\Capstone\hindi indic\HDSD\hindi_sent\M10\M10_S1_H29_M2.wav,M10,S1,H29,M,False,aapakaa sandeisha paakara achchhaa lagaa,आपका संदेश पाकर अच्छा लगा
C:\Users\edwin\OneDrive\Desktop\Capstone\hindi indic\HDSD\hindi_sent\M10\M10_S1_H30_M2.wav,M10,S1,H30,M,False,jaldii sei jaldii kuchha kiijiei,जल्दी से जल्दी कुछ कीजिए
C:\Users\edwin\OneDrive\Desktop\Capstone\hindi indic\HDSD\hindi_sent\M13\M13_S1_H01_M2.wav,M13,S1,H01,M,False,aapakei hindii pasanda karanei para khushii huii,आपके हिंदी पसंद करने पर खुशी हुई
C:\Users\edwin\OneDrive\Desktop\Capstone\hindi indic\HDSD\hindi_sent\M13\M13_S1_H02_M2.wav,M13,S1,H02,M,False,isakei badalei mein tuma kuchha aura maanaga loo,इसके बदले में तुम कुछ और मांग लो
C:\Users\edwin\OneDrive\Desktop\Capstone\hindi indic\HDSD\hindi_sent\M13\M13_S1_H03_M2.wav,M13,S1,H03,M,False,chikitsaa kaa artha hootaa hai ilaaja,चिकित्सा का अर्थ होता है इलाज
C:\Users\edwin\OneDrive\Desktop\Capstone\hindi indic\HDSD\hindi_sent\M13\M13_S1_H04_M2.wav,M13,S1,H04,M,False,isei aisei hii jaarii rakhein,इसे ऐसे ही जारी रखें
C:\Users\edwin\OneDrive\Desktop\Capstone\hindi indic\HDSD\hindi_sent\M13\M13_S1_H05_M2.wav,M13,S1,H05,M,False,madada kei liyei bahuta dhanyavaada,मदद के लिए बहुत धन्यवाद
C:\Users\edwin\OneDrive\Desktop\Capstone\hindi indic\HDSD\hindi_sent\M13\M13_S1_H06_M2.wav,M13,S1,H06,M,False,aba joo main kahataa huuna usakaa paalana karoo,अब जो मैं कहता हूं उसका पालन करो
C:\Users\edwin\OneDrive\Desktop\Capstone\hindi indic\HDSD\hindi_sent\M13\M13_S1_H07_M2.wav,M13,S1,H07,M,False,bhaarata mein aisaa nahiin huaa hai,भारत में ऐसा नहीं हुआ है
C:\Users\edwin\OneDrive\Desktop\Capstone\hindi indic\HDSD\hindi_sent\M13\M13_S1_H08_M2.wav,M13,S1,H08,M,False,isa sahayooga heitu bhii bahuta dhanyavaada,इस सहयोग हेतु भी बहुत धन्यवाद
C:\Users\edwin\OneDrive\Desktop\Capstone\hindi indic\HDSD\hindi_sent\M13\M13_S1_H09_M2.wav,M13,S1,H09,M,False,para yaha sanbhava naa hoo sakaa,पर यह संभव ना हो सका
C:\Users\edwin\OneDrive\Desktop\Capstone\hindi indic\HDSD\hindi_sent\M13\M13_S1_H10_M2.wav,M13,S1,H10,M,False,meirii baatoon ki oora dhyaana diijiyei,मेरी बातों कि और ध्यान दीजिए
C:\Users\edwin\OneDrive\Desktop\Capstone\hindi indic\HDSD\hindi_sent\M13\M13_S1_H11_M2.wav,M13,S1,H11,M,False,yahaan sei sangharshha kaa daura shuruu huaa,यहाँ से संघर्ष का दौर शुरू हुआ
C:\Users\edwin\OneDrive\Desktop\Capstone\hindi indic\HDSD\hindi_sent\M13\M13_S1_H12_M2.wav,M13,S1,H12,M,False,doonoon mein badaa antara thaa,दोनों में बड़ा अंतर था
C:\Users\edwin\OneDrive\Desktop\Capstone\hindi indic\HDSD\hindi_sent\M13\M13_S1_H13_M2.wav,M13,S1,H13,M,False,aapa sabhii kei sahayooga kei liyei bahuta dhanyavaada,आप सभी के सहयोग के लिए बहुत धन्यवाद
C:\Users\edwin\OneDrive\Desktop\Capstone\hindi indic\HDSD\hindi_sent\M13\M13_S1_H14_M2.wav,M13,S1,H14,M,False,bahuta sei looga aisaa kara rahei hai,बहुत से लोग ऐसा कर रहे है
C:\Users\edwin\OneDrive\Desktop\Capstone\hindi indic\HDSD\hindi_sent\M13\M13_S1_H15_M2.wav,M13,S1,H15,M,False,samaya kei saatha hii nahiin usasei usasei aagei chalaa jaaei,समय के साथ ही नहीं उससे उससे आगे चला जाए
C:\Users\edwin\OneDrive\Desktop\Capstone\hindi indic\HDSD\hindi_sent\M13\M13_S1_H16_M2.wav,M13,S1,H16,M,False,main krikeita kheila koo kaaphii pasanda karataa huuna,मैं क्रिकेट खेल को काफी पसंद करता हूं
C:\Users\edwin\OneDrive\Desktop\Capstone\hindi indic\HDSD\hindi_sent\M13\M13_S1_H17_M2.wav,M13,S1,H17,M,False,shaayada samajha aa gayaa hoo,शायद समझ आ गया हो
C:\Users\edwin\OneDrive\Desktop\Capstone\hindi indic\HDSD\hindi_sent\M13\M13_S1_H18_M2.wav,M13,S1,H18,M,False,joo shaayada aapanei deikhaa naa hoo,जो शायद आपने देखा ना हो
C:\Users\edwin\OneDrive\Desktop\Capstone\hindi indic\HDSD\hindi_sent\M13\M13_S1_H19_M2.wav,M13,S1,H19,M,False,main bhuula hii gayaa thaa isa baata koo,मैं भूला ही गया था इस बात को
C:\Users\edwin\OneDrive\Desktop\Capstone\hindi indic\HDSD\hindi_sent\M13\M13_S1_H20_M2.wav,M13,S1,H20,M,False,magara vaha bhii nahiin huaa,मगर वह भी नहीं हुआ
C:\Users\edwin\OneDrive\Desktop\Capstone\hindi indic\HDSD\hindi_sent\M13\M13_S1_H21_M2.wav,M13,S1,H21,M,False,dara kaa artha hootaa hai bhaya,दर का अर्थ होता है भय
C:\Users\edwin\OneDrive\Desktop\Capstone\hindi indic\HDSD\hindi_sent\M13\M13_S1_H22_M2.wav,M13,S1,H22,M,False,eika baara phira sei aabhaara,एक बार फिर से आभार
C:\Users\edwin\OneDrive\Desktop\Capstone\hindi indic\HDSD\hindi_sent\M13\M13_S1_H23_M2.wav,M13,S1,H23,M,False,naa jaanei kitanei looga isei padhtei hai,ना जाने कितने लोग इसे पढ़ते है
C:\Users\edwin\OneDrive\Desktop\Capstone\hindi indic\HDSD\hindi_sent\M13\M13_S1_H24_M2.wav,M13,S1,H24,M,False,abhii main shaanta huuna hii huuna,अभी मैं शांत हूं ही हूं
C:\Users\edwin\OneDrive\Desktop\Capstone\hindi indic\HDSD\hindi_sent\M13\M13_S1_H25_M2.wav,M13,S1,H25,M,False,svaagata kei liyei dhanyavaada,स्वागत के लिए धन्यवाद
C:\Users\edwin\OneDrive\Desktop\Capstone\hindi indic\HDSD\hindi_sent\M13\M13_S1_H26_M2.wav,M13,S1,H26,M,False,aapa apanaa yaha achchhaa kaarya jaarii rakhein,आप अपना यह अच्छा कार्य जारी रखें
C:\Users\edwin\OneDrive\Desktop\Capstone\hindi indic\HDSD\hindi_sent\M13\M13_S1_H27_M2.wav,M13,S1,H27,M,False,main bhaarata mein rahataa huuna,मैं भारत में रहता हूं
C:\Users\edwin\OneDrive\Desktop\Capstone\hindi indic\HDSD\hindi_sent\M13\M13_S1_H28_M2.wav,M13,S1,H28,M,False,kahaa jaataa hai ki kahaa jaataa hai ki unhoonnei kabhii jiivana mein jhuutha kaa sahaaraa nahiin liyaa,कहा जाता है कि कहा जाता है कि उन्होंने कभी जीवन में झूठ का सहारा नहीं लिया
C:\Users\edwin\OneDrive\Desktop\Capstone\hindi indic\HDSD\hindi_sent\M13\M13_S1_H29_M2.wav,M13,S1,H29,M,False,aapakaa sandeisha paakara achchhaa lagaa,आपका संदेश पाकर अच्छा लगा
C:\Users\edwin\OneDrive\Desktop\Capstone\hindi indic\HDSD\hindi_sent\M13\M13_S1_H30_M2.wav,M13,S1,H30,M,False,jaldii sei jaldii kuchha kiijiei,जल्दी से जल्दी कुछ कीजिए
C:\Users\edwin\OneDrive\Desktop\Capstone\hindi indic\HDSD\hindi_sent\M14\M14_S1_H01_M2.wav,M14,S1,H01,M,False,aapakei hindii pasanda karanei para khushii huii,आपके हिंदी पसंद करने पर खुशी हुई
C:\Users\edwin\OneDrive\Desktop\Capstone\hindi indic\HDSD\hindi_sent\M14\M14_S1_H02_M2.wav,M14,S1,H02,M,False,isakei badalei mein tuma kuchha aura maanaga loo,इसके बदले में तुम कुछ और मांग लो
C:\Users\edwin\OneDrive\Desktop\Capstone\hindi indic\HDSD\hindi_sent\M14\M14_S1_H03_M2.wav,M14,S1,H03,M,False,chikitsaa kaa artha hootaa hai ilaaja,चिकित्सा का अर्थ होता है इलाज
C:\Users\edwin\OneDrive\Desktop\Capstone\hindi indic\HDSD\hindi_sent\M14\M14_S1_H04_M2.wav,M14,S1,H04,M,False,isei aisei hii jaarii rakhein,इसे ऐसे ही जारी रखें
C:\Users\edwin\OneDrive\Desktop\Capstone\hindi indic\HDSD\hindi_sent\M14\M14_S1_H05_M2.wav,M14,S1,H05,M,False,madada kei liyei bahuta dhanyavaada,मदद के लिए बहुत धन्यवाद
C:\Users\edwin\OneDrive\Desktop\Capstone\hindi indic\HDSD\hindi_sent\M14\M14_S1_H06_M2.wav,M14,S1,H06,M,False,aba joo main kahataa huuna usakaa paalana karoo,अब जो मैं कहता हूं उसका पालन करो
C:\Users\edwin\OneDrive\Desktop\Capstone\hindi indic\HDSD\hindi_sent\M14\M14_S1_H07_M2.wav,M14,S1,H07,M,False,bhaarata mein aisaa nahiin huaa hai,भारत में ऐसा नहीं हुआ है
C:\Users\edwin\OneDrive\Desktop\Capstone\hindi indic\HDSD\hindi_sent\M14\M14_S1_H08_M2.wav,M14,S1,H08,M,False,isa sahayooga heitu bhii bahuta dhanyavaada,इस सहयोग हेतु भी बहुत धन्यवाद
C:\Users\edwin\OneDrive\Desktop\Capstone\hindi indic\HDSD\hindi_sent\M14\M14_S1_H09_M2.wav,M14,S1,H09,M,False,para yaha sanbhava naa hoo sakaa,पर यह संभव ना हो सका
C:\Users\edwin\OneDrive\Desktop\Capstone\hindi indic\HDSD\hindi_sent\M14\M14_S1_H10_M2.wav,M14,S1,H10,M,False,meirii baatoon ki oora dhyaana diijiyei,मेरी बातों कि और ध्यान दीजिए
C:\Users\edwin\OneDrive\Desktop\Capstone\hindi indic\HDSD\hindi_sent\M14\M14_S1_H11_M2.wav,M14,S1,H11,M,False,yahaan sei sangharshha kaa daura shuruu huaa,यहाँ से संघर्ष का दौर शुरू हुआ
C:\Users\edwin\OneDrive\Desktop\Capstone\hindi indic\HDSD\hindi_sent\M14\M14_S1_H12_M2.wav,M14,S1,H12,M,False,doonoon mein badaa antara thaa,दोनों में बड़ा अंतर था
C:\Users\edwin\OneDrive\Desktop\Capstone\hindi indic\HDSD\hindi_sent\M14\M14_S1_H13_M2.wav,M14,S1,H13,M,False,aapa sabhii kei sahayooga kei liyei bahuta dhanyavaada,आप सभी के सहयोग के लिए बहुत धन्यवाद
C:\Users\edwin\OneDrive\Desktop\Capstone\hindi indic\HDSD\hindi_sent\M14\M14_S1_H14_M2.wav,M14,S1,H14,M,False,bahuta sei looga aisaa kara rahei hai,बहुत से लोग ऐसा कर रहे है
C:\Users\edwin\OneDrive\Desktop\Capstone\hindi indic\HDSD\hindi_sent\M14\M14_S1_H15_M2.wav,M14,S1,H15,M,False,samaya kei saatha hii nahiin usasei aagei chalaa jaaei,समय के साथ ही नहीं उससे आगे चला जाए
C:\Users\edwin\OneDrive\Desktop\Capstone\hindi indic\HDSD\hindi_sent\M14\M14_S1_H16_M2.wav,M14,S1,H16,M,False,main krikeita kheila koo kaaphii pasanda karataa huuna,मैं क्रिकेट खेल को काफी पसंद करता हूं
C:\Users\edwin\OneDrive\Desktop\Capstone\hindi indic\HDSD\hindi_sent\M14\M14_S1_H17_M2.wav,M14,S1,H17,M,False,shaayada samajha aa gayaa hoo,शायद समझ आ गया हो
C:\Users\edwin\OneDrive\Desktop\Capstone\hindi indic\HDSD\hindi_sent\M14\M14_S1_H18_M2.wav,M14,S1,H18,M,False,joo shaayada aapanei deikhaa naa hoo,जो शायद आपने देखा ना हो
C:\Users\edwin\OneDrive\Desktop\Capstone\hindi indic\HDSD\hindi_sent\M14\M14_S1_H19_M2.wav,M14,S1,H19,M,False,main bhuula hii gayaa thaa isa baata koo,मैं भूला ही गया था इस बात को
C:\Users\edwin\OneDrive\Desktop\Capstone\hindi indic\HDSD\hindi_sent\M14\M14_S1_H20_M2.wav,M14,S1,H20,M,False,magara vaha bhii nahiin huaa,मगर वह भी नहीं हुआ
C:\Users\edwin\OneDrive\Desktop\Capstone\hindi indic\HDSD\hindi_sent\M14\M14_S1_H21_M2.wav,M14,S1,H21,M,False,dara kaa artha hootaa hai bhaya,दर का अर्थ होता है भय
C:\Users\edwin\OneDrive\Desktop\Capstone\hindi indic\HDSD\hindi_sent\M14\M14_S1_H22_M2.wav,M14,S1,H22,M,False,eika baara phira sei aabhaara,एक बार फिर से आभार
C:\Users\edwin\OneDrive\Desktop\Capstone\hindi indic\HDSD\hindi_sent\M14\M14_S1_H23_M2.wav,M14,S1,H23,M,False,naa jaanei kitanei looga isei padhtei hai,ना जाने कितने लोग इसे पढ़ते है
C:\Users\edwin\OneDrive\Desktop\Capstone\hindi indic\HDSD\hindi_sent\M14\M14_S1_H24_M2.wav,M14,S1,H24,M,False,abhii main shaanta hii huuna,अभी मैं शांत ही हूं
C:\Users\edwin\OneDrive\Desktop\Capstone\hindi indic\HDSD\hindi_sent\M14\M14_S1_H25_M2.wav,M14,S1,H25,M,False,svaagata kei liyei dhanyavaada,स्वागत के लिए धन्यवाद
C:\Users\edwin\OneDrive\Desktop\Capstone\hindi indic\HDSD\hindi_sent\M14\M14_S1_H26_M2.wav,M14,S1,H26,M,False,aapa apanaa yaha achchhaa kaarya jaarii rakhein,आप अपना यह अच्छा कार्य जारी रखें
C:\Users\edwin\OneDrive\Desktop\Capstone\hindi indic\HDSD\hindi_sent\M14\M14_S1_H27_M2.wav,M14,S1,H27,M,False,main bhaarata mein rahataa huuna,मैं भारत में रहता हूं
C:\Users\edwin\OneDrive\Desktop\Capstone\hindi indic\HDSD\hindi_sent\M14\M14_S1_H28_M2.wav,M14,S1,H28,M,False,kahaa jaataa hai ki unhoonnei kabhii jiivana mein jhuutha kaa sahaaraa nahiin liyaa,कहा जाता है कि उन्होंने कभी जीवन में झूठ का सहारा नहीं लिया
C:\Users\edwin\OneDrive\Desktop\Capstone\hindi indic\HDSD\hindi_sent\M14\M14_S1_H29_M2.wav,M14,S1,H29,M,False,aapakaa sandeisha paakara achchhaa lagaa,आपका संदेश पाकर अच्छा लगा
C:\Users\edwin\OneDrive\Desktop\Capstone\hindi indic\HDSD\hindi_sent\M14\M14_S1_H30_M2.wav,M14,S1,H30,M,False,jaldii sei jaldii kuchha kiijiei,जल्दी से जल्दी कुछ कीजिए
C:\Users\edwin\OneDrive\Desktop\Capstone\hindi indic\HDSD\hindi_sent\M15\M15_S1_H01_M2.wav,M15,S1,H01,M,False,aapakei hindii pasanda karanei khushii huii,आपके हिंदी पसंद करने खुशी हुई
C:\Users\edwin\OneDrive\Desktop\Capstone\hindi indic\HDSD\hindi_sent\M15\M15_S1_H02_M2.wav,M15,S1,H02,M,False,isakei badalei mein tuma kuchha aura maanaga,इसके बदले में तुम कुछ और मांग
C:\Users\edwin\OneDrive\Desktop\Capstone\hindi indic\HDSD\hindi_sent\M15\M15_S1_H03_M2.wav,M15,S1,H03,M,False,chikitsaa kaa artha hootaa hai ilaaja,चिकित्सा का अर्थ होता है इलाज
C:\Users\edwin\OneDrive\Desktop\Capstone\hindi indic\HDSD\hindi_sent\M15\M15_S1_H04_M2.wav,M15,S1,H04,M,False,isei aisei hii jaarii rakhein,इसे ऐसे ही जारी रखें
C:\Users\edwin\OneDrive\Desktop\Capstone\hindi indic\HDSD\hindi_sent\M15\M15_S1_H05_M2.wav,M15,S1,H05,M,False,madada kei liyei bahuta dhanyavaada,मदद के लिए बहुत धन्यवाद
C:\Users\edwin\OneDrive\Desktop\Capstone\hindi indic\HDSD\hindi_sent\M15\M15_S1_H06_M2.wav,M15,S1,H06,M,False,aba main joo kahataa usakaa paalana karoo,अब मैं जो कहता उसका पालन करो
C:\Users\edwin\OneDrive\Desktop\Capstone\hindi indic\HDSD\hindi_sent\M15\M15_S1_H07_M2.wav,M15,S1,H07,M,False,bhaarata aisaa nahiin huaa,भारत ऐसा नहीं हुआ
C:\Users\edwin\OneDrive\Desktop\Capstone\hindi indic\HDSD\hindi_sent\M15\M15_S1_H08_M2.wav,M15,S1,H08,M,False,isa sahayooga heitu bhii bahuta dhanyavaada,इस सहयोग हेतु भी बहुत धन्यवाद
C:\Users\edwin\OneDrive\Desktop\Capstone\hindi indic\HDSD\hindi_sent\M15\M15_S1_H09_M2.wav,M15,S1,H09,M,False,para yaha sanbhava naa hoo,पर यह संभव ना हो
C:\Users\edwin\OneDrive\Desktop\Capstone\hindi indic\HDSD\hindi_sent\M15\M15_S1_H10_M2.wav,M15,S1,H10,M,False,meirii baatoon ki oora dhyaana diijiyei,मेरी बातों कि और ध्यान दीजिए
C:\Users\edwin\OneDrive\Desktop\Capstone\hindi indic\HDSD\hindi_sent\M15\M15_S1_H11_M2.wav,M15,S1,H11,M,False,yahaan sei sangharshha kaa daura shuruu huaa,यहाँ से संघर्ष का दौर शुरू हुआ
C:\Users\edwin\OneDrive\Desktop\Capstone\hindi indic\HDSD\hindi_sent\M15\M15_S1_H12_M2.wav,M15,S1,H12,M,False,doonoon badaa antara thaa,दोनों बड़ा अंतर था
C:\Users\edwin\OneDrive\Desktop\Capstone\hindi indic\HDSD\hindi_sent\M15\M15_S1_H13_M2.wav,M15,S1,H13,M,False,aapa sabhii sahayooga kei liyei bahuta,आप सभी सहयोग के लिए बहुत
C:\Users\edwin\OneDrive\Desktop\Capstone\hindi indic\HDSD\hindi_sent\M15\M15_S1_H14_M2.wav,M15,S1,H14,M,False,bahuta sei looga aisaa kara,बहुत से लोग ऐसा कर
C:\Users\edwin\OneDrive\Desktop\Capstone\hindi indic\HDSD\hindi_sent\M15\M15_S1_H15_M2.wav,M15,S1,H15,M,False,samaya kei saatha usasei aagei chalaa jaaei,समय के साथ उससे आगे चला जाए
C:\Users\edwin\OneDrive\Desktop\Capstone\hindi indic\HDSD\hindi_sent\M15\M15_S1_H16_M2.wav,M15,S1,H16,M,False,main krikeita kheila koo kaaphii pasanda karataa,मैं क्रिकेट खेल को काफी पसंद करता
C:\Users\edwin\OneDrive\Desktop\Capstone\hindi indic\HDSD\hindi_sent\M15\M15_S1_H17_M2.wav,M15,S1,H17,M,False,shaayada samajha aa gayaa,शायद समझ आ गया
C:\Users\edwin\OneDrive\Desktop\Capstone\hindi indic\HDSD\hindi_sent\M15\M15_S1_H18_M2.wav,M15,S1,H18,M,False,joo shaayada aapanei deikhaa,जो शायद आपने देखा
C:\Users\edwin\OneDrive\Desktop\Capstone\hindi indic\HDSD\hindi_sent\M15\M15_S1_H19_M2.wav,M15,S1,H19,M,False,main bhuula hii gayaa isa baata,मैं भूला ही गया इस बात
C:\Users\edwin\OneDrive\Desktop\Capstone\hindi indic\HDSD\hindi_sent\M15\M15_S1_H20_M2.wav,M15,S1,H20,M,False,magara vaha bhii nahiin huaa,मगर वह भी नहीं हुआ
C:\Users\edwin\OneDrive\Desktop\Capstone\hindi indic\HDSD\hindi_sent\M15\M15_S1_H21_M2.wav,M15,S1,H21,M,False,dara kaa artha hootaa,दर का अर्थ होता
C:\Users\edwin\OneDrive\Desktop\Capstone\hindi indic\HDSD\hindi_sent\M15\M15_S1_H22_M2.wav,M15,S1,H22,M,False,eika baara phira sei,एक बार फिर से
C:\Users\edwin\OneDrive\Desktop\Capstone\hindi indic\HDSD\hindi_sent\M15\M15_S1_H23_M2.wav,M15,S1,H23,M,False,naa jaanei kitanei looga isei,ना जाने कितने लोग इसे
C:\Users\edwin\OneDrive\Desktop\Capstone\hindi indic\HDSD\hindi_sent\M15\M15_S1_H24_M2.wav,M15,S1,H24,M,False,abhii main shaanta hii,अभी मैं शांत ही
C:\Users\edwin\OneDrive\Desktop\Capstone\hindi indic\HDSD\hindi_sent\M15\M15_S1_H25_M2.wav,M15,S1,H25,M,False,svaagata kei liyei dhanyavaada,स्वागत के लिए धन्यवाद
C:\Users\edwin\OneDrive\Desktop\Capstone\hindi indic\HDSD\hindi_sent\M15\M15_S1_H26_M2.wav,M15,S1,H26,M,False,aapa apanaa achchhaa kaarya jaarii rakhein,आप अपना अच्छा कार्य जारी रखें
C:\Users\edwin\OneDrive\Desktop\Capstone\hindi indic\HDSD\hindi_sent\M15\M15_S1_H27_M2.wav,M15,S1,H27,M,False,main bhaarata rahataa huuna,मैं भारत रहता हूं
C:\Users\edwin\OneDrive\Desktop\Capstone\hindi indic\HDSD\hindi_sent\M15\M15_S1_H28_M2.wav,M15,S1,H28,M,False,kahaa jaataa ki jiivana jhuutha kaa sahaaraa nahiin,कहा जाता कि जीवन झूठ का सहारा नहीं
C:\Users\edwin\OneDrive\Desktop\Capstone\hindi indic\HDSD\hindi_sent\M15\M15_S1_H29_M2.wav,M15,S1,H29,M,False,aapakaa sandeisha paakara achchhaa,आपका संदेश पाकर अच्छा
C:\Users\edwin\OneDrive\Desktop\Capstone\hindi indic\HDSD\hindi_sent\M15\M15_S1_H30_M2.wav,M15,S1,H30,M,False,jaldii sei jaldii kuchha kiijiei,जल्दी से जल्दी कुछ कीजिए
C:\Users\edwin\OneDrive\Desktop\Capstone\hindi indic\HDSD\hindi_sent\M15\M15_S2_H01_M2.wav,M15,S2,H01,M,False,aapakei hindii pasanda karanei khushii,आपके हिंदी पसंद करने खुशी
C:\Users\edwin\OneDrive\Desktop\Capstone\hindi indic\HDSD\hindi_sent\M15\M15_S2_H02_M2.wav,M15,S2,H02,M,False,isakei badalei mein tuma kuchha aura maanaga,इसके बदले में तुम कुछ और मांग
C:\Users\edwin\OneDrive\Desktop\Capstone\hindi indic\HDSD\hindi_sent\M15\M15_S2_H03_M2.wav,M15,S2,H03,M,False,chikitsaa kaa hootaa ilaaja,चिकित्सा का होता इलाज
C:\Users\edwin\OneDrive\Desktop\Capstone\hindi indic\HDSD\hindi_sent\M15\M15_S2_H04_M2.wav,M15,S2,H04,M,False,isei aisei jaarii rakhein,इसे ऐसे जारी रखें
C:\Users\edwin\OneDrive\Desktop\Capstone\hindi indic\HDSD\hindi_sent\M15\M15_S2_H05_M2.wav,M15,S2,H05,M,False,madada kei bahuta dhanyavaada,मदद के बहुत धन्यवाद
C:\Users\edwin\OneDrive\Desktop\Capstone\hindi indic\HDSD\hindi_sent\M15\M15_S2_H06_M2.wav,M15,S2,H06,M,False,aba joo main kahataa usakaa paalana,अब जो मैं कहता उसका पालन
C:\Users\edwin\OneDrive\Desktop\Capstone\hindi indic\HDSD\hindi_sent\M15\M15_S2_H07_M2.wav,M15,S2,H07,M,False,bhaarata aisaa nahiin huaa hai,भारत ऐसा नहीं हुआ है
C:\Users\edwin\OneDrive\Desktop\Capstone\hindi indic\HDSD\hindi_sent\M15\M15_S2_H08_M2.wav,M15,S2,H08,M,False,isa sahayooga heitu bhii bahuta dhanyavaada,इस सहयोग हेतु भी बहुत धन्यवाद
C:\Users\edwin\OneDrive\Desktop\Capstone\hindi indic\HDSD\hindi_sent\M15\M15_S2_H09_M2.wav,M15,S2,H09,M,False,para yaha sanbhava naa hoo sakaa,पर यह संभव ना हो सका
C:\Users\edwin\OneDrive\Desktop\Capstone\hindi indic\HDSD\hindi_sent\M15\M15_S2_H10_M2.wav,M15,S2,H10,M,False,meirii baatoon ki oora dhyaana diijiyei,मेरी बातों कि और ध्यान दीजिए
C:\Users\edwin\OneDrive\Desktop\Capstone\hindi indic\HDSD\hindi_sent\M15\M15_S2_H11_M2.wav,M15,S2,H11,M,False,yahaan sei sangharshha kaa daura shuruu,यहाँ से संघर्ष का दौर शुरू
C:\Users\edwin\OneDrive\Desktop\Capstone\hindi indic\HDSD\hindi_sent\M15\M15_S2_H12_M2.wav,M15,S2,H12,M,False,mein badaa antara thaa,में बड़ा अंतर था
C:\Users\edwin\OneDrive\Desktop\Capstone\hindi indic\HDSD\hindi_sent\M15\M15_S2_H13_M2.wav,M15,S2,H13,M,False,aapa sabhii kei sahayooga bahuta dhanyavaada,आप सभी के सहयोग बहुत धन्यवाद
C:\Users\edwin\OneDrive\Desktop\Capstone\hindi indic\HDSD\hindi_sent\M15\M15_S2_H14_M2.wav,M15,S2,H14,M,False,aisaa kara bahuta sei looga aisaa kara rahei,ऐसा कर बहुत से लोग ऐसा कर रहे
C:\Users\edwin\OneDrive\Desktop\Capstone\hindi indic\HDSD\hindi_sent\M15\M15_S2_H15_M2.wav,M15,S2,H15,M,False,samaya kei saatha nahiin usasei aagei chalaa jaaei,समय के साथ नहीं उससे आगे चला जाए
C:\Users\edwin\OneDrive\Desktop\Capstone\hindi indic\HDSD\hindi_sent\M15\M15_S2_H16_M2.wav,M15,S2,H16,M,False,main krikeita kheila koo kaaphii pasanda karataa,मैं क्रिकेट खेल को काफी पसंद करता
C:\Users\edwin\OneDrive\Desktop\Capstone\hindi indic\HDSD\hindi_sent\M15\M15_S2_H17_M2.wav,M15,S2,H17,M,False,shaayada samajha aa,शायद समझ आ
C:\Users\edwin\OneDrive\Desktop\Capstone\hindi indic\HDSD\hindi_sent\M15\M15_S2_H18_M2.wav,M15,S2,H18,M,False,joo aapanei deikhaa,जो आपने देखा
C:\Users\edwin\OneDrive\Desktop\Capstone\hindi indic\HDSD\hindi_sent\M15\M15_S2_H19_M2.wav,M15,S2,H19,M,False,main bhuula hii gayaa isa baata,मैं भूला ही गया इस बात
C:\Users\edwin\OneDrive\Desktop\Capstone\hindi indic\HDSD\hindi_sent\M15\M15_S2_H20_M2.wav,M15,S2,H20,M,False,magara vaha bhii nahiin,मगर वह भी नहीं
C:\Users\edwin\OneDrive\Desktop\Capstone\hindi indic\HDSD\hindi_sent\M15\M15_S2_H21_M2.wav,M15,S2,H21,M,False,dara kaa artha hootaa bhaya,दर का अर्थ होता भय
C:\Users\edwin\OneDrive\Desktop\Capstone\hindi indic\HDSD\hindi_sent\M15\M15_S2_H22_M2.wav,M15,S2,H22,M,False,eika baara phira sei aabhaara,एक बार फिर से आभार
C:\Users\edwin\OneDrive\Desktop\Capstone\hindi indic\HDSD\hindi_sent\M15\M15_S2_H23_M2.wav,M15,S2,H23,M,False,naa jaanei kitanei looga isei padhtei,ना जाने कितने लोग इसे पढ़ते
C:\Users\edwin\OneDrive\Desktop\Capstone\hindi indic\HDSD\hindi_sent\M15\M15_S2_H24_M2.wav,M15,S2,H24,M,False,abhii main shaanta shaanta hii,अभी मैं शांत शांत ही
C:\Users\edwin\OneDrive\Desktop\Capstone\hindi indic\HDSD\hindi_sent\M15\M15_S2_H25_M2.wav,M15,S2,H25,M,False,svaagata kei dhanyavaada,स्वागत के धन्यवाद
C:\Users\edwin\OneDrive\Desktop\Capstone\hindi indic\HDSD\hindi_sent\M15\M15_S2_H26_M2.wav,M15,S2,H26,M,False,aapa apanaa achchhaa jaarii,आप अपना अच्छा जारी
C:\Users\edwin\OneDrive\Desktop\Capstone\hindi indic\HDSD\hindi_sent\M15\M15_S2_H27_M2.wav,M15,S2,H27,M,False,main bhaarata rahataa,मैं भारत रहता
C:\Users\edwin\OneDrive\Desktop\Capstone\hindi indic\HDSD\hindi_sent\M15\M15_S2_H28_M2.wav,M15,S2,H28,M,False,kahaa jaataa ki unhoonnei kabhii jiivana jhuutha jhuutha kaa sahaaraa nahiin liyaa,कहा जाता कि उन्होंने कभी जीवन झूठ झूठ का सहारा नहीं लिया
C:\Users\edwin\OneDrive\Desktop\Capstone\hindi indic\HDSD\hindi_sent\M15\M15_S2_H29_M2.wav,M15,S2,H29,M,False,aapakaa sandeisha paakara achchhaa lagaa,आपका संदेश पाकर अच्छा लगा
C:\Users\edwin\OneDrive\Desktop\Capstone\hindi indic\HDSD\hindi_sent\M15\M15_S2_H30_M2.wav,M15,S2,H30,M,False,jaldii sei jaldii kuchha kiijiei,जल्दी से जल्दी कुछ कीजिए
C:\Users\edwin\OneDrive\Desktop\Capstone\hindi indic\HDSD\hindi_sent\M15\M15_S3_H06_M2.wav,M15,S3,H06,M,False,aba joo main kahataa huuna usakaa paalana karoo,अब जो मैं कहता हूं उसका पालन करो
C:\Users\edwin\OneDrive\Desktop\Capstone\hindi indic\HDSD\hindi_sent\M15\M15_S3_H07_M2.wav,M15,S3,H07,M,False,bhaarata aisaa nahiin huaa hai,भारत ऐसा नहीं हुआ है
C:\Users\edwin\OneDrive\Desktop\Capstone\hindi indic\HDSD\hindi_sent\M15\M15_S3_H08_M2.wav,M15,S3,H08,M,False,isa sahayooga heitu bahuta dhanyavaada,इस सहयोग हेतु बहुत धन्यवाद
C:\Users\edwin\OneDrive\Desktop\Capstone\hindi indic\HDSD\hindi_sent\M15\M15_S3_H09_M2.wav,M15,S3,H09,M,False,para yaha sanbhava naa hoo,पर यह संभव ना हो
C:\Users\edwin\OneDrive\Desktop\Capstone\hindi indic\HDSD\hindi_sent\M15\M15_S3_H10_M2.wav,M15,S3,H10,M,False,meirii baatoon ki dhyaana diijiyei,मेरी बातों कि ध्यान दीजिए
C:\Users\edwin\OneDrive\Desktop\Capstone\hindi indic\HDSD\hindi_sent\M15\M15_S3_H11_M2.wav,M15,S3,H11,M,False,yahaan sei sangharshha kaa daura shuruu huaa,यहाँ से संघर्ष का दौर शुरू हुआ
C:\Users\edwin\OneDrive\Desktop\Capstone\hindi indic\HDSD\hindi_sent\M15\M15_S3_H12_M2.wav,M15,S3,H12,M,False,doonoon badaa antara thaa,दोनों बड़ा अंतर था
C:\Users\edwin\OneDrive\Desktop\Capstone\hindi indic\HDSD\hindi_sent\M16\M16_S1_H01_M2.wav,M16,S1,H01,M,False,aapakei hindii pasanda karanei para khushii huii,आपके हिंदी पसंद करने पर खुशी हुई
C:\Users\edwin\OneDrive\Desktop\Capstone\hindi indic\HDSD\hindi_sent\M16\M16_S1_H02_M2.wav,M16,S1,H02,M,False,isakei badalei mein tuma kuchha aura maanaga loo,इसके बदले में तुम कुछ और मांग लो
C:\Users\edwin\OneDrive\Desktop\Capstone\hindi indic\HDSD\hindi_sent\M16\M16_S1_H03_M2.wav,M16,S1,H03,M,False,chikitsaa kaa artha hootaa hai ilaaja,चिकित्सा का अर्थ होता है इलाज
C:\Users\edwin\OneDrive\Desktop\Capstone\hindi indic\HDSD\hindi_sent\M16\M16_S1_H04_M2.wav,M16,S1,H04,M,False,isei aisei hii jaarii rakhein,इसे ऐसे ही जारी रखें
C:\Users\edwin\OneDrive\Desktop\Capstone\hindi indic\HDSD\hindi_sent\M16\M16_S1_H05_M2.wav,M16,S1,H05,M,False,madada kei liyei bahuta dhanyavaada,मदद के लिए बहुत धन्यवाद
C:\Users\edwin\OneDrive\Desktop\Capstone\hindi indic\HDSD\hindi_sent\M16\M16_S1_H06_M2.wav,M16,S1,H06,M,False,aba joo main joo main kahataa huuna usakaa paalana karoo,अब जो मैं जो मैं कहता हूं उसका पालन करो
C:\Users\edwin\OneDrive\Desktop\Capstone\hindi indic\HDSD\hindi_sent\M16\M16_S1_H07_M2.wav,M16,S1,H07,M,False,bhaarata mein aisaa nahiin huaa hai,भारत में ऐसा नहीं हुआ है
C:\Users\edwin\OneDrive\Desktop\Capstone\hindi indic\HDSD\hindi_sent\M16\M16_S1_H08_M2.wav,M16,S1,H08,M,False,isa sahayooga heitu isa sahayooga heitu bhii bahuta dhanyavaada,इस सहयोग हेतु इस सहयोग हेतु भी बहुत धन्यवाद
C:\Users\edwin\OneDrive\Desktop\Capstone\hindi indic\HDSD\hindi_sent\M16\M16_S1_H09_M2.wav,M16,S1,H09,M,False,para yaha sanbhava naa hoo sakaa,पर यह संभव ना हो सका
C:\Users\edwin\OneDrive\Desktop\Capstone\hindi indic\HDSD\hindi_sent\M16\M16_S1_H10_M2.wav,M16,S1,H10,M,False,meirii baatoon ki oora dhyaana diijiyei,मेरी बातों कि और ध्यान दीजिए
C:\Users\edwin\OneDrive\Desktop\Capstone\hindi indic\HDSD\hindi_sent\M16\M16_S1_H11_M2.wav,M16,S1,H11,M,False,yahaan sei sangharshha kaa daura shuruu huaa,यहाँ से संघर्ष का दौर शुरू हुआ
C:\Users\edwin\OneDrive\Desktop\Capstone\hindi indic\HDSD\hindi_sent\M16\M16_S1_H12_M2.wav,M16,S1,H12,M,False,doonoon mein badaa antara thaa,दोनों में बड़ा अंतर था
C:\Users\edwin\OneDrive\Desktop\Capstone\hindi indic\HDSD\hindi_sent\M16\M16_S1_H13_M2.wav,M16,S1,H13,M,False,aapa sabhii kei sahayooga kei liyei bahuta dhanyavaada,आप सभी के सहयोग के लिए बहुत धन्यवाद
C:\Users\edwin\OneDrive\Desktop\Capstone\hindi indic\HDSD\hindi_sent\M16\M16_S1_H14_M2.wav,M16,S1,H14,M,False,bahuta sei looga aisaa kara rahei hai,बहुत से लोग ऐसा कर रहे है
C:\Users\edwin\OneDrive\Desktop\Capstone\hindi indic\HDSD\hindi_sent\M16\M16_S1_H15_M2.wav,M16,S1,H15,M,False,samaya kei saatha hii nahiin usasei aagei chalaa jaaei,समय के साथ ही नहीं उससे आगे चला जाए
C:\Users\edwin\OneDrive\Desktop\Capstone\hindi indic\HDSD\hindi_sent\M16\M16_S1_H16_M2.wav,M16,S1,H16,M,False,main krikeita kaaphii pasanda karataa huuna,मैं क्रिकेट काफी पसंद करता हूं
C:\Users\edwin\OneDrive\Desktop\Capstone\hindi indic\HDSD\hindi_sent\M16\M16_S1_H17_M2.wav,M16,S1,H17,M,False,shaayada samajha aa gayaa hoo,शायद समझ आ गया हो
C:\Users\edwin\OneDrive\Desktop\Capstone\hindi indic\HDSD\hindi_sent\M16\M16_S1_H18_M2.wav,M16,S1,H18,M,False,joo shaayada aapanei deikhaa naa hoo,जो शायद आपने देखा ना हो
C:\Users\edwin\OneDrive\Desktop\Capstone\hindi indic\HDSD\hindi_sent\M16\M16_S1_H19_M2.wav,M16,S1,H19,M,False,main gayaa thaa isa baata koo,मैं गया था इस बात को
C:\Users\edwin\OneDrive\Desktop\Capstone\hindi indic\HDSD\hindi_sent\M16\M16_S1_H20_M2.wav,M16,S1,H20,M,False,magara vaha bhii nahiin huaa,मगर वह भी नहीं हुआ
C:\Users\edwin\OneDrive\Desktop\Capstone\hindi indic\HDSD\hindi_sent\M16\M16_S1_H21_M2.wav,M16,S1,H21,M,False,kaa artha hootaa hai bhaya,का अर्थ होता है भय
C:\Users\edwin\OneDrive\Desktop\Capstone\hindi indic\HDSD\hindi_sent\M16\M16_S1_H22_M2.wav,M16,S1,H22,M,False,eika baara phira sei aabhaara,एक बार फिर से आभार
C:\Users\edwin\OneDrive\Desktop\Capstone\hindi indic\HDSD\hindi_sent\M16\M16_S1_H23_M2.wav,M16,S1,H23,M,False,naa jaanei kitanei looga isei hai,ना जाने कितने लोग इसे है
C:\Users\edwin\OneDrive\Desktop\Capstone\hindi indic\HDSD\hindi_sent\M16\M16_S1_H24_M2.wav,M16,S1,H24,M,False,abhii main shaanta hii huuna,अभी मैं शांत ही हूं
C:\Users\edwin\OneDrive\Desktop\Capstone\hindi indic\HDSD\hindi_sent\M16\M16_S1_H25_M2.wav,M16,S1,H25,M,False,svaagata kei liyei dhanyavaada,स्वागत के लिए धन्यवाद
C:\Users\edwin\OneDrive\Desktop\Capstone\hindi indic\HDSD\hindi_sent\M16\M16_S1_H26_M2.wav,M16,S1,H26,M,False,aapa apanaa yaha achchhaa kaarya jaarii rakhein,आप अपना यह अच्छा कार्य जारी रखें
C:\Users\edwin\OneDrive\Desktop\Capstone\hindi indic\HDSD\hindi_sent\M16\M16_S1_H27_M2.wav,M16,S1,H27,M,False,main bhaarata mein rahataa huuna,मैं भारत में रहता हूं
C:\Users\edwin\OneDrive\Desktop\Capstone\hindi indic\HDSD\hindi_sent\M16\M16_S1_H28_M2.wav,M16,S1,H28,M,False,kahaa jaataa hai ki unhoonnei kabhii jiivana mein jhuutha kaa sahaaraa nahiin liyaa,कहा जाता है कि उन्होंने कभी जीवन में झूठ का सहारा नहीं लिया
C:\Users\edwin\OneDrive\Desktop\Capstone\hindi indic\HDSD\hindi_sent\M16\M16_S1_H29_M2.wav,M16,S1,H29,M,False,aapakaa sandeisha paakara achchhaa lagaa,आपका संदेश पाकर अच्छा लगा
C:\Users\edwin\OneDrive\Desktop\Capstone\hindi indic\HDSD\hindi_sent\M16\M16_S1_H30_M2.wav,M16,S1,H30,M,False,jaldii sei jaldii kuchha kiijiei,जल्दी से जल्दी कुछ कीजिए
C:\Users\edwin\OneDrive\Desktop\Capstone\hindi indic\HDSD\hindi_sent\M18\M18_S1_H01_M2.wav,M18,S1,H01,M,False,aapakei hindii pasanda karanei para khushii huii,आपके हिंदी पसंद करने पर खुशी हुई
C:\Users\edwin\OneDrive\Desktop\Capstone\hindi indic\HDSD\hindi_sent\M18\M18_S1_H02_M2.wav,M18,S1,H02,M,False,isakei badalei mein tuma kuchha aura maanaga loo,इसके बदले में तुम कुछ और मांग लो
C:\Users\edwin\OneDrive\Desktop\Capstone\hindi indic\HDSD\hindi_sent\M18\M18_S1_H03_M2.wav,M18,S1,H03,M,False,chikitsaa kaa artha hootaa hai ilaaja,चिकित्सा का अर्थ होता है इलाज
C:\Users\edwin\OneDrive\Desktop\Capstone\hindi indic\HDSD\hindi_sent\M18\M18_S1_H04_M2.wav,M18,S1,H04,M,False,isei aisei hii jaarii rakhein,इसे ऐसे ही जारी रखें
C:\Users\edwin\OneDrive\Desktop\Capstone\hindi indic\HDSD\hindi_sent\M18\M18_S1_H05_M2.wav,M18,S1,H05,M,False,madada kei liyei bahuta dhanyavaada,मदद के लिए बहुत धन्यवाद
C:\Users\edwin\OneDrive\Desktop\Capstone\hindi indic\HDSD\hindi_sent\M18\M18_S1_H06_M2.wav,M18,S1,H06,M,False,aba joo main kahataa huuna usakaa paalana karoo,अब जो मैं कहता हूं उसका पालन करो
C:\Users\edwin\OneDrive\Desktop\Capstone\hindi indic\HDSD\hindi_sent\M18\M18_S1_H07_M2.wav,M18,S1,H07,M,False,bhaarata mein aisaa nahiin huaa hai,भारत में ऐसा नहीं हुआ है
C:\Users\edwin\OneDrive\Desktop\Capstone\hindi indic\HDSD\hindi_sent\M18\M18_S1_H08_M2.wav,M18,S1,H08,M,False,isa sahayooga heitu bhii bahuta dhanyavaada,इस सहयोग हेतु भी बहुत धन्यवाद
C:\Users\edwin\OneDrive\Desktop\Capstone\hindi indic\HDSD\hindi_sent\M18\M18_S1_H09_M2.wav,M18,S1,H09,M,False,para yaha sanbhava naa hoo sakaa,पर यह संभव ना हो सका
C:\Users\edwin\OneDrive\Desktop\Capstone\hindi indic\HDSD\hindi_sent\M18\M18_S1_H10_M2.wav,M18,S1,H10,M,False,meirii baatoon ki oora dhyaana diijiyei,मेरी बातों कि और ध्यान दीजिए
C:\Users\edwin\OneDrive\Desktop\Capstone\hindi indic\HDSD\hindi_sent\M18\M18_S1_H11_M2.wav,M18,S1,H11,M,False,yahaan sei sangharshha kaa daura shuruu huaa,यहाँ से संघर्ष का दौर शुरू हुआ
C:\Users\edwin\OneDrive\Desktop\Capstone\hindi indic\HDSD\hindi_sent\M18\M18_S1_H12_M2.wav,M18,S1,H12,M,False,doonoon mein badaa antara thaa,दोनों में बड़ा अंतर था
C:\Users\edwin\OneDrive\Desktop\Capstone\hindi indic\HDSD\hindi_sent\M18\M18_S1_H13_M2.wav,M18,S1,H13,M,False,aapa sabhii kei sahayooga kei liyei bahuta dhanyavaada,आप सभी के सहयोग के लिए बहुत धन्यवाद
C:\Users\edwin\OneDrive\Desktop\Capstone\hindi indic\HDSD\hindi_sent\M18\M18_S1_H14_M2.wav,M18,S1,H14,M,False,bahuta sei looga aisaa kara rahei hai,बहुत से लोग ऐसा कर रहे है
C:\Users\edwin\OneDrive\Desktop\Capstone\hindi indic\HDSD\hindi_sent\M18\M18_S1_H15_M2.wav,M18,S1,H15,M,False,samaya kei saatha hii nahiin usasei aagei chalaa chalaa jaaei,समय के साथ ही नहीं उससे आगे चला चला जाए
C:\Users\edwin\OneDrive\Desktop\Capstone\hindi indic\HDSD\hindi_sent\M18\M18_S1_H16_M2.wav,M18,S1,H16,M,False,main krikeita kheila koo kaaphii pasanda karataa huuna,मैं क्रिकेट खेल को काफी पसंद करता हूं
C:\Users\edwin\OneDrive\Desktop\Capstone\hindi indic\HDSD\hindi_sent\M18\M18_S1_H17_M2.wav,M18,S1,H17,M,False,shaayada samajha aa gayaa hoo,शायद समझ आ गया हो
C:\Users\edwin\OneDrive\Desktop\Capstone\hindi indic\HDSD\hindi_sent\M18\M18_S1_H18_M2.wav,M18,S1,H18,M,False,joo shaayada aapanei deikhaa naa hoo,जो शायद आपने देखा ना हो
C:\Users\edwin\OneDrive\Desktop\Capstone\hindi indic\HDSD\hindi_sent\M18\M18_S1_H19_M2.wav,M18,S1,H19,M,False,main bhuula hii gayaa thaa isa baata koo,मैं भूला ही गया था इस बात को
C:\Users\edwin\OneDrive\Desktop\Capstone\hindi indic\HDSD\hindi_sent\M18\M18_S1_H20_M2.wav,M18,S1,H20,M,False,magara vaha bhii nahiin huaa,मगर वह भी नहीं हुआ
C:\Users\edwin\OneDrive\Desktop\Capstone\hindi indic\HDSD\hindi_sent\M18\M18_S1_H21_M2.wav,M18,S1,H21,M,False,dara kaa artha hootaa hai bhaya,दर का अर्थ होता है भय
C:\Users\edwin\OneDrive\Desktop\Capstone\hindi indic\HDSD\hindi_sent\M18\M18_S1_H22_M2.wav,M18,S1,H22,M,False,eika baara phira sei aabhaara,एक बार फिर से आभार
C:\Users\edwin\OneDrive\Desktop\Capstone\hindi indic\HDSD\hindi_sent\M18\M18_S1_H23_M2.wav,M18,S1,H23,M,False,naa jaanei kitanei looga isei padhtei hai,ना जाने कितने लोग इसे पढ़ते है
C:\Users\edwin\OneDrive\Desktop\Capstone\hindi indic\HDSD\hindi_sent\M18\M18_S1_H24_M2.wav,M18,S1,H24,M,False,main abhii main shaanta huuna,मैं अभी मैं शांत हूं
C:\Users\edwin\OneDrive\Desktop\Capstone\hindi indic\HDSD\hindi_sent\M18\M18_S1_H25_M2.wav,M18,S1,H25,M,False,svaagata kei liyei dhanyavaada,स्वागत के लिए धन्यवाद
C:\Users\edwin\OneDrive\Desktop\Capstone\hindi indic\HDSD\hindi_sent\M18\M18_S1_H26_M2.wav,M18,S1,H26,M,False,aapa apanaa yaha achchhaa kaarya jaarii rakhein,आप अपना यह अच्छा कार्य जारी रखें
C:\Users\edwin\OneDrive\Desktop\Capstone\hindi indic\HDSD\hindi_sent\M18\M18_S1_H27_M2.wav,M18,S1,H27,M,False,main bhaarata mein rahataa huuna,मैं भारत में रहता हूं
C:\Users\edwin\OneDrive\Desktop\Capstone\hindi indic\HDSD\hindi_sent\M18\M18_S1_H28_M2.wav,M18,S1,H28,M,False,kahaa jaataa hai ki unhoonnei kabhii jiivana mein jhuutha kaa sahaaraa nahiin liyaa,कहा जाता है कि उन्होंने कभी जीवन में झूठ का सहारा नहीं लिया
C:\Users\edwin\OneDrive\Desktop\Capstone\hindi indic\HDSD\hindi_sent\M18\M18_S1_H29_M2.wav,M18,S1,H29,M,False,aapakaa sandeisha paakara achchhaa lagaa,आपका संदेश पाकर अच्छा लगा
C:\Users\edwin\OneDrive\Desktop\Capstone\hindi indic\HDSD\hindi_sent\M18\M18_S1_H30_M2.wav,M18,S1,H30,M,False,jaldii sei jaldii kuchha kiijiei,जल्दी से जल्दी कुछ कीजिए
C:\Users\edwin\OneDrive\Desktop\Capstone\hindi indic\HDSD\hindi_sent\M21\M21_S1_H01_M2.wav,M21,S1,H01,M,False,aapakei hindii pasanda karanei para khushii huii,आपके हिंदी पसंद करने पर खुशी हुई
C:\Users\edwin\OneDrive\Desktop\Capstone\hindi indic\HDSD\hindi_sent\M21\M21_S1_H02_M2.wav,M21,S1,H02,M,False,isakei badalei mein tuma kuchha aura maanaga loo,इसके बदले में तुम कुछ और मांग लो
C:\Users\edwin\OneDrive\Desktop\Capstone\hindi indic\HDSD\hindi_sent\M21\M21_S1_H03_M2.wav,M21,S1,H03,M,False,chikitsaa kaa artha hootaa hai ilaaja,चिकित्सा का अर्थ होता है इलाज
C:\Users\edwin\OneDrive\Desktop\Capstone\hindi indic\HDSD\hindi_sent\M21\M21_S1_H04_M2.wav,M21,S1,H04,M,False,aisei aisei hii jaarii rakhein,ऐसे ऐसे ही जारी रखें
C:\Users\edwin\OneDrive\Desktop\Capstone\hindi indic\HDSD\hindi_sent\M21\M21_S1_H05_M2.wav,M21,S1,H05,M,False,madada kei liyei bahuta dhanyavaada,मदद के लिए बहुत धन्यवाद
C:\Users\edwin\OneDrive\Desktop\Capstone\hindi indic\HDSD\hindi_sent\M21\M21_S1_H06_M2.wav,M21,S1,H06,M,False,aba joo main kahataa huuna usakaa paalana karoo,अब जो मैं कहता हूं उसका पालन करो
C:\Users\edwin\OneDrive\Desktop\Capstone\hindi indic\HDSD\hindi_sent\M21\M21_S1_H07_M2.wav,M21,S1,H07,M,False,bhaarata mein aisaa nahiin huaa hai,भारत में ऐसा नहीं हुआ है
C:\Users\edwin\OneDrive\Desktop\Capstone\hindi indic\HDSD\hindi_sent\M21\M21_S1_H08_M2.wav,M21,S1,H08,M,False,isa sahayooga heitu bhii bahuta dhanyavaada,इस सहयोग हेतु भी बहुत धन्यवाद
C:\Users\edwin\OneDrive\Desktop\Capstone\hindi indic\HDSD\hindi_sent\M21\M21_S1_H09_M2.wav,M21,S1,H09,M,False,para yaha sanbhava naa hoo sakaa,पर यह संभव ना हो सका
C:\Users\edwin\OneDrive\Desktop\Capstone\hindi indic\HDSD\hindi_sent\M21\M21_S1_H10_M2.wav,M21,S1,H10,M,False,meirii baatoon ki oora dhyaana diijiyei,मेरी बातों कि और ध्यान दीजिए
C:\Users\edwin\OneDrive\Desktop\Capstone\hindi indic\HDSD\hindi_sent\M21\M21_S1_H11_M2.wav,M21,S1,H11,M,False,yahaan sei sangharshha kaa daura shuruu huaa,यहाँ से संघर्ष का दौर शुरू हुआ
C:\Users\edwin\OneDrive\Desktop\Capstone\hindi indic\HDSD\hindi_sent\M21\M21_S1_H12_M2.wav,M21,S1,H12,M,False,doonoon mein thaa,दोनों में था
C:\Users\edwin\OneDrive\Desktop\Capstone\hindi indic\HDSD\hindi_sent\M21\M21_S1_H13_M2.wav,M21,S1,H13,M,False,aapa sabhii kei sahayooga kei liyei bahuta dhanyavaada,आप सभी के सहयोग के लिए बहुत धन्यवाद
C:\Users\edwin\OneDrive\Desktop\Capstone\hindi indic\HDSD\hindi_sent\M21\M21_S1_H14_M2.wav,M21,S1,H14,M,False,bahuta sei looga aisaa kara rahei hai,बहुत से लोग ऐसा कर रहे है
C:\Users\edwin\OneDrive\Desktop\Capstone\hindi indic\HDSD\hindi_sent\M21\M21_S1_H15_M2.wav,M21,S1,H15,M,False,samaya kei saatha hii nahiin usasei aagei chalaa jaaei,समय के साथ ही नहीं उससे आगे चला जाए
C:\Users\edwin\OneDrive\Desktop\Capstone\hindi indic\HDSD\hindi_sent\M21\M21_S1_H16_M2.wav,M21,S1,H16,M,False,main krikeita kheila koo kaaphii pasanda karataa huuna,मैं क्रिकेट खेल को काफी पसंद करता हूं
C:\Users\edwin\OneDrive\Desktop\Capstone\hindi indic\HDSD\hindi_sent\M21\M21_S1_H17_M2.wav,M21,S1,H17,M,False,shaayada samajha aa gayaa hoo,शायद समझ आ गया हो
C:\Users\edwin\OneDrive\Desktop\Capstone\hindi indic\HDSD\hindi_sent\M21\M21_S1_H18_M2.wav,M21,S1,H18,M,False,joo shaayada aapanei deikhaa naa hoo,जो शायद आपने देखा ना हो
C:\Users\edwin\OneDrive\Desktop\Capstone\hindi indic\HDSD\hindi_sent\M21\M21_S1_H19_M2.wav,M21,S1,H19,M,False,main bhuula hii gayaa thaa isa baata koo,मैं भूला ही गया था इस बात को
C:\Users\edwin\OneDrive\Desktop\Capstone\hindi indic\HDSD\hindi_sent\M21\M21_S1_H20_M2.wav,M21,S1,H20,M,False,magara vaha bhii nahiin huaa,मगर वह भी नहीं हुआ
C:\Users\edwin\OneDrive\Desktop\Capstone\hindi indic\HDSD\hindi_sent\M21\M21_S1_H21_M2.wav,M21,S1,H21,M,False,dara kaa artha hootaa hai bhaya,दर का अर्थ होता है भय
C:\Users\edwin\OneDrive\Desktop\Capstone\hindi indic\HDSD\hindi_sent\M21\M21_S1_H22_M2.wav,M21,S1,H22,M,False,eika baara phira sei aabhaara,एक बार फिर से आभार
C:\Users\edwin\OneDrive\Desktop\Capstone\hindi indic\HDSD\hindi_sent\M21\M21_S1_H23_M2.wav,M21,S1,H23,M,False,naa jaanei kitanei looga isei padhtei hai,ना जाने कितने लोग इसे पढ़ते है
C:\Users\edwin\OneDrive\Desktop\Capstone\hindi indic\HDSD\hindi_sent\M21\M21_S1_H24_M2.wav,M21,S1,H24,M,False,abhii main shaanta hii huuna,अभी मैं शांत ही हूं
C:\Users\edwin\OneDrive\Desktop\Capstone\hindi indic\HDSD\hindi_sent\M21\M21_S1_H25_M2.wav,M21,S1,H25,M,False,svaagata kei liyei dhanyavaada,स्वागत के लिए धन्यवाद
C:\Users\edwin\OneDrive\Desktop\Capstone\hindi indic\HDSD\hindi_sent\M21\M21_S1_H26_M2.wav,M21,S1,H26,M,False,aapa apanaa yaha achchhaa kaarya jaarii rakhein,आप अपना यह अच्छा कार्य जारी रखें
C:\Users\edwin\OneDrive\Desktop\Capstone\hindi indic\HDSD\hindi_sent\M21\M21_S1_H27_M2.wav,M21,S1,H27,M,False,main bhaarata mein rahataa huuna,मैं भारत में रहता हूं
C:\Users\edwin\OneDrive\Desktop\Capstone\hindi indic\HDSD\hindi_sent\M21\M21_S1_H28_M2.wav,M21,S1,H28,M,False,kahaa jaataa hai ki unhoonnei kabhii jiivana mein jhuutha kaa sahaaraa nahiin liyaa,कहा जाता है कि उन्होंने कभी जीवन में झूठ का सहारा नहीं लिया
C:\Users\edwin\OneDrive\Desktop\Capstone\hindi indic\HDSD\hindi_sent\M21\M21_S1_H29_M2.wav,M21,S1,H29,M,False,aapakaa sandeisha paakara achchhaa lagaa,आपका संदेश पाकर अच्छा लगा
C:\Users\edwin\OneDrive\Desktop\Capstone\hindi indic\HDSD\hindi_sent\M21\M21_S1_H30_M2.wav,M21,S1,H30,M,False,jaldii sei jaldii kuchha kiijiei,जल्दी से जल्दी कुछ कीजिए
C:\Users\edwin\OneDrive\Desktop\Capstone\hindi indic\HDSD\hindi_sent\M22\M22_S1_H01_M2.wav,M22,S1,H01,M,False,aapakei hindii pasanda karanei para khushii huii,आपके हिंदी पसंद करने पर खुशी हुई
C:\Users\edwin\OneDrive\Desktop\Capstone\hindi indic\HDSD\hindi_sent\M22\M22_S1_H02_M2.wav,M22,S1,H02,M,False,isakei badalei mein tuma kuchha aura maanaga loo,इसके बदले में तुम कुछ और मांग लो
C:\Users\edwin\OneDrive\Desktop\Capstone\hindi indic\HDSD\hindi_sent\M22\M22_S1_H03_M2.wav,M22,S1,H03,M,False,chikitsaa kaa artha hootaa hai ilaaja,चिकित्सा का अर्थ होता है इलाज
C:\Users\edwin\OneDrive\Desktop\Capstone\hindi indic\HDSD\hindi_sent\M22\M22_S1_H04_M2.wav,M22,S1,H04,M,False,isei aisei hii jaarii rakhein,इसे ऐसे ही जारी रखें
C:\Users\edwin\OneDrive\Desktop\Capstone\hindi indic\HDSD\hindi_sent\M22\M22_S1_H05_M2.wav,M22,S1,H05,M,False,madada kei liyei bahuta dhanyavaada,मदद के लिए बहुत धन्यवाद
C:\Users\edwin\OneDrive\Desktop\Capstone\hindi indic\HDSD\hindi_sent\M22\M22_S1_H06_M2.wav,M22,S1,H06,M,False,aba joo main kahataa huuna usakaa paalana karoo,अब जो मैं कहता हूं उसका पालन करो
C:\Users\edwin\OneDrive\Desktop\Capstone\hindi indic\HDSD\hindi_sent\M22\M22_S1_H07_M2.wav,M22,S1,H07,M,False,bhaarata mein aisaa nahiin huaa hai,भारत में ऐसा नहीं हुआ है
C:\Users\edwin\OneDrive\Desktop\Capstone\hindi indic\HDSD\hindi_sent\M22\M22_S1_H08_M2.wav,M22,S1,H08,M,False,isa sahayooga heitu bhii bahuta dhanyavaada,इस सहयोग हेतु भी बहुत धन्यवाद
C:\Users\edwin\OneDrive\Desktop\Capstone\hindi indic\HDSD\hindi_sent\M22\M22_S1_H09_M2.wav,M22,S1,H09,M,False,para yaha sanbhava naa hoo sakaa,पर यह संभव ना हो सका
C:\Users\edwin\OneDrive\Desktop\Capstone\hindi indic\HDSD\hindi_sent\M22\M22_S1_H10_M2.wav,M22,S1,H10,M,False,meirii baatoon ki oora dhyaana diijiyei,मेरी बातों कि और ध्यान दीजिए
C:\Users\edwin\OneDrive\Desktop\Capstone\hindi indic\HDSD\hindi_sent\M22\M22_S1_H11_M2.wav,M22,S1,H11,M,False,yahaan sei sangharshha kaa daura shuruu huaa,यहाँ से संघर्ष का दौर शुरू हुआ
C:\Users\edwin\OneDrive\Desktop\Capstone\hindi indic\HDSD\hindi_sent\M22\M22_S1_H12_M2.wav,M22,S1,H12,M,False,doonoon mein badaa antara thaa,दोनों में बड़ा अंतर था
C:\Users\edwin\OneDrive\Desktop\Capstone\hindi indic\HDSD\hindi_sent\M22\M22_S1_H13_M2.wav,M22,S1,H13,M,False,aapa sabhii kei sahayooga kei liyei bahuta dhanyavaada,आप सभी के सहयोग के लिए बहुत धन्यवाद
C:\Users\edwin\OneDrive\Desktop\Capstone\hindi indic\HDSD\hindi_sent\M22\M22_S1_H14_M2.wav,M22,S1,H14,M,False,bahuta sei looga aisaa kara rahei hai,बहुत से लोग ऐसा कर रहे है
C:\Users\edwin\OneDrive\Desktop\Capstone\hindi indic\HDSD\hindi_sent\M22\M22_S1_H15_M2.wav,M22,S1,H15,M,False,samaya kei saatha hii nahiin usasei aagei chalaa jaaei,समय के साथ ही नहीं उससे आगे चला जाए
C:\Users\edwin\OneDrive\Desktop\Capstone\hindi indic\HDSD\hindi_sent\M22\M22_S1_H16_M2.wav,M22,S1,H16,M,False,main krikeita kheila koo kaaphii pasanda karataa huuna,मैं क्रिकेट खेल को काफी पसंद करता हूं
C:\Users\edwin\OneDrive\Desktop\Capstone\hindi indic\HDSD\hindi_sent\M22\M22_S1_H17_M2.wav,M22,S1,H17,M,False,shaayada samajha aa gayaa hoo,शायद समझ आ गया हो
C:\Users\edwin\OneDrive\Desktop\Capstone\hindi indic\HDSD\hindi_sent\M22\M22_S1_H18_M2.wav,M22,S1,H18,M,False,joo shaayada aapanei deikhaa naa hoo,जो शायद आपने देखा ना हो
C:\Users\edwin\OneDrive\Desktop\Capstone\hindi indic\HDSD\hindi_sent\M22\M22_S1_H19_M2.wav,M22,S1,H19,M,False,main bhuula hii gayaa thaa isa baata koo,मैं भूला ही गया था इस बात को
C:\Users\edwin\OneDrive\Desktop\Capstone\hindi indic\HDSD\hindi_sent\M22\M22_S1_H20_M2.wav,M22,S1,H20,M,False,magara vaha bhii nahiin huaa,मगर वह भी नहीं हुआ
C:\Users\edwin\OneDrive\Desktop\Capstone\hindi indic\HDSD\hindi_sent\M22\M22_S1_H21_M2.wav,M22,S1,H21,M,False,dara kaa artha hootaa hai bhaya,दर का अर्थ होता है भय
C:\Users\edwin\OneDrive\Desktop\Capstone\hindi indic\HDSD\hindi_sent\M22\M22_S1_H22_M2.wav,M22,S1,H22,M,False,eika baara phira sei aabhaara,एक बार फिर से आभार
C:\Users\edwin\OneDrive\Desktop\Capstone\hindi indic\HDSD\hindi_sent\M22\M22_S1_H23_M2.wav,M22,S1,H23,M,False,naa jaanei kitanei looga isei padhtei hai,ना जाने कितने लोग इसे पढ़ते है
C:\Users\edwin\OneDrive\Desktop\Capstone\hindi indic\HDSD\hindi_sent\M22\M22_S1_H24_M2.wav,M22,S1,H24,M,False,abhii main shaanta hii huuna,अभी मैं शांत ही हूं
C:\Users\edwin\OneDrive\Desktop\Capstone\hindi indic\HDSD\hindi_sent\M22\M22_S1_H25_M2.wav,M22,S1,H25,M,False,svaagata kei liyei dhanyavaada,स्वागत के लिए धन्यवाद
C:\Users\edwin\OneDrive\Desktop\Capstone\hindi indic\HDSD\hindi_sent\M22\M22_S1_H26_M2.wav,M22,S1,H26,M,False,aapa apanaa yaha achchhaa kaarya jaarii rakhein,आप अपना यह अच्छा कार्य जारी रखें
C:\Users\edwin\OneDrive\Desktop\Capstone\hindi indic\HDSD\hindi_sent\M22\M22_S1_H27_M2.wav,M22,S1,H27,M,False,main bhaarata mein rahataa huuna,मैं भारत में रहता हूं
C:\Users\edwin\OneDrive\Desktop\Capstone\hindi indic\HDSD\hindi_sent\M22\M22_S1_H28_M2.wav,M22,S1,H28,M,False,kahaa jaataa hai ki unhoonnei kabhii jiivana mein jhuutha kaa sahaaraa nahiin liyaa,कहा जाता है कि उन्होंने कभी जीवन में झूठ का सहारा नहीं लिया
C:\Users\edwin\OneDrive\Desktop\Capstone\hindi indic\HDSD\hindi_sent\M22\M22_S1_H29_M2.wav,M22,S1,H29,M,False,aapakaa sandeisha paakara achchhaa lagaa,आपका संदेश पाकर अच्छा लगा
C:\Users\edwin\OneDrive\Desktop\Capstone\hindi indic\HDSD\hindi_sent\M22\M22_S1_H30_M2.wav,M22,S1,H30,M,False,jaldii sei jaldii kuchha kiijiei,जल्दी से जल्दी कुछ कीजिए
C:\Users\edwin\OneDrive\Desktop\Capstone\hindi indic\HDSD\hindi_sent\M23\M23_S1_H01_M2.wav,M23,S1,H01,M,False,aapakei hindii pasanda karanei para khushii huii,आपके हिंदी पसंद करने पर खुशी हुई
C:\Users\edwin\OneDrive\Desktop\Capstone\hindi indic\HDSD\hindi_sent\M23\M23_S1_H02_M2.wav,M23,S1,H02,M,False,isakei badalei mein tuma kuchha aura maanaga loo,इसके बदले में तुम कुछ और मांग लो
C:\Users\edwin\OneDrive\Desktop\Capstone\hindi indic\HDSD\hindi_sent\M23\M23_S1_H03_M2.wav,M23,S1,H03,M,False,chikitsaa kaa artha hootaa hai ilaaja,चिकित्सा का अर्थ होता है इलाज
C:\Users\edwin\OneDrive\Desktop\Capstone\hindi indic\HDSD\hindi_sent\M23\M23_S1_H04_M2.wav,M23,S1,H04,M,False,isei aisei hii jaarii rakhein,इसे ऐसे ही जारी रखें
C:\Users\edwin\OneDrive\Desktop\Capstone\hindi indic\HDSD\hindi_sent\M23\M23_S1_H05_M2.wav,M23,S1,H05,M,False,madada kei liyei bahuta dhanyavaada,मदद के लिए बहुत धन्यवाद
C:\Users\edwin\OneDrive\Desktop\Capstone\hindi indic\HDSD\hindi_sent\M23\M23_S1_H06_M2.wav,M23,S1,H06,M,False,aba joo main kahataa huuna usakaa paalana karoo,अब जो मैं कहता हूं उसका पालन करो
C:\Users\edwin\OneDrive\Desktop\Capstone\hindi indic\HDSD\hindi_sent\M23\M23_S1_H07_M2.wav,M23,S1,H07,M,False,bhaarata mein aisaa nahiin huaa hai,भारत में ऐसा नहीं हुआ है
C:\Users\edwin\OneDrive\Desktop\Capstone\hindi indic\HDSD\hindi_sent\M23\M23_S1_H08_M2.wav,M23,S1,H08,M,False,isa sahayooga heitu bhii bahuta dhanyavaada,इस सहयोग हेतु भी बहुत धन्यवाद
C:\Users\edwin\OneDrive\Desktop\Capstone\hindi indic\HDSD\hindi_sent\M23\M23_S1_H09_M2.wav,M23,S1,H09,M,False,para yaha sanbhava naa hoo sakaa,पर यह संभव ना हो सका
C:\Users\edwin\OneDrive\Desktop\Capstone\hindi indic\HDSD\hindi_sent\M23\M23_S1_H10_M2.wav,M23,S1,H10,M,False,meirii baatoon ki oora dhyaana diijiyei,मेरी बातों कि और ध्यान दीजिए
C:\Users\edwin\OneDrive\Desktop\Capstone\hindi indic\HDSD\hindi_sent\M23\M23_S1_H11_M2.wav,M23,S1,H11,M,False,yahaan sei sangharshha daura daura shuruu huaa,यहाँ से संघर्ष दौर दौर शुरू हुआ
C:\Users\edwin\OneDrive\Desktop\Capstone\hindi indic\HDSD\hindi_sent\M23\M23_S1_H12_M2.wav,M23,S1,H12,M,False,doonoon mein badaa antara thaa,दोनों में बड़ा अंतर था
C:\Users\edwin\OneDrive\Desktop\Capstone\hindi indic\HDSD\hindi_sent\M23\M23_S1_H13_M2.wav,M23,S1,H13,M,False,aapa sabhii kei sahayooga kei liyei bahuta dhanyavaada,आप सभी के सहयोग के लिए बहुत धन्यवाद
C:\Users\edwin\OneDrive\Desktop\Capstone\hindi indic\HDSD\hindi_sent\M23\M23_S1_H14_M2.wav,M23,S1,H14,M,False,bahuta sei looga aisaa kara rahei hai,बहुत से लोग ऐसा कर रहे है
C:\Users\edwin\OneDrive\Desktop\Capstone\hindi indic\HDSD\hindi_sent\M23\M23_S1_H15_M2.wav,M23,S1,H15,M,False,samaya kei saatha hii nahiin usasei aagei chalaa jaaei,समय के साथ ही नहीं उससे आगे चला जाए
C:\Users\edwin\OneDrive\Desktop\Capstone\hindi indic\HDSD\hindi_sent\M23\M23_S1_H16_M2.wav,M23,S1,H16,M,False,main krikeita kheila koo kaaphii pasanda karataa huuna,मैं क्रिकेट खेल को काफी पसंद करता हूं
C:\Users\edwin\OneDrive\Desktop\Capstone\hindi indic\HDSD\hindi_sent\M23\M23_S1_H17_M2.wav,M23,S1,H17,M,False,shaayada samajha aa gayaa hoo,शायद समझ आ गया हो
C:\Users\edwin\OneDrive\Desktop\Capstone\hindi indic\HDSD\hindi_sent\M23\M23_S1_H18_M2.wav,M23,S1,H18,M,False,joo shaayada aapanei deikhaa naa hoo,जो शायद आपने देखा ना हो
C:\Users\edwin\OneDrive\Desktop\Capstone\hindi indic\HDSD\hindi_sent\M23\M23_S1_H19_M2.wav,M23,S1,H19,M,False,main bhuula hii gayaa thaa isa baata koo,मैं भूला ही गया था इस बात को
C:\Users\edwin\OneDrive\Desktop\Capstone\hindi indic\HDSD\hindi_sent\M23\M23_S1_H20_M2.wav,M23,S1,H20,M,False,magara vaha bhii nahiin huaa,मगर वह भी नहीं हुआ
C:\Users\edwin\OneDrive\Desktop\Capstone\hindi indic\HDSD\hindi_sent\M23\M23_S1_H21_M2.wav,M23,S1,H21,M,False,dara kaa artha hootaa hai bhaya,दर का अर्थ होता है भय
C:\Users\edwin\OneDrive\Desktop\Capstone\hindi indic\HDSD\hindi_sent\M23\M23_S1_H22_M2.wav,M23,S1,H22,M,False,eika baara phira sei aabhaara,एक बार फिर से आभार
C:\Users\edwin\OneDrive\Desktop\Capstone\hindi indic\HDSD\hindi_sent\M23\M23_S1_H23_M2.wav,M23,S1,H23,M,False,naa jaanei kitanei looga isei padhtei hai,ना जाने कितने लोग इसे पढ़ते है
C:\Users\edwin\OneDrive\Desktop\Capstone\hindi indic\HDSD\hindi_sent\M23\M23_S1_H24_M2.wav,M23,S1,H24,M,False,abhii main shaanta hii huuna,अभी मैं शांत ही हूं
C:\Users\edwin\OneDrive\Desktop\Capstone\hindi indic\HDSD\hindi_sent\M23\M23_S1_H25_M2.wav,M23,S1,H25,M,False,svaagata kei liyei dhanyavaada,स्वागत के लिए धन्यवाद
C:\Users\edwin\OneDrive\Desktop\Capstone\hindi indic\HDSD\hindi_sent\M23\M23_S1_H26_M2.wav,M23,S1,H26,M,False,aapa apanaa yaha achchhaa kaarya jaarii rakhein,आप अपना यह अच्छा कार्य जारी रखें
C:\Users\edwin\OneDrive\Desktop\Capstone\hindi indic\HDSD\hindi_sent\M23\M23_S1_H27_M2.wav,M23,S1,H27,M,False,main bhaarata mein rahataa huuna,मैं भारत में रहता हूं
C:\Users\edwin\OneDrive\Desktop\Capstone\hindi indic\HDSD\hindi_sent\M23\M23_S1_H28_M2.wav,M23,S1,H28,M,False,kahaa jaataa hai ki unhoonnei kabhii jiivana mein jhuutha kaa sahaaraa nahiin liyaa,कहा जाता है कि उन्होंने कभी जीवन में झूठ का सहारा नहीं लिया
C:\Users\edwin\OneDrive\Desktop\Capstone\hindi indic\HDSD\hindi_sent\M23\M23_S1_H29_M2.wav,M23,S1,H29,M,False,aapakaa sandeisha paakara achchhaa lagaa,आपका संदेश पाकर अच्छा लगा
C:\Users\edwin\OneDrive\Desktop\Capstone\hindi indic\HDSD\hindi_sent\M23\M23_S1_H30_M2.wav,M23,S1,H30,M,False,jaldii sei jaldii kuchha kiijiei,जल्दी से जल्दी कुछ कीजिए
C:\Users\edwin\OneDrive\Desktop\Capstone\hindi indic\HDSD\hindi_sent\M24\M24_S1_H01_M2.wav,M24,S1,H01,M,False,aapakei hindii pasanda karanei khushii hai,आपके हिंदी पसंद करने खुशी है
C:\Users\edwin\OneDrive\Desktop\Capstone\hindi indic\HDSD\hindi_sent\M24\M24_S1_H02_M2.wav,M24,S1,H02,M,False,isakei badalei mein tuma kuchha maanaga loo,इसके बदले में तुम कुछ मांग लो
C:\Users\edwin\OneDrive\Desktop\Capstone\hindi indic\HDSD\hindi_sent\M24\M24_S1_H03_M2.wav,M24,S1,H03,M,False,chikitsaa kaa artha hootaa hai ilaaja,चिकित्सा का अर्थ होता है इलाज
C:\Users\edwin\OneDrive\Desktop\Capstone\hindi indic\HDSD\hindi_sent\M24\M24_S1_H04_M2.wav,M24,S1,H04,M,False,isei aisei hii jaarii rakhein,इसे ऐसे ही जारी रखें
C:\Users\edwin\OneDrive\Desktop\Capstone\hindi indic\HDSD\hindi_sent\M24\M24_S1_H05_M2.wav,M24,S1,H05,M,False,madada kei liyei bahuta dhanyavaada,मदद के लिए बहुत धन्यवाद
C:\Users\edwin\OneDrive\Desktop\Capstone\hindi indic\HDSD\hindi_sent\M24\M24_S1_H06_M2.wav,M24,S1,H06,M,False,aba joo main kahataa huuna usakaa paalana karoo,अब जो मैं कहता हूं उसका पालन करो
C:\Users\edwin\OneDrive\Desktop\Capstone\hindi indic\HDSD\hindi_sent\M24\M24_S1_H07_M2.wav,M24,S1,H07,M,False,bhaarata mein aisaa nahiin huaa hai,भारत में ऐसा नहीं हुआ है
C:\Users\edwin\OneDrive\Desktop\Capstone\hindi indic\HDSD\hindi_sent\M24\M24_S1_H08_M2.wav,M24,S1,H08,M,False,isa sahayooga heitu bhii bahuta dhanyavaada,इस सहयोग हेतु भी बहुत धन्यवाद
C:\Users\edwin\OneDrive\Desktop\Capstone\hindi indic\HDSD\hindi_sent\M24\M24_S1_H09_M2.wav,M24,S1,H09,M,False,para yaha sanbhava naa hoo sakaa,पर यह संभव ना हो सका
C:\Users\edwin\OneDrive\Desktop\Capstone\hindi indic\HDSD\hindi_sent\M24\M24_S1_H10_M2.wav,M24,S1,H10,M,False,meirii baatoon baatoon ki oora dhyaana diijiyei,मेरी बातों बातों कि और ध्यान दीजिए
C:\Users\edwin\OneDrive\Desktop\Capstone\hindi indic\HDSD\hindi_sent\M24\M24_S1_H11_M2.wav,M24,S1,H11,M,False,yahaan sei sangharshha kaa daura shuruu huaa,यहाँ से संघर्ष का दौर शुरू हुआ
C:\Users\edwin\OneDrive\Desktop\Capstone\hindi indic\HDSD\hindi_sent\M24\M24_S1_H12_M2.wav,M24,S1,H12,M,False,doonoon mein badaa antara thaa,दोनों में बड़ा अंतर था
C:\Users\edwin\OneDrive\Desktop\Capstone\hindi indic\HDSD\hindi_sent\M24\M24_S1_H13_M2.wav,M24,S1,H13,M,False,aapa sabhii kei sahayooga kei liyei bahuta dhanyavaada,आप सभी के सहयोग के लिए बहुत धन्यवाद
C:\Users\edwin\OneDrive\Desktop\Capstone\hindi indic\HDSD\hindi_sent\M24\M24_S1_H14_M2.wav,M24,S1,H14,M,False,bahuta sei looga aisaa kara rahei hai,बहुत से लोग ऐसा कर रहे है
C:\Users\edwin\OneDrive\Desktop\Capstone\hindi indic\HDSD\hindi_sent\M24\M24_S1_H15_M2.wav,M24,S1,H15,M,False,samaya kei saatha hii nahiin usasei aagei chalaa jaaei,समय के साथ ही नहीं उससे आगे चला जाए
C:\Users\edwin\OneDrive\Desktop\Capstone\hindi indic\HDSD\hindi_sent\M24\M24_S1_H16_M2.wav,M24,S1,H16,M,False,main krikeita kheila kheila kaa kaaphii pasanda karataa huuna,मैं क्रिकेट खेल खेल का काफी पसंद करता हूं
C:\Users\edwin\OneDrive\Desktop\Capstone\hindi indic\HDSD\hindi_sent\M24\M24_S1_H17_M2.wav,M24,S1,H17,M,False,shaayada samajha aa gayaa hoo,शायद समझ आ गया हो
C:\Users\edwin\OneDrive\Desktop\Capstone\hindi indic\HDSD\hindi_sent\M24\M24_S1_H18_M2.wav,M24,S1,H18,M,False,joo shaayada aapanei deikhaa naa hoo,जो शायद आपने देखा ना हो
C:\Users\edwin\OneDrive\Desktop\Capstone\hindi indic\HDSD\hindi_sent\M24\M24_S1_H19_M2.wav,M24,S1,H19,M,False,main bhuula hii gayaa thaa isa baata koo,मैं भूला ही गया था इस बात को
C:\Users\edwin\OneDrive\Desktop\Capstone\hindi indic\HDSD\hindi_sent\M24\M24_S1_H20_M2.wav,M24,S1,H20,M,False,magara vaha bhii nahiin huaa,मगर वह भी नहीं हुआ
C:\Users\edwin\OneDrive\Desktop\Capstone\hindi indic\HDSD\hindi_sent\M24\M24_S1_H21_M2.wav,M24,S1,H21,M,False,dara kaa artha hootaa hai bhaya,दर का अर्थ होता है भय
C:\Users\edwin\OneDrive\Desktop\Capstone\hindi indic\HDSD\hindi_sent\M24\M24_S1_H22_M2.wav,M24,S1,H22,M,False,eika baara phira sei aabhaara,एक बार फिर से आभार
C:\Users\edwin\OneDrive\Desktop\Capstone\hindi indic\HDSD\hindi_sent\M24\M24_S1_H23_M2.wav,M24,S1,H23,M,False,naa jaanei kitanei looga isei padhtei hai,ना जाने कितने लोग इसे पढ़ते है
C:\Users\edwin\OneDrive\Desktop\Capstone\hindi indic\HDSD\hindi_sent\M24\M24_S1_H24_M2.wav,M24,S1,H24,M,False,abhii main shaanta hii huuna,अभी मैं शांत ही हूं
C:\Users\edwin\OneDrive\Desktop\Capstone\hindi indic\HDSD\hindi_sent\M24\M24_S1_H25_M2.wav,M24,S1,H25,M,False,svaagata kei liyei dhanyavaada,स्वागत के लिए धन्यवाद
C:\Users\edwin\OneDrive\Desktop\Capstone\hindi indic\HDSD\hindi_sent\M24\M24_S1_H26_M2.wav,M24,S1,H26,M,False,aapa apanaa yaha achchhaa kaarya jaarii rakhein,आप अपना यह अच्छा कार्य जारी रखें
C:\Users\edwin\OneDrive\Desktop\Capstone\hindi indic\HDSD\hindi_sent\M24\M24_S1_H27_M2.wav,M24,S1,H27,M,False,main bhaarata mein rahataa huuna,मैं भारत में रहता हूं
C:\Users\edwin\OneDrive\Desktop\Capstone\hindi indic\HDSD\hindi_sent\M24\M24_S1_H28_M2.wav,M24,S1,H28,M,False,kahaa jaataa hai ki unhoonnei kabhii jiivana mein jhuutha kaa sahaaraa nahiin liyaa,कहा जाता है कि उन्होंने कभी जीवन में झूठ का सहारा नहीं लिया
C:\Users\edwin\OneDrive\Desktop\Capstone\hindi indic\HDSD\hindi_sent\M24\M24_S1_H29_M2.wav,M24,S1,H29,M,False,aapakaa sandeisha paakara achchhaa lagaa,आपका संदेश पाकर अच्छा लगा
C:\Users\edwin\OneDrive\Desktop\Capstone\hindi indic\HDSD\hindi_sent\M24\M24_S1_H30_M2.wav,M24,S1,H30,M,False,jaldii sei jaldii kuchha kiijiei,जल्दी से जल्दी कुछ कीजिए
C:\Users\edwin\OneDrive\Desktop\Capstone\hindi indic\HDSD\hindi_sent\M25\M25_S1_H01_M2.wav,M25,S1,H01,M,False,aapakei hindii pasanda karanei para khushii huii,आपके हिंदी पसंद करने पर खुशी हुई
C:\Users\edwin\OneDrive\Desktop\Capstone\hindi indic\HDSD\hindi_sent\M25\M25_S1_H02_M2.wav,M25,S1,H02,M,False,isakei badalei mein tuma kuchha aura maanaga loo,इसके बदले में तुम कुछ और मांग लो
C:\Users\edwin\OneDrive\Desktop\Capstone\hindi indic\HDSD\hindi_sent\M25\M25_S1_H03_M2.wav,M25,S1,H03,M,False,chikitsaa kaa artha hootaa hai ilaaja,चिकित्सा का अर्थ होता है इलाज
C:\Users\edwin\OneDrive\Desktop\Capstone\hindi indic\HDSD\hindi_sent\M25\M25_S1_H04_M2.wav,M25,S1,H04,M,False,isei aisei hii jaarii rakhein,इसे ऐसे ही जारी रखें
C:\Users\edwin\OneDrive\Desktop\Capstone\hindi indic\HDSD\hindi_sent\M25\M25_S1_H05_M2.wav,M25,S1,H05,M,False,madada kei liyei bahuta dhanyavaada,मदद के लिए बहुत धन्यवाद
C:\Users\edwin\OneDrive\Desktop\Capstone\hindi indic\HDSD\hindi_sent\M25\M25_S1_H06_M2.wav,M25,S1,H06,M,False,aba joo main kahataa huuna usakaa paalana karoo,अब जो मैं कहता हूं उसका पालन करो
C:\Users\edwin\OneDrive\Desktop\Capstone\hindi indic\HDSD\hindi_sent\M25\M25_S1_H07_M2.wav,M25,S1,H07,M,False,bhaarata mein aisaa nahiin huaa hai,भारत में ऐसा नहीं हुआ है
C:\Users\edwin\OneDrive\Desktop\Capstone\hindi indic\HDSD\hindi_sent\M25\M25_S1_H08_M2.wav,M25,S1,H08,M,False,isa sahayooga heitu bhii bahuta dhanyavaada,इस सहयोग हेतु भी बहुत धन्यवाद
C:\Users\edwin\OneDrive\Desktop\Capstone\hindi indic\HDSD\hindi_sent\M25\M25_S1_H09_M2.wav,M25,S1,H09,M,False,para yaha yaha sanbhava naa hoo sakaa,पर यह यह संभव ना हो सका
C:\Users\edwin\OneDrive\Desktop\Capstone\hindi indic\HDSD\hindi_sent\M25\M25_S1_H10_M2.wav,M25,S1,H10,M,False,meirii baatoon ki oora dhyaana diijiyei,मेरी बातों कि और ध्यान दीजिए
C:\Users\edwin\OneDrive\Desktop\Capstone\hindi indic\HDSD\hindi_sent\M25\M25_S1_H11_M2.wav,M25,S1,H11,M,False,yahaan sei sangharshha kaa daura shuruu huaa,यहाँ से संघर्ष का दौर शुरू हुआ
C:\Users\edwin\OneDrive\Desktop\Capstone\hindi indic\HDSD\hindi_sent\M25\M25_S1_H12_M2.wav,M25,S1,H12,M,False,doonoon mein badaa antara thaa,दोनों में बड़ा अंतर था
C:\Users\edwin\OneDrive\Desktop\Capstone\hindi indic\HDSD\hindi_sent\M25\M25_S1_H13_M2.wav,M25,S1,H13,M,False,aapa sabhii kei kei sahayooga kei liyei bahuta dhanyavaada,आप सभी के के सहयोग के लिए बहुत धन्यवाद
C:\Users\edwin\OneDrive\Desktop\Capstone\hindi indic\HDSD\hindi_sent\M25\M25_S1_H14_M2.wav,M25,S1,H14,M,False,bahuta sei looga aisaa kara kara rahei hai,बहुत से लोग ऐसा कर कर रहे है
C:\Users\edwin\OneDrive\Desktop\Capstone\hindi indic\HDSD\hindi_sent\M25\M25_S1_H15_M2.wav,M25,S1,H15,M,False,samaya kei saatha hii nahiin usasei aagei chalaa jaaei,समय के साथ ही नहीं उससे आगे चला जाए
C:\Users\edwin\OneDrive\Desktop\Capstone\hindi indic\HDSD\hindi_sent\M25\M25_S1_H16_M2.wav,M25,S1,H16,M,False,main krikeita kheila koo kaaphii pasanda karataa huuna,मैं क्रिकेट खेल को काफी पसंद करता हूं
C:\Users\edwin\OneDrive\Desktop\Capstone\hindi indic\HDSD\hindi_sent\M25\M25_S1_H17_M2.wav,M25,S1,H17,M,False,shaayada samajha aa aa gayaa hoo,शायद समझ आ आ गया हो
C:\Users\edwin\OneDrive\Desktop\Capstone\hindi indic\HDSD\hindi_sent\M25\M25_S1_H18_M2.wav,M25,S1,H18,M,False,joo shaayada aapanei deikhaa naa hoo,जो शायद आपने देखा ना हो
C:\Users\edwin\OneDrive\Desktop\Capstone\hindi indic\HDSD\hindi_sent\M25\M25_S1_H19_M2.wav,M25,S1,H19,M,False,main bhuula hii gayaa thaa isa baata koo,मैं भूला ही गया था इस बात को
C:\Users\edwin\OneDrive\Desktop\Capstone\hindi indic\HDSD\hindi_sent\M25\M25_S1_H20_M2.wav,M25,S1,H20,M,False,magara vaha bhii nahiin huaa,मगर वह भी नहीं हुआ
C:\Users\edwin\OneDrive\Desktop\Capstone\hindi indic\HDSD\hindi_sent\M25\M25_S1_H21_M2.wav,M25,S1,H21,M,False,dara kaa artha hootaa hai bhaya,दर का अर्थ होता है भय
C:\Users\edwin\OneDrive\Desktop\Capstone\hindi indic\HDSD\hindi_sent\M25\M25_S1_H22_M2.wav,M25,S1,H22,M,False,eika baara phira sei aabhaara,एक बार फिर से आभार
C:\Users\edwin\OneDrive\Desktop\Capstone\hindi indic\HDSD\hindi_sent\M25\M25_S1_H23_M2.wav,M25,S1,H23,M,False,naa jaanei kitanei looga isei padhtei hai,ना जाने कितने लोग इसे पढ़ते है
C:\Users\edwin\OneDrive\Desktop\Capstone\hindi indic\HDSD\hindi_sent\M25\M25_S1_H24_M2.wav,M25,S1,H24,M,False,abhii main shaanta hii huuna,अभी मैं शांत ही हूं
C:\Users\edwin\OneDrive\Desktop\Capstone\hindi indic\HDSD\hindi_sent\M25\M25_S1_H25_M2.wav,M25,S1,H25,M,False,svaagata kei liyei dhanyavaada,स्वागत के लिए धन्यवाद
C:\Users\edwin\OneDrive\Desktop\Capstone\hindi indic\HDSD\hindi_sent\M25\M25_S1_H26_M2.wav,M25,S1,H26,M,False,aapa apanaa yaha achchhaa kaarya jaarii rakhein,आप अपना यह अच्छा कार्य जारी रखें
C:\Users\edwin\OneDrive\Desktop\Capstone\hindi indic\HDSD\hindi_sent\M25\M25_S1_H27_M2.wav,M25,S1,H27,M,False,main bhaarata mein rahataa huuna,मैं भारत में रहता हूं
C:\Users\edwin\OneDrive\Desktop\Capstone\hindi indic\HDSD\hindi_sent\M25\M25_S1_H28_M2.wav,M25,S1,H28,M,False,kahaa jaataa hai unhoonnei kabhii jiivana mein jhuutha jhuutha jhuutha kaa sahaaraa nahiin liyaa,कहा जाता है उन्होंने कभी जीवन में झूठ झूठ झूठ का सहारा नहीं लिया
C:\Users\edwin\OneDrive\Desktop\Capstone\hindi indic\HDSD\hindi_sent\M25\M25_S1_H29_M2.wav,M25,S1,H29,M,False,aapakaa sandeisha paakara achchhaa lagaa,आपका संदेश पाकर अच्छा लगा
C:\Users\edwin\OneDrive\Desktop\Capstone\hindi indic\HDSD\hindi_sent\M25\M25_S1_H30_M2.wav,M25,S1,H30,M,False,jaldii sei jaldii kuchha kiijiei,जल्दी से जल्दी कुछ कीजिए
C:\Users\edwin\OneDrive\Desktop\Capstone\hindi indic\HDSD\hindi_sent\M27\M27_S1_H01_M2.wav,M27,S1,H01,M,False,aapakei hindii pasanda karanei para khushii huii,आपके हिंदी पसंद करने पर खुशी हुई
C:\Users\edwin\OneDrive\Desktop\Capstone\hindi indic\HDSD\hindi_sent\M27\M27_S1_H02_M2.wav,M27,S1,H02,M,False,isakei badalei mein tuma kuchha aura maanaga loo,इसके बदले में तुम कुछ और मांग लो
C:\Users\edwin\OneDrive\Desktop\Capstone\hindi indic\HDSD\hindi_sent\M27\M27_S1_H03_M2.wav,M27,S1,H03,M,False,chikitsaa kaa artha hootaa hai ilaaja,चिकित्सा का अर्थ होता है इलाज
C:\Users\edwin\OneDrive\Desktop\Capstone\hindi indic\HDSD\hindi_sent\M27\M27_S1_H04_M2.wav,M27,S1,H04,M,False,isei aisei hii jaarii rakhein,इसे ऐसे ही जारी रखें
C:\Users\edwin\OneDrive\Desktop\Capstone\hindi indic\HDSD\hindi_sent\M27\M27_S1_H05_M2.wav,M27,S1,H05,M,False,madada kei liyei bahuta dhanyavaada,मदद के लिए बहुत धन्यवाद
C:\Users\edwin\OneDrive\Desktop\Capstone\hindi indic\HDSD\hindi_sent\M27\M27_S1_H06_M2.wav,M27,S1,H06,M,False,aba joo main kahataa huuna usakaa paalana karoo,अब जो मैं कहता हूं उसका पालन करो
C:\Users\edwin\OneDrive\Desktop\Capstone\hindi indic\HDSD\hindi_sent\M27\M27_S1_H07_M2.wav,M27,S1,H07,M,False,bhaarata mein aisaa nahiin huaa hai,भारत में ऐसा नहीं हुआ है
C:\Users\edwin\OneDrive\Desktop\Capstone\hindi indic\HDSD\hindi_sent\M27\M27_S1_H08_M2.wav,M27,S1,H08,M,False,isa sahayooga heitu bhii bahuta dhanyavaada,इस सहयोग हेतु भी बहुत धन्यवाद
C:\Users\edwin\OneDrive\Desktop\Capstone\hindi indic\HDSD\hindi_sent\M27\M27_S1_H09_M2.wav,M27,S1,H09,M,False,para yaha sanbhava naa hoo sakaa,पर यह संभव ना हो सका
C:\Users\edwin\OneDrive\Desktop\Capstone\hindi indic\HDSD\hindi_sent\M27\M27_S1_H10_M2.wav,M27,S1,H10,M,False,meirii baatoon ki oora dhyaana diijiyei,मेरी बातों कि और ध्यान दीजिए
C:\Users\edwin\OneDrive\Desktop\Capstone\hindi indic\HDSD\hindi_sent\M27\M27_S1_H11_M2.wav,M27,S1,H11,M,False,yahaan sei sangharshha kaa daura shuruu huaa,यहाँ से संघर्ष का दौर शुरू हुआ
C:\Users\edwin\OneDrive\Desktop\Capstone\hindi indic\HDSD\hindi_sent\M27\M27_S1_H12_M2.wav,M27,S1,H12,M,False,doonoon mein badaa antara thaa,दोनों में बड़ा अंतर था
C:\Users\edwin\OneDrive\Desktop\Capstone\hindi indic\HDSD\hindi_sent\M27\M27_S1_H13_M2.wav,M27,S1,H13,M,False,aapa sabhii kei sahayooga kei liyei bahuta dhanyavaada,आप सभी के सहयोग के लिए बहुत धन्यवाद
C:\Users\edwin\OneDrive\Desktop\Capstone\hindi indic\HDSD\hindi_sent\M27\M27_S1_H14_M2.wav,M27,S1,H14,M,False,bahuta sei looga aisaa kara rahei hai,बहुत से लोग ऐसा कर रहे है
C:\Users\edwin\OneDrive\Desktop\Capstone\hindi indic\HDSD\hindi_sent\M27\M27_S1_H15_M2.wav,M27,S1,H15,M,False,samaya kei saatha hii nahiin usasei aagei chalaa jaaei,समय के साथ ही नहीं उससे आगे चला जाए
C:\Users\edwin\OneDrive\Desktop\Capstone\hindi indic\HDSD\hindi_sent\M27\M27_S1_H16_M2.wav,M27,S1,H16,M,False,main krikeita kheila koo kaaphii pasanda karataa huuna,मैं क्रिकेट खेल को काफी पसंद करता हूं
C:\Users\edwin\OneDrive\Desktop\Capstone\hindi indic\HDSD\hindi_sent\M27\M27_S1_H17_M2.wav,M27,S1,H17,M,False,shaayada samajha aa gayaa hoo,शायद समझ आ गया हो
C:\Users\edwin\OneDrive\Desktop\Capstone\hindi indic\HDSD\hindi_sent\M27\M27_S1_H18_M2.wav,M27,S1,H18,M,False,joo shaayada aapanei deikhaa naa hoo,जो शायद आपने देखा ना हो
C:\Users\edwin\OneDrive\Desktop\Capstone\hindi indic\HDSD\hindi_sent\M27\M27_S1_H19_M2.wav,M27,S1,H19,M,False,main bhuula hii gayaa thaa isa baata koo,मैं भूला ही गया था इस बात को
C:\Users\edwin\OneDrive\Desktop\Capstone\hindi indic\HDSD\hindi_sent\M27\M27_S1_H20_M2.wav,M27,S1,H20,M,False,magara vaha bhii nahiin huaa,मगर वह भी नहीं हुआ
C:\Users\edwin\OneDrive\Desktop\Capstone\hindi indic\HDSD\hindi_sent\M27\M27_S1_H21_M2.wav,M27,S1,H21,M,False,dara kaa artha hootaa hai bhaya,दर का अर्थ होता है भय
C:\Users\edwin\OneDrive\Desktop\Capstone\hindi indic\HDSD\hindi_sent\M27\M27_S1_H22_M2.wav,M27,S1,H22,M,False,eika baara phira sei aabhaara,एक बार फिर से आभार
C:\Users\edwin\OneDrive\Desktop\Capstone\hindi indic\HDSD\hindi_sent\M27\M27_S1_H23_M2.wav,M27,S1,H23,M,False,naa jaanei kitanei looga isei padhtei hai,ना जाने कितने लोग इसे पढ़ते है
C:\Users\edwin\OneDrive\Desktop\Capstone\hindi indic\HDSD\hindi_sent\M27\M27_S1_H24_M2.wav,M27,S1,H24,M,False,abhii main shaanta hii huuna,अभी मैं शांत ही हूं
C:\Users\edwin\OneDrive\Desktop\Capstone\hindi indic\HDSD\hindi_sent\M27\M27_S1_H25_M2.wav,M27,S1,H25,M,False,svaagata kei liyei dhanyavaada,स्वागत के लिए धन्यवाद
C:\Users\edwin\OneDrive\Desktop\Capstone\hindi indic\HDSD\hindi_sent\M27\M27_S1_H26_M2.wav,M27,S1,H26,M,False,aapa apanaa yaha achchhaa kaarya jaarii rakhein,आप अपना यह अच्छा कार्य जारी रखें
C:\Users\edwin\OneDrive\Desktop\Capstone\hindi indic\HDSD\hindi_sent\M27\M27_S1_H27_M2.wav,M27,S1,H27,M,False,main bhaarata mein rahataa huuna,मैं भारत में रहता हूं
C:\Users\edwin\OneDrive\Desktop\Capstone\hindi indic\HDSD\hindi_sent\M27\M27_S1_H28_M2.wav,M27,S1,H28,M,False,kahaa jaataa hai ki unhoonnei kabhii jiivana mein jhuutha kaa sahaaraa nahiin liyaa,कहा जाता है कि उन्होंने कभी जीवन में झूठ का सहारा नहीं लिया
C:\Users\edwin\OneDrive\Desktop\Capstone\hindi indic\HDSD\hindi_sent\M27\M27_S1_H29_M2.wav,M27,S1,H29,M,False,aapakaa sandeisha paakara achchhaa lagaa,आपका संदेश पाकर अच्छा लगा
C:\Users\edwin\OneDrive\Desktop\Capstone\hindi indic\HDSD\hindi_sent\M27\M27_S1_H30_M2.wav,M27,S1,H30,M,False,jaldii sei jaldii kuchha kiijiei,जल्दी से जल्दी कुछ कीजिए
C:\Users\edwin\OneDrive\Desktop\Capstone\hindi indic\HDSD\hindi_sent\M28\M28_S1_H01_M2.wav,M28,S1,H01,M,False,aapakei hindii pasanda karanei para khushii huii,आपके हिंदी पसंद करने पर खुशी हुई
C:\Users\edwin\OneDrive\Desktop\Capstone\hindi indic\HDSD\hindi_sent\M28\M28_S1_H02_M2.wav,M28,S1,H02,M,False,isakei badalei badalei mein tuma kuchha aura maanaga loo,इसके बदले बदले में तुम कुछ और मांग लो
C:\Users\edwin\OneDrive\Desktop\Capstone\hindi indic\HDSD\hindi_sent\M28\M28_S1_H03_M2.wav,M28,S1,H03,M,False,chikitsaa kaa artha hootaa hai ilaaja,चिकित्सा का अर्थ होता है इलाज
C:\Users\edwin\OneDrive\Desktop\Capstone\hindi indic\HDSD\hindi_sent\M28\M28_S1_H04_M2.wav,M28,S1,H04,M,False,isei aisei hii jaarii rakhein,इसे ऐसे ही जारी रखें
C:\Users\edwin\OneDrive\Desktop\Capstone\hindi indic\HDSD\hindi_sent\M28\M28_S1_H05_M2.wav,M28,S1,H05,M,False,madada kei liyei bahuta dhanyavaada,मदद के लिए बहुत धन्यवाद
C:\Users\edwin\OneDrive\Desktop\Capstone\hindi indic\HDSD\hindi_sent\M28\M28_S1_H06_M2.wav,M28,S1,H06,M,False,aba joo main kahataa huuna usakaa paalana karoo,अब जो मैं कहता हूं उसका पालन करो
C:\Users\edwin\OneDrive\Desktop\Capstone\hindi indic\HDSD\hindi_sent\M28\M28_S1_H07_M2.wav,M28,S1,H07,M,False,bhaarata mein aisaa nahiin huaa hai,भारत में ऐसा नहीं हुआ है
C:\Users\edwin\OneDrive\Desktop\Capstone\hindi indic\HDSD\hindi_sent\M28\M28_S1_H08_M2.wav,M28,S1,H08,M,False,isa sahayooga heitu bhii bahuta dhanyavaada,इस सहयोग हेतु भी बहुत धन्यवाद
C:\Users\edwin\OneDrive\Desktop\Capstone\hindi indic\HDSD\hindi_sent\M28\M28_S1_H09_M2.wav,M28,S1,H09,M,False,para yaha sanbhava naa hoo sakaa,पर यह संभव ना हो सका
C:\Users\edwin\OneDrive\Desktop\Capstone\hindi indic\HDSD\hindi_sent\M28\M28_S1_H10_M2.wav,M28,S1,H10,M,False,meirii baatoon ki oora dhyaana diijiyei,मेरी बातों कि और ध्यान दीजिए
C:\Users\edwin\OneDrive\Desktop\Capstone\hindi indic\HDSD\hindi_sent\M28\M28_S1_H11_M2.wav,M28,S1,H11,M,False,yahaan sei sangharshha kaa daura shuruu huaa,यहाँ से संघर्ष का दौर शुरू हुआ
C:\Users\edwin\OneDrive\Desktop\Capstone\hindi indic\HDSD\hindi_sent\M28\M28_S1_H12_M2.wav,M28,S1,H12,M,False,doonoon mein badaa antara thaa,दोनों में बड़ा अंतर था
C:\Users\edwin\OneDrive\Desktop\Capstone\hindi indic\HDSD\hindi_sent\M28\M28_S1_H13_M2.wav,M28,S1,H13,M,False,aapa sabhii kei sahayooga kei liyei bahuta dhanyavaada,आप सभी के सहयोग के लिए बहुत धन्यवाद
C:\Users\edwin\OneDrive\Desktop\Capstone\hindi indic\HDSD\hindi_sent\M28\M28_S1_H14_M2.wav,M28,S1,H14,M,False,bahuta sei looga aisaa kara rahei hai,बहुत से लोग ऐसा कर रहे है
C:\Users\edwin\OneDrive\Desktop\Capstone\hindi indic\HDSD\hindi_sent\M28\M28_S1_H15_M2.wav,M28,S1,H15,M,False,samaya kei saatha hii nahiin usasei usasei aagei chalaa jaaei,समय के साथ ही नहीं उससे उससे आगे चला जाए
C:\Users\edwin\OneDrive\Desktop\Capstone\hindi indic\HDSD\hindi_sent\M28\M28_S1_H16_M2.wav,M28,S1,H16,M,False,main krikeita kheila koo kaaphii pasanda karataa huuna,मैं क्रिकेट खेल को काफी पसंद करता हूं
C:\Users\edwin\OneDrive\Desktop\Capstone\hindi indic\HDSD\hindi_sent\M28\M28_S1_H17_M2.wav,M28,S1,H17,M,False,shaayada samajha aa gayaa hoo,शायद समझ आ गया हो
C:\Users\edwin\OneDrive\Desktop\Capstone\hindi indic\HDSD\hindi_sent\M28\M28_S1_H18_M2.wav,M28,S1,H18,M,False,joo shaayada aapanei deikhaa naa hoo,जो शायद आपने देखा ना हो
C:\Users\edwin\OneDrive\Desktop\Capstone\hindi indic\HDSD\hindi_sent\M28\M28_S1_H19_M2.wav,M28,S1,H19,M,False,main bhuula hii gayaa thaa isa baata koo,मैं भूला ही गया था इस बात को
C:\Users\edwin\OneDrive\Desktop\Capstone\hindi indic\HDSD\hindi_sent\M28\M28_S1_H20_M2.wav,M28,S1,H20,M,False,magara vaha bhii nahiin huaa,मगर वह भी नहीं हुआ
C:\Users\edwin\OneDrive\Desktop\Capstone\hindi indic\HDSD\hindi_sent\M28\M28_S1_H21_M2.wav,M28,S1,H21,M,False,dara kaa artha hootaa hai bhaya,दर का अर्थ होता है भय
C:\Users\edwin\OneDrive\Desktop\Capstone\hindi indic\HDSD\hindi_sent\M28\M28_S1_H22_M2.wav,M28,S1,H22,M,False,eika baara phira sei aabhaara,एक बार फिर से आभार
C:\Users\edwin\OneDrive\Desktop\Capstone\hindi indic\HDSD\hindi_sent\M28\M28_S1_H23_M2.wav,M28,S1,H23,M,False,naa jaanei kitanei looga isei padhtei hai,ना जाने कितने लोग इसे पढ़ते है
C:\Users\edwin\OneDrive\Desktop\Capstone\hindi indic\HDSD\hindi_sent\M28\M28_S1_H24_M2.wav,M28,S1,H24,M,False,abhii main shaanta hii huuna,अभी मैं शांत ही हूं
C:\Users\edwin\OneDrive\Desktop\Capstone\hindi indic\HDSD\hindi_sent\M28\M28_S1_H25_M2.wav,M28,S1,H25,M,False,svaagata kei liyei dhanyavaada,स्वागत के लिए धन्यवाद
C:\Users\edwin\OneDrive\Desktop\Capstone\hindi indic\HDSD\hindi_sent\M28\M28_S1_H26_M2.wav,M28,S1,H26,M,False,aapa apanaa yaha achchhaa jaarii rakhein kaarya,आप अपना यह अच्छा जारी रखें कार्य
C:\Users\edwin\OneDrive\Desktop\Capstone\hindi indic\HDSD\hindi_sent\M28\M28_S1_H27_M2.wav,M28,S1,H27,M,False,main bhaarata mein rahataa huuna,मैं भारत में रहता हूं
C:\Users\edwin\OneDrive\Desktop\Capstone\hindi indic\HDSD\hindi_sent\M28\M28_S1_H28_M2.wav,M28,S1,H28,M,False,kahaa jaataa hai ki unhoonnei kabhii jiivana mein jhuutha kaa sahaaraa nahiin liyaa,कहा जाता है कि उन्होंने कभी जीवन में झूठ का सहारा नहीं लिया
C:\Users\edwin\OneDrive\Desktop\Capstone\hindi indic\HDSD\hindi_sent\M28\M28_S1_H29_M2.wav,M28,S1,H29,M,False,aapakaa sandeisha paakara achchhaa lagaa,आपका संदेश पाकर अच्छा लगा
C:\Users\edwin\OneDrive\Desktop\Capstone\hindi indic\HDSD\hindi_sent\M28\M28_S1_H30_M2.wav,M28,S1,H30,M,False,jaldii sei jaldii kuchha kiijiei,जल्दी से जल्दी कुछ कीजिए
C:\Users\edwin\OneDrive\Desktop\Capstone\hindi indic\HDSD\hindi_sent\M30\M30_S1_H01_M2.wav,M30,S1,H01,M,False,aapakei hindii pasanda karanei para khushii huii,आपके हिंदी पसंद करने पर खुशी हुई
C:\Users\edwin\OneDrive\Desktop\Capstone\hindi indic\HDSD\hindi_sent\M30\M30_S1_H02_M2.wav,M30,S1,H02,M,False,isakei badalei mein tuma kuchha aura maanaga loo,इसके बदले में तुम कुछ और मांग लो
C:\Users\edwin\OneDrive\Desktop\Capstone\hindi indic\HDSD\hindi_sent\M30\M30_S1_H03_M2.wav,M30,S1,H03,M,False,chikitsaa kaa artha hootaa hai ilaaja,चिकित्सा का अर्थ होता है इलाज
C:\Users\edwin\OneDrive\Desktop\Capstone\hindi indic\HDSD\hindi_sent\M30\M30_S1_H04_M2.wav,M30,S1,H04,M,False,isei aisei hii jaarii rakhein,इसे ऐसे ही जारी रखें
C:\Users\edwin\OneDrive\Desktop\Capstone\hindi indic\HDSD\hindi_sent\M30\M30_S1_H05_M2.wav,M30,S1,H05,M,False,madada kei liyei bahuta dhanyavaada,मदद के लिए बहुत धन्यवाद
C:\Users\edwin\OneDrive\Desktop\Capstone\hindi indic\HDSD\hindi_sent\M30\M30_S1_H06_M2.wav,M30,S1,H06,M,False,aba joo main kahataa huuna usakaa paalana karoo,अब जो मैं कहता हूं उसका पालन करो
C:\Users\edwin\OneDrive\Desktop\Capstone\hindi indic\HDSD\hindi_sent\M30\M30_S1_H07_M2.wav,M30,S1,H07,M,False,bhaarata mein aisaa nahiin huaa hai,भारत में ऐसा नहीं हुआ है
C:\Users\edwin\OneDrive\Desktop\Capstone\hindi indic\HDSD\hindi_sent\M30\M30_S1_H08_M2.wav,M30,S1,H08,M,False,isa sahayooga heitu bhii bahuta dhanyavaada,इस सहयोग हेतु भी बहुत धन्यवाद
C:\Users\edwin\OneDrive\Desktop\Capstone\hindi indic\HDSD\hindi_sent\M30\M30_S1_H09_M2.wav,M30,S1,H09,M,False,para yaha sanbhava naa hoo sakaa,पर यह संभव ना हो सका
C:\Users\edwin\OneDrive\Desktop\Capstone\hindi indic\HDSD\hindi_sent\M30\M30_S1_H10_M2.wav,M30,S1,H10,M,False,meirii baatoon ki oora dhyaana diijiyei,मेरी बातों कि और ध्यान दीजिए
C:\Users\edwin\OneDrive\Desktop\Capstone\hindi indic\HDSD\hindi_sent\M30\M30_S1_H11_M2.wav,M30,S1,H11,M,False,yahaan sei sangharshha kaa daura shuruu huaa,यहाँ से संघर्ष का दौर शुरू हुआ
C:\Users\edwin\OneDrive\Desktop\Capstone\hindi indic\HDSD\hindi_sent\M30\M30_S1_H12_M2.wav,M30,S1,H12,M,False,doonoon mein badaa antara thaa,दोनों में बड़ा अंतर था
C:\Users\edwin\OneDrive\Desktop\Capstone\hindi indic\HDSD\hindi_sent\M30\M30_S1_H13_M2.wav,M30,S1,H13,M,False,aapa sabhii kei sahayooga kei liyei bahuta dhanyavaada,आप सभी के सहयोग के लिए बहुत धन्यवाद
C:\Users\edwin\OneDrive\Desktop\Capstone\hindi indic\HDSD\hindi_sent\M30\M30_S1_H14_M2.wav,M30,S1,H14,M,False,bahuta sei looga aisaa kara rahei hai,बहुत से लोग ऐसा कर रहे है
C:\Users\edwin\OneDrive\Desktop\Capstone\hindi indic\HDSD\hindi_sent\M30\M30_S1_H15_M2.wav,M30,S1,H15,M,False,samaya kei saatha hii nahiin usasei aagei chalaa jaaei,समय के साथ ही नहीं उससे आगे चला जाए
C:\Users\edwin\OneDrive\Desktop\Capstone\hindi indic\HDSD\hindi_sent\M30\M30_S1_H16_M2.wav,M30,S1,H16,M,False,main krikeita kheila kheila koo kaaphii pasanda karataa huuna,मैं क्रिकेट खेल खेल को काफी पसंद करता हूं
C:\Users\edwin\OneDrive\Desktop\Capstone\hindi indic\HDSD\hindi_sent\M30\M30_S1_H17_M2.wav,M30,S1,H17,M,False,shaayada samajha samajha aa aa gayaa hoo,शायद समझ समझ आ आ गया हो
C:\Users\edwin\OneDrive\Desktop\Capstone\hindi indic\HDSD\hindi_sent\M30\M30_S1_H18_M2.wav,M30,S1,H18,M,False,joo shaayada aapanei deikhaa naa hoo,जो शायद आपने देखा ना हो
C:\Users\edwin\OneDrive\Desktop\Capstone\hindi indic\HDSD\hindi_sent\M30\M30_S1_H19_M2.wav,M30,S1,H19,M,False,main bhuula hii gayaa thaa isa baata koo,मैं भूला ही गया था इस बात को
C:\Users\edwin\OneDrive\Desktop\Capstone\hindi indic\HDSD\hindi_sent\M30\M30_S1_H20_M2.wav,M30,S1,H20,M,False,magara vaha bhii nahiin huaa,मगर वह भी नहीं हुआ
C:\Users\edwin\OneDrive\Desktop\Capstone\hindi indic\HDSD\hindi_sent\M30\M30_S1_H21_M2.wav,M30,S1,H21,M,False,dara kaa artha hootaa hai bhaya,दर का अर्थ होता है भय
C:\Users\edwin\OneDrive\Desktop\Capstone\hindi indic\HDSD\hindi_sent\M30\M30_S1_H22_M2.wav,M30,S1,H22,M,False,eika baara phira sei aabhaara,एक बार फिर से आभार
C:\Users\edwin\OneDrive\Desktop\Capstone\hindi indic\HDSD\hindi_sent\M30\M30_S1_H23_M2.wav,M30,S1,H23,M,False,naa jaanei kitanei looga isei padhtei hai,ना जाने कितने लोग इसे पढ़ते है
C:\Users\edwin\OneDrive\Desktop\Capstone\hindi indic\HDSD\hindi_sent\M30\M30_S1_H24_M2.wav,M30,S1,H24,M,False,abhii main shaanta hii huuna,अभी मैं शांत ही हूं
C:\Users\edwin\OneDrive\Desktop\Capstone\hindi indic\HDSD\hindi_sent\M30\M30_S1_H25_M2.wav,M30,S1,H25,M,False,svaagata kei liyei dhanyavaada,स्वागत के लिए धन्यवाद
C:\Users\edwin\OneDrive\Desktop\Capstone\hindi indic\HDSD\hindi_sent\M30\M30_S1_H26_M2.wav,M30,S1,H26,M,False,aapa apanaa yaha achchhaa kaarya jaarii rakhein,आप अपना यह अच्छा कार्य जारी रखें
C:\Users\edwin\OneDrive\Desktop\Capstone\hindi indic\HDSD\hindi_sent\M30\M30_S1_H27_M2.wav,M30,S1,H27,M,False,main bhaarata mein rahataa huuna,मैं भारत में रहता हूं
C:\Users\edwin\OneDrive\Desktop\Capstone\hindi indic\HDSD\hindi_sent\M30\M30_S1_H28_M2.wav,M30,S1,H28,M,False,kahaa jaataa hai ki unhoonnei kabhii jiivana mein jhuutha kaa sahaaraa nahiin liyaa,कहा जाता है कि उन्होंने कभी जीवन में झूठ का सहारा नहीं लिया
C:\Users\edwin\OneDrive\Desktop\Capstone\hindi indic\HDSD\hindi_sent\M30\M30_S1_H29_M2.wav,M30,S1,H29,M,False,aapakaa sandeisha paakara achchhaa lagaa,आपका संदेश पाकर अच्छा लगा
C:\Users\edwin\OneDrive\Desktop\Capstone\hindi indic\HDSD\hindi_sent\M30\M30_S1_H30_M2.wav,M30,S1,H30,M,False,jaldii sei jaldii kuchha kiijiei,जल्दी से जल्दी कुछ कीजिए
C:\Users\edwin\OneDrive\Desktop\Capstone\hindi indic\HDSD\hindi_sent\M32\M32_S1_H01_M2.wav,M32,S1,H01,M,False,aapakei hindii pasanda karanei para khushii huii,आपके हिंदी पसंद करने पर खुशी हुई
C:\Users\edwin\OneDrive\Desktop\Capstone\hindi indic\HDSD\hindi_sent\M32\M32_S1_H02_M2.wav,M32,S1,H02,M,False,isakei badalei mein tuma kuchha aura maanaga loo,इसके बदले में तुम कुछ और मांग लो
C:\Users\edwin\OneDrive\Desktop\Capstone\hindi indic\HDSD\hindi_sent\M32\M32_S1_H03_M2.wav,M32,S1,H03,M,False,chikitsaa kaa artha hootaa hai ilaaja,चिकित्सा का अर्थ होता है इलाज
C:\Users\edwin\OneDrive\Desktop\Capstone\hindi indic\HDSD\hindi_sent\M32\M32_S1_H04_M2.wav,M32,S1,H04,M,False,aisei aisei hii jaarii rakhein,ऐसे ऐसे ही जारी रखें
C:\Users\edwin\OneDrive\Desktop\Capstone\hindi indic\HDSD\hindi_sent\M32\M32_S1_H05_M2.wav,M32,S1,H05,M,False,madada kei liyei bahuta dhanyavaada,मदद के लिए बहुत धन्यवाद
C:\Users\edwin\OneDrive\Desktop\Capstone\hindi indic\HDSD\hindi_sent\M32\M32_S1_H06_M2.wav,M32,S1,H06,M,False,aba joo main kahataa huuna usakaa paalana karoo,अब जो मैं कहता हूं उसका पालन करो
C:\Users\edwin\OneDrive\Desktop\Capstone\hindi indic\HDSD\hindi_sent\M32\M32_S1_H07_M2.wav,M32,S1,H07,M,False,bhaarata mein aisaa nahiin huaa hai,भारत में ऐसा नहीं हुआ है
C:\Users\edwin\OneDrive\Desktop\Capstone\hindi indic\HDSD\hindi_sent\M32\M32_S1_H08_M2.wav,M32,S1,H08,M,False,isa sahayooga heitu bhii bahuta dhanyavaada,इस सहयोग हेतु भी बहुत धन्यवाद
C:\Users\edwin\OneDrive\Desktop\Capstone\hindi indic\HDSD\hindi_sent\M32\M32_S1_H09_M2.wav,M32,S1,H09,M,False,para yaha sanbhava naa hoo sakaa,पर यह संभव ना हो सका
C:\Users\edwin\OneDrive\Desktop\Capstone\hindi indic\HDSD\hindi_sent\M32\M32_S1_H10_M2.wav,M32,S1,H10,M,False,meirii baatoon ki oora dhyaana diijiyei,मेरी बातों कि और ध्यान दीजिए
C:\Users\edwin\OneDrive\Desktop\Capstone\hindi indic\HDSD\hindi_sent\M32\M32_S1_H11_M2.wav,M32,S1,H11,M,False,yahaan sei sangharshha kaa daura shuruu huaa,यहाँ से संघर्ष का दौर शुरू हुआ
C:\Users\edwin\OneDrive\Desktop\Capstone\hindi indic\HDSD\hindi_sent\M32\M32_S1_H12_M2.wav,M32,S1,H12,M,False,doonoon mein badaa antara thaa,दोनों में बड़ा अंतर था
C:\Users\edwin\OneDrive\Desktop\Capstone\hindi indic\HDSD\hindi_sent\M32\M32_S1_H13_M2.wav,M32,S1,H13,M,False,aapa sabhii kei sahayooga kei liyei bahuta dhanyavaada,आप सभी के सहयोग के लिए बहुत धन्यवाद
C:\Users\edwin\OneDrive\Desktop\Capstone\hindi indic\HDSD\hindi_sent\M32\M32_S1_H14_M2.wav,M32,S1,H14,M,False,bahuta sei looga aisaa kara rahei hai,बहुत से लोग ऐसा कर रहे है
C:\Users\edwin\OneDrive\Desktop\Capstone\hindi indic\HDSD\hindi_sent\M32\M32_S1_H15_M2.wav,M32,S1,H15,M,False,samaya kei saatha hii nahiin aagei chalaa jaaei,समय के साथ ही नहीं आगे चला जाए
C:\Users\edwin\OneDrive\Desktop\Capstone\hindi indic\HDSD\hindi_sent\M32\M32_S1_H16_M2.wav,M32,S1,H16,M,False,main krikeita kheila koo kaaphii pasanda karataa huuna,मैं क्रिकेट खेल को काफी पसंद करता हूं
C:\Users\edwin\OneDrive\Desktop\Capstone\hindi indic\HDSD\hindi_sent\M32\M32_S1_H17_M2.wav,M32,S1,H17,M,False,shaayada samajha aa gayaa hoo,शायद समझ आ गया हो
C:\Users\edwin\OneDrive\Desktop\Capstone\hindi indic\HDSD\hindi_sent\M32\M32_S1_H18_M2.wav,M32,S1,H18,M,False,joo shaayada aapanei deikhaa naa hoo,जो शायद आपने देखा ना हो
C:\Users\edwin\OneDrive\Desktop\Capstone\hindi indic\HDSD\hindi_sent\M32\M32_S1_H19_M2.wav,M32,S1,H19,M,False,main bhuula hii gayaa thaa isa baata koo,मैं भूला ही गया था इस बात को
C:\Users\edwin\OneDrive\Desktop\Capstone\hindi indic\HDSD\hindi_sent\M32\M32_S1_H20_M2.wav,M32,S1,H20,M,False,magara vaha bhii nahiin huaa,मगर वह भी नहीं हुआ
C:\Users\edwin\OneDrive\Desktop\Capstone\hindi indic\HDSD\hindi_sent\M32\M32_S1_H21_M2.wav,M32,S1,H21,M,False,dara kaa artha hootaa hai bhaya,दर का अर्थ होता है भय
C:\Users\edwin\OneDrive\Desktop\Capstone\hindi indic\HDSD\hindi_sent\M32\M32_S1_H22_M2.wav,M32,S1,H22,M,False,eika baara phira sei aabhaara,एक बार फिर से आभार
C:\Users\edwin\OneDrive\Desktop\Capstone\hindi indic\HDSD\hindi_sent\M32\M32_S1_H23_M2.wav,M32,S1,H23,M,False,naa jaanei kitanei looga isei padhtei hai,ना जाने कितने लोग इसे पढ़ते है
C:\Users\edwin\OneDrive\Desktop\Capstone\hindi indic\HDSD\hindi_sent\M32\M32_S1_H24_M2.wav,M32,S1,H24,M,False,abhii main shaanta hii huuna,अभी मैं शांत ही हूं
C:\Users\edwin\OneDrive\Desktop\Capstone\hindi indic\HDSD\hindi_sent\M32\M32_S1_H25_M2.wav,M32,S1,H25,M,False,svaagata kei liyei dhanyavaada,स्वागत के लिए धन्यवाद
C:\Users\edwin\OneDrive\Desktop\Capstone\hindi indic\HDSD\hindi_sent\M32\M32_S1_H26_M2.wav,M32,S1,H26,M,False,aapa apanaa yaha kaarya jaarii rakhein,आप अपना यह कार्य जारी रखें
C:\Users\edwin\OneDrive\Desktop\Capstone\hindi indic\HDSD\hindi_sent\M32\M32_S1_H27_M2.wav,M32,S1,H27,M,False,main bhaarata mein rahataa huuna,मैं भारत में रहता हूं
C:\Users\edwin\OneDrive\Desktop\Capstone\hindi indic\HDSD\hindi_sent\M32\M32_S1_H28_M2.wav,M32,S1,H28,M,False,kahaa jaataa hai ki unhoonnei kabhii mein jhuutha kaa sahaaraa nahiin liyaa,कहा जाता है कि उन्होंने कभी में झूठ का सहारा नहीं लिया
C:\Users\edwin\OneDrive\Desktop\Capstone\hindi indic\HDSD\hindi_sent\M32\M32_S1_H29_M2.wav,M32,S1,H29,M,False,aapakaa sandeisha paakara achchhaa lagaa,आपका संदेश पाकर अच्छा लगा
C:\Users\edwin\OneDrive\Desktop\Capstone\hindi indic\HDSD\hindi_sent\M32\M32_S1_H30_M2.wav,M32,S1,H30,M,False,jaldii sei jaldii kuchha kiijiei,जल्दी से जल्दी कुछ कीजिए
C:\Users\edwin\OneDrive\Desktop\Capstone\hindi indic\HDSD\hindi_sent\M33\M33_S1_H01_M2.wav,M33,S1,H01,M,False,aapakei hindii pasanda karanei para khushii huii hai huii,आपके हिंदी पसंद करने पर खुशी हुई है हुई
C:\Users\edwin\OneDrive\Desktop\Capstone\hindi indic\HDSD\hindi_sent\M33\M33_S1_H02_M2.wav,M33,S1,H02,M,False,isakei badalei mein mein tuma kuchha aura maanaga loo,इसके बदले में में तुम कुछ और मांग लो
C:\Users\edwin\OneDrive\Desktop\Capstone\hindi indic\HDSD\hindi_sent\M33\M33_S1_H03_M2.wav,M33,S1,H03,M,False,chikitsaa kaa artha hootaa hai ilaaja,चिकित्सा का अर्थ होता है इलाज
C:\Users\edwin\OneDrive\Desktop\Capstone\hindi indic\HDSD\hindi_sent\M33\M33_S1_H04_M2.wav,M33,S1,H04,M,False,isei aisei hii jaarii rakhein,इसे ऐसे ही जारी रखें
C:\Users\edwin\OneDrive\Desktop\Capstone\hindi indic\HDSD\hindi_sent\M33\M33_S1_H05_M2.wav,M33,S1,H05,M,False,madada kei liyei bahuta dhanyavaada,मदद के लिए बहुत धन्यवाद
C:\Users\edwin\OneDrive\Desktop\Capstone\hindi indic\HDSD\hindi_sent\M33\M33_S1_H06_M2.wav,M33,S1,H06,M,False,aba joo main kahataa huuna usakaa paalana karoo,अब जो मैं कहता हूं उसका पालन करो
C:\Users\edwin\OneDrive\Desktop\Capstone\hindi indic\HDSD\hindi_sent\M33\M33_S1_H07_M2.wav,M33,S1,H07,M,False,bhaarata mein aisaa nahiin huaa hai,भारत में ऐसा नहीं हुआ है
C:\Users\edwin\OneDrive\Desktop\Capstone\hindi indic\HDSD\hindi_sent\M33\M33_S1_H08_M2.wav,M33,S1,H08,M,False,isa sahayooga heitu bhii bahuta dhanyavaada,इस सहयोग हेतु भी बहुत धन्यवाद
C:\Users\edwin\OneDrive\Desktop\Capstone\hindi indic\HDSD\hindi_sent\M33\M33_S1_H09_M2.wav,M33,S1,H09,M,False,para yaha sanbhava naa hoo sakaa,पर यह संभव ना हो सका
C:\Users\edwin\OneDrive\Desktop\Capstone\hindi indic\HDSD\hindi_sent\M33\M33_S1_H10_M2.wav,M33,S1,H10,M,False,meirii baatoon ki baatoon ki oora dhyaana diijiyei,मेरी बातों कि बातों कि और ध्यान दीजिए
C:\Users\edwin\OneDrive\Desktop\Capstone\hindi indic\HDSD\hindi_sent\M33\M33_S1_H11_M2.wav,M33,S1,H11,M,False,yahaan sei sangharshha kaa daura shuruu huaa,यहाँ से संघर्ष का दौर शुरू हुआ
C:\Users\edwin\OneDrive\Desktop\Capstone\hindi indic\HDSD\hindi_sent\M33\M33_S1_H12_M2.wav,M33,S1,H12,M,False,doonoon mein badaa antara thaa,दोनों में बड़ा अंतर था
C:\Users\edwin\OneDrive\Desktop\Capstone\hindi indic\HDSD\hindi_sent\M33\M33_S1_H13_M2.wav,M33,S1,H13,M,False,aapa sabhii kei sahayooga kei liyei bahuta dhanyavaada,आप सभी के सहयोग के लिए बहुत धन्यवाद
C:\Users\edwin\OneDrive\Desktop\Capstone\hindi indic\HDSD\hindi_sent\M33\M33_S1_H14_M2.wav,M33,S1,H14,M,False,bahuta sei looga aisaa kara rahei hai,बहुत से लोग ऐसा कर रहे है
C:\Users\edwin\OneDrive\Desktop\Capstone\hindi indic\HDSD\hindi_sent\M33\M33_S1_H15_M2.wav,M33,S1,H15,M,False,samaya kei saatha hii nahiin usasei aagei chalaa jaaei,समय के साथ ही नहीं उससे आगे चला जाए
C:\Users\edwin\OneDrive\Desktop\Capstone\hindi indic\HDSD\hindi_sent\M33\M33_S1_H16_M2.wav,M33,S1,H16,M,False,main krikeita kheila koo kaaphii pasanda karataa huuna,मैं क्रिकेट खेल को काफी पसंद करता हूं
C:\Users\edwin\OneDrive\Desktop\Capstone\hindi indic\HDSD\hindi_sent\M33\M33_S1_H17_M2.wav,M33,S1,H17,M,False,shaayada samajha aa gayaa hoo,शायद समझ आ गया हो
C:\Users\edwin\OneDrive\Desktop\Capstone\hindi indic\HDSD\hindi_sent\M33\M33_S1_H18_M2.wav,M33,S1,H18,M,False,joo shaayada aapanei deikhaa naa hoo,जो शायद आपने देखा ना हो
C:\Users\edwin\OneDrive\Desktop\Capstone\hindi indic\HDSD\hindi_sent\M33\M33_S1_H19_M2.wav,M33,S1,H19,M,False,main bhuula hii gayaa thaa isa baata koo,मैं भूला ही गया था इस बात को
C:\Users\edwin\OneDrive\Desktop\Capstone\hindi indic\HDSD\hindi_sent\M33\M33_S1_H20_M2.wav,M33,S1,H20,M,False,magara vaha bhii nahiin huaa,मगर वह भी नहीं हुआ
C:\Users\edwin\OneDrive\Desktop\Capstone\hindi indic\HDSD\hindi_sent\M33\M33_S1_H21_M2.wav,M33,S1,H21,M,False,dara kaa artha hootaa hai bhaya,दर का अर्थ होता है भय
C:\Users\edwin\OneDrive\Desktop\Capstone\hindi indic\HDSD\hindi_sent\M33\M33_S1_H22_M2.wav,M33,S1,H22,M,False,eika baara phira sei aabhaara,एक बार फिर से आभार
C:\Users\edwin\OneDrive\Desktop\Capstone\hindi indic\HDSD\hindi_sent\M33\M33_S1_H23_M2.wav,M33,S1,H23,M,False,naa jaanei kitanei looga isei padhtei hai,ना जाने कितने लोग इसे पढ़ते है
C:\Users\edwin\OneDrive\Desktop\Capstone\hindi indic\HDSD\hindi_sent\M33\M33_S1_H24_M2.wav,M33,S1,H24,M,False,abhii main shaanta hii huuna huuna,अभी मैं शांत ही हूं हूं
C:\Users\edwin\OneDrive\Desktop\Capstone\hindi indic\HDSD\hindi_sent\M33\M33_S1_H25_M2.wav,M33,S1,H25,M,False,svaagata kei liyei dhanyavaada,स्वागत के लिए धन्यवाद
C:\Users\edwin\OneDrive\Desktop\Capstone\hindi indic\HDSD\hindi_sent\M33\M33_S1_H26_M2.wav,M33,S1,H26,M,False,aapa apanaa yaha achchhaa kaarya jaarii rakhein,आप अपना यह अच्छा कार्य जारी रखें
C:\Users\edwin\OneDrive\Desktop\Capstone\hindi indic\HDSD\hindi_sent\M33\M33_S1_H27_M2.wav,M33,S1,H27,M,False,main bhaarata mein rahataa huuna,मैं भारत में रहता हूं
C:\Users\edwin\OneDrive\Desktop\Capstone\hindi indic\HDSD\hindi_sent\M33\M33_S1_H28_M2.wav,M33,S1,H28,M,False,kahaa jaataa hai ki unhoonnei kabhii jiivana mein jhuutha kaa sahaaraa nahiin liyaa,कहा जाता है कि उन्होंने कभी जीवन में झूठ का सहारा नहीं लिया
C:\Users\edwin\OneDrive\Desktop\Capstone\hindi indic\HDSD\hindi_sent\M33\M33_S1_H29_M2.wav,M33,S1,H29,M,False,aapakaa sandeisha paakara achchhaa lagaa,आपका संदेश पाकर अच्छा लगा
C:\Users\edwin\OneDrive\Desktop\Capstone\hindi indic\HDSD\hindi_sent\M33\M33_S1_H30_M2.wav,M33,S1,H30,M,False,jaldii sei jaldii kuchha kiijiei,जल्दी से जल्दी कुछ कीजिए
C:\Users\edwin\OneDrive\Desktop\Capstone\hindi indic\HDSD\hindi_sent\M36\M36_S1_H04_M2.wav,M36,S1,H04,M,False,isei aisei hii jaarii rakhein,इसे ऐसे ही जारी रखें
C:\Users\edwin\OneDrive\Desktop\Capstone\hindi indic\HDSD\hindi_sent\M36\M36_S1_H05_M2.wav,M36,S1,H05,M,False,madada kei liyei bahuta dhanyavaada,मदद के लिए बहुत धन्यवाद
C:\Users\edwin\OneDrive\Desktop\Capstone\hindi indic\HDSD\hindi_sent\M36\M36_S1_H06_M2.wav,M36,S1,H06,M,False,aba joo main kahataa huuna usakaa paalana karoo,अब जो मैं कहता हूं उसका पालन करो
C:\Users\edwin\OneDrive\Desktop\Capstone\hindi indic\HDSD\hindi_sent\M36\M36_S1_H07_M2.wav,M36,S1,H07,M,False,bhaarata mein aisaa nahiin huaa,भारत में ऐसा नहीं हुआ
C:\Users\edwin\OneDrive\Desktop\Capstone\hindi indic\HDSD\hindi_sent\M36\M36_S1_H08_M2.wav,M36,S1,H08,M,False,isa sahayooga heitu bhii bahuta dhanyavaada,इस सहयोग हेतु भी बहुत धन्यवाद
C:\Users\edwin\OneDrive\Desktop\Capstone\hindi indic\HDSD\hindi_sent\M36\M36_S1_H09_M2.wav,M36,S1,H09,M,False,para yaha sanbhava naa hoo sakaa,पर यह संभव ना हो सका
C:\Users\edwin\OneDrive\Desktop\Capstone\hindi indic\HDSD\hindi_sent\M36\M36_S1_H10_M2.wav,M36,S1,H10,M,False,meirii baatoon ki oora dhyaana diijiyei,मेरी बातों कि और ध्यान दीजिए
C:\Users\edwin\OneDrive\Desktop\Capstone\hindi indic\HDSD\hindi_sent\M36\M36_S1_H11_M2.wav,M36,S1,H11,M,False,yahaan sei sangharshha kaa daura shuruu huaa,यहाँ से संघर्ष का दौर शुरू हुआ
C:\Users\edwin\OneDrive\Desktop\Capstone\hindi indic\HDSD\hindi_sent\M36\M36_S1_H12_M2.wav,M36,S1,H12,M,False,doonoon mein badaa antara thaa,दोनों में बड़ा अंतर था
C:\Users\edwin\OneDrive\Desktop\Capstone\hindi indic\HDSD\hindi_sent\M36\M36_S1_H13_M2.wav,M36,S1,H13,M,False,aapa sabhii kei sahayooga kei liyei bahuta dhanyavaada,आप सभी के सहयोग के लिए बहुत धन्यवाद
C:\Users\edwin\OneDrive\Desktop\Capstone\hindi indic\HDSD\hindi_sent\M36\M36_S1_H14_M2.wav,M36,S1,H14,M,False,bahuta sei looga aisaa kara rahei hai,बहुत से लोग ऐसा कर रहे है
C:\Users\edwin\OneDrive\Desktop\Capstone\hindi indic\HDSD\hindi_sent\M36\M36_S1_H15_M2.wav,M36,S1,H15,M,False,samaya kei saatha hii nahiin usasei aagei chalaa jaaei,समय के साथ ही नहीं उससे आगे चला जाए
C:\Users\edwin\OneDrive\Desktop\Capstone\hindi indic\HDSD\hindi_sent\M36\M36_S1_H16_M2.wav,M36,S1,H16,M,False,main krikeita kheila koo kaaphii pasanda karataa huuna,मैं क्रिकेट खेल को काफी पसंद करता हूं
C:\Users\edwin\OneDrive\Desktop\Capstone\hindi indic\HDSD\hindi_sent\M36\M36_S1_H17_M2.wav,M36,S1,H17,M,False,shaayada samajha aa gayaa hoo,शायद समझ आ गया हो
C:\Users\edwin\OneDrive\Desktop\Capstone\hindi indic\HDSD\hindi_sent\M36\M36_S1_H18_M2.wav,M36,S1,H18,M,False,joo shaayada aapanei deikhaa naa hoo,जो शायद आपने देखा ना हो
C:\Users\edwin\OneDrive\Desktop\Capstone\hindi indic\HDSD\hindi_sent\M36\M36_S1_H19_M2.wav,M36,S1,H19,M,False,main bhuula hii gayaa thaa isa baata koo,मैं भूला ही गया था इस बात को
C:\Users\edwin\OneDrive\Desktop\Capstone\hindi indic\HDSD\hindi_sent\M36\M36_S1_H20_M2.wav,M36,S1,H20,M,False,magara vaha bhii nahiin huaa,मगर वह भी नहीं हुआ
C:\Users\edwin\OneDrive\Desktop\Capstone\hindi indic\HDSD\hindi_sent\M36\M36_S1_H21_M2.wav,M36,S1,H21,M,False,dara kaa artha hootaa hai bhaya,दर का अर्थ होता है भय
C:\Users\edwin\OneDrive\Desktop\Capstone\hindi indic\HDSD\hindi_sent\M36\M36_S1_H22_M2.wav,M36,S1,H22,M,False,eika baara phira,एक बार फिर
C:\Users\edwin\OneDrive\Desktop\Capstone\hindi indic\HDSD\hindi_sent\M36\M36_S1_H23_M2.wav,M36,S1,H23,M,False,naa jaanei kitanei looga isei padhtei hai,ना जाने कितने लोग इसे पढ़ते है
C:\Users\edwin\OneDrive\Desktop\Capstone\hindi indic\HDSD\hindi_sent\M36\M36_S1_H24_M2.wav,M36,S1,H24,M,False,abhii main shaanta hii huuna,अभी मैं शांत ही हूं
C:\Users\edwin\OneDrive\Desktop\Capstone\hindi indic\HDSD\hindi_sent\M36\M36_S1_H25_M2.wav,M36,S1,H25,M,False,svaagata kei liyei dhanyavaada,स्वागत के लिए धन्यवाद
C:\Users\edwin\OneDrive\Desktop\Capstone\hindi indic\HDSD\hindi_sent\M36\M36_S1_H26_M2.wav,M36,S1,H26,M,False,aapa yaha achchhaa kaarya jaarii rakhein,आप यह अच्छा कार्य जारी रखें
C:\Users\edwin\OneDrive\Desktop\Capstone\hindi indic\HDSD\hindi_sent\M36\M36_S1_H27_M2.wav,M36,S1,H27,M,False,main bhaarata mein rahataa huuna,मैं भारत में रहता हूं
C:\Users\edwin\OneDrive\Desktop\Capstone\hindi indic\HDSD\hindi_sent\M36\M36_S1_H28_M2.wav,M36,S1,H28,M,False,kahaa jaataa hai ki unhoonnei kabhii jiivana mein jhuutha kaa sahaaraa nahiin liyaa,कहा जाता है कि उन्होंने कभी जीवन में झूठ का सहारा नहीं लिया
C:\Users\edwin\OneDrive\Desktop\Capstone\hindi indic\HDSD\hindi_sent\M36\M36_S1_H29_M2.wav,M36,S1,H29,M,False,aapakaa sandeisha paakara achchhaa lagaa,आपका संदेश पाकर अच्छा लगा
C:\Users\edwin\OneDrive\Desktop\Capstone\hindi indic\HDSD\hindi_sent\M36\M36_S1_H30_M2.wav,M36,S1,H30,M,False,jaldii jaldii kuchha kiijiei,जल्दी जल्दी कुछ कीजिए
C:\Users\edwin\OneDrive\Desktop\Capstone\hindi indic\HDSD\hindi_sent\M37\M37_S1_H01_M2.wav,M37,S1,H01,M,False,aapakei hindii pasanda karanei para khushii huii,आपके हिंदी पसंद करने पर खुशी हुई
C:\Users\edwin\OneDrive\Desktop\Capstone\hindi indic\HDSD\hindi_sent\M37\M37_S1_H02_M2.wav,M37,S1,H02,M,False,isakei badalei mein tuma kuchha aura maanaga loo,इसके बदले में तुम कुछ और मांग लो
C:\Users\edwin\OneDrive\Desktop\Capstone\hindi indic\HDSD\hindi_sent\M37\M37_S1_H03_M2.wav,M37,S1,H03,M,False,chikitsaa kaa artha hootaa hai ilaaja,चिकित्सा का अर्थ होता है इलाज
C:\Users\edwin\OneDrive\Desktop\Capstone\hindi indic\HDSD\hindi_sent\M37\M37_S1_H04_M2.wav,M37,S1,H04,M,False,isei aisei hii jaarii rakhein,इसे ऐसे ही जारी रखें
C:\Users\edwin\OneDrive\Desktop\Capstone\hindi indic\HDSD\hindi_sent\M37\M37_S1_H05_M2.wav,M37,S1,H05,M,False,madada kei liyei bahuta dhanyavaada,मदद के लिए बहुत धन्यवाद
C:\Users\edwin\OneDrive\Desktop\Capstone\hindi indic\HDSD\hindi_sent\M37\M37_S1_H06_M2.wav,M37,S1,H06,M,False,aba joo main kahataa huuna usakaa paalana karoo,अब जो मैं कहता हूं उसका पालन करो
C:\Users\edwin\OneDrive\Desktop\Capstone\hindi indic\HDSD\hindi_sent\M37\M37_S1_H07_M2.wav,M37,S1,H07,M,False,bhaarata mein aisaa nahiin huaa hai,भारत में ऐसा नहीं हुआ है
C:\Users\edwin\OneDrive\Desktop\Capstone\hindi indic\HDSD\hindi_sent\M37\M37_S1_H08_M2.wav,M37,S1,H08,M,False,isa sahayooga heitu bhii bahuta dhanyavaada,इस सहयोग हेतु भी बहुत धन्यवाद
C:\Users\edwin\OneDrive\Desktop\Capstone\hindi indic\HDSD\hindi_sent\M37\M37_S1_H09_M2.wav,M37,S1,H09,M,False,para yaha sanbhava naa hoo sakaa,पर यह संभव ना हो सका
C:\Users\edwin\OneDrive\Desktop\Capstone\hindi indic\HDSD\hindi_sent\M37\M37_S1_H10_M2.wav,M37,S1,H10,M,False,meirii baatoon ki oora dhyaana diijiyei,मेरी बातों कि और ध्यान दीजिए
C:\Users\edwin\OneDrive\Desktop\Capstone\hindi indic\HDSD\hindi_sent\M37\M37_S1_H11_M2.wav,M37,S1,H11,M,False,yahaan sei sangharshha kaa daura shuruu huaa,यहाँ से संघर्ष का दौर शुरू हुआ
C:\Users\edwin\OneDrive\Desktop\Capstone\hindi indic\HDSD\hindi_sent\M37\M37_S1_H12_M2.wav,M37,S1,H12,M,False,doonoon mein badaa antara thaa,दोनों में बड़ा अंतर था
C:\Users\edwin\OneDrive\Desktop\Capstone\hindi indic\HDSD\hindi_sent\M37\M37_S1_H13_M2.wav,M37,S1,H13,M,False,aapa sabhii kei sahayooga kei liyei bahuta dhanyavaada,आप सभी के सहयोग के लिए बहुत धन्यवाद
C:\Users\edwin\OneDrive\Desktop\Capstone\hindi indic\HDSD\hindi_sent\M37\M37_S1_H14_M2.wav,M37,S1,H14,M,False,bahuta sei looga aisaa kara rahei hai,बहुत से लोग ऐसा कर रहे है
C:\Users\edwin\OneDrive\Desktop\Capstone\hindi indic\HDSD\hindi_sent\M37\M37_S1_H15_M2.wav,M37,S1,H15,M,False,samaya kei saatha hii nahiin usasei aagei chalaa jaaei,समय के साथ ही नहीं उससे आगे चला जाए
C:\Users\edwin\OneDrive\Desktop\Capstone\hindi indic\HDSD\hindi_sent\M37\M37_S1_H16_M2.wav,M37,S1,H16,M,False,main krikeita kheila koo kaaphii pasanda karataa huuna,मैं क्रिकेट खेल को काफी पसंद करता हूं
C:\Users\edwin\OneDrive\Desktop\Capstone\hindi indic\HDSD\hindi_sent\M37\M37_S1_H17_M2.wav,M37,S1,H17,M,False,shaayada samajha aa gayaa hoo,शायद समझ आ गया हो
C:\Users\edwin\OneDrive\Desktop\Capstone\hindi indic\HDSD\hindi_sent\M37\M37_S1_H18_M2.wav,M37,S1,H18,M,False,joo shaayada aapanei deikhaa naa hoo,जो शायद आपने देखा ना हो
C:\Users\edwin\OneDrive\Desktop\Capstone\hindi indic\HDSD\hindi_sent\M37\M37_S1_H19_M2.wav,M37,S1,H19,M,False,main bhuula hii gayaa thaa isa baata koo,मैं भूला ही गया था इस बात को
C:\Users\edwin\OneDrive\Desktop\Capstone\hindi indic\HDSD\hindi_sent\M37\M37_S1_H20_M2.wav,M37,S1,H20,M,False,magara vaha bhii nahiin huaa,मगर वह भी नहीं हुआ
C:\Users\edwin\OneDrive\Desktop\Capstone\hindi indic\HDSD\hindi_sent\M37\M37_S1_H21_M2.wav,M37,S1,H21,M,False,dara kaa artha hootaa hai bhaya,दर का अर्थ होता है भय
C:\Users\edwin\OneDrive\Desktop\Capstone\hindi indic\HDSD\hindi_sent\M37\M37_S1_H22_M2.wav,M37,S1,H22,M,False,eika baara phira sei aabhaara,एक बार फिर से आभार
C:\Users\edwin\OneDrive\Desktop\Capstone\hindi indic\HDSD\hindi_sent\M37\M37_S1_H23_M2.wav,M37,S1,H23,M,False,naa jaanei kitanei looga isei padhtei hai,ना जाने कितने लोग इसे पढ़ते है
C:\Users\edwin\OneDrive\Desktop\Capstone\hindi indic\HDSD\hindi_sent\M37\M37_S1_H24_M2.wav,M37,S1,H24,M,False,abhii main shaanta hii huuna,अभी मैं शांत ही हूं
C:\Users\edwin\OneDrive\Desktop\Capstone\hindi indic\HDSD\hindi_sent\M37\M37_S1_H25_M2.wav,M37,S1,H25,M,False,svaagata kei liyei dhanyavaada,स्वागत के लिए धन्यवाद
C:\Users\edwin\OneDrive\Desktop\Capstone\hindi indic\HDSD\hindi_sent\M37\M37_S1_H26_M2.wav,M37,S1,H26,M,False,aapa apanaa yaha achchhaa kaarya jaarii rakhein,आप अपना यह अच्छा कार्य जारी रखें
C:\Users\edwin\OneDrive\Desktop\Capstone\hindi indic\HDSD\hindi_sent\M37\M37_S1_H27_M2.wav,M37,S1,H27,M,False,main bhaarata mein rahataa huuna,मैं भारत में रहता हूं
C:\Users\edwin\OneDrive\Desktop\Capstone\hindi indic\HDSD\hindi_sent\M37\M37_S1_H28_M2.wav,M37,S1,H28,M,False,kahaa jaataa hai ki unhoonnei kabhii jiivana mein jhuutha kaa sahaaraa nahiin liyaa,कहा जाता है कि उन्होंने कभी जीवन में झूठ का सहारा नहीं लिया
C:\Users\edwin\OneDrive\Desktop\Capstone\hindi indic\HDSD\hindi_sent\M37\M37_S1_H29_M2.wav,M37,S1,H29,M,False,aapakaa sandeisha paakara achchhaa lagaa,आपका संदेश पाकर अच्छा लगा
C:\Users\edwin\OneDrive\Desktop\Capstone\hindi indic\HDSD\hindi_sent\M37\M37_S1_H30_M2.wav,M37,S1,H30,M,False,jaldii sei jaldii kuchha kiijiei,जल्दी से जल्दी कुछ कीजिए
C:\Users\edwin\OneDrive\Desktop\Capstone\hindi indic\HDSD\hindi_sent\M38\M38_S1_H01_M2.wav,M38,S1,H01,M,False,aapakei hindii pasanda karanei para khushii huii,आपके हिंदी पसंद करने पर खुशी हुई
C:\Users\edwin\OneDrive\Desktop\Capstone\hindi indic\HDSD\hindi_sent\M38\M38_S1_H02_M2.wav,M38,S1,H02,M,False,isakei badalei mein tuma kuchha aura maanaga loo,इसके बदले में तुम कुछ और मांग लो
C:\Users\edwin\OneDrive\Desktop\Capstone\hindi indic\HDSD\hindi_sent\M38\M38_S1_H03_M2.wav,M38,S1,H03,M,False,chikitsaa kaa artha hootaa hai ilaaja,चिकित्सा का अर्थ होता है इलाज
C:\Users\edwin\OneDrive\Desktop\Capstone\hindi indic\HDSD\hindi_sent\M38\M38_S1_H04_M2.wav,M38,S1,H04,M,False,isei aisei hii jaarii rakhein,इसे ऐसे ही जारी रखें
C:\Users\edwin\OneDrive\Desktop\Capstone\hindi indic\HDSD\hindi_sent\M38\M38_S1_H05_M2.wav,M38,S1,H05,M,False,madada kei liyei bahuta dhanyavaada,मदद के लिए बहुत धन्यवाद
C:\Users\edwin\OneDrive\Desktop\Capstone\hindi indic\HDSD\hindi_sent\M38\M38_S1_H06_M2.wav,M38,S1,H06,M,False,aba joo main kahataa huuna usakaa paalana karoo,अब जो मैं कहता हूं उसका पालन करो
C:\Users\edwin\OneDrive\Desktop\Capstone\hindi indic\HDSD\hindi_sent\M38\M38_S1_H07_M2.wav,M38,S1,H07,M,False,bhaarata mein aisaa nahiin huaa hai,भारत में ऐसा नहीं हुआ है
C:\Users\edwin\OneDrive\Desktop\Capstone\hindi indic\HDSD\hindi_sent\M38\M38_S1_H08_M2.wav,M38,S1,H08,M,False,isa sahayooga heitu dhanyavaada,इस सहयोग हेतु धन्यवाद
C:\Users\edwin\OneDrive\Desktop\Capstone\hindi indic\HDSD\hindi_sent\M38\M38_S1_H09_M2.wav,M38,S1,H09,M,False,para yaha sanbhava naa hoo sakaa,पर यह संभव ना हो सका
C:\Users\edwin\OneDrive\Desktop\Capstone\hindi indic\HDSD\hindi_sent\M38\M38_S1_H10_M2.wav,M38,S1,H10,M,False,meirii baatoon ki oora dhyaana diijiyei,मेरी बातों कि और ध्यान दीजिए
C:\Users\edwin\OneDrive\Desktop\Capstone\hindi indic\HDSD\hindi_sent\M38\M38_S1_H11_M2.wav,M38,S1,H11,M,False,yahaan sei sangharshha kaa daura shuruu huaa doonoon,यहाँ से संघर्ष का दौर शुरू हुआ दोनों
C:\Users\edwin\OneDrive\Desktop\Capstone\hindi indic\HDSD\hindi_sent\M38\M38_S1_H12_M2.wav,M38,S1,H12,M,False,mein badaa antara thaa antara thaa,में बड़ा अंतर था अंतर था
C:\Users\edwin\OneDrive\Desktop\Capstone\hindi indic\HDSD\hindi_sent\M38\M38_S1_H13_M2.wav,M38,S1,H13,M,False,aapa sabhii kei sahayooga kei liyei bahuta dhanyavaada,आप सभी के सहयोग के लिए बहुत धन्यवाद
C:\Users\edwin\OneDrive\Desktop\Capstone\hindi indic\HDSD\hindi_sent\M38\M38_S1_H14_M2.wav,M38,S1,H14,M,False,bahuta sei looga aisaa kara rahei hai,बहुत से लोग ऐसा कर रहे है
C:\Users\edwin\OneDrive\Desktop\Capstone\hindi indic\HDSD\hindi_sent\M38\M38_S1_H15_M2.wav,M38,S1,H15,M,False,samaya kei saatha hii nahiin usasei aagei chalaa jaaei,समय के साथ ही नहीं उससे आगे चला जाए
C:\Users\edwin\OneDrive\Desktop\Capstone\hindi indic\HDSD\hindi_sent\M38\M38_S1_H16_M2.wav,M38,S1,H16,M,False,main krikeita kheila koo kaaphii pasanda karataa huuna,मैं क्रिकेट खेल को काफी पसंद करता हूं
C:\Users\edwin\OneDrive\Desktop\Capstone\hindi indic\HDSD\hindi_sent\M38\M38_S1_H17_M2.wav,M38,S1,H17,M,False,shaayada samajha aa gayaa hoo,शायद समझ आ गया हो
C:\Users\edwin\OneDrive\Desktop\Capstone\hindi indic\HDSD\hindi_sent\M38\M38_S1_H18_M2.wav,M38,S1,H18,M,False,joo aapanei deikhaa naa hoo,जो आपने देखा ना हो
C:\Users\edwin\OneDrive\Desktop\Capstone\hindi indic\HDSD\hindi_sent\M38\M38_S1_H19_M2.wav,M38,S1,H19,M,False,main bhuula hii gayaa thaa isa baata koo,मैं भूला ही गया था इस बात को
C:\Users\edwin\OneDrive\Desktop\Capstone\hindi indic\HDSD\hindi_sent\M38\M38_S1_H20_M2.wav,M38,S1,H20,M,False,magara vaha bhii nahiin huaa,मगर वह भी नहीं हुआ
C:\Users\edwin\OneDrive\Desktop\Capstone\hindi indic\HDSD\hindi_sent\M38\M38_S1_H21_M2.wav,M38,S1,H21,M,False,dara kaa artha hootaa hai bhaya,दर का अर्थ होता है भय
C:\Users\edwin\OneDrive\Desktop\Capstone\hindi indic\HDSD\hindi_sent\M38\M38_S1_H22_M2.wav,M38,S1,H22,M,False,eika baara phira sei aabhaara,एक बार फिर से आभार
C:\Users\edwin\OneDrive\Desktop\Capstone\hindi indic\HDSD\hindi_sent\M38\M38_S1_H23_M2.wav,M38,S1,H23,M,False,naa jaanei kitanei looga isei padhtei hai,ना जाने कितने लोग इसे पढ़ते है
C:\Users\edwin\OneDrive\Desktop\Capstone\hindi indic\HDSD\hindi_sent\M38\M38_S1_H24_M2.wav,M38,S1,H24,M,False,main abhii shaanta hii huuna,मैं अभी शांत ही हूं
C:\Users\edwin\OneDrive\Desktop\Capstone\hindi indic\HDSD\hindi_sent\M38\M38_S1_H25_M2.wav,M38,S1,H25,M,False,svaagata kei liyei dhanyavaada,स्वागत के लिए धन्यवाद
C:\Users\edwin\OneDrive\Desktop\Capstone\hindi indic\HDSD\hindi_sent\M38\M38_S1_H26_M2.wav,M38,S1,H26,M,False,aapa apanaa yaha achchhaa kaarya jaarii rakhein,आप अपना यह अच्छा कार्य जारी रखें
C:\Users\edwin\OneDrive\Desktop\Capstone\hindi indic\HDSD\hindi_sent\M38\M38_S1_H27_M2.wav,M38,S1,H27,M,False,main bhaarata mein rahataa huuna,मैं भारत में रहता हूं
C:\Users\edwin\OneDrive\Desktop\Capstone\hindi indic\HDSD\hindi_sent\M38\M38_S1_H28_M2.wav,M38,S1,H28,M,False,kahaa jaataa hai ki unhoonnei kabhii jiivana mein jhuutha kaa sahaaraa nahiin liyaa,कहा जाता है कि उन्होंने कभी जीवन में झूठ का सहारा नहीं लिया
C:\Users\edwin\OneDrive\Desktop\Capstone\hindi indic\HDSD\hindi_sent\M38\M38_S1_H29_M2.wav,M38,S1,H29,M,False,aapakaa sandeisha paakara achchhaa lagaa,आपका संदेश पाकर अच्छा लगा
C:\Users\edwin\OneDrive\Desktop\Capstone\hindi indic\HDSD\hindi_sent\M38\M38_S1_H30_M2.wav,M38,S1,H30,M,False,jaldii sei jaldii kuchha kiijiei,जल्दी से जल्दी कुछ कीजिए
C:\Users\edwin\OneDrive\Desktop\Capstone\hindi indic\HDSD\hindi_sent\M39\M39_S1_H01_M2.wav,M39,S1,H01,M,False,aapakei hindii pasanda karanei para khushii huii,आपके हिंदी पसंद करने पर खुशी हुई
C:\Users\edwin\OneDrive\Desktop\Capstone\hindi indic\HDSD\hindi_sent\M39\M39_S1_H02_M2.wav,M39,S1,H02,M,False,isakei badalei mein tuma kuchha aura maanaga loo,इसके बदले में तुम कुछ और मांग लो
C:\Users\edwin\OneDrive\Desktop\Capstone\hindi indic\HDSD\hindi_sent\M39\M39_S1_H03_M2.wav,M39,S1,H03,M,False,chikitsaa kaa artha hootaa hai ilaaja,चिकित्सा का अर्थ होता है इलाज
C:\Users\edwin\OneDrive\Desktop\Capstone\hindi indic\HDSD\hindi_sent\M39\M39_S1_H04_M2.wav,M39,S1,H04,M,False,isei aisei hii jaarii rakhein,इसे ऐसे ही जारी रखें
C:\Users\edwin\OneDrive\Desktop\Capstone\hindi indic\HDSD\hindi_sent\M39\M39_S1_H05_M2.wav,M39,S1,H05,M,False,madada kei liyei bahuta dhanyavaada,मदद के लिए बहुत धन्यवाद
C:\Users\edwin\OneDrive\Desktop\Capstone\hindi indic\HDSD\hindi_sent\M39\M39_S1_H06_M2.wav,M39,S1,H06,M,False,aba joo main kahataa huuna usakaa paalana karoo,अब जो मैं कहता हूं उसका पालन करो
C:\Users\edwin\OneDrive\Desktop\Capstone\hindi indic\HDSD\hindi_sent\M39\M39_S1_H07_M2.wav,M39,S1,H07,M,False,bhaarata mein aisaa nahiin huaa hai,भारत में ऐसा नहीं हुआ है
C:\Users\edwin\OneDrive\Desktop\Capstone\hindi indic\HDSD\hindi_sent\M39\M39_S1_H08_M2.wav,M39,S1,H08,M,False,isa sahayooga heitu bhii bahuta dhanyavaada,इस सहयोग हेतु भी बहुत धन्यवाद
C:\Users\edwin\OneDrive\Desktop\Capstone\hindi indic\HDSD\hindi_sent\M39\M39_S1_H09_M2.wav,M39,S1,H09,M,False,para yaha sanbhava naa hoo sakaa,पर यह संभव ना हो सका
C:\Users\edwin\OneDrive\Desktop\Capstone\hindi indic\HDSD\hindi_sent\M39\M39_S1_H10_M2.wav,M39,S1,H10,M,False,meirii baatoon ki oora dhyaana diijiyei,मेरी बातों कि और ध्यान दीजिए
C:\Users\edwin\OneDrive\Desktop\Capstone\hindi indic\HDSD\hindi_sent\M39\M39_S1_H11_M2.wav,M39,S1,H11,M,False,yahaan sei sangharshha kaa daura shuruu huaa,यहाँ से संघर्ष का दौर शुरू हुआ
C:\Users\edwin\OneDrive\Desktop\Capstone\hindi indic\HDSD\hindi_sent\M39\M39_S1_H12_M2.wav,M39,S1,H12,M,False,doonoon mein bahuta antara thaa,दोनों में बहुत अंतर था
C:\Users\edwin\OneDrive\Desktop\Capstone\hindi indic\HDSD\hindi_sent\M39\M39_S1_H13_M2.wav,M39,S1,H13,M,False,aapa sabhii kei sahayooga kei liyei bahuta dhanyavaada,आप सभी के सहयोग के लिए बहुत धन्यवाद
C:\Users\edwin\OneDrive\Desktop\Capstone\hindi indic\HDSD\hindi_sent\M39\M39_S1_H14_M2.wav,M39,S1,H14,M,False,bahuta sei looga aisaa kara rahei hai,बहुत से लोग ऐसा कर रहे है
C:\Users\edwin\OneDrive\Desktop\Capstone\hindi indic\HDSD\hindi_sent\M39\M39_S1_H15_M2.wav,M39,S1,H15,M,False,samaya kei saatha hii nahiin usasei aagei chalaa jaaei,समय के साथ ही नहीं उससे आगे चला जाए
C:\Users\edwin\OneDrive\Desktop\Capstone\hindi indic\HDSD\hindi_sent\M39\M39_S1_H16_M2.wav,M39,S1,H16,M,False,main krikeita kheila koo kaaphii pasanda karataa huuna,मैं क्रिकेट खेल को काफी पसंद करता हूं
C:\Users\edwin\OneDrive\Desktop\Capstone\hindi indic\HDSD\hindi_sent\M39\M39_S1_H17_M2.wav,M39,S1,H17,M,False,shaayada samajha aa gayaa hoo,शायद समझ आ गया हो
C:\Users\edwin\OneDrive\Desktop\Capstone\hindi indic\HDSD\hindi_sent\M39\M39_S1_H18_M2.wav,M39,S1,H18,M,False,joo shaayada aapanei deikhaa naa hoo,जो शायद आपने देखा ना हो
C:\Users\edwin\OneDrive\Desktop\Capstone\hindi indic\HDSD\hindi_sent\M39\M39_S1_H19_M2.wav,M39,S1,H19,M,False,main bhuula hii gayaa thaa isa baata koo,मैं भूला ही गया था इस बात को
C:\Users\edwin\OneDrive\Desktop\Capstone\hindi indic\HDSD\hindi_sent\M39\M39_S1_H20_M2.wav,M39,S1,H20,M,False,magara vaha bhii nahiin huaa,मगर वह भी नहीं हुआ
C:\Users\edwin\OneDrive\Desktop\Capstone\hindi indic\HDSD\hindi_sent\M39\M39_S1_H21_M2.wav,M39,S1,H21,M,False,dara kaa artha hootaa hai bhaya,दर का अर्थ होता है भय
C:\Users\edwin\OneDrive\Desktop\Capstone\hindi indic\HDSD\hindi_sent\M39\M39_S1_H22_M2.wav,M39,S1,H22,M,False,eika baara phira sei aabhaara,एक बार फिर से आभार
C:\Users\edwin\OneDrive\Desktop\Capstone\hindi indic\HDSD\hindi_sent\M39\M39_S1_H23_M2.wav,M39,S1,H23,M,False,naa jaanei kitanei looga isei padhtei hai,ना जाने कितने लोग इसे पढ़ते है
C:\Users\edwin\OneDrive\Desktop\Capstone\hindi indic\HDSD\hindi_sent\M39\M39_S1_H24_M2.wav,M39,S1,H24,M,False,abhii main shaanta hii huuna,अभी मैं शांत ही हूं
C:\Users\edwin\OneDrive\Desktop\Capstone\hindi indic\HDSD\hindi_sent\M39\M39_S1_H25_M2.wav,M39,S1,H25,M,False,svaagata kei liyei dhanyavaada,स्वागत के लिए धन्यवाद
C:\Users\edwin\OneDrive\Desktop\Capstone\hindi indic\HDSD\hindi_sent\M39\M39_S1_H26_M2.wav,M39,S1,H26,M,False,aapa achchhaa kaarya jaarii rakhein,आप अच्छा कार्य जारी रखें
C:\Users\edwin\OneDrive\Desktop\Capstone\hindi indic\HDSD\hindi_sent\M39\M39_S1_H27_M2.wav,M39,S1,H27,M,False,main bhaarata mein rahataa huuna,मैं भारत में रहता हूं
C:\Users\edwin\OneDrive\Desktop\Capstone\hindi indic\HDSD\hindi_sent\M39\M39_S1_H28_M2.wav,M39,S1,H28,M,False,kahaa jaataa hai ki unhoonnei jhuutha kaa sahaaraa nahiin liyaa,कहा जाता है कि उन्होंने झूठ का सहारा नहीं लिया
C:\Users\edwin\OneDrive\Desktop\Capstone\hindi indic\HDSD\hindi_sent\M39\M39_S1_H29_M2.wav,M39,S1,H29,M,False,aapakaa sandeisha paakara achchhaa lagaa,आपका संदेश पाकर अच्छा लगा
C:\Users\edwin\OneDrive\Desktop\Capstone\hindi indic\HDSD\hindi_sent\M39\M39_S1_H30_M2.wav,M39,S1,H30,M,False,jaldii sei jaldii kuchha kiijiei,जल्दी से जल्दी कुछ कीजिए
C:\Users\edwin\OneDrive\Desktop\Capstone\hindi indic\HDSD\hindi_sent\M40\M40_S1_H01_M2.wav,M40,S1,H01,M,False,aapakei hindii karanei para khushii huii pasanda,आपके हिंदी करने पर खुशी हुई पसंद
C:\Users\edwin\OneDrive\Desktop\Capstone\hindi indic\HDSD\hindi_sent\M40\M40_S1_H02_M2.wav,M40,S1,H02,M,False,isakei badalei mein tuma kuchha aura maanaga loo,इसके बदले में तुम कुछ और मांग लो
C:\Users\edwin\OneDrive\Desktop\Capstone\hindi indic\HDSD\hindi_sent\M40\M40_S1_H03_M2.wav,M40,S1,H03,M,False,chikitsaa kaa artha hootaa hai ilaaja,चिकित्सा का अर्थ होता है इलाज
C:\Users\edwin\OneDrive\Desktop\Capstone\hindi indic\HDSD\hindi_sent\M40\M40_S1_H04_M2.wav,M40,S1,H04,M,False,isei aisei hii jaarii rakhein,इसे ऐसे ही जारी रखें
C:\Users\edwin\OneDrive\Desktop\Capstone\hindi indic\HDSD\hindi_sent\M40\M40_S1_H05_M2.wav,M40,S1,H05,M,False,madada kei liyei bahuta dhanyavaada,मदद के लिए बहुत धन्यवाद
C:\Users\edwin\OneDrive\Desktop\Capstone\hindi indic\HDSD\hindi_sent\M40\M40_S1_H06_M2.wav,M40,S1,H06,M,False,joo main kahataa huuna usakaa paalana karoo,जो मैं कहता हूं उसका पालन करो
C:\Users\edwin\OneDrive\Desktop\Capstone\hindi indic\HDSD\hindi_sent\M40\M40_S1_H07_M2.wav,M40,S1,H07,M,False,bhaarata mein aisaa nahiin huaa hai,भारत में ऐसा नहीं हुआ है
C:\Users\edwin\OneDrive\Desktop\Capstone\hindi indic\HDSD\hindi_sent\M40\M40_S1_H08_M2.wav,M40,S1,H08,M,False,isa sahayooga heitu bhii bahuta dhanyavaada,इस सहयोग हेतु भी बहुत धन्यवाद
C:\Users\edwin\OneDrive\Desktop\Capstone\hindi indic\HDSD\hindi_sent\M40\M40_S1_H09_M2.wav,M40,S1,H09,M,False,para yaha sanbhava naa hoo sakaa,पर यह संभव ना हो सका
C:\Users\edwin\OneDrive\Desktop\Capstone\hindi indic\HDSD\hindi_sent\M40\M40_S1_H10_M2.wav,M40,S1,H10,M,False,meirii baatoon ki oora dhyaana diijiyei,मेरी बातों कि और ध्यान दीजिए
C:\Users\edwin\OneDrive\Desktop\Capstone\hindi indic\HDSD\hindi_sent\M40\M40_S1_H11_M2.wav,M40,S1,H11,M,False,yahaan sei sangharshha kaa daura shuruu huaa,यहाँ से संघर्ष का दौर शुरू हुआ
C:\Users\edwin\OneDrive\Desktop\Capstone\hindi indic\HDSD\hindi_sent\M40\M40_S1_H12_M2.wav,M40,S1,H12,M,False,doonoon mein badaa antara thaa,दोनों में बड़ा अंतर था
C:\Users\edwin\OneDrive\Desktop\Capstone\hindi indic\HDSD\hindi_sent\M40\M40_S1_H13_M2.wav,M40,S1,H13,M,False,aapa sabhii kei sahayooga kei liyei bahuta dhanyavaada,आप सभी के सहयोग के लिए बहुत धन्यवाद
C:\Users\edwin\OneDrive\Desktop\Capstone\hindi indic\HDSD\hindi_sent\M40\M40_S1_H14_M2.wav,M40,S1,H14,M,False,bahuta sei looga aisaa kara rahei hai,बहुत से लोग ऐसा कर रहे है
C:\Users\edwin\OneDrive\Desktop\Capstone\hindi indic\HDSD\hindi_sent\M40\M40_S1_H15_M2.wav,M40,S1,H15,M,False,samaya kei saatha hii nahiin usasei aagei chalaa jaaei,समय के साथ ही नहीं उससे आगे चला जाए
C:\Users\edwin\OneDrive\Desktop\Capstone\hindi indic\HDSD\hindi_sent\M40\M40_S1_H16_M2.wav,M40,S1,H16,M,False,main krikeita kheila koo kaaphii pasanda karataa huuna,मैं क्रिकेट खेल को काफी पसंद करता हूं
C:\Users\edwin\OneDrive\Desktop\Capstone\hindi indic\HDSD\hindi_sent\M40\M40_S1_H17_M2.wav,M40,S1,H17,M,False,samajha aa gayaa hoo,समझ आ गया हो
C:\Users\edwin\OneDrive\Desktop\Capstone\hindi indic\HDSD\hindi_sent\M40\M40_S1_H18_M2.wav,M40,S1,H18,M,False,joo shaayada aapanei deikhaa naa hoo,जो शायद आपने देखा ना हो
C:\Users\edwin\OneDrive\Desktop\Capstone\hindi indic\HDSD\hindi_sent\M40\M40_S1_H19_M2.wav,M40,S1,H19,M,False,main bhuula hii gayaa thaa isa baata koo,मैं भूला ही गया था इस बात को
C:\Users\edwin\OneDrive\Desktop\Capstone\hindi indic\HDSD\hindi_sent\M40\M40_S1_H20_M2.wav,M40,S1,H20,M,False,magara vaha bhii nahiin huaa,मगर वह भी नहीं हुआ
C:\Users\edwin\OneDrive\Desktop\Capstone\hindi indic\HDSD\hindi_sent\M40\M40_S1_H21_M2.wav,M40,S1,H21,M,False,dara kaa artha hootaa hai bhaya,दर का अर्थ होता है भय
C:\Users\edwin\OneDrive\Desktop\Capstone\hindi indic\HDSD\hindi_sent\M40\M40_S1_H22_M2.wav,M40,S1,H22,M,False,eika baara phira sei aabhaara,एक बार फिर से आभार
C:\Users\edwin\OneDrive\Desktop\Capstone\hindi indic\HDSD\hindi_sent\M40\M40_S1_H23_M2.wav,M40,S1,H23,M,False,naa jaanei kitanei looga isei padhtei hai,ना जाने कितने लोग इसे पढ़ते है
C:\Users\edwin\OneDrive\Desktop\Capstone\hindi indic\HDSD\hindi_sent\M40\M40_S1_H24_M2.wav,M40,S1,H24,M,False,abhii main shaanta hii huuna,अभी मैं शांत ही हूं
C:\Users\edwin\OneDrive\Desktop\Capstone\hindi indic\HDSD\hindi_sent\M40\M40_S1_H25_M2.wav,M40,S1,H25,M,False,svaagata kei liyei dhanyavaada,स्वागत के लिए धन्यवाद
C:\Users\edwin\OneDrive\Desktop\Capstone\hindi indic\HDSD\hindi_sent\M40\M40_S1_H26_M2.wav,M40,S1,H26,M,False,aapa apanaa yaha achchhaa kaarya jaarii rakhein,आप अपना यह अच्छा कार्य जारी रखें
C:\Users\edwin\OneDrive\Desktop\Capstone\hindi indic\HDSD\hindi_sent\M40\M40_S1_H27_M2.wav,M40,S1,H27,M,False,main bhaarata mein rahataa huuna,मैं भारत में रहता हूं
C:\Users\edwin\OneDrive\Desktop\Capstone\hindi indic\HDSD\hindi_sent\M40\M40_S1_H28_M2.wav,M40,S1,H28,M,False,kahaa jaataa hai ki unhoonnei kabhii jiivana mein jhuutha kaa sahaaraa nahiin liyaa,कहा जाता है कि उन्होंने कभी जीवन में झूठ का सहारा नहीं लिया
C:\Users\edwin\OneDrive\Desktop\Capstone\hindi indic\HDSD\hindi_sent\M40\M40_S1_H29_M2.wav,M40,S1,H29,M,False,aapakaa sandeisha paakara achchhaa lagaa,आपका संदेश पाकर अच्छा लगा
C:\Users\edwin\OneDrive\Desktop\Capstone\hindi indic\HDSD\hindi_sent\M40\M40_S1_H30_M2.wav,M40,S1,H30,M,False,jaldii sei jaldii kuchha kiijiei,जल्दी से जल्दी कुछ कीजिए
C:\Users\edwin\OneDrive\Desktop\Capstone\hindi indic\HDSD\hindi_sent\M41\M41_S1_H01_M2.wav,M41,S1,H01,M,False,aapakei hindii pasanda hindii pasanda karanei para khushii huii,आपके हिंदी पसंद हिंदी पसंद करने पर खुशी हुई
C:\Users\edwin\OneDrive\Desktop\Capstone\hindi indic\HDSD\hindi_sent\M41\M41_S1_H02_M2.wav,M41,S1,H02,M,False,isakei badalei mein tuma kuchha aura maanaga loo,इसके बदले में तुम कुछ और मांग लो
C:\Users\edwin\OneDrive\Desktop\Capstone\hindi indic\HDSD\hindi_sent\M41\M41_S1_H03_M2.wav,M41,S1,H03,M,False,chikitsaa kaa artha hootaa hai ilaaja,चिकित्सा का अर्थ होता है इलाज
C:\Users\edwin\OneDrive\Desktop\Capstone\hindi indic\HDSD\hindi_sent\M41\M41_S1_H04_M2.wav,M41,S1,H04,M,False,isei aisei hii jaarii rakhein,इसे ऐसे ही जारी रखें
C:\Users\edwin\OneDrive\Desktop\Capstone\hindi indic\HDSD\hindi_sent\M41\M41_S1_H05_M2.wav,M41,S1,H05,M,False,madada kei liyei bahuta dhanyavaada,मदद के लिए बहुत धन्यवाद
C:\Users\edwin\OneDrive\Desktop\Capstone\hindi indic\HDSD\hindi_sent\M41\M41_S1_H06_M2.wav,M41,S1,H06,M,False,main joo kahataa huuna usakaa paalana karoo,मैं जो कहता हूं उसका पालन करो
C:\Users\edwin\OneDrive\Desktop\Capstone\hindi indic\HDSD\hindi_sent\M41\M41_S1_H07_M2.wav,M41,S1,H07,M,False,bhaarata mein aisaa nahiin huaa hai,भारत में ऐसा नहीं हुआ है
C:\Users\edwin\OneDrive\Desktop\Capstone\hindi indic\HDSD\hindi_sent\M41\M41_S1_H08_M2.wav,M41,S1,H08,M,False,isa sahayooga heitu dhanyavaada,इस सहयोग हेतु धन्यवाद
C:\Users\edwin\OneDrive\Desktop\Capstone\hindi indic\HDSD\hindi_sent\M41\M41_S1_H09_M2.wav,M41,S1,H09,M,False,para sanbhava naa hoo sakaa,पर संभव ना हो सका
C:\Users\edwin\OneDrive\Desktop\Capstone\hindi indic\HDSD\hindi_sent\M41\M41_S1_H10_M2.wav,M41,S1,H10,M,False,meirii baatoon ki oora dhyaana diijiyei,मेरी बातों कि और ध्यान दीजिए
C:\Users\edwin\OneDrive\Desktop\Capstone\hindi indic\HDSD\hindi_sent\M41\M41_S1_H11_M2.wav,M41,S1,H11,M,False,yahaan sei sangharshha kaa daura shuruu huaa,यहाँ से संघर्ष का दौर शुरू हुआ
C:\Users\edwin\OneDrive\Desktop\Capstone\hindi indic\HDSD\hindi_sent\M41\M41_S1_H12_M2.wav,M41,S1,H12,M,False,doonoon mein badaa antara thaa,दोनों में बड़ा अंतर था
C:\Users\edwin\OneDrive\Desktop\Capstone\hindi indic\HDSD\hindi_sent\M41\M41_S1_H13_M2.wav,M41,S1,H13,M,False,aapa sabhii kei sahayooga kei liyei bahuta dhanyavaada,आप सभी के सहयोग के लिए बहुत धन्यवाद
C:\Users\edwin\OneDrive\Desktop\Capstone\hindi indic\HDSD\hindi_sent\M41\M41_S1_H14_M2.wav,M41,S1,H14,M,False,bahuta sei looga aisaa kara rahei hai,बहुत से लोग ऐसा कर रहे है
C:\Users\edwin\OneDrive\Desktop\Capstone\hindi indic\HDSD\hindi_sent\M41\M41_S1_H15_M2.wav,M41,S1,H15,M,False,samaya kei saatha hii nahiin usasei aagei chalaa jaaei,समय के साथ ही नहीं उससे आगे चला जाए
C:\Users\edwin\OneDrive\Desktop\Capstone\hindi indic\HDSD\hindi_sent\M41\M41_S1_H16_M2.wav,M41,S1,H16,M,False,main krikeita kheila koo kaaphii pasanda karataa huuna,मैं क्रिकेट खेल को काफी पसंद करता हूं
C:\Users\edwin\OneDrive\Desktop\Capstone\hindi indic\HDSD\hindi_sent\M41\M41_S1_H17_M2.wav,M41,S1,H17,M,False,shaayada samajha aa gayaa hoo,शायद समझ आ गया हो
C:\Users\edwin\OneDrive\Desktop\Capstone\hindi indic\HDSD\hindi_sent\M41\M41_S1_H18_M2.wav,M41,S1,H18,M,False,joo shaayada aapanei deikhaa naa hoo,जो शायद आपने देखा ना हो
C:\Users\edwin\OneDrive\Desktop\Capstone\hindi indic\HDSD\hindi_sent\M41\M41_S1_H19_M2.wav,M41,S1,H19,M,False,main bhuula hii gayaa thaa isa baata koo,मैं भूला ही गया था इस बात को
C:\Users\edwin\OneDrive\Desktop\Capstone\hindi indic\HDSD\hindi_sent\M41\M41_S1_H20_M2.wav,M41,S1,H20,M,False,magara vaha bhii nahiin huaa,मगर वह भी नहीं हुआ
C:\Users\edwin\OneDrive\Desktop\Capstone\hindi indic\HDSD\hindi_sent\M41\M41_S1_H21_M2.wav,M41,S1,H21,M,False,dara kaa artha hootaa hai bhaya,दर का अर्थ होता है भय
C:\Users\edwin\OneDrive\Desktop\Capstone\hindi indic\HDSD\hindi_sent\M41\M41_S1_H22_M2.wav,M41,S1,H22,M,False,eika baara phira sei aabhaara,एक बार फिर से आभार
C:\Users\edwin\OneDrive\Desktop\Capstone\hindi indic\HDSD\hindi_sent\M41\M41_S1_H23_M2.wav,M41,S1,H23,M,False,naa jaanei kitanei looga isei padhtei hai,ना जाने कितने लोग इसे पढ़ते है
C:\Users\edwin\OneDrive\Desktop\Capstone\hindi indic\HDSD\hindi_sent\M41\M41_S1_H24_M2.wav,M41,S1,H24,M,False,abhii main shaanta hii huuna,अभी मैं शांत ही हूं
C:\Users\edwin\OneDrive\Desktop\Capstone\hindi indic\HDSD\hindi_sent\M41\M41_S1_H25_M2.wav,M41,S1,H25,M,False,svaagata kei liyei dhanyavaada,स्वागत के लिए धन्यवाद
C:\Users\edwin\OneDrive\Desktop\Capstone\hindi indic\HDSD\hindi_sent\M41\M41_S1_H26_M2.wav,M41,S1,H26,M,False,aapa apanaa yaha achchhaa kaarya jaarii rakhein,आप अपना यह अच्छा कार्य जारी रखें
C:\Users\edwin\OneDrive\Desktop\Capstone\hindi indic\HDSD\hindi_sent\M41\M41_S1_H27_M2.wav,M41,S1,H27,M,False,main bhaarata mein rahataa huuna,मैं भारत में रहता हूं
C:\Users\edwin\OneDrive\Desktop\Capstone\hindi indic\HDSD\hindi_sent\M41\M41_S1_H28_M2.wav,M41,S1,H28,M,False,kahaa jaataa hai ki unhoonnei kabhii jiivana mein jhuutha kaa sahaaraa nahiin liyaa,कहा जाता है कि उन्होंने कभी जीवन में झूठ का सहारा नहीं लिया
C:\Users\edwin\OneDrive\Desktop\Capstone\hindi indic\HDSD\hindi_sent\M41\M41_S1_H29_M2.wav,M41,S1,H29,M,False,aapakaa sandeisha paakara achchhaa lagaa,आपका संदेश पाकर अच्छा लगा
C:\Users\edwin\OneDrive\Desktop\Capstone\hindi indic\HDSD\hindi_sent\M41\M41_S1_H30_M2.wav,M41,S1,H30,M,False,jaldii sei jaldii kuchha kiijiei,जल्दी से जल्दी कुछ कीजिए
C:\Users\edwin\OneDrive\Desktop\Capstone\hindi indic\HDSD\hindi_sent\M42\M42_S1_H01_M2.wav,M42,S1,H01,M,False,aapakei hindii pasanda karanei para khushii huii,आपके हिंदी पसंद करने पर खुशी हुई
C:\Users\edwin\OneDrive\Desktop\Capstone\hindi indic\HDSD\hindi_sent\M42\M42_S1_H02_M2.wav,M42,S1,H02,M,False,isakei badalei mein tuma kuchha aura maanaga loo,इसके बदले में तुम कुछ और मांग लो
C:\Users\edwin\OneDrive\Desktop\Capstone\hindi indic\HDSD\hindi_sent\M42\M42_S1_H03_M2.wav,M42,S1,H03,M,False,chikitsaa kaa artha hootaa hai ilaaja,चिकित्सा का अर्थ होता है इलाज
C:\Users\edwin\OneDrive\Desktop\Capstone\hindi indic\HDSD\hindi_sent\M42\M42_S1_H04_M2.wav,M42,S1,H04,M,False,isei aisei hii jaarii rakhein,इसे ऐसे ही जारी रखें
C:\Users\edwin\OneDrive\Desktop\Capstone\hindi indic\HDSD\hindi_sent\M42\M42_S1_H05_M2.wav,M42,S1,H05,M,False,madada kei liyei bahuta dhanyavaada,मदद के लिए बहुत धन्यवाद
C:\Users\edwin\OneDrive\Desktop\Capstone\hindi indic\HDSD\hindi_sent\M42\M42_S1_H06_M2.wav,M42,S1,H06,M,False,aba joo main kahataa huuna paalana karoo,अब जो मैं कहता हूं पालन करो
C:\Users\edwin\OneDrive\Desktop\Capstone\hindi indic\HDSD\hindi_sent\M42\M42_S1_H07_M2.wav,M42,S1,H07,M,False,bhaarata mein aisaa nahiin huaa hai,भारत में ऐसा नहीं हुआ है
C:\Users\edwin\OneDrive\Desktop\Capstone\hindi indic\HDSD\hindi_sent\M42\M42_S1_H08_M2.wav,M42,S1,H08,M,False,isa sahayooga heitu bhii bahuta dhanyavaada,इस सहयोग हेतु भी बहुत धन्यवाद
C:\Users\edwin\OneDrive\Desktop\Capstone\hindi indic\HDSD\hindi_sent\M42\M42_S1_H09_M2.wav,M42,S1,H09,M,False,para yaha sanbhava naa hoo sakaa,पर यह संभव ना हो सका
C:\Users\edwin\OneDrive\Desktop\Capstone\hindi indic\HDSD\hindi_sent\M42\M42_S1_H10_M2.wav,M42,S1,H10,M,False,meirii baatoon ki oora dhyaana diijiyei,मेरी बातों कि और ध्यान दीजिए
C:\Users\edwin\OneDrive\Desktop\Capstone\hindi indic\HDSD\hindi_sent\M42\M42_S1_H11_M2.wav,M42,S1,H11,M,False,yahaan sei sangharshha kaa daura shuruu huaa,यहाँ से संघर्ष का दौर शुरू हुआ
C:\Users\edwin\OneDrive\Desktop\Capstone\hindi indic\HDSD\hindi_sent\M42\M42_S1_H12_M2.wav,M42,S1,H12,M,False,doonoon mein badaa antara thaa,दोनों में बड़ा अंतर था
C:\Users\edwin\OneDrive\Desktop\Capstone\hindi indic\HDSD\hindi_sent\M42\M42_S1_H13_M2.wav,M42,S1,H13,M,False,aapa sabhii kei sahayooga kei liyei bahuta dhanyavaada,आप सभी के सहयोग के लिए बहुत धन्यवाद
C:\Users\edwin\OneDrive\Desktop\Capstone\hindi indic\HDSD\hindi_sent\M42\M42_S1_H14_M2.wav,M42,S1,H14,M,False,bahuta sei looga aisaa kara rahei hai,बहुत से लोग ऐसा कर रहे है
C:\Users\edwin\OneDrive\Desktop\Capstone\hindi indic\HDSD\hindi_sent\M42\M42_S1_H15_M2.wav,M42,S1,H15,M,False,samaya kei saatha hii nahiin usasei aagei aagei chalaa jaaei,समय के साथ ही नहीं उससे आगे आगे चला जाए
C:\Users\edwin\OneDrive\Desktop\Capstone\hindi indic\HDSD\hindi_sent\M42\M42_S1_H16_M2.wav,M42,S1,H16,M,False,main krikeita kheila koo kaaphii pasanda karataa huuna,मैं क्रिकेट खेल को काफी पसंद करता हूं
C:\Users\edwin\OneDrive\Desktop\Capstone\hindi indic\HDSD\hindi_sent\M42\M42_S1_H17_M2.wav,M42,S1,H17,M,False,shaayada samajha aa gayaa hoo,शायद समझ आ गया हो
C:\Users\edwin\OneDrive\Desktop\Capstone\hindi indic\HDSD\hindi_sent\M42\M42_S1_H18_M2.wav,M42,S1,H18,M,False,joo shaayada aapanei deikhaa naa hoo,जो शायद आपने देखा ना हो
C:\Users\edwin\OneDrive\Desktop\Capstone\hindi indic\HDSD\hindi_sent\M42\M42_S1_H19_M2.wav,M42,S1,H19,M,False,main bhuula hii gayaa thaa isa baata koo,मैं भूला ही गया था इस बात को
C:\Users\edwin\OneDrive\Desktop\Capstone\hindi indic\HDSD\hindi_sent\M42\M42_S1_H20_M2.wav,M42,S1,H20,M,False,magara vaha bhii nahiin huaa huaa,मगर वह भी नहीं हुआ हुआ
C:\Users\edwin\OneDrive\Desktop\Capstone\hindi indic\HDSD\hindi_sent\M42\M42_S1_H21_M2.wav,M42,S1,H21,M,False,dara kaa artha hootaa hai bhaya,दर का अर्थ होता है भय
C:\Users\edwin\OneDrive\Desktop\Capstone\hindi indic\HDSD\hindi_sent\M42\M42_S1_H22_M2.wav,M42,S1,H22,M,False,eika baara phira sei aabhaara,एक बार फिर से आभार
C:\Users\edwin\OneDrive\Desktop\Capstone\hindi indic\HDSD\hindi_sent\M42\M42_S1_H23_M2.wav,M42,S1,H23,M,False,naa jaanei kitanei looga isei padhtei hai,ना जाने कितने लोग इसे पढ़ते है
C:\Users\edwin\OneDrive\Desktop\Capstone\hindi indic\HDSD\hindi_sent\M42\M42_S1_H24_M2.wav,M42,S1,H24,M,False,abhii main shaanta hii huuna,अभी मैं शांत ही हूं
C:\Users\edwin\OneDrive\Desktop\Capstone\hindi indic\HDSD\hindi_sent\M42\M42_S1_H25_M2.wav,M42,S1,H25,M,False,svaagata kei liyei dhanyavaada,स्वागत के लिए धन्यवाद
C:\Users\edwin\OneDrive\Desktop\Capstone\hindi indic\HDSD\hindi_sent\M42\M42_S1_H26_M2.wav,M42,S1,H26,M,False,aapa apanaa yaha achchhaa kaarya jaarii rakhein,आप अपना यह अच्छा कार्य जारी रखें
C:\Users\edwin\OneDrive\Desktop\Capstone\hindi indic\HDSD\hindi_sent\M42\M42_S1_H27_M2.wav,M42,S1,H27,M,False,main bhaarata mein rahataa huuna,मैं भारत में रहता हूं
C:\Users\edwin\OneDrive\Desktop\Capstone\hindi indic\HDSD\hindi_sent\M42\M42_S1_H28_M2.wav,M42,S1,H28,M,False,kahaa jaataa ki unhoonnei kabhii jiivana mein jhuutha sahaaraa nahiin liyaa,कहा जाता कि उन्होंने कभी जीवन में झूठ सहारा नहीं लिया
C:\Users\edwin\OneDrive\Desktop\Capstone\hindi indic\HDSD\hindi_sent\M42\M42_S1_H29_M2.wav,M42,S1,H29,M,False,aapakaa sandeisha paakara achchhaa lagaa,आपका संदेश पाकर अच्छा लगा
C:\Users\edwin\OneDrive\Desktop\Capstone\hindi indic\HDSD\hindi_sent\M42\M42_S1_H30_M2.wav,M42,S1,H30,M,False,jaldii sei jaldii kuchha kiijiei,जल्दी से जल्दी कुछ कीजिए
C:\Users\edwin\OneDrive\Desktop\Capstone\hindi indic\HDSD\hindi_sent\M42\M42_S2_H01_M2.wav,M42,S2,H01,M,False,aapakei hindii pasanda karanei para khushii huii,आपके हिंदी पसंद करने पर खुशी हुई
C:\Users\edwin\OneDrive\Desktop\Capstone\hindi indic\HDSD\hindi_sent\M42\M42_S2_H02_M2.wav,M42,S2,H02,M,False,isakei badalei mein tuma kuchha aura maanaga loo,इसके बदले में तुम कुछ और मांग लो
C:\Users\edwin\OneDrive\Desktop\Capstone\hindi indic\HDSD\hindi_sent\M42\M42_S2_H03_M2.wav,M42,S2,H03,M,False,chikitsaa kaa artha hootaa hai ilaaja,चिकित्सा का अर्थ होता है इलाज
C:\Users\edwin\OneDrive\Desktop\Capstone\hindi indic\HDSD\hindi_sent\M42\M42_S2_H04_M2.wav,M42,S2,H04,M,False,isei aisei hii jaarii rakhein,इसे ऐसे ही जारी रखें
C:\Users\edwin\OneDrive\Desktop\Capstone\hindi indic\HDSD\hindi_sent\M42\M42_S2_H05_M2.wav,M42,S2,H05,M,False,madada kei liyei bahuta dhanyavaada,मदद के लिए बहुत धन्यवाद
C:\Users\edwin\OneDrive\Desktop\Capstone\hindi indic\HDSD\hindi_sent\M42\M42_S2_H06_M2.wav,M42,S2,H06,M,False,aba joo main kahataa huuna usakaa paalana karoo,अब जो मैं कहता हूं उसका पालन करो
C:\Users\edwin\OneDrive\Desktop\Capstone\hindi indic\HDSD\hindi_sent\M42\M42_S2_H07_M2.wav,M42,S2,H07,M,False,bhaarata mein aisaa nahiin huaa hai,भारत में ऐसा नहीं हुआ है
C:\Users\edwin\OneDrive\Desktop\Capstone\hindi indic\HDSD\hindi_sent\M42\M42_S2_H08_M2.wav,M42,S2,H08,M,False,isa sahayooga heitu bhii bahuta dhanyavaada,इस सहयोग हेतु भी बहुत धन्यवाद
C:\Users\edwin\OneDrive\Desktop\Capstone\hindi indic\HDSD\hindi_sent\M42\M42_S2_H09_M2.wav,M42,S2,H09,M,False,para yaha sanbhava naa hoo sakaa,पर यह संभव ना हो सका
C:\Users\edwin\OneDrive\Desktop\Capstone\hindi indic\HDSD\hindi_sent\M42\M42_S2_H10_M2.wav,M42,S2,H10,M,False,meirii baatoon ki oora dhyaana diijiyei,मेरी बातों कि और ध्यान दीजिए
C:\Users\edwin\OneDrive\Desktop\Capstone\hindi indic\HDSD\hindi_sent\M42\M42_S2_H11_M2.wav,M42,S2,H11,M,False,yahaan sei sangharshha kaa daura shuruu huaa,यहाँ से संघर्ष का दौर शुरू हुआ
C:\Users\edwin\OneDrive\Desktop\Capstone\hindi indic\HDSD\hindi_sent\M42\M42_S2_H12_M2.wav,M42,S2,H12,M,False,doonoon mein badaa antara thaa,दोनों में बड़ा अंतर था
C:\Users\edwin\OneDrive\Desktop\Capstone\hindi indic\HDSD\hindi_sent\M42\M42_S2_H13_M2.wav,M42,S2,H13,M,False,aapa sabhii kei sahayooga kei liyei bahuta dhanyavaada,आप सभी के सहयोग के लिए बहुत धन्यवाद
C:\Users\edwin\OneDrive\Desktop\Capstone\hindi indic\HDSD\hindi_sent\M42\M42_S2_H14_M2.wav,M42,S2,H14,M,False,bahuta sei looga aisaa kara rahei hai,बहुत से लोग ऐसा कर रहे है
C:\Users\edwin\OneDrive\Desktop\Capstone\hindi indic\HDSD\hindi_sent\M42\M42_S2_H15_M2.wav,M42,S2,H15,M,False,samaya kei nahiin chalaa jaaei,समय के नहीं चला जाए
C:\Users\edwin\OneDrive\Desktop\Capstone\hindi indic\HDSD\hindi_sent\M42\M42_S2_H16_M2.wav,M42,S2,H16,M,False,main krikeita kheila koo kaaphii pasanda karataa huuna,मैं क्रिकेट खेल को काफी पसंद करता हूं
C:\Users\edwin\OneDrive\Desktop\Capstone\hindi indic\HDSD\hindi_sent\M42\M42_S2_H17_M2.wav,M42,S2,H17,M,False,shaayada samajha aa gayaa hoo,शायद समझ आ गया हो
C:\Users\edwin\OneDrive\Desktop\Capstone\hindi indic\HDSD\hindi_sent\M42\M42_S2_H18_M2.wav,M42,S2,H18,M,False,joo shaayada aapanei deikhaa naa hoo,जो शायद आपने देखा ना हो
C:\Users\edwin\OneDrive\Desktop\Capstone\hindi indic\HDSD\hindi_sent\M42\M42_S2_H19_M2.wav,M42,S2,H19,M,False,main bhuula hii gayaa thaa isa baata koo,मैं भूला ही गया था इस बात को
C:\Users\edwin\OneDrive\Desktop\Capstone\hindi indic\HDSD\hindi_sent\M42\M42_S2_H20_M2.wav,M42,S2,H20,M,False,magara vaha bhii nahiin huaa,मगर वह भी नहीं हुआ
C:\Users\edwin\OneDrive\Desktop\Capstone\hindi indic\HDSD\hindi_sent\M42\M42_S2_H21_M2.wav,M42,S2,H21,M,False,dara kaa dara kaa artha hootaa hai bhaya,दर का दर का अर्थ होता है भय
C:\Users\edwin\OneDrive\Desktop\Capstone\hindi indic\HDSD\hindi_sent\M42\M42_S2_H22_M2.wav,M42,S2,H22,M,False,eika baara phira aabhaara,एक बार फिर आभार
C:\Users\edwin\OneDrive\Desktop\Capstone\hindi indic\HDSD\hindi_sent\M42\M42_S2_H23_M2.wav,M42,S2,H23,M,False,naa jaanei kitanei looga isei padhtei hai,ना जाने कितने लोग इसे पढ़ते है
C:\Users\edwin\OneDrive\Desktop\Capstone\hindi indic\HDSD\hindi_sent\M42\M42_S2_H24_M2.wav,M42,S2,H24,M,False,abhii main shaanta hii huuna,अभी मैं शांत ही हूं
C:\Users\edwin\OneDrive\Desktop\Capstone\hindi indic\HDSD\hindi_sent\M42\M42_S2_H25_M2.wav,M42,S2,H25,M,False,svaagata kei liyei dhanyavaada,स्वागत के लिए धन्यवाद
C:\Users\edwin\OneDrive\Desktop\Capstone\hindi indic\HDSD\hindi_sent\M42\M42_S2_H26_M2.wav,M42,S2,H26,M,False,aapa apanaa yaha achchhaa kaarya jaarii rakhein,आप अपना यह अच्छा कार्य जारी रखें
C:\Users\edwin\OneDrive\Desktop\Capstone\hindi indic\HDSD\hindi_sent\M42\M42_S2_H27_M2.wav,M42,S2,H27,M,False,main bhaarata mein rahataa huuna,मैं भारत में रहता हूं
C:\Users\edwin\OneDrive\Desktop\Capstone\hindi indic\HDSD\hindi_sent\M42\M42_S2_H28_M2.wav,M42,S2,H28,M,False,kahaa jaataa hai ki unhoonnei kabhii jiivana jhuutha nahiin kaa sahaaraa nahiin liyaa,कहा जाता है कि उन्होंने कभी जीवन झूठ नहीं का सहारा नहीं लिया
C:\Users\edwin\OneDrive\Desktop\Capstone\hindi indic\HDSD\hindi_sent\M42\M42_S2_H29_M2.wav,M42,S2,H29,M,False,aapakaa sandeisha paakara achchhaa lagaa,आपका संदेश पाकर अच्छा लगा
C:\Users\edwin\OneDrive\Desktop\Capstone\hindi indic\HDSD\hindi_sent\M42\M42_S2_H30_M2.wav,M42,S2,H30,M,False,jaldii sei jaldii kuchha kiijiei,जल्दी से जल्दी कुछ कीजिए
C:\Users\edwin\OneDrive\Desktop\Capstone\hindi indic\HDSD\hindi_sent\M42\M42_S3_H01_M2.wav,M42,S3,H01,M,False,aapakei hindii pasanda karanei para khushii huii,आपके हिंदी पसंद करने पर खुशी हुई
C:\Users\edwin\OneDrive\Desktop\Capstone\hindi indic\HDSD\hindi_sent\M42\M42_S3_H02_M2.wav,M42,S3,H02,M,False,isakei badalei mein tuma kuchha maanaga loo,इसके बदले में तुम कुछ मांग लो
C:\Users\edwin\OneDrive\Desktop\Capstone\hindi indic\HDSD\hindi_sent\M42\M42_S3_H03_M2.wav,M42,S3,H03,M,False,chikitsaa kaa artha hootaa hai ilaaja,चिकित्सा का अर्थ होता है इलाज
C:\Users\edwin\OneDrive\Desktop\Capstone\hindi indic\HDSD\hindi_sent\M42\M42_S3_H04_M2.wav,M42,S3,H04,M,False,isei aisei hii jaarii rakhein,इसे ऐसे ही जारी रखें
C:\Users\edwin\OneDrive\Desktop\Capstone\hindi indic\HDSD\hindi_sent\M42\M42_S3_H05_M2.wav,M42,S3,H05,M,False,madada kei liyei bahuta dhanyavaada,मदद के लिए बहुत धन्यवाद
C:\Users\edwin\OneDrive\Desktop\Capstone\hindi indic\HDSD\hindi_sent\M42\M42_S3_H06_M2.wav,M42,S3,H06,M,False,aba joo main kahataa huuna usakaa paalana karoo,अब जो मैं कहता हूं उसका पालन करो
C:\Users\edwin\OneDrive\Desktop\Capstone\hindi indic\HDSD\hindi_sent\M42\M42_S3_H07_M2.wav,M42,S3,H07,M,False,bhaarata mein aisaa nahiin huaa hai,भारत में ऐसा नहीं हुआ है
C:\Users\edwin\OneDrive\Desktop\Capstone\hindi indic\HDSD\hindi_sent\M42\M42_S3_H08_M2.wav,M42,S3,H08,M,False,isa sahayooga heitu bhii bahuta dhanyavaada,इस सहयोग हेतु भी बहुत धन्यवाद
C:\Users\edwin\OneDrive\Desktop\Capstone\hindi indic\HDSD\hindi_sent\M42\M42_S3_H09_M2.wav,M42,S3,H09,M,False,para yaha sanbhava naa hoo sakaa,पर यह संभव ना हो सका
C:\Users\edwin\OneDrive\Desktop\Capstone\hindi indic\HDSD\hindi_sent\M42\M42_S3_H10_M2.wav,M42,S3,H10,M,False,meirii baatoon ki meirii baatoon ki oora dhyaana diijiyei,मेरी बातों कि मेरी बातों कि और ध्यान दीजिए
C:\Users\edwin\OneDrive\Desktop\Capstone\hindi indic\HDSD\hindi_sent\M42\M42_S3_H11_M2.wav,M42,S3,H11,M,False,yahaan sei sangharshha kaa daura shuruu huaa,यहाँ से संघर्ष का दौर शुरू हुआ
C:\Users\edwin\OneDrive\Desktop\Capstone\hindi indic\HDSD\hindi_sent\M42\M42_S3_H12_M2.wav,M42,S3,H12,M,False,doonoon badaa antara,दोनों बड़ा अंतर
C:\Users\edwin\OneDrive\Desktop\Capstone\hindi indic\HDSD\hindi_sent\M42\M42_S3_H13_M2.wav,M42,S3,H13,M,False,aapa sabhii kei sahayooga kei liyei bahuta dhanyavaada,आप सभी के सहयोग के लिए बहुत धन्यवाद
C:\Users\edwin\OneDrive\Desktop\Capstone\hindi indic\HDSD\hindi_sent\M42\M42_S3_H14_M2.wav,M42,S3,H14,M,False,bahuta sei looga aisaa kara rahei hai,बहुत से लोग ऐसा कर रहे है
C:\Users\edwin\OneDrive\Desktop\Capstone\hindi indic\HDSD\hindi_sent\M42\M42_S3_H15_M2.wav,M42,S3,H15,M,False,samaya nahiin usasei aagei chalaa jaaei samayaa kei saatha hii nahiin kei saatha hii nahiin usasei aagei chalaa jaaei,समय नहीं उससे आगे चला जाए समय के साथ ही नहीं के साथ ही नहीं उससे आगे चला जाए
C:\Users\edwin\OneDrive\Desktop\Capstone\hindi indic\HDSD\hindi_sent\M42\M42_S3_H16_M2.wav,M42,S3,H16,M,False,main krikeita koo kaaphii pasanda karataa huuna,मैं क्रिकेट को काफी पसंद करता हूं
C:\Users\edwin\OneDrive\Desktop\Capstone\hindi indic\HDSD\hindi_sent\M42\M42_S3_H17_M2.wav,M42,S3,H17,M,False,shaayada samajha aa gayaa hoo,शायद समझ आ गया हो
C:\Users\edwin\OneDrive\Desktop\Capstone\hindi indic\HDSD\hindi_sent\M42\M42_S3_H18_M2.wav,M42,S3,H18,M,False,joo shaayada aapanei aapanei deikhaa naa hoo,जो शायद आपने आपने देखा ना हो
C:\Users\edwin\OneDrive\Desktop\Capstone\hindi indic\HDSD\hindi_sent\M42\M42_S3_H19_M2.wav,M42,S3,H19,M,False,main bhuula hii gayaa thaa isa baata koo,मैं भूला ही गया था इस बात को
C:\Users\edwin\OneDrive\Desktop\Capstone\hindi indic\HDSD\hindi_sent\M42\M42_S3_H20_M2.wav,M42,S3,H20,M,False,magara vaha bhii nahiin huaa,मगर वह भी नहीं हुआ
C:\Users\edwin\OneDrive\Desktop\Capstone\hindi indic\HDSD\hindi_sent\M42\M42_S3_H21_M2.wav,M42,S3,H21,M,False,dara dara kaa artha hootaa hai bhaya,दर दर का अर्थ होता है भय
C:\Users\edwin\OneDrive\Desktop\Capstone\hindi indic\HDSD\hindi_sent\M42\M42_S3_H22_M2.wav,M42,S3,H22,M,False,eika baara phira sei aabhaara,एक बार फिर से आभार
C:\Users\edwin\OneDrive\Desktop\Capstone\hindi indic\HDSD\hindi_sent\M42\M42_S3_H23_M2.wav,M42,S3,H23,M,False,naa jaanei kitanei looga isei padhtei hai naa jaanei looga kitanei looga isei padhtei hai,ना जाने कितने लोग इसे पढ़ते है ना जाने लोग कितने लोग इसे पढ़ते है
C:\Users\edwin\OneDrive\Desktop\Capstone\hindi indic\HDSD\hindi_sent\M42\M42_S3_H24_M2.wav,M42,S3,H24,M,False,abhii main hii huuna,अभी मैं ही हूं
C:\Users\edwin\OneDrive\Desktop\Capstone\hindi indic\HDSD\hindi_sent\M42\M42_S3_H25_M2.wav,M42,S3,H25,M,False,svaagata svaagata kei liyei dhanyavaada,स्वागत स्वागत के लिए धन्यवाद
C:\Users\edwin\OneDrive\Desktop\Capstone\hindi indic\HDSD\hindi_sent\M42\M42_S3_H26_M2.wav,M42,S3,H26,M,False,aapa apanaa yaha achchhaa kaarya jaarii rakhein,आप अपना यह अच्छा कार्य जारी रखें
C:\Users\edwin\OneDrive\Desktop\Capstone\hindi indic\HDSD\hindi_sent\M42\M42_S3_H27_M2.wav,M42,S3,H27,M,False,main bhaarata mein rahataa huuna,मैं भारत में रहता हूं
C:\Users\edwin\OneDrive\Desktop\Capstone\hindi indic\HDSD\hindi_sent\M42\M42_S3_H28_M2.wav,M42,S3,H28,M,False,kahaa jaataa hai ki unhoonnei kabhii jiivana mein jhuutha kaa sahaaraa nahiin liyaa,कहा जाता है कि उन्होंने कभी जीवन में झूठ का सहारा नहीं लिया
C:\Users\edwin\OneDrive\Desktop\Capstone\hindi indic\HDSD\hindi_sent\M42\M42_S3_H29_M2.wav,M42,S3,H29,M,False,aapakaa sandeisha paakara achchhaa lagaa,आपका संदेश पाकर अच्छा लगा
C:\Users\edwin\OneDrive\Desktop\Capstone\hindi indic\HDSD\hindi_sent\M42\M42_S3_H30_M2.wav,M42,S3,H30,M,False,jaldii sei jaldii kuchha kiijiei,जल्दी से जल्दी कुछ कीजिए
C:\Users\edwin\OneDrive\Desktop\Capstone\hindi indic\HDSD\hindi_sent\M43\M43_S1_H01_M2.wav,M43,S1,H01,M,False,aapakei hindii pasanda karanei para khushii huii,आपके हिंदी पसंद करने पर खुशी हुई
C:\Users\edwin\OneDrive\Desktop\Capstone\hindi indic\HDSD\hindi_sent\M43\M43_S1_H02_M2.wav,M43,S1,H02,M,False,isakei badalei mein tuma kuchha aura maanaga loo,इसके बदले में तुम कुछ और मांग लो
C:\Users\edwin\OneDrive\Desktop\Capstone\hindi indic\HDSD\hindi_sent\M43\M43_S1_H03_M2.wav,M43,S1,H03,M,False,chikitsaa kaa artha hootaa hai ilaaja,चिकित्सा का अर्थ होता है इलाज
C:\Users\edwin\OneDrive\Desktop\Capstone\hindi indic\HDSD\hindi_sent\M43\M43_S1_H04_M2.wav,M43,S1,H04,M,False,isei aisei hii jaarii rakhein,इसे ऐसे ही जारी रखें
C:\Users\edwin\OneDrive\Desktop\Capstone\hindi indic\HDSD\hindi_sent\M43\M43_S1_H05_M2.wav,M43,S1,H05,M,False,madada kei liyei bahuta dhanyavaada,मदद के लिए बहुत धन्यवाद
C:\Users\edwin\OneDrive\Desktop\Capstone\hindi indic\HDSD\hindi_sent\M43\M43_S1_H06_M2.wav,M43,S1,H06,M,False,aba joo main kahataa huuna usakaa paalana karoo,अब जो मैं कहता हूं उसका पालन करो
C:\Users\edwin\OneDrive\Desktop\Capstone\hindi indic\HDSD\hindi_sent\M43\M43_S1_H07_M2.wav,M43,S1,H07,M,False,bhaarata mein aisaa nahiin huaa hai,भारत में ऐसा नहीं हुआ है
C:\Users\edwin\OneDrive\Desktop\Capstone\hindi indic\HDSD\hindi_sent\M43\M43_S1_H08_M2.wav,M43,S1,H08,M,False,isa sahayooga heitu tuma bahuta dhanyavaada,इस सहयोग हेतु तुम बहुत धन्यवाद
C:\Users\edwin\OneDrive\Desktop\Capstone\hindi indic\HDSD\hindi_sent\M43\M43_S1_H09_M2.wav,M43,S1,H09,M,False,para yaha sanbhava naa hoo sakaa,पर यह संभव ना हो सका
C:\Users\edwin\OneDrive\Desktop\Capstone\hindi indic\HDSD\hindi_sent\M43\M43_S1_H10_M2.wav,M43,S1,H10,M,False,meirii baatoon ki oora dhyaana diijiyei,मेरी बातों कि और ध्यान दीजिए
C:\Users\edwin\OneDrive\Desktop\Capstone\hindi indic\HDSD\hindi_sent\M43\M43_S1_H11_M2.wav,M43,S1,H11,M,False,yahaan sei sangharshha kaa daura shuruu huaa,यहाँ से संघर्ष का दौर शुरू हुआ
C:\Users\edwin\OneDrive\Desktop\Capstone\hindi indic\HDSD\hindi_sent\M43\M43_S1_H12_M2.wav,M43,S1,H12,M,False,doonoon mein badaa antara thaa,दोनों में बड़ा अंतर था
C:\Users\edwin\OneDrive\Desktop\Capstone\hindi indic\HDSD\hindi_sent\M43\M43_S1_H13_M2.wav,M43,S1,H13,M,False,aapa kei sabhii sahayooga kei liyei bahuta dhanyavaada,आप के सभी सहयोग के लिए बहुत धन्यवाद
C:\Users\edwin\OneDrive\Desktop\Capstone\hindi indic\HDSD\hindi_sent\M43\M43_S1_H14_M2.wav,M43,S1,H14,M,False,bahuta sei looga aisaa kara rahei hai,बहुत से लोग ऐसा कर रहे है
C:\Users\edwin\OneDrive\Desktop\Capstone\hindi indic\HDSD\hindi_sent\M43\M43_S1_H15_M2.wav,M43,S1,H15,M,False,samaya kei saatha hii nahiin usasei aagei chalaa jaaei,समय के साथ ही नहीं उससे आगे चला जाए
C:\Users\edwin\OneDrive\Desktop\Capstone\hindi indic\HDSD\hindi_sent\M43\M43_S1_H16_M2.wav,M43,S1,H16,M,False,main krikeita kheila koo kaaphii pasanda karataa huuna,मैं क्रिकेट खेल को काफी पसंद करता हूं
C:\Users\edwin\OneDrive\Desktop\Capstone\hindi indic\HDSD\hindi_sent\M43\M43_S1_H17_M2.wav,M43,S1,H17,M,False,shaayada samajha aa gayaa hoo,शायद समझ आ गया हो
C:\Users\edwin\OneDrive\Desktop\Capstone\hindi indic\HDSD\hindi_sent\M43\M43_S1_H18_M2.wav,M43,S1,H18,M,False,joo shaayada aapanei deikhaa naa hoo,जो शायद आपने देखा ना हो
C:\Users\edwin\OneDrive\Desktop\Capstone\hindi indic\HDSD\hindi_sent\M43\M43_S1_H19_M2.wav,M43,S1,H19,M,False,main bhuula hii gayaa thaa isa baata koo,मैं भूला ही गया था इस बात को
C:\Users\edwin\OneDrive\Desktop\Capstone\hindi indic\HDSD\hindi_sent\M43\M43_S1_H20_M2.wav,M43,S1,H20,M,False,magara vaha bhii nahiin huaa,मगर वह भी नहीं हुआ
C:\Users\edwin\OneDrive\Desktop\Capstone\hindi indic\HDSD\hindi_sent\M43\M43_S1_H21_M2.wav,M43,S1,H21,M,False,dara kaa artha hootaa hai bhaya,दर का अर्थ होता है भय
C:\Users\edwin\OneDrive\Desktop\Capstone\hindi indic\HDSD\hindi_sent\M43\M43_S1_H22_M2.wav,M43,S1,H22,M,False,eika baara phira sei aabhaara,एक बार फिर से आभार
C:\Users\edwin\OneDrive\Desktop\Capstone\hindi indic\HDSD\hindi_sent\M43\M43_S1_H23_M2.wav,M43,S1,H23,M,False,naa jaanei kitanei looga isei padhtei hai,ना जाने कितने लोग इसे पढ़ते है
C:\Users\edwin\OneDrive\Desktop\Capstone\hindi indic\HDSD\hindi_sent\M43\M43_S1_H24_M2.wav,M43,S1,H24,M,False,abhii main shaanta hii huuna,अभी मैं शांत ही हूं
C:\Users\edwin\OneDrive\Desktop\Capstone\hindi indic\HDSD\hindi_sent\M43\M43_S1_H25_M2.wav,M43,S1,H25,M,False,svaagata kei liyei dhanyavaada,स्वागत के लिए धन्यवाद
C:\Users\edwin\OneDrive\Desktop\Capstone\hindi indic\HDSD\hindi_sent\M43\M43_S1_H26_M2.wav,M43,S1,H26,M,False,aapa apanaa yaha achchhaa kaarya jaarii rakhein,आप अपना यह अच्छा कार्य जारी रखें
C:\Users\edwin\OneDrive\Desktop\Capstone\hindi indic\HDSD\hindi_sent\M43\M43_S1_H27_M2.wav,M43,S1,H27,M,False,main bhaarata mein rahataa huuna,मैं भारत में रहता हूं
C:\Users\edwin\OneDrive\Desktop\Capstone\hindi indic\HDSD\hindi_sent\M43\M43_S1_H28_M2.wav,M43,S1,H28,M,False,kahaa jaataa hai ki unhoonnei kabhii jiivana mein jhuutha kaa sahaaraa nahiin liyaa,कहा जाता है कि उन्होंने कभी जीवन में झूठ का सहारा नहीं लिया
C:\Users\edwin\OneDrive\Desktop\Capstone\hindi indic\HDSD\hindi_sent\M43\M43_S1_H29_M2.wav,M43,S1,H29,M,False,aapakaa sandeisha paakara achchhaa lagaa,आपका संदेश पाकर अच्छा लगा
C:\Users\edwin\OneDrive\Desktop\Capstone\hindi indic\HDSD\hindi_sent\M43\M43_S1_H30_M2.wav,M43,S1,H30,M,False,jaldii sei jaldii kuchha kiijiei,जल्दी से जल्दी कुछ कीजिए
C:\Users\edwin\OneDrive\Desktop\Capstone\hindi indic\HDSD\hindi_sent\M44\M44_S1_H01_M2.wav,M44,S1,H01,M,False,aapakei hindii pasanda karanei para khushii huii,आपके हिंदी पसंद करने पर खुशी हुई
C:\Users\edwin\OneDrive\Desktop\Capstone\hindi indic\HDSD\hindi_sent\M44\M44_S1_H02_M2.wav,M44,S1,H02,M,False,isakei badalei mein tuma kuchha aura maanaga loo,इसके बदले में तुम कुछ और मांग लो
C:\Users\edwin\OneDrive\Desktop\Capstone\hindi indic\HDSD\hindi_sent\M44\M44_S1_H03_M2.wav,M44,S1,H03,M,False,chikitsaa kaa artha hootaa hai ilaaja,चिकित्सा का अर्थ होता है इलाज
C:\Users\edwin\OneDrive\Desktop\Capstone\hindi indic\HDSD\hindi_sent\M44\M44_S1_H04_M2.wav,M44,S1,H04,M,False,isei aisei hii jaarii rakhein,इसे ऐसे ही जारी रखें
C:\Users\edwin\OneDrive\Desktop\Capstone\hindi indic\HDSD\hindi_sent\M44\M44_S1_H05_M2.wav,M44,S1,H05,M,False,madada kei liyei bahuta dhanyavaada,मदद के लिए बहुत धन्यवाद
C:\Users\edwin\OneDrive\Desktop\Capstone\hindi indic\HDSD\hindi_sent\M44\M44_S1_H06_M2.wav,M44,S1,H06,M,False,aba joo main kahataa huuna usakaa paalana karoo,अब जो मैं कहता हूं उसका पालन करो
C:\Users\edwin\OneDrive\Desktop\Capstone\hindi indic\HDSD\hindi_sent\M44\M44_S1_H07_M2.wav,M44,S1,H07,M,False,bhaarata mein aisaa nahiin huaa hai,भारत में ऐसा नहीं हुआ है
C:\Users\edwin\OneDrive\Desktop\Capstone\hindi indic\HDSD\hindi_sent\M44\M44_S1_H08_M2.wav,M44,S1,H08,M,False,isa sahayooga heitu bhii bahuta dhanyavaada,इस सहयोग हेतु भी बहुत धन्यवाद
C:\Users\edwin\OneDrive\Desktop\Capstone\hindi indic\HDSD\hindi_sent\M44\M44_S1_H09_M2.wav,M44,S1,H09,M,False,para yaha sanbhava naa hoo sakaa,पर यह संभव ना हो सका
C:\Users\edwin\OneDrive\Desktop\Capstone\hindi indic\HDSD\hindi_sent\M44\M44_S1_H10_M2.wav,M44,S1,H10,M,False,meirii baatoon ki oora dhyaana diijiyei,मेरी बातों कि और ध्यान दीजिए
C:\Users\edwin\OneDrive\Desktop\Capstone\hindi indic\HDSD\hindi_sent\M44\M44_S1_H11_M2.wav,M44,S1,H11,M,False,yahaan sei sangharshha kaa daura shuruu huaa,यहाँ से संघर्ष का दौर शुरू हुआ
C:\Users\edwin\OneDrive\Desktop\Capstone\hindi indic\HDSD\hindi_sent\M44\M44_S1_H12_M2.wav,M44,S1,H12,M,False,doonoon mein badaa antara thaa,दोनों में बड़ा अंतर था
C:\Users\edwin\OneDrive\Desktop\Capstone\hindi indic\HDSD\hindi_sent\M44\M44_S1_H13_M2.wav,M44,S1,H13,M,False,aapa sabhii kei sahayooga kei liyei bahuta dhanyavaada,आप सभी के सहयोग के लिए बहुत धन्यवाद
C:\Users\edwin\OneDrive\Desktop\Capstone\hindi indic\HDSD\hindi_sent\M44\M44_S1_H14_M2.wav,M44,S1,H14,M,False,bahuta sei looga aisaa kara rahei hai,बहुत से लोग ऐसा कर रहे है
C:\Users\edwin\OneDrive\Desktop\Capstone\hindi indic\HDSD\hindi_sent\M44\M44_S1_H15_M2.wav,M44,S1,H15,M,False,samaya kei saatha hii nahiin usasei aagei chalaa jaaei,समय के साथ ही नहीं उससे आगे चला जाए
C:\Users\edwin\OneDrive\Desktop\Capstone\hindi indic\HDSD\hindi_sent\M44\M44_S1_H16_M2.wav,M44,S1,H16,M,False,main krikeita kheila koo kaaphii pasanda karataa huuna,मैं क्रिकेट खेल को काफी पसंद करता हूं
C:\Users\edwin\OneDrive\Desktop\Capstone\hindi indic\HDSD\hindi_sent\M44\M44_S1_H17_M2.wav,M44,S1,H17,M,False,shaayada samajha aa gayaa hoo,शायद समझ आ गया हो
C:\Users\edwin\OneDrive\Desktop\Capstone\hindi indic\HDSD\hindi_sent\M44\M44_S1_H18_M2.wav,M44,S1,H18,M,False,joo shaayada aapanei deikhaa naa hoo,जो शायद आपने देखा ना हो
C:\Users\edwin\OneDrive\Desktop\Capstone\hindi indic\HDSD\hindi_sent\M44\M44_S1_H19_M2.wav,M44,S1,H19,M,False,main bhuula hii gayaa thaa isa baata koo,मैं भूला ही गया था इस बात को
C:\Users\edwin\OneDrive\Desktop\Capstone\hindi indic\HDSD\hindi_sent\M44\M44_S1_H20_M2.wav,M44,S1,H20,M,False,magara vaha bhii nahiin huaa,मगर वह भी नहीं हुआ
C:\Users\edwin\OneDrive\Desktop\Capstone\hindi indic\HDSD\hindi_sent\M44\M44_S1_H21_M2.wav,M44,S1,H21,M,False,dara kaa artha hootaa hai bhaya,दर का अर्थ होता है भय
C:\Users\edwin\OneDrive\Desktop\Capstone\hindi indic\HDSD\hindi_sent\M44\M44_S1_H22_M2.wav,M44,S1,H22,M,False,eika baara phira sei aabhaara,एक बार फिर से आभार
C:\Users\edwin\OneDrive\Desktop\Capstone\hindi indic\HDSD\hindi_sent\M44\M44_S1_H23_M2.wav,M44,S1,H23,M,False,naa jaanei kitanei looga isei padhtei hai,ना जाने कितने लोग इसे पढ़ते है
C:\Users\edwin\OneDrive\Desktop\Capstone\hindi indic\HDSD\hindi_sent\M44\M44_S1_H24_M2.wav,M44,S1,H24,M,False,abhii main shaanta huuna hii,अभी मैं शांत हूं ही
C:\Users\edwin\OneDrive\Desktop\Capstone\hindi indic\HDSD\hindi_sent\M44\M44_S1_H25_M2.wav,M44,S1,H25,M,False,svaagata kei liyei dhanyavaada,स्वागत के लिए धन्यवाद
C:\Users\edwin\OneDrive\Desktop\Capstone\hindi indic\HDSD\hindi_sent\M44\M44_S1_H26_M2.wav,M44,S1,H26,M,False,aapa apanaa yaha achchhaa kaarya jaarii rakhein,आप अपना यह अच्छा कार्य जारी रखें
C:\Users\edwin\OneDrive\Desktop\Capstone\hindi indic\HDSD\hindi_sent\M44\M44_S1_H27_M2.wav,M44,S1,H27,M,False,main bhaarata mein rahataa huuna,मैं भारत में रहता हूं
C:\Users\edwin\OneDrive\Desktop\Capstone\hindi indic\HDSD\hindi_sent\M44\M44_S1_H28_M2.wav,M44,S1,H28,M,False,kahaa jaataa hai ki unhoonnei kabhii jiivana mein jhuutha kaa sahaaraa nahiin liyaa,कहा जाता है कि उन्होंने कभी जीवन में झूठ का सहारा नहीं लिया
C:\Users\edwin\OneDrive\Desktop\Capstone\hindi indic\HDSD\hindi_sent\M44\M44_S1_H29_M2.wav,M44,S1,H29,M,False,aapakaa sandeisha paakara bahuta achchhaa lagaa,आपका संदेश पाकर बहुत अच्छा लगा
C:\Users\edwin\OneDrive\Desktop\Capstone\hindi indic\HDSD\hindi_sent\M44\M44_S1_H30_M2.wav,M44,S1,H30,M,False,jaldii sei jaldii kuchha kiijiei,जल्दी से जल्दी कुछ कीजिए
C:\Users\edwin\OneDrive\Desktop\Capstone\hindi indic\HDSD\hindi_sent\M46\M46_S1_H01_M2.wav,M46,S1,H01,M,False,hindii pasanda karanei para khushii huii,हिंदी पसंद करने पर खुशी हुई
C:\Users\edwin\OneDrive\Desktop\Capstone\hindi indic\HDSD\hindi_sent\M46\M46_S1_H02_M2.wav,M46,S1,H02,M,False,isakei badalei mein kuchha tuma kuchha aura maanaga loo,इसके बदले में कुछ तुम कुछ और मांग लो
C:\Users\edwin\OneDrive\Desktop\Capstone\hindi indic\HDSD\hindi_sent\M46\M46_S1_H03_M2.wav,M46,S1,H03,M,False,chikitsaa kaa artha hootaa hai ilaaja,चिकित्सा का अर्थ होता है इलाज
C:\Users\edwin\OneDrive\Desktop\Capstone\hindi indic\HDSD\hindi_sent\M46\M46_S1_H04_M2.wav,M46,S1,H04,M,False,isei aisei hii jaarii rakhein,इसे ऐसे ही जारी रखें
C:\Users\edwin\OneDrive\Desktop\Capstone\hindi indic\HDSD\hindi_sent\M46\M46_S1_H05_M2.wav,M46,S1,H05,M,False,madada kei liyei bahuta dhanyavaada,मदद के लिए बहुत धन्यवाद
C:\Users\edwin\OneDrive\Desktop\Capstone\hindi indic\HDSD\hindi_sent\M46\M46_S1_H06_M2.wav,M46,S1,H06,M,False,aba joo main kahataa huuna usakaa paalana karoo,अब जो मैं कहता हूं उसका पालन करो
C:\Users\edwin\OneDrive\Desktop\Capstone\hindi indic\HDSD\hindi_sent\M46\M46_S1_H07_M2.wav,M46,S1,H07,M,False,bhaarata mein aisaa nahiin huaa hai,भारत में ऐसा नहीं हुआ है
C:\Users\edwin\OneDrive\Desktop\Capstone\hindi indic\HDSD\hindi_sent\M46\M46_S1_H08_M2.wav,M46,S1,H08,M,False,isa sahayooga heitu bhii bahuta dhanyavaada,इस सहयोग हेतु भी बहुत धन्यवाद
C:\Users\edwin\OneDrive\Desktop\Capstone\hindi indic\HDSD\hindi_sent\M46\M46_S1_H09_M2.wav,M46,S1,H09,M,False,para yaha sanbhava naa hoo sakaa,पर यह संभव ना हो सका
C:\Users\edwin\OneDrive\Desktop\Capstone\hindi indic\HDSD\hindi_sent\M46\M46_S1_H10_M2.wav,M46,S1,H10,M,False,meirii baatoon ki oora dhyaana diijiyei,मेरी बातों कि और ध्यान दीजिए
C:\Users\edwin\OneDrive\Desktop\Capstone\hindi indic\HDSD\hindi_sent\M46\M46_S1_H11_M2.wav,M46,S1,H11,M,False,yahaan sei sangharshha kaa daura shuruu huaa,यहाँ से संघर्ष का दौर शुरू हुआ
C:\Users\edwin\OneDrive\Desktop\Capstone\hindi indic\HDSD\hindi_sent\M46\M46_S1_H12_M2.wav,M46,S1,H12,M,False,doonoon mein badaa antara thaa,दोनों में बड़ा अंतर था
C:\Users\edwin\OneDrive\Desktop\Capstone\hindi indic\HDSD\hindi_sent\M46\M46_S1_H13_M2.wav,M46,S1,H13,M,False,aapa sabhii kei sahayooga kei liyei bahuta dhanyavaada,आप सभी के सहयोग के लिए बहुत धन्यवाद
C:\Users\edwin\OneDrive\Desktop\Capstone\hindi indic\HDSD\hindi_sent\M46\M46_S1_H14_M2.wav,M46,S1,H14,M,False,bahuta sei looga aisaa kara rahei hai,बहुत से लोग ऐसा कर रहे है
C:\Users\edwin\OneDrive\Desktop\Capstone\hindi indic\HDSD\hindi_sent\M46\M46_S1_H15_M2.wav,M46,S1,H15,M,False,samaya kei saatha hii nahiin usasei aagei chalaa jaaei,समय के साथ ही नहीं उससे आगे चला जाए
C:\Users\edwin\OneDrive\Desktop\Capstone\hindi indic\HDSD\hindi_sent\M46\M46_S1_H16_M2.wav,M46,S1,H16,M,False,main krikeita kheila koo kaaphii pasanda karataa huuna,मैं क्रिकेट खेल को काफी पसंद करता हूं
C:\Users\edwin\OneDrive\Desktop\Capstone\hindi indic\HDSD\hindi_sent\M46\M46_S1_H17_M2.wav,M46,S1,H17,M,False,shaayada samajha aa gayaa hoo,शायद समझ आ गया हो
C:\Users\edwin\OneDrive\Desktop\Capstone\hindi indic\HDSD\hindi_sent\M46\M46_S1_H18_M2.wav,M46,S1,H18,M,False,joo shaayada aapanei deikhaa naa hoo,जो शायद आपने देखा ना हो
C:\Users\edwin\OneDrive\Desktop\Capstone\hindi indic\HDSD\hindi_sent\M46\M46_S1_H19_M2.wav,M46,S1,H19,M,False,main bhuula hii gayaa thaa isa baata koo,मैं भूला ही गया था इस बात को
C:\Users\edwin\OneDrive\Desktop\Capstone\hindi indic\HDSD\hindi_sent\M46\M46_S1_H20_M2.wav,M46,S1,H20,M,False,magara vaha bhii nahiin huaa,मगर वह भी नहीं हुआ
C:\Users\edwin\OneDrive\Desktop\Capstone\hindi indic\HDSD\hindi_sent\M46\M46_S1_H21_M2.wav,M46,S1,H21,M,False,dara kaa artha hootaa hai bhaya,दर का अर्थ होता है भय
C:\Users\edwin\OneDrive\Desktop\Capstone\hindi indic\HDSD\hindi_sent\M46\M46_S1_H22_M2.wav,M46,S1,H22,M,False,eika baara phira sei aabhaara,एक बार फिर से आभार
C:\Users\edwin\OneDrive\Desktop\Capstone\hindi indic\HDSD\hindi_sent\M46\M46_S1_H23_M2.wav,M46,S1,H23,M,False,naa jaanei kitanei looga isei padhtei hai,ना जाने कितने लोग इसे पढ़ते है
C:\Users\edwin\OneDrive\Desktop\Capstone\hindi indic\HDSD\hindi_sent\M46\M46_S1_H24_M2.wav,M46,S1,H24,M,False,abhii main shaanta hii huuna,अभी मैं शांत ही हूं
C:\Users\edwin\OneDrive\Desktop\Capstone\hindi indic\HDSD\hindi_sent\M46\M46_S1_H25_M2.wav,M46,S1,H25,M,False,svaagata kei liyei dhanyavaada,स्वागत के लिए धन्यवाद
C:\Users\edwin\OneDrive\Desktop\Capstone\hindi indic\HDSD\hindi_sent\M46\M46_S1_H26_M2.wav,M46,S1,H26,M,False,aapa apanaa yaha achchhaa kaarya jaarii rakhein,आप अपना यह अच्छा कार्य जारी रखें
C:\Users\edwin\OneDrive\Desktop\Capstone\hindi indic\HDSD\hindi_sent\M46\M46_S1_H27_M2.wav,M46,S1,H27,M,False,main bhaarata mein rahataa huuna,मैं भारत में रहता हूं
C:\Users\edwin\OneDrive\Desktop\Capstone\hindi indic\HDSD\hindi_sent\M46\M46_S1_H28_M2.wav,M46,S1,H28,M,False,kahaa jaataa hai ki unhoonnei kabhii jiivana mein jhuutha kaa sahaaraa nahiin liyaa,कहा जाता है कि उन्होंने कभी जीवन में झूठ का सहारा नहीं लिया
C:\Users\edwin\OneDrive\Desktop\Capstone\hindi indic\HDSD\hindi_sent\M46\M46_S1_H29_M2.wav,M46,S1,H29,M,False,aapakaa sandeisha paakara achchhaa lagaa,आपका संदेश पाकर अच्छा लगा
C:\Users\edwin\OneDrive\Desktop\Capstone\hindi indic\HDSD\hindi_sent\M46\M46_S1_H30_M2.wav,M46,S1,H30,M,False,jaldii sei jaldii kuchha kiijiei,जल्दी से जल्दी कुछ कीजिए
C:\Users\edwin\OneDrive\Desktop\Capstone\hindi indic\HDSD\hindi_sent\M47\M47_S1_H01_M2.wav,M47,S1,H01,M,False,aapakei hindii pasanda karanei para khushii huii,आपके हिंदी पसंद करने पर खुशी हुई
C:\Users\edwin\OneDrive\Desktop\Capstone\hindi indic\HDSD\hindi_sent\M47\M47_S1_H02_M2.wav,M47,S1,H02,M,False,isakei badalei mein tuma kuchha aura maanaga loo,इसके बदले में तुम कुछ और मांग लो
C:\Users\edwin\OneDrive\Desktop\Capstone\hindi indic\HDSD\hindi_sent\M47\M47_S1_H03_M2.wav,M47,S1,H03,M,False,chikitsaa kaa artha hootaa hai ilaaja,चिकित्सा का अर्थ होता है इलाज
C:\Users\edwin\OneDrive\Desktop\Capstone\hindi indic\HDSD\hindi_sent\M47\M47_S1_H04_M2.wav,M47,S1,H04,M,False,isei aisei hii jaarii rakhein,इसे ऐसे ही जारी रखें
C:\Users\edwin\OneDrive\Desktop\Capstone\hindi indic\HDSD\hindi_sent\M47\M47_S1_H05_M2.wav,M47,S1,H05,M,False,madada kei liyei bahuta bahuta dhanyavaada,मदद के लिए बहुत बहुत धन्यवाद
C:\Users\edwin\OneDrive\Desktop\Capstone\hindi indic\HDSD\hindi_sent\M47\M47_S1_H06_M2.wav,M47,S1,H06,M,False,aba main aba joo main kahataa huuna usakaa paalana karoo,अब मैं अब जो मैं कहता हूं उसका पालन करो
C:\Users\edwin\OneDrive\Desktop\Capstone\hindi indic\HDSD\hindi_sent\M47\M47_S1_H07_M2.wav,M47,S1,H07,M,False,bhaarata mein aisaa nahiin huaa hai,भारत में ऐसा नहीं हुआ है
C:\Users\edwin\OneDrive\Desktop\Capstone\hindi indic\HDSD\hindi_sent\M47\M47_S1_H08_M2.wav,M47,S1,H08,M,False,isa sahayooga heitu bhii bahuta dhanyavaada,इस सहयोग हेतु भी बहुत धन्यवाद
C:\Users\edwin\OneDrive\Desktop\Capstone\hindi indic\HDSD\hindi_sent\M47\M47_S1_H09_M2.wav,M47,S1,H09,M,False,para yaha sanbhava naa hoo sakaa,पर यह संभव ना हो सका
C:\Users\edwin\OneDrive\Desktop\Capstone\hindi indic\HDSD\hindi_sent\M47\M47_S1_H10_M2.wav,M47,S1,H10,M,False,meirii baatoon ki oora dhyaana diijiyei,मेरी बातों कि और ध्यान दीजिए
C:\Users\edwin\OneDrive\Desktop\Capstone\hindi indic\HDSD\hindi_sent\M47\M47_S1_H11_M2.wav,M47,S1,H11,M,False,yahaan sei sangharshha kaa daura shuruu huaa,यहाँ से संघर्ष का दौर शुरू हुआ
C:\Users\edwin\OneDrive\Desktop\Capstone\hindi indic\HDSD\hindi_sent\M47\M47_S1_H12_M2.wav,M47,S1,H12,M,False,doonoon mein badaa antara thaa,दोनों में बड़ा अंतर था
C:\Users\edwin\OneDrive\Desktop\Capstone\hindi indic\HDSD\hindi_sent\M47\M47_S1_H13_M2.wav,M47,S1,H13,M,False,aapa sabhii kei sahayooga kei liyei bahuta dhanyavaada,आप सभी के सहयोग के लिए बहुत धन्यवाद
C:\Users\edwin\OneDrive\Desktop\Capstone\hindi indic\HDSD\hindi_sent\M47\M47_S1_H14_M2.wav,M47,S1,H14,M,False,bahuta sei looga aisaa kara kara rahei hai,बहुत से लोग ऐसा कर कर रहे है
C:\Users\edwin\OneDrive\Desktop\Capstone\hindi indic\HDSD\hindi_sent\M47\M47_S1_H15_M2.wav,M47,S1,H15,M,False,samaya kei saatha hii nahiin usasei aagei chalaa jaaei,समय के साथ ही नहीं उससे आगे चला जाए
C:\Users\edwin\OneDrive\Desktop\Capstone\hindi indic\HDSD\hindi_sent\M47\M47_S1_H16_M2.wav,M47,S1,H16,M,False,main krikeita kheila koo kaaphii pasanda karataa huuna,मैं क्रिकेट खेल को काफी पसंद करता हूं
C:\Users\edwin\OneDrive\Desktop\Capstone\hindi indic\HDSD\hindi_sent\M47\M47_S1_H17_M2.wav,M47,S1,H17,M,False,shaayada samajha aa gayaa hoo,शायद समझ आ गया हो
C:\Users\edwin\OneDrive\Desktop\Capstone\hindi indic\HDSD\hindi_sent\M47\M47_S1_H18_M2.wav,M47,S1,H18,M,False,joo shaayada aapanei aapanei deikhaa naa hoo,जो शायद आपने आपने देखा ना हो
C:\Users\edwin\OneDrive\Desktop\Capstone\hindi indic\HDSD\hindi_sent\M47\M47_S1_H19_M2.wav,M47,S1,H19,M,False,main bhuula hii gayaa thaa isa baata koo,मैं भूला ही गया था इस बात को
C:\Users\edwin\OneDrive\Desktop\Capstone\hindi indic\HDSD\hindi_sent\M47\M47_S1_H20_M2.wav,M47,S1,H20,M,False,magara vaha bhii nahiin huaa,मगर वह भी नहीं हुआ
C:\Users\edwin\OneDrive\Desktop\Capstone\hindi indic\HDSD\hindi_sent\M47\M47_S1_H21_M2.wav,M47,S1,H21,M,False,dara kaa artha hootaa hai bhaya,दर का अर्थ होता है भय
C:\Users\edwin\OneDrive\Desktop\Capstone\hindi indic\HDSD\hindi_sent\M47\M47_S1_H22_M2.wav,M47,S1,H22,M,False,eika baara phira sei aabhaara,एक बार फिर से आभार
C:\Users\edwin\OneDrive\Desktop\Capstone\hindi indic\HDSD\hindi_sent\M47\M47_S1_H23_M2.wav,M47,S1,H23,M,False,naa jaanei kitanei looga isei padhtei hai,ना जाने कितने लोग इसे पढ़ते है
C:\Users\edwin\OneDrive\Desktop\Capstone\hindi indic\HDSD\hindi_sent\M47\M47_S1_H24_M2.wav,M47,S1,H24,M,False,abhii main shaanta hii huuna,अभी मैं शांत ही हूं
C:\Users\edwin\OneDrive\Desktop\Capstone\hindi indic\HDSD\hindi_sent\M47\M47_S1_H25_M2.wav,M47,S1,H25,M,False,svaagata kei liyei dhanyavaada,स्वागत के लिए धन्यवाद
C:\Users\edwin\OneDrive\Desktop\Capstone\hindi indic\HDSD\hindi_sent\M47\M47_S1_H26_M2.wav,M47,S1,H26,M,False,aapa apanaa yaha achchhaa kaarya jaarii rakhein,आप अपना यह अच्छा कार्य जारी रखें
C:\Users\edwin\OneDrive\Desktop\Capstone\hindi indic\HDSD\hindi_sent\M47\M47_S1_H27_M2.wav,M47,S1,H27,M,False,main bhaarata mein rahataa huuna,मैं भारत में रहता हूं
C:\Users\edwin\OneDrive\Desktop\Capstone\hindi indic\HDSD\hindi_sent\M47\M47_S1_H28_M2.wav,M47,S1,H28,M,False,kahaa jaataa hai ki unhoonnei kabhii jiivana mein jhuutha kaa sahaaraa nahiin liyaa,कहा जाता है कि उन्होंने कभी जीवन में झूठ का सहारा नहीं लिया
C:\Users\edwin\OneDrive\Desktop\Capstone\hindi indic\HDSD\hindi_sent\M47\M47_S1_H29_M2.wav,M47,S1,H29,M,False,aapakaa sandeisha paakara achchhaa lagaa,आपका संदेश पाकर अच्छा लगा
C:\Users\edwin\OneDrive\Desktop\Capstone\hindi indic\HDSD\hindi_sent\M47\M47_S1_H30_M2.wav,M47,S1,H30,M,False,jaldii jaldii kuchha kiijiei,जल्दी जल्दी कुछ कीजिए
C:\Users\edwin\OneDrive\Desktop\Capstone\hindi indic\HDSD\hindi_sent\M48\M48_S1_H01_M2.wav,M48,S1,H01,M,False,para khushii huii,पर खुशी हुई
C:\Users\edwin\OneDrive\Desktop\Capstone\hindi indic\HDSD\hindi_sent\M48\M48_S1_H02_M2.wav,M48,S1,H02,M,False,isakei badalei mein tuma kuchha aura aura maanaga loo,इसके बदले में तुम कुछ और और मांग लो
C:\Users\edwin\OneDrive\Desktop\Capstone\hindi indic\HDSD\hindi_sent\M48\M48_S1_H03_M2.wav,M48,S1,H03,M,False,chikitsaa kaa artha hootaa hai ilaaja,चिकित्सा का अर्थ होता है इलाज
C:\Users\edwin\OneDrive\Desktop\Capstone\hindi indic\HDSD\hindi_sent\M48\M48_S1_H04_M2.wav,M48,S1,H04,M,False,aisei aisei isei aisei hii jaarii rakhein,ऐसे ऐसे इसे ऐसे ही जारी रखें
C:\Users\edwin\OneDrive\Desktop\Capstone\hindi indic\HDSD\hindi_sent\M48\M48_S1_H05_M2.wav,M48,S1,H05,M,False,madada kei madada kei liyei bahuta dhanyavaada,मदद के मदद के लिए बहुत धन्यवाद
C:\Users\edwin\OneDrive\Desktop\Capstone\hindi indic\HDSD\hindi_sent\M48\M48_S1_H06_M2.wav,M48,S1,H06,M,False,main joo joo kahataa huuna usakaa paalana karoo,मैं जो जो कहता हूं उसका पालन करो
C:\Users\edwin\OneDrive\Desktop\Capstone\hindi indic\HDSD\hindi_sent\M48\M48_S1_H07_M2.wav,M48,S1,H07,M,False,bhaarata mein aisaa nahiin huaa hai,भारत में ऐसा नहीं हुआ है
C:\Users\edwin\OneDrive\Desktop\Capstone\hindi indic\HDSD\hindi_sent\M48\M48_S1_H08_M2.wav,M48,S1,H08,M,False,isa sahayooga heitu bhii bahuta dhanyavaada,इस सहयोग हेतु भी बहुत धन्यवाद
C:\Users\edwin\OneDrive\Desktop\Capstone\hindi indic\HDSD\hindi_sent\M48\M48_S1_H09_M2.wav,M48,S1,H09,M,False,para yaha sanbhava naa hoo sakaa,पर यह संभव ना हो सका
C:\Users\edwin\OneDrive\Desktop\Capstone\hindi indic\HDSD\hindi_sent\M48\M48_S1_H10_M2.wav,M48,S1,H10,M,False,meirii baatoon ki oora dhyaana diijiyei,मेरी बातों कि और ध्यान दीजिए
C:\Users\edwin\OneDrive\Desktop\Capstone\hindi indic\HDSD\hindi_sent\M48\M48_S1_H11_M2.wav,M48,S1,H11,M,False,yahaan sei sangharshha kaa daura shuruu huaa,यहाँ से संघर्ष का दौर शुरू हुआ
C:\Users\edwin\OneDrive\Desktop\Capstone\hindi indic\HDSD\hindi_sent\M48\M48_S1_H12_M2.wav,M48,S1,H12,M,False,doonoon mein badaa antara thaa,दोनों में बड़ा अंतर था
C:\Users\edwin\OneDrive\Desktop\Capstone\hindi indic\HDSD\hindi_sent\M48\M48_S1_H13_M2.wav,M48,S1,H13,M,False,aapa sabhii kei sahayooga kei liyei bahuta dhanyavaada,आप सभी के सहयोग के लिए बहुत धन्यवाद
C:\Users\edwin\OneDrive\Desktop\Capstone\hindi indic\HDSD\hindi_sent\M48\M48_S1_H14_M2.wav,M48,S1,H14,M,False,bahuta sei looga aisaa bahuta sei sei looga aisaa kara rahei hai,बहुत से लोग ऐसा बहुत से से लोग ऐसा कर रहे है
C:\Users\edwin\OneDrive\Desktop\Capstone\hindi indic\HDSD\hindi_sent\M48\M48_S1_H15_M2.wav,M48,S1,H15,M,False,samaya kei saatha hii nahiin usasei aagei chalaa jaaei,समय के साथ ही नहीं उससे आगे चला जाए
C:\Users\edwin\OneDrive\Desktop\Capstone\hindi indic\HDSD\hindi_sent\M48\M48_S1_H16_M2.wav,M48,S1,H16,M,False,main krikeita kheila koo kaaphii pasanda karataa huuna,मैं क्रिकेट खेल को काफी पसंद करता हूं
C:\Users\edwin\OneDrive\Desktop\Capstone\hindi indic\HDSD\hindi_sent\M48\M48_S1_H17_M2.wav,M48,S1,H17,M,False,shaayada samajha aa gayaa hoo,शायद समझ आ गया हो
C:\Users\edwin\OneDrive\Desktop\Capstone\hindi indic\HDSD\hindi_sent\M48\M48_S1_H18_M2.wav,M48,S1,H18,M,False,joo shaayada aapanei deikhaa naa hoo,जो शायद आपने देखा ना हो
C:\Users\edwin\OneDrive\Desktop\Capstone\hindi indic\HDSD\hindi_sent\M48\M48_S1_H19_M2.wav,M48,S1,H19,M,False,main bhuula hii gayaa thaa isa baata koo,मैं भूला ही गया था इस बात को
C:\Users\edwin\OneDrive\Desktop\Capstone\hindi indic\HDSD\hindi_sent\M48\M48_S1_H20_M2.wav,M48,S1,H20,M,False,magara vaha bhii nahiin huaa,मगर वह भी नहीं हुआ
C:\Users\edwin\OneDrive\Desktop\Capstone\hindi indic\HDSD\hindi_sent\M48\M48_S1_H21_M2.wav,M48,S1,H21,M,False,dara kaa artha hootaa hai bhaya,दर का अर्थ होता है भय
C:\Users\edwin\OneDrive\Desktop\Capstone\hindi indic\HDSD\hindi_sent\M48\M48_S1_H22_M2.wav,M48,S1,H22,M,False,eika baara phira sei aabhaara,एक बार फिर से आभार
C:\Users\edwin\OneDrive\Desktop\Capstone\hindi indic\HDSD\hindi_sent\M48\M48_S1_H23_M2.wav,M48,S1,H23,M,False,naa jaanei kitanei looga isei padhtei hai,ना जाने कितने लोग इसे पढ़ते है
C:\Users\edwin\OneDrive\Desktop\Capstone\hindi indic\HDSD\hindi_sent\M48\M48_S1_H24_M2.wav,M48,S1,H24,M,False,main abhii main shaanta hii huuna,मैं अभी मैं शांत ही हूं
C:\Users\edwin\OneDrive\Desktop\Capstone\hindi indic\HDSD\hindi_sent\M48\M48_S1_H25_M2.wav,M48,S1,H25,M,False,svaagata kei liyei dhanyavaada,स्वागत के लिए धन्यवाद
C:\Users\edwin\OneDrive\Desktop\Capstone\hindi indic\HDSD\hindi_sent\M48\M48_S1_H26_M2.wav,M48,S1,H26,M,False,aapa apanaa yaha achchhaa kaarya kaarya jaarii rakhein,आप अपना यह अच्छा कार्य कार्य जारी रखें
C:\Users\edwin\OneDrive\Desktop\Capstone\hindi indic\HDSD\hindi_sent\M48\M48_S1_H27_M2.wav,M48,S1,H27,M,False,main bhaarata mein rahataa huuna,मैं भारत में रहता हूं
C:\Users\edwin\OneDrive\Desktop\Capstone\hindi indic\HDSD\hindi_sent\M48\M48_S1_H28_M2.wav,M48,S1,H28,M,False,kahaa jaataa hai ki unhoonnei kabhii jiivana mein jhuutha kaa sahaaraa nahiin liyaa,कहा जाता है कि उन्होंने कभी जीवन में झूठ का सहारा नहीं लिया
C:\Users\edwin\OneDrive\Desktop\Capstone\hindi indic\HDSD\hindi_sent\M48\M48_S1_H29_M2.wav,M48,S1,H29,M,False,aapakaa sandeisha paakara achchhaa achchhaa lagaa,आपका संदेश पाकर अच्छा अच्छा लगा
C:\Users\edwin\OneDrive\Desktop\Capstone\hindi indic\HDSD\hindi_sent\M48\M48_S1_H30_M2.wav,M48,S1,H30,M,False,jaldii sei jaldii kuchha kiijiei,जल्दी से जल्दी कुछ कीजिए
C:\Users\edwin\OneDrive\Desktop\Capstone\hindi indic\HDSD\hindi_sent\M49\M49_S1_H01_M2.wav,M49,S1,H01,M,False,aapakei hindii pasanda karanei para khushii huii,आपके हिंदी पसंद करने पर खुशी हुई
C:\Users\edwin\OneDrive\Desktop\Capstone\hindi indic\HDSD\hindi_sent\M49\M49_S1_H02_M2.wav,M49,S1,H02,M,False,isakei badalei mein tuma kuchha aura maanaga loo,इसके बदले में तुम कुछ और मांग लो
C:\Users\edwin\OneDrive\Desktop\Capstone\hindi indic\HDSD\hindi_sent\M49\M49_S1_H03_M2.wav,M49,S1,H03,M,False,chikitsaa kaa artha hai artha hootaa hai ilaaja,चिकित्सा का अर्थ है अर्थ होता है इलाज
C:\Users\edwin\OneDrive\Desktop\Capstone\hindi indic\HDSD\hindi_sent\M49\M49_S1_H04_M2.wav,M49,S1,H04,M,False,isei aisei hii jaarii rakhein,इसे ऐसे ही जारी रखें
C:\Users\edwin\OneDrive\Desktop\Capstone\hindi indic\HDSD\hindi_sent\M49\M49_S1_H05_M2.wav,M49,S1,H05,M,False,madada kei liyei bahuta dhanyavaada,मदद के लिए बहुत धन्यवाद
C:\Users\edwin\OneDrive\Desktop\Capstone\hindi indic\HDSD\hindi_sent\M49\M49_S1_H06_M2.wav,M49,S1,H06,M,False,aba joo main kahataa huuna usakaa paalana karoo,अब जो मैं कहता हूं उसका पालन करो
C:\Users\edwin\OneDrive\Desktop\Capstone\hindi indic\HDSD\hindi_sent\M49\M49_S1_H07_M2.wav,M49,S1,H07,M,False,bhaarata mein aisaa nahiin huaa,भारत में ऐसा नहीं हुआ
C:\Users\edwin\OneDrive\Desktop\Capstone\hindi indic\HDSD\hindi_sent\M49\M49_S1_H08_M2.wav,M49,S1,H08,M,False,isa sahayooga heitu bhii bahuta dhanyavaada,इस सहयोग हेतु भी बहुत धन्यवाद
C:\Users\edwin\OneDrive\Desktop\Capstone\hindi indic\HDSD\hindi_sent\M49\M49_S1_H09_M2.wav,M49,S1,H09,M,False,para yaha sanbhava naa hoo sakaa,पर यह संभव ना हो सका
C:\Users\edwin\OneDrive\Desktop\Capstone\hindi indic\HDSD\hindi_sent\M49\M49_S1_H10_M2.wav,M49,S1,H10,M,False,meirii baatoon ki oora dhyaana diijiyei,मेरी बातों कि और ध्यान दीजिए
C:\Users\edwin\OneDrive\Desktop\Capstone\hindi indic\HDSD\hindi_sent\M49\M49_S1_H11_M2.wav,M49,S1,H11,M,False,yahaan sei sangharshha daura shuruu huaa hai,यहाँ से संघर्ष दौर शुरू हुआ है
C:\Users\edwin\OneDrive\Desktop\Capstone\hindi indic\HDSD\hindi_sent\M49\M49_S1_H12_M2.wav,M49,S1,H12,M,False,doonoon mein badaa antara thaa,दोनों में बड़ा अंतर था
C:\Users\edwin\OneDrive\Desktop\Capstone\hindi indic\HDSD\hindi_sent\M49\M49_S1_H13_M2.wav,M49,S1,H13,M,False,aapa sabhii sahayooga kei liyei bahuta dhanyavaada,आप सभी सहयोग के लिए बहुत धन्यवाद
C:\Users\edwin\OneDrive\Desktop\Capstone\hindi indic\HDSD\hindi_sent\M49\M49_S1_H14_M2.wav,M49,S1,H14,M,False,bahuta sei looga aisaa rahei hai,बहुत से लोग ऐसा रहे है
C:\Users\edwin\OneDrive\Desktop\Capstone\hindi indic\HDSD\hindi_sent\M49\M49_S1_H15_M2.wav,M49,S1,H15,M,False,samaya kei saatha hii nahiin usasei aagei chalaa jaaei,समय के साथ ही नहीं उससे आगे चला जाए
C:\Users\edwin\OneDrive\Desktop\Capstone\hindi indic\HDSD\hindi_sent\M49\M49_S1_H16_M2.wav,M49,S1,H16,M,False,main krikeita koo pasanda karataa huuna,मैं क्रिकेट को पसंद करता हूं
C:\Users\edwin\OneDrive\Desktop\Capstone\hindi indic\HDSD\hindi_sent\M49\M49_S1_H17_M2.wav,M49,S1,H17,M,False,shaayada samajha aa gayaa hoo,शायद समझ आ गया हो
C:\Users\edwin\OneDrive\Desktop\Capstone\hindi indic\HDSD\hindi_sent\M49\M49_S1_H18_M2.wav,M49,S1,H18,M,False,joo shaayada aapanei naa deikhaa hoo,जो शायद आपने ना देखा हो
C:\Users\edwin\OneDrive\Desktop\Capstone\hindi indic\HDSD\hindi_sent\M49\M49_S1_H19_M2.wav,M49,S1,H19,M,False,main bhuula hii gayaa thaa isa baata koo,मैं भूला ही गया था इस बात को
C:\Users\edwin\OneDrive\Desktop\Capstone\hindi indic\HDSD\hindi_sent\M49\M49_S1_H20_M2.wav,M49,S1,H20,M,False,magara vaha bhii nahiin huaa,मगर वह भी नहीं हुआ
C:\Users\edwin\OneDrive\Desktop\Capstone\hindi indic\HDSD\hindi_sent\M49\M49_S1_H21_M2.wav,M49,S1,H21,M,False,dara kaa artha hai bhaya,दर का अर्थ है भय
C:\Users\edwin\OneDrive\Desktop\Capstone\hindi indic\HDSD\hindi_sent\M49\M49_S1_H22_M2.wav,M49,S1,H22,M,False,isa baara phira phira sei aabhaara,इस बार फिर फिर से आभार
C:\Users\edwin\OneDrive\Desktop\Capstone\hindi indic\HDSD\hindi_sent\M49\M49_S1_H23_M2.wav,M49,S1,H23,M,False,naa jaanei kitanei looga isei padhtei hai,ना जाने कितने लोग इसे पढ़ते है
C:\Users\edwin\OneDrive\Desktop\Capstone\hindi indic\HDSD\hindi_sent\M49\M49_S1_H24_M2.wav,M49,S1,H24,M,False,abhii main shaanta hii huuna,अभी मैं शांत ही हूं
C:\Users\edwin\OneDrive\Desktop\Capstone\hindi indic\HDSD\hindi_sent\M49\M49_S1_H25_M2.wav,M49,S1,H25,M,False,svaagata kei liyei dhanyavaada,स्वागत के लिए धन्यवाद
C:\Users\edwin\OneDrive\Desktop\Capstone\hindi indic\HDSD\hindi_sent\M49\M49_S1_H26_M2.wav,M49,S1,H26,M,False,aapa apanaa yaha achchhaa kaarya jaarii rakhein,आप अपना यह अच्छा कार्य जारी रखें
C:\Users\edwin\OneDrive\Desktop\Capstone\hindi indic\HDSD\hindi_sent\M49\M49_S1_H27_M2.wav,M49,S1,H27,M,False,main bhaarata mein rahataa huuna,मैं भारत में रहता हूं
C:\Users\edwin\OneDrive\Desktop\Capstone\hindi indic\HDSD\hindi_sent\M49\M49_S1_H28_M2.wav,M49,S1,H28,M,False,kahaa jaataa hai ki unhoonnei kabhii jiivana mein jhuutha kaa sahaaraa nahiin liyaa,कहा जाता है कि उन्होंने कभी जीवन में झूठ का सहारा नहीं लिया
C:\Users\edwin\OneDrive\Desktop\Capstone\hindi indic\HDSD\hindi_sent\M49\M49_S1_H29_M2.wav,M49,S1,H29,M,False,aapakaa sandeisha paakara achchhaa lagaa,आपका संदेश पाकर अच्छा लगा
C:\Users\edwin\OneDrive\Desktop\Capstone\hindi indic\HDSD\hindi_sent\M49\M49_S1_H30_M2.wav,M49,S1,H30,M,False,jaldii sei jaldii kuchha kiijiei,जल्दी से जल्दी कुछ कीजिए
C:\Users\edwin\OneDrive\Desktop\Capstone\hindi indic\HDSD\hindi_sent\M50\M50_S1_H01_M2.wav,M50,S1,H01,M,False,aapakei hindii pasanda karanei para khushii huii,आपके हिंदी पसंद करने पर खुशी हुई
C:\Users\edwin\OneDrive\Desktop\Capstone\hindi indic\HDSD\hindi_sent\M50\M50_S1_H02_M2.wav,M50,S1,H02,M,False,isakei badalei mein tuma kuchha aura maanaga loo,इसके बदले में तुम कुछ और मांग लो
C:\Users\edwin\OneDrive\Desktop\Capstone\hindi indic\HDSD\hindi_sent\M50\M50_S1_H03_M2.wav,M50,S1,H03,M,False,chikitsaa kaa artha hootaa hai ilaaja,चिकित्सा का अर्थ होता है इलाज
C:\Users\edwin\OneDrive\Desktop\Capstone\hindi indic\HDSD\hindi_sent\M50\M50_S1_H04_M2.wav,M50,S1,H04,M,False,isei aisei hii jaarii rakhein,इसे ऐसे ही जारी रखें
C:\Users\edwin\OneDrive\Desktop\Capstone\hindi indic\HDSD\hindi_sent\M50\M50_S1_H05_M2.wav,M50,S1,H05,M,False,madada kei liyei bahuta dhanyavaada,मदद के लिए बहुत धन्यवाद
C:\Users\edwin\OneDrive\Desktop\Capstone\hindi indic\HDSD\hindi_sent\M50\M50_S1_H06_M2.wav,M50,S1,H06,M,False,aba joo main kahataa huuna paalana karoo,अब जो मैं कहता हूं पालन करो
C:\Users\edwin\OneDrive\Desktop\Capstone\hindi indic\HDSD\hindi_sent\M50\M50_S1_H07_M2.wav,M50,S1,H07,M,False,bhaarata mein aisaa nahiin huaa hai,भारत में ऐसा नहीं हुआ है
C:\Users\edwin\OneDrive\Desktop\Capstone\hindi indic\HDSD\hindi_sent\M50\M50_S1_H08_M2.wav,M50,S1,H08,M,False,isa sahayooga heitu bhii bahuta dhanyavaada,इस सहयोग हेतु भी बहुत धन्यवाद
C:\Users\edwin\OneDrive\Desktop\Capstone\hindi indic\HDSD\hindi_sent\M50\M50_S1_H09_M2.wav,M50,S1,H09,M,False,para yaha sanbhava naa hoo sakaa,पर यह संभव ना हो सका
C:\Users\edwin\OneDrive\Desktop\Capstone\hindi indic\HDSD\hindi_sent\M50\M50_S1_H10_M2.wav,M50,S1,H10,M,False,meirii baatoon ki oora dhyaana diijiyei,मेरी बातों कि और ध्यान दीजिए
C:\Users\edwin\OneDrive\Desktop\Capstone\hindi indic\HDSD\hindi_sent\M50\M50_S1_H11_M2.wav,M50,S1,H11,M,False,yahaan sei sangharshha kaa daura shuruu huaa,यहाँ से संघर्ष का दौर शुरू हुआ
C:\Users\edwin\OneDrive\Desktop\Capstone\hindi indic\HDSD\hindi_sent\M50\M50_S1_H12_M2.wav,M50,S1,H12,M,False,doonoon mein badaa antara thaa,दोनों में बड़ा अंतर था
C:\Users\edwin\OneDrive\Desktop\Capstone\hindi indic\HDSD\hindi_sent\M50\M50_S1_H13_M2.wav,M50,S1,H13,M,False,aapa sabhii kei sahayooga kei liyei bahuta dhanyavaada,आप सभी के सहयोग के लिए बहुत धन्यवाद
C:\Users\edwin\OneDrive\Desktop\Capstone\hindi indic\HDSD\hindi_sent\M50\M50_S1_H14_M2.wav,M50,S1,H14,M,False,bahuta sei sei bahuta sei looga aisaa kara rahei hai,बहुत से से बहुत से लोग ऐसा कर रहे है
C:\Users\edwin\OneDrive\Desktop\Capstone\hindi indic\HDSD\hindi_sent\M50\M50_S1_H15_M2.wav,M50,S1,H15,M,False,samaya kei saatha hii nahiin usasei aagei chalaa jaaei,समय के साथ ही नहीं उससे आगे चला जाए
C:\Users\edwin\OneDrive\Desktop\Capstone\hindi indic\HDSD\hindi_sent\M50\M50_S1_H16_M2.wav,M50,S1,H16,M,False,main krikeita kheila kaa kaaphii pasanda karataa huuna,मैं क्रिकेट खेल का काफी पसंद करता हूं
C:\Users\edwin\OneDrive\Desktop\Capstone\hindi indic\HDSD\hindi_sent\M50\M50_S1_H17_M2.wav,M50,S1,H17,M,False,shaayada samajha aa gayaa hoo,शायद समझ आ गया हो
C:\Users\edwin\OneDrive\Desktop\Capstone\hindi indic\HDSD\hindi_sent\M50\M50_S1_H18_M2.wav,M50,S1,H18,M,False,joo shaayada aapanei deikhaa hoo,जो शायद आपने देखा हो
C:\Users\edwin\OneDrive\Desktop\Capstone\hindi indic\HDSD\hindi_sent\M50\M50_S1_H19_M2.wav,M50,S1,H19,M,False,main bhuula hii gayaa thaa isa baata koo,मैं भूला ही गया था इस बात को
C:\Users\edwin\OneDrive\Desktop\Capstone\hindi indic\HDSD\hindi_sent\M50\M50_S1_H20_M2.wav,M50,S1,H20,M,False,magara vaha bhii nahiin huaa,मगर वह भी नहीं हुआ
C:\Users\edwin\OneDrive\Desktop\Capstone\hindi indic\HDSD\hindi_sent\M50\M50_S1_H21_M2.wav,M50,S1,H21,M,False,dara kaa artha hootaa hai bhaya bhaya,दर का अर्थ होता है भय भय
C:\Users\edwin\OneDrive\Desktop\Capstone\hindi indic\HDSD\hindi_sent\M50\M50_S1_H22_M2.wav,M50,S1,H22,M,False,eika baara phira sei aabhaara,एक बार फिर से आभार
C:\Users\edwin\OneDrive\Desktop\Capstone\hindi indic\HDSD\hindi_sent\M50\M50_S1_H23_M2.wav,M50,S1,H23,M,False,naa jaanei kitanei looga isei padhtei hai,ना जाने कितने लोग इसे पढ़ते है
C:\Users\edwin\OneDrive\Desktop\Capstone\hindi indic\HDSD\hindi_sent\M50\M50_S1_H24_M2.wav,M50,S1,H24,M,False,abhii shaanta hii huuna,अभी शांत ही हूं
C:\Users\edwin\OneDrive\Desktop\Capstone\hindi indic\HDSD\hindi_sent\M50\M50_S1_H25_M2.wav,M50,S1,H25,M,False,kei liyei dhanyavaada,के लिए धन्यवाद
C:\Users\edwin\OneDrive\Desktop\Capstone\hindi indic\HDSD\hindi_sent\M50\M50_S1_H26_M2.wav,M50,S1,H26,M,False,aapa apanaa achchhaa kaarya jaarii rakhein,आप अपना अच्छा कार्य जारी रखें
C:\Users\edwin\OneDrive\Desktop\Capstone\hindi indic\HDSD\hindi_sent\M50\M50_S1_H27_M2.wav,M50,S1,H27,M,False,main bhaarata mein rahataa huuna,मैं भारत में रहता हूं
C:\Users\edwin\OneDrive\Desktop\Capstone\hindi indic\HDSD\hindi_sent\M50\M50_S1_H28_M2.wav,M50,S1,H28,M,False,aisaa hootaa hai ki unhoonnei abhii jiivana mein jhuutha kaa sahaaraa nahiin liyaa,ऐसा होता है कि उन्होंने अभी जीवन में झूठ का सहारा नहीं लिया
C:\Users\edwin\OneDrive\Desktop\Capstone\hindi indic\HDSD\hindi_sent\M50\M50_S1_H29_M2.wav,M50,S1,H29,M,False,sandeisha achchhaa lagaa,संदेश अच्छा लगा
C:\Users\edwin\OneDrive\Desktop\Capstone\hindi indic\HDSD\hindi_sent\M50\M50_S1_H30_M2.wav,M50,S1,H30,M,False,jaldii jaldii kuchha diijiyei,जल्दी जल्दी कुछ दीजिए
C:\Users\edwin\OneDrive\Desktop\Capstone\hindi indic\HDSD\hindi_sent\M52\M52_S1_H01_M2.wav,M52,S1,H01,M,False,aapakei hindii pasanda karanei para khushii huii,आपके हिंदी पसंद करने पर खुशी हुई
C:\Users\edwin\OneDrive\Desktop\Capstone\hindi indic\HDSD\hindi_sent\M52\M52_S1_H02_M2.wav,M52,S1,H02,M,False,isakei badalei mein tuma kuchha aura maanaga loo,इसके बदले में तुम कुछ और मांग लो
C:\Users\edwin\OneDrive\Desktop\Capstone\hindi indic\HDSD\hindi_sent\M52\M52_S1_H03_M2.wav,M52,S1,H03,M,False,chikitsaa kaa artha hootaa hai ilaaja,चिकित्सा का अर्थ होता है इलाज
C:\Users\edwin\OneDrive\Desktop\Capstone\hindi indic\HDSD\hindi_sent\M52\M52_S1_H04_M2.wav,M52,S1,H04,M,False,isei aisei hii jaarii rakhein,इसे ऐसे ही जारी रखें
C:\Users\edwin\OneDrive\Desktop\Capstone\hindi indic\HDSD\hindi_sent\M52\M52_S1_H05_M2.wav,M52,S1,H05,M,False,madada kei liyei bahuta dhanyavaada,मदद के लिए बहुत धन्यवाद
C:\Users\edwin\OneDrive\Desktop\Capstone\hindi indic\HDSD\hindi_sent\M52\M52_S1_H06_M2.wav,M52,S1,H06,M,False,aba joo main kahataa huuna usakaa paalana karoo,अब जो मैं कहता हूं उसका पालन करो
C:\Users\edwin\OneDrive\Desktop\Capstone\hindi indic\HDSD\hindi_sent\M52\M52_S1_H07_M2.wav,M52,S1,H07,M,False,bhaarata mein aisaa nahiin huaa hai,भारत में ऐसा नहीं हुआ है
C:\Users\edwin\OneDrive\Desktop\Capstone\hindi indic\HDSD\hindi_sent\M52\M52_S1_H08_M2.wav,M52,S1,H08,M,False,isa sahayooga heitu bhii bahuta dhanyavaada,इस सहयोग हेतु भी बहुत धन्यवाद
C:\Users\edwin\OneDrive\Desktop\Capstone\hindi indic\HDSD\hindi_sent\M52\M52_S1_H09_M2.wav,M52,S1,H09,M,False,para yaha sanbhava naa hoo sakaa,पर यह संभव ना हो सका
C:\Users\edwin\OneDrive\Desktop\Capstone\hindi indic\HDSD\hindi_sent\M52\M52_S1_H10_M2.wav,M52,S1,H10,M,False,meirii baatoon ki oora dhyaana diijiyei,मेरी बातों कि और ध्यान दीजिए
C:\Users\edwin\OneDrive\Desktop\Capstone\hindi indic\HDSD\hindi_sent\M52\M52_S1_H11_M2.wav,M52,S1,H11,M,False,yahaan sangharshha kaa daura shuruu huaa,यहाँ संघर्ष का दौर शुरू हुआ
C:\Users\edwin\OneDrive\Desktop\Capstone\hindi indic\HDSD\hindi_sent\M52\M52_S1_H12_M2.wav,M52,S1,H12,M,False,doonoon mein badaa antara thaa,दोनों में बड़ा अंतर था
C:\Users\edwin\OneDrive\Desktop\Capstone\hindi indic\HDSD\hindi_sent\M52\M52_S1_H13_M2.wav,M52,S1,H13,M,False,aapa sabhii kei sahayooga kei liyei bahuta dhanyavaada,आप सभी के सहयोग के लिए बहुत धन्यवाद
C:\Users\edwin\OneDrive\Desktop\Capstone\hindi indic\HDSD\hindi_sent\M52\M52_S1_H14_M2.wav,M52,S1,H14,M,False,bahuta sei looga aisaa kara rahei hai,बहुत से लोग ऐसा कर रहे है
C:\Users\edwin\OneDrive\Desktop\Capstone\hindi indic\HDSD\hindi_sent\M52\M52_S1_H15_M2.wav,M52,S1,H15,M,False,samaya kei saatha hii nahiin usasei aagei chalaa jaaei,समय के साथ ही नहीं उससे आगे चला जाए
C:\Users\edwin\OneDrive\Desktop\Capstone\hindi indic\HDSD\hindi_sent\M52\M52_S1_H16_M2.wav,M52,S1,H16,M,False,main krikeita kheila koo kaaphii pasanda karataa huuna,मैं क्रिकेट खेल को काफी पसंद करता हूं
C:\Users\edwin\OneDrive\Desktop\Capstone\hindi indic\HDSD\hindi_sent\M52\M52_S1_H17_M2.wav,M52,S1,H17,M,False,shaayada samajha aa gayaa hoo,शायद समझ आ गया हो
C:\Users\edwin\OneDrive\Desktop\Capstone\hindi indic\HDSD\hindi_sent\M52\M52_S1_H18_M2.wav,M52,S1,H18,M,False,joo shaayada aapanei deikhaa naa hoo,जो शायद आपने देखा ना हो
C:\Users\edwin\OneDrive\Desktop\Capstone\hindi indic\HDSD\hindi_sent\M52\M52_S1_H19_M2.wav,M52,S1,H19,M,False,main bhuula hii gayaa thaa isa baata koo,मैं भूला ही गया था इस बात को
C:\Users\edwin\OneDrive\Desktop\Capstone\hindi indic\HDSD\hindi_sent\M52\M52_S1_H20_M2.wav,M52,S1,H20,M,False,magara vaha bhii nahiin huaa,मगर वह भी नहीं हुआ
C:\Users\edwin\OneDrive\Desktop\Capstone\hindi indic\HDSD\hindi_sent\M52\M52_S1_H21_M2.wav,M52,S1,H21,M,False,dara kaa artha hootaa bhaya,दर का अर्थ होता भय
C:\Users\edwin\OneDrive\Desktop\Capstone\hindi indic\HDSD\hindi_sent\M52\M52_S1_H22_M2.wav,M52,S1,H22,M,False,eika baara phira sei aabhaara,एक बार फिर से आभार
C:\Users\edwin\OneDrive\Desktop\Capstone\hindi indic\HDSD\hindi_sent\M52\M52_S1_H23_M2.wav,M52,S1,H23,M,False,naa jaanei kitanei looga isei padhtei hai,ना जाने कितने लोग इसे पढ़ते है
C:\Users\edwin\OneDrive\Desktop\Capstone\hindi indic\HDSD\hindi_sent\M52\M52_S1_H24_M2.wav,M52,S1,H24,M,False,abhii main shaanta hii huuna,अभी मैं शांत ही हूं
C:\Users\edwin\OneDrive\Desktop\Capstone\hindi indic\HDSD\hindi_sent\M52\M52_S1_H25_M2.wav,M52,S1,H25,M,False,svaagata kei liyei dhanyavaada,स्वागत के लिए धन्यवाद
C:\Users\edwin\OneDrive\Desktop\Capstone\hindi indic\HDSD\hindi_sent\M52\M52_S1_H26_M2.wav,M52,S1,H26,M,False,aapa apanaa yaha achchhaa kaarya jaarii rakhein,आप अपना यह अच्छा कार्य जारी रखें
C:\Users\edwin\OneDrive\Desktop\Capstone\hindi indic\HDSD\hindi_sent\M52\M52_S1_H27_M2.wav,M52,S1,H27,M,False,main bhaarata mein rahataa huuna,मैं भारत में रहता हूं
C:\Users\edwin\OneDrive\Desktop\Capstone\hindi indic\HDSD\hindi_sent\M52\M52_S1_H28_M2.wav,M52,S1,H28,M,False,kahaa jaataa hai ki unhoonnei kabhii jiivana mein jhuutha kaa sahaaraa nahiin liyaa,कहा जाता है कि उन्होंने कभी जीवन में झूठ का सहारा नहीं लिया
C:\Users\edwin\OneDrive\Desktop\Capstone\hindi indic\HDSD\hindi_sent\M52\M52_S1_H29_M2.wav,M52,S1,H29,M,False,aapakaa sandeisha paakara achchhaa lagaa,आपका संदेश पाकर अच्छा लगा
C:\Users\edwin\OneDrive\Desktop\Capstone\hindi indic\HDSD\hindi_sent\M52\M52_S1_H30_M2.wav,M52,S1,H30,M,False,jaldii sei jaldii kuchha kiijiei,जल्दी से जल्दी कुछ कीजिए
C:\Users\edwin\OneDrive\Desktop\Capstone\hindi indic\HDSD\hindi_sent\M53\M53_S1_H01_M2.wav,M53,S1,H01,M,False,aapakei hindii pasanda karanei para khushii huii,आपके हिंदी पसंद करने पर खुशी हुई
C:\Users\edwin\OneDrive\Desktop\Capstone\hindi indic\HDSD\hindi_sent\M53\M53_S1_H02_M2.wav,M53,S1,H02,M,False,isakei badalei mein tuma kuchha aura maanaga loo,इसके बदले में तुम कुछ और मांग लो
C:\Users\edwin\OneDrive\Desktop\Capstone\hindi indic\HDSD\hindi_sent\M53\M53_S1_H03_M2.wav,M53,S1,H03,M,False,chikitsaa kaa artha hootaa hai ilaaja,चिकित्सा का अर्थ होता है इलाज
C:\Users\edwin\OneDrive\Desktop\Capstone\hindi indic\HDSD\hindi_sent\M53\M53_S1_H04_M2.wav,M53,S1,H04,M,False,isei aisei hii jaarii rakhein,इसे ऐसे ही जारी रखें
C:\Users\edwin\OneDrive\Desktop\Capstone\hindi indic\HDSD\hindi_sent\M53\M53_S1_H05_M2.wav,M53,S1,H05,M,False,madada kei liyei bahuta dhanyavaada,मदद के लिए बहुत धन्यवाद
C:\Users\edwin\OneDrive\Desktop\Capstone\hindi indic\HDSD\hindi_sent\M53\M53_S1_H06_M2.wav,M53,S1,H06,M,False,aba joo main kahataa huuna usakaa paalana karoo,अब जो मैं कहता हूं उसका पालन करो
C:\Users\edwin\OneDrive\Desktop\Capstone\hindi indic\HDSD\hindi_sent\M53\M53_S1_H07_M2.wav,M53,S1,H07,M,False,bhaarata mein aisaa nahiin huaa hai,भारत में ऐसा नहीं हुआ है
C:\Users\edwin\OneDrive\Desktop\Capstone\hindi indic\HDSD\hindi_sent\M53\M53_S1_H08_M2.wav,M53,S1,H08,M,False,isa sahayooga heitu bhii bahuta dhanyavaada,इस सहयोग हेतु भी बहुत धन्यवाद
C:\Users\edwin\OneDrive\Desktop\Capstone\hindi indic\HDSD\hindi_sent\M53\M53_S1_H09_M2.wav,M53,S1,H09,M,False,para yaha sanbhava naa hoo sakaa,पर यह संभव ना हो सका
C:\Users\edwin\OneDrive\Desktop\Capstone\hindi indic\HDSD\hindi_sent\M53\M53_S1_H10_M2.wav,M53,S1,H10,M,False,meirii baatoon oora baatoon ki oora dhyaana diijiyei,मेरी बातों और बातों कि और ध्यान दीजिए
C:\Users\edwin\OneDrive\Desktop\Capstone\hindi indic\HDSD\hindi_sent\M53\M53_S1_H11_M2.wav,M53,S1,H11,M,False,yahaan sangharshha kaa daura shuruu huaa,यहाँ संघर्ष का दौर शुरू हुआ
C:\Users\edwin\OneDrive\Desktop\Capstone\hindi indic\HDSD\hindi_sent\M53\M53_S1_H12_M2.wav,M53,S1,H12,M,False,doonoon mein badaa antara thaa,दोनों में बड़ा अंतर था
C:\Users\edwin\OneDrive\Desktop\Capstone\hindi indic\HDSD\hindi_sent\M53\M53_S1_H13_M2.wav,M53,S1,H13,M,False,aapa sabhii kei sahayooga kei liyei bahuta dhanyavaada,आप सभी के सहयोग के लिए बहुत धन्यवाद
C:\Users\edwin\OneDrive\Desktop\Capstone\hindi indic\HDSD\hindi_sent\M53\M53_S1_H14_M2.wav,M53,S1,H14,M,False,bahuta sei looga aisaa kara rahei hai,बहुत से लोग ऐसा कर रहे है
C:\Users\edwin\OneDrive\Desktop\Capstone\hindi indic\HDSD\hindi_sent\M53\M53_S1_H15_M2.wav,M53,S1,H15,M,False,samaya kei saatha hii nahiin usasei aagei chalaa jaaei,समय के साथ ही नहीं उससे आगे चला जाए
C:\Users\edwin\OneDrive\Desktop\Capstone\hindi indic\HDSD\hindi_sent\M53\M53_S1_H16_M2.wav,M53,S1,H16,M,False,main krikeita kheila koo kaaphii pasanda karataa huuna,मैं क्रिकेट खेल को काफी पसंद करता हूं
C:\Users\edwin\OneDrive\Desktop\Capstone\hindi indic\HDSD\hindi_sent\M53\M53_S1_H17_M2.wav,M53,S1,H17,M,False,shaayada samajha aa gayaa hoo,शायद समझ आ गया हो
C:\Users\edwin\OneDrive\Desktop\Capstone\hindi indic\HDSD\hindi_sent\M53\M53_S1_H18_M2.wav,M53,S1,H18,M,False,joo shaayada aapanei deikhaa naa hoo,जो शायद आपने देखा ना हो
C:\Users\edwin\OneDrive\Desktop\Capstone\hindi indic\HDSD\hindi_sent\M53\M53_S1_H19_M2.wav,M53,S1,H19,M,False,main bhuula hii gayaa thaa isa baata,मैं भूला ही गया था इस बात
C:\Users\edwin\OneDrive\Desktop\Capstone\hindi indic\HDSD\hindi_sent\M53\M53_S1_H20_M2.wav,M53,S1,H20,M,False,magara vaha bhii nahiin huaa,मगर वह भी नहीं हुआ
C:\Users\edwin\OneDrive\Desktop\Capstone\hindi indic\HDSD\hindi_sent\M53\M53_S1_H21_M2.wav,M53,S1,H21,M,False,dara kaa artha hootaa hai bhaya,दर का अर्थ होता है भय
C:\Users\edwin\OneDrive\Desktop\Capstone\hindi indic\HDSD\hindi_sent\M53\M53_S1_H22_M2.wav,M53,S1,H22,M,False,eika baara phira sei aabhaara,एक बार फिर से आभार
C:\Users\edwin\OneDrive\Desktop\Capstone\hindi indic\HDSD\hindi_sent\M53\M53_S1_H23_M2.wav,M53,S1,H23,M,False,naa jaanei kitanei looga isei padhtei hai,ना जाने कितने लोग इसे पढ़ते है
C:\Users\edwin\OneDrive\Desktop\Capstone\hindi indic\HDSD\hindi_sent\M53\M53_S1_H24_M2.wav,M53,S1,H24,M,False,main abhii main shaanta hii huuna,मैं अभी मैं शांत ही हूं
C:\Users\edwin\OneDrive\Desktop\Capstone\hindi indic\HDSD\hindi_sent\M53\M53_S1_H25_M2.wav,M53,S1,H25,M,False,svaagata kei liyei dhanyavaada,स्वागत के लिए धन्यवाद
C:\Users\edwin\OneDrive\Desktop\Capstone\hindi indic\HDSD\hindi_sent\M53\M53_S1_H26_M2.wav,M53,S1,H26,M,False,aapa apanaa yaha achchhaa kaarya jaarii rakhein,आप अपना यह अच्छा कार्य जारी रखें
C:\Users\edwin\OneDrive\Desktop\Capstone\hindi indic\HDSD\hindi_sent\M53\M53_S1_H27_M2.wav,M53,S1,H27,M,False,main bhaarata mein rahataa huuna,मैं भारत में रहता हूं
C:\Users\edwin\OneDrive\Desktop\Capstone\hindi indic\HDSD\hindi_sent\M53\M53_S1_H28_M2.wav,M53,S1,H28,M,False,kahaa jaataa hai ki unhoonnei kabhii jiivana mein jhuutha kaa sahaaraa nahiin liyaa,कहा जाता है कि उन्होंने कभी जीवन में झूठ का सहारा नहीं लिया
C:\Users\edwin\OneDrive\Desktop\Capstone\hindi indic\HDSD\hindi_sent\M53\M53_S1_H29_M2.wav,M53,S1,H29,M,False,aapakaa sandeisha paakara achchhaa lagaa,आपका संदेश पाकर अच्छा लगा
C:\Users\edwin\OneDrive\Desktop\Capstone\hindi indic\HDSD\hindi_sent\M53\M53_S1_H30_M2.wav,M53,S1,H30,M,False,jaldii jaldii kuchha kiijiei,जल्दी जल्दी कुछ कीजिए
C:\Users\edwin\OneDrive\Desktop\Capstone\hindi indic\HDSD\hindi_sent\M55\M55_S1_H01_M2.wav,M55,S1,H01,M,False,aapakei hindii pasanda karanei para khushii huii,आपके हिंदी पसंद करने पर खुशी हुई
C:\Users\edwin\OneDrive\Desktop\Capstone\hindi indic\HDSD\hindi_sent\M55\M55_S1_H02_M2.wav,M55,S1,H02,M,False,isakei badalei mein tuma kuchha aura maanaga loo,इसके बदले में तुम कुछ और मांग लो
C:\Users\edwin\OneDrive\Desktop\Capstone\hindi indic\HDSD\hindi_sent\M55\M55_S1_H03_M2.wav,M55,S1,H03,M,False,chikitsaa kaa artha hootaa hai ilaaja,चिकित्सा का अर्थ होता है इलाज
C:\Users\edwin\OneDrive\Desktop\Capstone\hindi indic\HDSD\hindi_sent\M55\M55_S1_H04_M2.wav,M55,S1,H04,M,False,isei aisei hii jaarii rakhein,इसे ऐसे ही जारी रखें
C:\Users\edwin\OneDrive\Desktop\Capstone\hindi indic\HDSD\hindi_sent\M55\M55_S1_H05_M2.wav,M55,S1,H05,M,False,madada madada bahuta dhanyavaada,मदद मदद बहुत धन्यवाद
C:\Users\edwin\OneDrive\Desktop\Capstone\hindi indic\HDSD\hindi_sent\M55\M55_S1_H06_M2.wav,M55,S1,H06,M,False,aba joo main usakaa paalana karoo,अब जो मैं उसका पालन करो
C:\Users\edwin\OneDrive\Desktop\Capstone\hindi indic\HDSD\hindi_sent\M55\M55_S1_H07_M2.wav,M55,S1,H07,M,False,bhaarata mein aisaa nahiin huaa hai,भारत में ऐसा नहीं हुआ है
C:\Users\edwin\OneDrive\Desktop\Capstone\hindi indic\HDSD\hindi_sent\M55\M55_S1_H08_M2.wav,M55,S1,H08,M,False,isa sahayooga isa sahayooga heitu bhii bahuta dhanyavaada,इस सहयोग इस सहयोग हेतु भी बहुत धन्यवाद
C:\Users\edwin\OneDrive\Desktop\Capstone\hindi indic\HDSD\hindi_sent\M55\M55_S1_H09_M2.wav,M55,S1,H09,M,False,para yaha sanbhava naa hoo sakaa,पर यह संभव ना हो सका
C:\Users\edwin\OneDrive\Desktop\Capstone\hindi indic\HDSD\hindi_sent\M55\M55_S1_H10_M2.wav,M55,S1,H10,M,False,meirii baatoon ki oora dhyaana diijiyei,मेरी बातों कि और ध्यान दीजिए
C:\Users\edwin\OneDrive\Desktop\Capstone\hindi indic\HDSD\hindi_sent\M55\M55_S1_H11_M2.wav,M55,S1,H11,M,False,yahaan sei sangharshha kaa daura shuruu huaa,यहाँ से संघर्ष का दौर शुरू हुआ
C:\Users\edwin\OneDrive\Desktop\Capstone\hindi indic\HDSD\hindi_sent\M55\M55_S1_H12_M2.wav,M55,S1,H12,M,False,doonoon mein badaa antara thaa,दोनों में बड़ा अंतर था
C:\Users\edwin\OneDrive\Desktop\Capstone\hindi indic\HDSD\hindi_sent\M55\M55_S1_H13_M2.wav,M55,S1,H13,M,False,aapa sabhii kei sahayooga kei liyei bahuta dhanyavaada,आप सभी के सहयोग के लिए बहुत धन्यवाद
C:\Users\edwin\OneDrive\Desktop\Capstone\hindi indic\HDSD\hindi_sent\M55\M55_S1_H14_M2.wav,M55,S1,H14,M,False,bahuta sei looga aisaa kara rahei hai,बहुत से लोग ऐसा कर रहे है
C:\Users\edwin\OneDrive\Desktop\Capstone\hindi indic\HDSD\hindi_sent\M55\M55_S1_H15_M2.wav,M55,S1,H15,M,False,samaya sei saatha hii nahiin aagei chalaa jaaei,समय से साथ ही नहीं आगे चला जाए
C:\Users\edwin\OneDrive\Desktop\Capstone\hindi indic\HDSD\hindi_sent\M55\M55_S1_H16_M2.wav,M55,S1,H16,M,False,main krikeita kheila kheila koo kaaphii pasanda karataa huuna,मैं क्रिकेट खेल खेल को काफी पसंद करता हूं
C:\Users\edwin\OneDrive\Desktop\Capstone\hindi indic\HDSD\hindi_sent\M55\M55_S1_H17_M2.wav,M55,S1,H17,M,False,shaayada samajha aa gayaa hoo,शायद समझ आ गया हो
C:\Users\edwin\OneDrive\Desktop\Capstone\hindi indic\HDSD\hindi_sent\M55\M55_S1_H18_M2.wav,M55,S1,H18,M,False,joo shaayada aapanei deikhaa naa hoo,जो शायद आपने देखा ना हो
C:\Users\edwin\OneDrive\Desktop\Capstone\hindi indic\HDSD\hindi_sent\M55\M55_S1_H19_M2.wav,M55,S1,H19,M,False,main bhuula hii gayaa thaa isa baata koo,मैं भूला ही गया था इस बात को
C:\Users\edwin\OneDrive\Desktop\Capstone\hindi indic\HDSD\hindi_sent\M55\M55_S1_H20_M2.wav,M55,S1,H20,M,False,magara bhii vaha nahiin huaa,मगर भी वह नहीं हुआ
C:\Users\edwin\OneDrive\Desktop\Capstone\hindi indic\HDSD\hindi_sent\M55\M55_S1_H21_M2.wav,M55,S1,H21,M,False,dara kaa artha hootaa hai bhaya,दर का अर्थ होता है भय
C:\Users\edwin\OneDrive\Desktop\Capstone\hindi indic\HDSD\hindi_sent\M55\M55_S1_H22_M2.wav,M55,S1,H22,M,False,eika baara phira sei aabhaara,एक बार फिर से आभार
C:\Users\edwin\OneDrive\Desktop\Capstone\hindi indic\HDSD\hindi_sent\M55\M55_S1_H23_M2.wav,M55,S1,H23,M,False,naa jaanei kitanei looga isei padhtei hai,ना जाने कितने लोग इसे पढ़ते है
C:\Users\edwin\OneDrive\Desktop\Capstone\hindi indic\HDSD\hindi_sent\M55\M55_S1_H24_M2.wav,M55,S1,H24,M,False,abhii main shaanta hii huuna,अभी मैं शांत ही हूं
C:\Users\edwin\OneDrive\Desktop\Capstone\hindi indic\HDSD\hindi_sent\M55\M55_S1_H25_M2.wav,M55,S1,H25,M,False,svaagata kei liyei dhanyavaada,स्वागत के लिए धन्यवाद
C:\Users\edwin\OneDrive\Desktop\Capstone\hindi indic\HDSD\hindi_sent\M55\M55_S1_H26_M2.wav,M55,S1,H26,M,False,aapa apanaa achchhaa kaarya jaarii rakhein,आप अपना अच्छा कार्य जारी रखें
C:\Users\edwin\OneDrive\Desktop\Capstone\hindi indic\HDSD\hindi_sent\M55\M55_S1_H27_M2.wav,M55,S1,H27,M,False,main bhaarata mein rahataa huuna,मैं भारत में रहता हूं
C:\Users\edwin\OneDrive\Desktop\Capstone\hindi indic\HDSD\hindi_sent\M55\M55_S1_H28_M2.wav,M55,S1,H28,M,False,kahaa jaataa hai ki unhoonnei kabhii jiivana mein jhuutha kaa sahaaraa nahiin liyaa,कहा जाता है कि उन्होंने कभी जीवन में झूठ का सहारा नहीं लिया
C:\Users\edwin\OneDrive\Desktop\Capstone\hindi indic\HDSD\hindi_sent\M55\M55_S1_H29_M2.wav,M55,S1,H29,M,False,aapakaa sandeisha paakara achchhaa lagaa,आपका संदेश पाकर अच्छा लगा
C:\Users\edwin\OneDrive\Desktop\Capstone\hindi indic\HDSD\hindi_sent\M55\M55_S1_H30_M2.wav,M55,S1,H30,M,False,jaldii jaldii kuchha kiijiei,जल्दी जल्दी कुछ कीजिए
C:\Users\edwin\OneDrive\Desktop\Capstone\hindi indic\HDSD\hindi_sent\M55\M55_S2_H01_M2.wav,M55,S2,H01,M,False,aapakei hindii pasanda karanei para khushii huii,आपके हिंदी पसंद करने पर खुशी हुई
C:\Users\edwin\OneDrive\Desktop\Capstone\hindi indic\HDSD\hindi_sent\M55\M55_S2_H02_M2.wav,M55,S2,H02,M,False,isakei badalei mein kuchha tuma kuchha aura maanaga loo,इसके बदले में कुछ तुम कुछ और मांग लो
C:\Users\edwin\OneDrive\Desktop\Capstone\hindi indic\HDSD\hindi_sent\M55\M55_S2_H03_M2.wav,M55,S2,H03,M,False,chikitsaa kaa artha hootaa hai ilaaja,चिकित्सा का अर्थ होता है इलाज
C:\Users\edwin\OneDrive\Desktop\Capstone\hindi indic\HDSD\hindi_sent\M55\M55_S2_H04_M2.wav,M55,S2,H04,M,False,isei aisei hii jaarii rakhein,इसे ऐसे ही जारी रखें
C:\Users\edwin\OneDrive\Desktop\Capstone\hindi indic\HDSD\hindi_sent\M55\M55_S2_H05_M2.wav,M55,S2,H05,M,False,madada kei liyei bahuta dhanyavaada,मदद के लिए बहुत धन्यवाद
C:\Users\edwin\OneDrive\Desktop\Capstone\hindi indic\HDSD\hindi_sent\M55\M55_S2_H06_M2.wav,M55,S2,H06,M,False,aba main joo kahataa huuna usakaa paalana karoo,अब मैं जो कहता हूं उसका पालन करो
C:\Users\edwin\OneDrive\Desktop\Capstone\hindi indic\HDSD\hindi_sent\M55\M55_S2_H07_M2.wav,M55,S2,H07,M,False,bhaarata mein aisaa nahiin huaa hai,भारत में ऐसा नहीं हुआ है
C:\Users\edwin\OneDrive\Desktop\Capstone\hindi indic\HDSD\hindi_sent\M55\M55_S2_H08_M2.wav,M55,S2,H08,M,False,isa sahayooga heitu bhii bahuta dhanyavaada,इस सहयोग हेतु भी बहुत धन्यवाद
C:\Users\edwin\OneDrive\Desktop\Capstone\hindi indic\HDSD\hindi_sent\M55\M55_S2_H09_M2.wav,M55,S2,H09,M,False,para yaha sanbhava sanbhava naa hoo sakaa,पर यह संभव संभव ना हो सका
C:\Users\edwin\OneDrive\Desktop\Capstone\hindi indic\HDSD\hindi_sent\M55\M55_S2_H10_M2.wav,M55,S2,H10,M,False,meirii baatoon ki oora dhyaana diijiyei,मेरी बातों कि और ध्यान दीजिए
C:\Users\edwin\OneDrive\Desktop\Capstone\hindi indic\HDSD\hindi_sent\M55\M55_S2_H11_M2.wav,M55,S2,H11,M,False,yahaan sei sangharshha kaa daura shuruu huaa,यहाँ से संघर्ष का दौर शुरू हुआ
C:\Users\edwin\OneDrive\Desktop\Capstone\hindi indic\HDSD\hindi_sent\M55\M55_S2_H12_M2.wav,M55,S2,H12,M,False,doonoon mein badaa antara thaa,दोनों में बड़ा अंतर था
C:\Users\edwin\OneDrive\Desktop\Capstone\hindi indic\HDSD\hindi_sent\M55\M55_S2_H13_M2.wav,M55,S2,H13,M,False,aapa sabhii kei sahayooga bahuta dhanyavaada,आप सभी के सहयोग बहुत धन्यवाद
C:\Users\edwin\OneDrive\Desktop\Capstone\hindi indic\HDSD\hindi_sent\M55\M55_S2_H14_M2.wav,M55,S2,H14,M,False,bahuta sei looga aisaa kara rahei hai,बहुत से लोग ऐसा कर रहे है
C:\Users\edwin\OneDrive\Desktop\Capstone\hindi indic\HDSD\hindi_sent\M55\M55_S2_H15_M2.wav,M55,S2,H15,M,False,samaya kei saatha hii nahiin usasei aagei chalaa jaaei,समय के साथ ही नहीं उससे आगे चला जाए
C:\Users\edwin\OneDrive\Desktop\Capstone\hindi indic\HDSD\hindi_sent\M55\M55_S2_H16_M2.wav,M55,S2,H16,M,False,main krikeita kheila kaaphii pasanda karataa huuna,मैं क्रिकेट खेल काफी पसंद करता हूं
C:\Users\edwin\OneDrive\Desktop\Capstone\hindi indic\HDSD\hindi_sent\M55\M55_S2_H17_M2.wav,M55,S2,H17,M,False,shaayada samajha aa gayaa hoo,शायद समझ आ गया हो
C:\Users\edwin\OneDrive\Desktop\Capstone\hindi indic\HDSD\hindi_sent\M55\M55_S2_H18_M2.wav,M55,S2,H18,M,False,joo shaayada aapanei deikhaa naa hoo,जो शायद आपने देखा ना हो
C:\Users\edwin\OneDrive\Desktop\Capstone\hindi indic\HDSD\hindi_sent\M55\M55_S2_H19_M2.wav,M55,S2,H19,M,False,main bhuula hii gayaa thaa isa baata koo,मैं भूला ही गया था इस बात को
C:\Users\edwin\OneDrive\Desktop\Capstone\hindi indic\HDSD\hindi_sent\M55\M55_S2_H20_M2.wav,M55,S2,H20,M,False,bhii nahiin huaa,भी नहीं हुआ
C:\Users\edwin\OneDrive\Desktop\Capstone\hindi indic\HDSD\hindi_sent\M55\M55_S2_H21_M2.wav,M55,S2,H21,M,False,dara kaa artha hootaa hai bhaya,दर का अर्थ होता है भय
C:\Users\edwin\OneDrive\Desktop\Capstone\hindi indic\HDSD\hindi_sent\M55\M55_S2_H22_M2.wav,M55,S2,H22,M,False,eika baara phira sei aabhaara,एक बार फिर से आभार
C:\Users\edwin\OneDrive\Desktop\Capstone\hindi indic\HDSD\hindi_sent\M55\M55_S2_H23_M2.wav,M55,S2,H23,M,False,naa jaanei kitanei looga isei padhtei hai,ना जाने कितने लोग इसे पढ़ते है
C:\Users\edwin\OneDrive\Desktop\Capstone\hindi indic\HDSD\hindi_sent\M55\M55_S2_H24_M2.wav,M55,S2,H24,M,False,abhii main shaanta hii huuna,अभी मैं शांत ही हूं
C:\Users\edwin\OneDrive\Desktop\Capstone\hindi indic\HDSD\hindi_sent\M55\M55_S2_H25_M2.wav,M55,S2,H25,M,False,svaagata kei liyei dhanyavaada,स्वागत के लिए धन्यवाद
C:\Users\edwin\OneDrive\Desktop\Capstone\hindi indic\HDSD\hindi_sent\M55\M55_S2_H26_M2.wav,M55,S2,H26,M,False,aapa apanaa achchhaa kaarya jaarii rakhein,आप अपना अच्छा कार्य जारी रखें
C:\Users\edwin\OneDrive\Desktop\Capstone\hindi indic\HDSD\hindi_sent\M55\M55_S2_H27_M2.wav,M55,S2,H27,M,False,main bhaarata mein rahataa huuna,मैं भारत में रहता हूं
C:\Users\edwin\OneDrive\Desktop\Capstone\hindi indic\HDSD\hindi_sent\M55\M55_S2_H28_M2.wav,M55,S2,H28,M,False,kahaa jaataa hai unhoonnei kabhii jiivana mein kaa sahaaraa nahiin liyaa,कहा जाता है उन्होंने कभी जीवन में का सहारा नहीं लिया
C:\Users\edwin\OneDrive\Desktop\Capstone\hindi indic\HDSD\hindi_sent\M55\M55_S2_H29_M2.wav,M55,S2,H29,M,False,aapakaa sandeisha paakara achchhaa lagaa,आपका संदेश पाकर अच्छा लगा
C:\Users\edwin\OneDrive\Desktop\Capstone\hindi indic\HDSD\hindi_sent\M55\M55_S2_H30_M2.wav,M55,S2,H30,M,False,jaldii sei jaldii kuchha kiijiei,जल्दी से जल्दी कुछ कीजिए
C:\Users\edwin\OneDrive\Desktop\Capstone\hindi indic\HDSD\hindi_sent\M56\M56_S1_H01_M2.wav,M56,S1,H01,M,False,aapakei hindii pasanda karanei para khushii huii,आपके हिंदी पसंद करने पर खुशी हुई
C:\Users\edwin\OneDrive\Desktop\Capstone\hindi indic\HDSD\hindi_sent\M56\M56_S1_H02_M2.wav,M56,S1,H02,M,False,isakei badalei mein tuma kuchha bhii maanaga loo,इसके बदले में तुम कुछ भी मांग लो
C:\Users\edwin\OneDrive\Desktop\Capstone\hindi indic\HDSD\hindi_sent\M56\M56_S1_H03_M2.wav,M56,S1,H03,M,False,chikitsaa kaa artha hootaa hai ilaaja,चिकित्सा का अर्थ होता है इलाज
C:\Users\edwin\OneDrive\Desktop\Capstone\hindi indic\HDSD\hindi_sent\M56\M56_S1_H04_M2.wav,M56,S1,H04,M,False,isei aisei nahiin jaarii rakhein,इसे ऐसे नहीं जारी रखें
C:\Users\edwin\OneDrive\Desktop\Capstone\hindi indic\HDSD\hindi_sent\M56\M56_S1_H05_M2.wav,M56,S1,H05,M,False,madada kei liyei dhanyavaada,मदद के लिए धन्यवाद
C:\Users\edwin\OneDrive\Desktop\Capstone\hindi indic\HDSD\hindi_sent\M56\M56_S1_H06_M2.wav,M56,S1,H06,M,False,aba joo main kahataa huuna usakaa paalana karoo,अब जो मैं कहता हूं उसका पालन करो
C:\Users\edwin\OneDrive\Desktop\Capstone\hindi indic\HDSD\hindi_sent\M56\M56_S1_H07_M2.wav,M56,S1,H07,M,False,bhaarata mein aisaa nahiin huaa hai,भारत में ऐसा नहीं हुआ है
C:\Users\edwin\OneDrive\Desktop\Capstone\hindi indic\HDSD\hindi_sent\M56\M56_S1_H08_M2.wav,M56,S1,H08,M,False,isa sahayooga heitu bhii bahuta dhanyavaada,इस सहयोग हेतु भी बहुत धन्यवाद
C:\Users\edwin\OneDrive\Desktop\Capstone\hindi indic\HDSD\hindi_sent\M56\M56_S1_H09_M2.wav,M56,S1,H09,M,False,para yaha sanbhava naa hoo sakaa,पर यह संभव ना हो सका
C:\Users\edwin\OneDrive\Desktop\Capstone\hindi indic\HDSD\hindi_sent\M56\M56_S1_H10_M2.wav,M56,S1,H10,M,False,meirii baatoon para baatoon ki oora dhyaana diijiyei,मेरी बातों पर बातों कि और ध्यान दीजिए
C:\Users\edwin\OneDrive\Desktop\Capstone\hindi indic\HDSD\hindi_sent\M56\M56_S1_H11_M2.wav,M56,S1,H11,M,False,yahaan sei yahaan sei sangharshha kaa daura shuruu huaa huaa,यहाँ से यहाँ से संघर्ष का दौर शुरू हुआ हुआ
C:\Users\edwin\OneDrive\Desktop\Capstone\hindi indic\HDSD\hindi_sent\M56\M56_S1_H12_M2.wav,M56,S1,H12,M,False,doonoon mein badaa antara thaa,दोनों में बड़ा अंतर था
C:\Users\edwin\OneDrive\Desktop\Capstone\hindi indic\HDSD\hindi_sent\M56\M56_S1_H13_M2.wav,M56,S1,H13,M,False,aapa sabhii kei sahayooga kei liyei bahuta dhanyavaada,आप सभी के सहयोग के लिए बहुत धन्यवाद
C:\Users\edwin\OneDrive\Desktop\Capstone\hindi indic\HDSD\hindi_sent\M56\M56_S1_H14_M2.wav,M56,S1,H14,M,False,bahuta sei looga aisaa kara rahei hai,बहुत से लोग ऐसा कर रहे है
C:\Users\edwin\OneDrive\Desktop\Capstone\hindi indic\HDSD\hindi_sent\M56\M56_S1_H15_M2.wav,M56,S1,H15,M,False,samaya kei saatha hii nahiin usasei aagei chalaa jaaei,समय के साथ ही नहीं उससे आगे चला जाए
C:\Users\edwin\OneDrive\Desktop\Capstone\hindi indic\HDSD\hindi_sent\M56\M56_S1_H16_M2.wav,M56,S1,H16,M,False,main krikeita kheila koo kaaphii pasanda karataa huuna,मैं क्रिकेट खेल को काफी पसंद करता हूं
C:\Users\edwin\OneDrive\Desktop\Capstone\hindi indic\HDSD\hindi_sent\M56\M56_S1_H17_M2.wav,M56,S1,H17,M,False,shaayada samajha aa gayaa hoo,शायद समझ आ गया हो
C:\Users\edwin\OneDrive\Desktop\Capstone\hindi indic\HDSD\hindi_sent\M56\M56_S1_H18_M2.wav,M56,S1,H18,M,False,joo shaayada aapanei deikhaa naa hoo,जो शायद आपने देखा ना हो
C:\Users\edwin\OneDrive\Desktop\Capstone\hindi indic\HDSD\hindi_sent\M56\M56_S1_H19_M2.wav,M56,S1,H19,M,False,main bhuula hii gayaa thaa isa baata koo,मैं भूला ही गया था इस बात को
C:\Users\edwin\OneDrive\Desktop\Capstone\hindi indic\HDSD\hindi_sent\M56\M56_S1_H20_M2.wav,M56,S1,H20,M,False,magara vaha bhii nahiin huaa,मगर वह भी नहीं हुआ
C:\Users\edwin\OneDrive\Desktop\Capstone\hindi indic\HDSD\hindi_sent\M56\M56_S1_H21_M2.wav,M56,S1,H21,M,False,dara kaa artha hootaa hai bhaya,दर का अर्थ होता है भय
C:\Users\edwin\OneDrive\Desktop\Capstone\hindi indic\HDSD\hindi_sent\M56\M56_S1_H22_M2.wav,M56,S1,H22,M,False,eika baara phira sei aabhaara,एक बार फिर से आभार
C:\Users\edwin\OneDrive\Desktop\Capstone\hindi indic\HDSD\hindi_sent\M56\M56_S1_H23_M2.wav,M56,S1,H23,M,False,naa jaanei kitanei looga isei padhtei hai,ना जाने कितने लोग इसे पढ़ते है
C:\Users\edwin\OneDrive\Desktop\Capstone\hindi indic\HDSD\hindi_sent\M56\M56_S1_H24_M2.wav,M56,S1,H24,M,False,abhii main shaanta hii huuna,अभी मैं शांत ही हूं
C:\Users\edwin\OneDrive\Desktop\Capstone\hindi indic\HDSD\hindi_sent\M56\M56_S1_H25_M2.wav,M56,S1,H25,M,False,svaagata kei liyei dhanyavaada,स्वागत के लिए धन्यवाद
C:\Users\edwin\OneDrive\Desktop\Capstone\hindi indic\HDSD\hindi_sent\M56\M56_S1_H26_M2.wav,M56,S1,H26,M,False,aapa yaha achchhaa kaarya jaarii rakhein aapa apanaa yaha achchhaa kaarya jaarii rakhein,आप यह अच्छा कार्य जारी रखें आप अपना यह अच्छा कार्य जारी रखें
C:\Users\edwin\OneDrive\Desktop\Capstone\hindi indic\HDSD\hindi_sent\M56\M56_S1_H27_M2.wav,M56,S1,H27,M,False,main bhaarata mein rahataa huuna,मैं भारत में रहता हूं
C:\Users\edwin\OneDrive\Desktop\Capstone\hindi indic\HDSD\hindi_sent\M56\M56_S1_H28_M2.wav,M56,S1,H28,M,False,kahaa jaataa hai ki unhoonnei kabhii jiivana mein jhuutha kaa sahaaraa nahiin liyaa,कहा जाता है कि उन्होंने कभी जीवन में झूठ का सहारा नहीं लिया
C:\Users\edwin\OneDrive\Desktop\Capstone\hindi indic\HDSD\hindi_sent\M56\M56_S1_H29_M2.wav,M56,S1,H29,M,False,aapakaa sandeisha paakara achchhaa lagaa,आपका संदेश पाकर अच्छा लगा
C:\Users\edwin\OneDrive\Desktop\Capstone\hindi indic\HDSD\hindi_sent\M56\M56_S1_H30_M2.wav,M56,S1,H30,M,False,jaldii sei jaldii kuchha kiijiei,जल्दी से जल्दी कुछ कीजिए
C:\Users\edwin\OneDrive\Desktop\Capstone\hindi indic\HDSD\hindi_sent\M58\M58_S1_H01_M2.wav,M58,S1,H01,M,False,aapakei hindii pasanda karanei para khushii huii,आपके हिंदी पसंद करने पर खुशी हुई
C:\Users\edwin\OneDrive\Desktop\Capstone\hindi indic\HDSD\hindi_sent\M58\M58_S1_H02_M2.wav,M58,S1,H02,M,False,isakei badalei mein tuma kuchha aura maanaga loo,इसके बदले में तुम कुछ और मांग लो
C:\Users\edwin\OneDrive\Desktop\Capstone\hindi indic\HDSD\hindi_sent\M58\M58_S1_H03_M2.wav,M58,S1,H03,M,False,chikitsaa kaa artha hootaa hai ilaaja,चिकित्सा का अर्थ होता है इलाज
C:\Users\edwin\OneDrive\Desktop\Capstone\hindi indic\HDSD\hindi_sent\M58\M58_S1_H04_M2.wav,M58,S1,H04,M,False,isei aisei hii jaarii rakhein,इसे ऐसे ही जारी रखें
C:\Users\edwin\OneDrive\Desktop\Capstone\hindi indic\HDSD\hindi_sent\M58\M58_S1_H05_M2.wav,M58,S1,H05,M,False,madada kei liyei bahuta dhanyavaada,मदद के लिए बहुत धन्यवाद
C:\Users\edwin\OneDrive\Desktop\Capstone\hindi indic\HDSD\hindi_sent\M58\M58_S1_H06_M2.wav,M58,S1,H06,M,False,aba joo main kahataa huuna usakaa paalana karoo,अब जो मैं कहता हूं उसका पालन करो
C:\Users\edwin\OneDrive\Desktop\Capstone\hindi indic\HDSD\hindi_sent\M58\M58_S1_H07_M2.wav,M58,S1,H07,M,False,bhaarata mein aisaa nahiin huaa hai,भारत में ऐसा नहीं हुआ है
C:\Users\edwin\OneDrive\Desktop\Capstone\hindi indic\HDSD\hindi_sent\M58\M58_S1_H08_M2.wav,M58,S1,H08,M,False,isa sahayooga heitu bhii bahuta dhanyavaada,इस सहयोग हेतु भी बहुत धन्यवाद
C:\Users\edwin\OneDrive\Desktop\Capstone\hindi indic\HDSD\hindi_sent\M58\M58_S1_H09_M2.wav,M58,S1,H09,M,False,para yaha sanbhava naa hoo sakaa,पर यह संभव ना हो सका
C:\Users\edwin\OneDrive\Desktop\Capstone\hindi indic\HDSD\hindi_sent\M58\M58_S1_H10_M2.wav,M58,S1,H10,M,False,meirii baatoon ki oora dhyaana diijiyei,मेरी बातों कि और ध्यान दीजिए
C:\Users\edwin\OneDrive\Desktop\Capstone\hindi indic\HDSD\hindi_sent\M58\M58_S1_H11_M2.wav,M58,S1,H11,M,False,yahaan sei sangharshha kaa daura shuruu huaa,यहाँ से संघर्ष का दौर शुरू हुआ
C:\Users\edwin\OneDrive\Desktop\Capstone\hindi indic\HDSD\hindi_sent\M58\M58_S1_H12_M2.wav,M58,S1,H12,M,False,doonoon mein badaa antara thaa,दोनों में बड़ा अंतर था
C:\Users\edwin\OneDrive\Desktop\Capstone\hindi indic\HDSD\hindi_sent\M58\M58_S1_H13_M2.wav,M58,S1,H13,M,False,aapa sabhii kei sahayooga kei liyei bahuta dhanyavaada,आप सभी के सहयोग के लिए बहुत धन्यवाद
C:\Users\edwin\OneDrive\Desktop\Capstone\hindi indic\HDSD\hindi_sent\M58\M58_S1_H14_M2.wav,M58,S1,H14,M,False,bahuta sei looga aisaa kara rahei hai,बहुत से लोग ऐसा कर रहे है
C:\Users\edwin\OneDrive\Desktop\Capstone\hindi indic\HDSD\hindi_sent\M58\M58_S1_H15_M2.wav,M58,S1,H15,M,False,samaya kei saatha hii nahiin usasei aagei chalaa jaaei,समय के साथ ही नहीं उससे आगे चला जाए
C:\Users\edwin\OneDrive\Desktop\Capstone\hindi indic\HDSD\hindi_sent\M58\M58_S1_H16_M2.wav,M58,S1,H16,M,False,main krikeita kheila koo kaaphii pasanda karataa huuna,मैं क्रिकेट खेल को काफी पसंद करता हूं
C:\Users\edwin\OneDrive\Desktop\Capstone\hindi indic\HDSD\hindi_sent\M58\M58_S1_H17_M2.wav,M58,S1,H17,M,False,shaayada samajha aa gayaa hoo,शायद समझ आ गया हो
C:\Users\edwin\OneDrive\Desktop\Capstone\hindi indic\HDSD\hindi_sent\M58\M58_S1_H18_M2.wav,M58,S1,H18,M,False,joo shaayada aapanei deikhaa naa hoo,जो शायद आपने देखा ना हो
C:\Users\edwin\OneDrive\Desktop\Capstone\hindi indic\HDSD\hindi_sent\M58\M58_S1_H19_M2.wav,M58,S1,H19,M,False,main bhuula hii gayaa thaa isa baata koo,मैं भूला ही गया था इस बात को
C:\Users\edwin\OneDrive\Desktop\Capstone\hindi indic\HDSD\hindi_sent\M58\M58_S1_H20_M2.wav,M58,S1,H20,M,False,magara vaha bhii nahiin huaa,मगर वह भी नहीं हुआ
C:\Users\edwin\OneDrive\Desktop\Capstone\hindi indic\HDSD\hindi_sent\M58\M58_S1_H21_M2.wav,M58,S1,H21,M,False,dara kaa artha hootaa hai bhaya,दर का अर्थ होता है भय
C:\Users\edwin\OneDrive\Desktop\Capstone\hindi indic\HDSD\hindi_sent\M58\M58_S1_H22_M2.wav,M58,S1,H22,M,False,eika baara phira sei aabhaara,एक बार फिर से आभार
C:\Users\edwin\OneDrive\Desktop\Capstone\hindi indic\HDSD\hindi_sent\M58\M58_S1_H23_M2.wav,M58,S1,H23,M,False,naa jaanei kitanei looga isei padhtei hai,ना जाने कितने लोग इसे पढ़ते है
C:\Users\edwin\OneDrive\Desktop\Capstone\hindi indic\HDSD\hindi_sent\M58\M58_S1_H24_M2.wav,M58,S1,H24,M,False,abhii main shaanta hii huuna,अभी मैं शांत ही हूं
C:\Users\edwin\OneDrive\Desktop\Capstone\hindi indic\HDSD\hindi_sent\M58\M58_S1_H25_M2.wav,M58,S1,H25,M,False,svaagata kei liyei dhanyavaada,स्वागत के लिए धन्यवाद
C:\Users\edwin\OneDrive\Desktop\Capstone\hindi indic\HDSD\hindi_sent\M58\M58_S1_H26_M2.wav,M58,S1,H26,M,False,aapa apanaa yaha achchhaa kaarya jaarii rakhein,आप अपना यह अच्छा कार्य जारी रखें
C:\Users\edwin\OneDrive\Desktop\Capstone\hindi indic\HDSD\hindi_sent\M58\M58_S1_H27_M2.wav,M58,S1,H27,M,False,main bhaarata mein rahataa huuna,मैं भारत में रहता हूं
C:\Users\edwin\OneDrive\Desktop\Capstone\hindi indic\HDSD\hindi_sent\M58\M58_S1_H28_M2.wav,M58,S1,H28,M,False,kahaa jaataa hai ki unhoonnei kabhii jiivana mein jhuutha kaa sahaaraa nahiin liyaa,कहा जाता है कि उन्होंने कभी जीवन में झूठ का सहारा नहीं लिया
C:\Users\edwin\OneDrive\Desktop\Capstone\hindi indic\HDSD\hindi_sent\M58\M58_S1_H29_M2.wav,M58,S1,H29,M,False,aapakaa sandeisha paakara achchhaa lagaa,आपका संदेश पाकर अच्छा लगा
C:\Users\edwin\OneDrive\Desktop\Capstone\hindi indic\HDSD\hindi_sent\M58\M58_S1_H30_M2.wav,M58,S1,H30,M,False,jaldii sei jaldii kuchha kiijiei,जल्दी से जल्दी कुछ कीजिए
C:\Users\edwin\OneDrive\Desktop\Capstone\hindi indic\HDSD\hindi_sent\M62\M62_S1_H01_M2.wav,M62,S1,H01,M,False,aapakei hindii pasanda karanei mein khushii huii,आपके हिंदी पसंद करने में खुशी हुई
C:\Users\edwin\OneDrive\Desktop\Capstone\hindi indic\HDSD\hindi_sent\M62\M62_S1_H02_M2.wav,M62,S1,H02,M,False,isakei badalei mein tuma kuchha aura maanaga maanaga loo,इसके बदले में तुम कुछ और मांग मांग लो
C:\Users\edwin\OneDrive\Desktop\Capstone\hindi indic\HDSD\hindi_sent\M62\M62_S1_H03_M2.wav,M62,S1,H03,M,False,chikitsaa kaa artha hootaa hai ilaaja,चिकित्सा का अर्थ होता है इलाज
C:\Users\edwin\OneDrive\Desktop\Capstone\hindi indic\HDSD\hindi_sent\M62\M62_S1_H04_M2.wav,M62,S1,H04,M,False,isei aisei bhii jaarii rakhein,इसे ऐसे भी जारी रखें
C:\Users\edwin\OneDrive\Desktop\Capstone\hindi indic\HDSD\hindi_sent\M62\M62_S1_H05_M2.wav,M62,S1,H05,M,False,madada kei liyei bahuta dhanyavaada,मदद के लिए बहुत धन्यवाद
C:\Users\edwin\OneDrive\Desktop\Capstone\hindi indic\HDSD\hindi_sent\M62\M62_S1_H06_M2.wav,M62,S1,H06,M,False,aba joo main kahataa huuna usakaa paalana karoo,अब जो मैं कहता हूं उसका पालन करो
C:\Users\edwin\OneDrive\Desktop\Capstone\hindi indic\HDSD\hindi_sent\M62\M62_S1_H07_M2.wav,M62,S1,H07,M,False,bhaarata mein aisaa nahiin huaa hai,भारत में ऐसा नहीं हुआ है
C:\Users\edwin\OneDrive\Desktop\Capstone\hindi indic\HDSD\hindi_sent\M62\M62_S1_H08_M2.wav,M62,S1,H08,M,False,isa sahayooga heitu bahuta dhanyavaada dhanyavaada,इस सहयोग हेतु बहुत धन्यवाद धन्यवाद
C:\Users\edwin\OneDrive\Desktop\Capstone\hindi indic\HDSD\hindi_sent\M62\M62_S1_H09_M2.wav,M62,S1,H09,M,False,para sanbhava naa sakaa,पर संभव ना सका
C:\Users\edwin\OneDrive\Desktop\Capstone\hindi indic\HDSD\hindi_sent\M62\M62_S1_H10_M2.wav,M62,S1,H10,M,False,meirii baatoon ki oora dhyaana,मेरी बातों कि और ध्यान
C:\Users\edwin\OneDrive\Desktop\Capstone\hindi indic\HDSD\hindi_sent\M62\M62_S1_H11_M2.wav,M62,S1,H11,M,False,yahaan sei,यहाँ से
C:\Users\edwin\OneDrive\Desktop\Capstone\hindi indic\HDSD\hindi_sent\M62\M62_S1_H12_M2.wav,M62,S1,H12,M,False,doonoon mein badaa antara thaa,दोनों में बड़ा अंतर था
C:\Users\edwin\OneDrive\Desktop\Capstone\hindi indic\HDSD\hindi_sent\M62\M62_S1_H13_M2.wav,M62,S1,H13,M,False,aapa sabhii kei sahayooga kei liyei bahuta dhanyavaada,आप सभी के सहयोग के लिए बहुत धन्यवाद
C:\Users\edwin\OneDrive\Desktop\Capstone\hindi indic\HDSD\hindi_sent\M62\M62_S1_H14_M2.wav,M62,S1,H14,M,False,bahuta sei looga aisaa kara rahei hai,बहुत से लोग ऐसा कर रहे है
C:\Users\edwin\OneDrive\Desktop\Capstone\hindi indic\HDSD\hindi_sent\M62\M62_S1_H15_M2.wav,M62,S1,H15,M,False,samaya kei saatha hii nahiin usasei aagei chalaa jaaei,समय के साथ ही नहीं उससे आगे चला जाए
C:\Users\edwin\OneDrive\Desktop\Capstone\hindi indic\HDSD\hindi_sent\M62\M62_S1_H16_M2.wav,M62,S1,H16,M,False,main krikeita kheila kaaphii pasanda karataa huuna,मैं क्रिकेट खेल काफी पसंद करता हूं
C:\Users\edwin\OneDrive\Desktop\Capstone\hindi indic\HDSD\hindi_sent\M62\M62_S1_H17_M2.wav,M62,S1,H17,M,False,samajha aa,समझ आ
C:\Users\edwin\OneDrive\Desktop\Capstone\hindi indic\HDSD\hindi_sent\M62\M62_S1_H18_M2.wav,M62,S1,H18,M,False,deikhaa naa,देखा ना
C:\Users\edwin\OneDrive\Desktop\Capstone\hindi indic\HDSD\hindi_sent\M62\M62_S1_H19_M2.wav,M62,S1,H19,M,False,main bhuula gayaa baata koo,मैं भूला गया बात को
C:\Users\edwin\OneDrive\Desktop\Capstone\hindi indic\HDSD\hindi_sent\M62\M62_S1_H20_M2.wav,M62,S1,H20,M,False,,
C:\Users\edwin\OneDrive\Desktop\Capstone\hindi indic\HDSD\hindi_sent\M62\M62_S1_H21_M2.wav,M62,S1,H21,M,False,,
C:\Users\edwin\OneDrive\Desktop\Capstone\hindi indic\HDSD\hindi_sent\M62\M62_S1_H22_M2.wav,M62,S1,H22,M,False,eika baara phira sei,एक बार फिर से
C:\Users\edwin\OneDrive\Desktop\Capstone\hindi indic\HDSD\hindi_sent\M62\M62_S1_H23_M2.wav,M62,S1,H23,M,False,padhtei hai,पढ़ते है
C:\Users\edwin\OneDrive\Desktop\Capstone\hindi indic\HDSD\hindi_sent\M62\M62_S1_H24_M2.wav,M62,S1,H24,M,False,abhii main shaanta,अभी मैं शांत
C:\Users\edwin\OneDrive\Desktop\Capstone\hindi indic\HDSD\hindi_sent\M62\M62_S1_H25_M2.wav,M62,S1,H25,M,False,kei liyei dhanyavaada,के लिए धन्यवाद
C:\Users\edwin\OneDrive\Desktop\Capstone\hindi indic\HDSD\hindi_sent\M62\M62_S1_H26_M2.wav,M62,S1,H26,M,False,,
C:\Users\edwin\OneDrive\Desktop\Capstone\hindi indic\HDSD\hindi_sent\M62\M62_S1_H27_M2.wav,M62,S1,H27,M,False,main bhaarata mein rahataa huuna,मैं भारत में रहता हूं
C:\Users\edwin\OneDrive\Desktop\Capstone\hindi indic\HDSD\hindi_sent\M62\M62_S1_H28_M2.wav,M62,S1,H28,M,False,kahaa jaataa hai ki kabhii jiivana mein jhuutha kaa nahiin,कहा जाता है कि कभी जीवन में झूठ का नहीं
C:\Users\edwin\OneDrive\Desktop\Capstone\hindi indic\HDSD\hindi_sent\M62\M62_S1_H29_M2.wav,M62,S1,H29,M,False,,
C:\Users\edwin\OneDrive\Desktop\Capstone\hindi indic\HDSD\hindi_sent\M62\M62_S1_H30_M2.wav,M62,S1,H30,M,False,jaldii sei jaldii kuchha kiijiei,जल्दी से जल्दी कुछ कीजिए
C:\Users\edwin\OneDrive\Desktop\Capstone\hindi indic\HDSD\hindi_sent\M62\M62_S2_H01_M2.wav,M62,S2,H01,M,False,aapakei hindii pasanda karanei para khushii huii,आपके हिंदी पसंद करने पर खुशी हुई
C:\Users\edwin\OneDrive\Desktop\Capstone\hindi indic\HDSD\hindi_sent\M62\M62_S2_H02_M2.wav,M62,S2,H02,M,False,isakei badalei mein tuma kuchha aura maanaga loo,इसके बदले में तुम कुछ और मांग लो
C:\Users\edwin\OneDrive\Desktop\Capstone\hindi indic\HDSD\hindi_sent\M62\M62_S2_H03_M2.wav,M62,S2,H03,M,False,chikitsaa kaa artha hootaa hai ilaaja,चिकित्सा का अर्थ होता है इलाज
C:\Users\edwin\OneDrive\Desktop\Capstone\hindi indic\HDSD\hindi_sent\M62\M62_S2_H04_M2.wav,M62,S2,H04,M,False,isei aisei hii jaarii rakhein,इसे ऐसे ही जारी रखें
C:\Users\edwin\OneDrive\Desktop\Capstone\hindi indic\HDSD\hindi_sent\M62\M62_S2_H05_M2.wav,M62,S2,H05,M,False,madada kei liyei bahuta dhanyavaada,मदद के लिए बहुत धन्यवाद
C:\Users\edwin\OneDrive\Desktop\Capstone\hindi indic\HDSD\hindi_sent\M62\M62_S2_H06_M2.wav,M62,S2,H06,M,False,aba joo main kahataa huuna usakaa paalana karoo,अब जो मैं कहता हूं उसका पालन करो
C:\Users\edwin\OneDrive\Desktop\Capstone\hindi indic\HDSD\hindi_sent\M62\M62_S2_H07_M2.wav,M62,S2,H07,M,False,bhaarata mein aisaa nahiin huaa,भारत में ऐसा नहीं हुआ
C:\Users\edwin\OneDrive\Desktop\Capstone\hindi indic\HDSD\hindi_sent\M62\M62_S2_H08_M2.wav,M62,S2,H08,M,False,isa sahayooga heitu bhii bahuta dhanyavaada,इस सहयोग हेतु भी बहुत धन्यवाद
C:\Users\edwin\OneDrive\Desktop\Capstone\hindi indic\HDSD\hindi_sent\M62\M62_S2_H09_M2.wav,M62,S2,H09,M,False,para yaha sanbhava naa hoo sakaa,पर यह संभव ना हो सका
C:\Users\edwin\OneDrive\Desktop\Capstone\hindi indic\HDSD\hindi_sent\M62\M62_S2_H10_M2.wav,M62,S2,H10,M,False,meirii baatoon ki oora dhyaana diijiyei,मेरी बातों कि और ध्यान दीजिए
C:\Users\edwin\OneDrive\Desktop\Capstone\hindi indic\HDSD\hindi_sent\M62\M62_S2_H11_M2.wav,M62,S2,H11,M,False,yahaan sei sangharshha kaa daura shuruu huaa,यहाँ से संघर्ष का दौर शुरू हुआ
C:\Users\edwin\OneDrive\Desktop\Capstone\hindi indic\HDSD\hindi_sent\M62\M62_S2_H12_M2.wav,M62,S2,H12,M,False,doonoon mein badaa antara thaa,दोनों में बड़ा अंतर था
C:\Users\edwin\OneDrive\Desktop\Capstone\hindi indic\HDSD\hindi_sent\M62\M62_S2_H13_M2.wav,M62,S2,H13,M,False,aapa sabhii kei sahayooga kei liyei dhanyavaada,आप सभी के सहयोग के लिए धन्यवाद
C:\Users\edwin\OneDrive\Desktop\Capstone\hindi indic\HDSD\hindi_sent\M62\M62_S2_H14_M2.wav,M62,S2,H14,M,False,bahuta sei looga aisaa kara rahei hai,बहुत से लोग ऐसा कर रहे है
C:\Users\edwin\OneDrive\Desktop\Capstone\hindi indic\HDSD\hindi_sent\M62\M62_S2_H15_M2.wav,M62,S2,H15,M,False,samaya kei saatha hii nahiin usasei aagei chalaa jaaei,समय के साथ ही नहीं उससे आगे चला जाए
C:\Users\edwin\OneDrive\Desktop\Capstone\hindi indic\HDSD\hindi_sent\M62\M62_S2_H16_M2.wav,M62,S2,H16,M,False,main krikeita kheila koo kaaphii pasanda karataa huuna,मैं क्रिकेट खेल को काफी पसंद करता हूं
C:\Users\edwin\OneDrive\Desktop\Capstone\hindi indic\HDSD\hindi_sent\M62\M62_S2_H17_M2.wav,M62,S2,H17,M,False,shaayada samajha aa gayaa hoo,शायद समझ आ गया हो
C:\Users\edwin\OneDrive\Desktop\Capstone\hindi indic\HDSD\hindi_sent\M62\M62_S2_H18_M2.wav,M62,S2,H18,M,False,shaayada aapanei deikhaa naa hoo,शायद आपने देखा ना हो
C:\Users\edwin\OneDrive\Desktop\Capstone\hindi indic\HDSD\hindi_sent\M62\M62_S2_H19_M2.wav,M62,S2,H19,M,False,main bhuula hii gayaa thaa isa baata,मैं भूला ही गया था इस बात
C:\Users\edwin\OneDrive\Desktop\Capstone\hindi indic\HDSD\hindi_sent\M62\M62_S2_H20_M2.wav,M62,S2,H20,M,False,magara vaha bhii nahiin huaa,मगर वह भी नहीं हुआ
C:\Users\edwin\OneDrive\Desktop\Capstone\hindi indic\HDSD\hindi_sent\M62\M62_S2_H21_M2.wav,M62,S2,H21,M,False,dara kaa artha hootaa bhaya,दर का अर्थ होता भय
C:\Users\edwin\OneDrive\Desktop\Capstone\hindi indic\HDSD\hindi_sent\M62\M62_S2_H22_M2.wav,M62,S2,H22,M,False,eika baara phira sei aabhaara,एक बार फिर से आभार
C:\Users\edwin\OneDrive\Desktop\Capstone\hindi indic\HDSD\hindi_sent\M62\M62_S2_H23_M2.wav,M62,S2,H23,M,False,naa jaanei kitanei looga isei padhtei hai,ना जाने कितने लोग इसे पढ़ते है
C:\Users\edwin\OneDrive\Desktop\Capstone\hindi indic\HDSD\hindi_sent\M62\M62_S2_H24_M2.wav,M62,S2,H24,M,False,abhii main shaanta hii huuna,अभी मैं शांत ही हूं
C:\Users\edwin\OneDrive\Desktop\Capstone\hindi indic\HDSD\hindi_sent\M62\M62_S2_H25_M2.wav,M62,S2,H25,M,False,svaagata kei liyei dhanyavaada,स्वागत के लिए धन्यवाद
C:\Users\edwin\OneDrive\Desktop\Capstone\hindi indic\HDSD\hindi_sent\M62\M62_S2_H26_M2.wav,M62,S2,H26,M,False,achchhaa kaarya jaarii rakhein,अच्छा कार्य जारी रखें
C:\Users\edwin\OneDrive\Desktop\Capstone\hindi indic\HDSD\hindi_sent\M62\M62_S2_H27_M2.wav,M62,S2,H27,M,False,main bhaarata mein rahataa huuna,मैं भारत में रहता हूं
C:\Users\edwin\OneDrive\Desktop\Capstone\hindi indic\HDSD\hindi_sent\M62\M62_S2_H28_M2.wav,M62,S2,H28,M,False,kahaa jaataa hai ki unhoonnei kabhii jiivana mein jhuutha kaa sahaaraa nahiin liyaa,कहा जाता है कि उन्होंने कभी जीवन में झूठ का सहारा नहीं लिया
C:\Users\edwin\OneDrive\Desktop\Capstone\hindi indic\HDSD\hindi_sent\M62\M62_S2_H29_M2.wav,M62,S2,H29,M,False,aapakaa sandeisha paakara achchhaa lagaa,आपका संदेश पाकर अच्छा लगा
C:\Users\edwin\OneDrive\Desktop\Capstone\hindi indic\HDSD\hindi_sent\M62\M62_S2_H30_M2.wav,M62,S2,H30,M,False,jaldii sei jaldii kuchha kiijiei,जल्दी से जल्दी कुछ कीजिए
