audio,text,speaker,utterance,mic,n_words,duration_sec,text_devnagari,sentence_id
C:\Users\edwin\OneDrive\Desktop\Capstone\hindi indic\HDSD\hindi_sent\F11\F11_S1_H01_M2.wav,aapakei hindii pasanda karanei para khushii huii,F11,F11_S1_H01,M2,7,4.375,आपके हिंदी पसंद करने पर खुशी हुई,H01
C:\Users\edwin\OneDrive\Desktop\Capstone\hindi indic\HDSD\hindi_sent\F11\F11_S1_H02_M2.wav,isakei badalei mein tuma aura maanaga loo,F11,F11_S1_H02,M2,7,2.8813125,इसके बदले में तुम और मांग लो,H02
C:\Users\edwin\OneDrive\Desktop\Capstone\hindi indic\HDSD\hindi_sent\F11\F11_S1_H03_M2.wav,chikitsaa kaa artha hootaa hai ilaaja,F11,F11_S1_H03,M2,6,3.5188125,चिकित्सा का अर्थ होता है इलाज,H03
C:\Users\edwin\OneDrive\Desktop\Capstone\hindi indic\HDSD\hindi_sent\F11\F11_S1_H04_M2.wav,isei aisei hii jaarii rakhein,F11,F11_S1_H04,M2,5,3.6000625,इसे ऐसे ही जारी रखें,H04
C:\Users\edwin\OneDrive\Desktop\Capstone\hindi indic\HDSD\hindi_sent\F11\F11_S1_H05_M2.wav,madada kei liyei bahuta dhanyavaada,F11,F11_S1_H05,M2,5,2.7625625,मदद के लिए बहुत धन्यवाद,H05
C:\Users\edwin\OneDrive\Desktop\Capstone\hindi indic\HDSD\hindi_sent\F11\F11_S1_H06_M2.wav,aba joo main kahataa huuna usakaa paalana karoo,F11,F11_S1_H06,M2,8,4.5125625,अब जो मैं कहता हूं उसका पालन करो,H06
C:\Users\edwin\OneDrive\Desktop\Capstone\hindi indic\HDSD\hindi_sent\F11\F11_S1_H07_M2.wav,bhaarata mein aisaa nahiin huaa hai,F11,F11_S1_H07,M2,6,3.3063125,भारत में ऐसा नहीं हुआ है,H07
C:\Users\edwin\OneDrive\Desktop\Capstone\hindi indic\HDSD\hindi_sent\F11\F11_S1_H08_M2.wav,isa sahayooga heitu bhii bahuta dhanyavaada,F11,F11_S1_H08,M2,6,3.6500625,इस सहयोग हेतु भी बहुत धन्यवाद,H08
C:\Users\edwin\OneDrive\Desktop\Capstone\hindi indic\HDSD\hindi_sent\F11\F11_S1_H11_M2.wav,yahaan sei sangharshha daura shuruu huaa,F11,F11_S1_H11,M2,6,3.8375625,यहाँ से संघर्ष दौर शुरू हुआ,H11
C:\Users\edwin\OneDrive\Desktop\Capstone\hindi indic\HDSD\hindi_sent\F11\F11_S1_H12_M2.wav,doonoon mein badaa badaa antara thaa,F11,F11_S1_H12,M2,6,3.0661875,दोनों में बड़ा बड़ा अंतर था,H12
C:\Users\edwin\OneDrive\Desktop\Capstone\hindi indic\HDSD\hindi_sent\F12\F12_S1_H01_M2.wav,aapakei hindii pasanda karanei para khushii huii,F12,F12_S1_H01,M2,7,2.95625,आपके हिंदी पसंद करने पर खुशी हुई,H01
C:\Users\edwin\OneDrive\Desktop\Capstone\hindi indic\HDSD\hindi_sent\F12\F12_S1_H02_M2.wav,isakei badalei mein tuma kuchha aura maanaga loo,F12,F12_S1_H02,M2,8,2.7688125,इसके बदले में तुम कुछ और मांग लो,H02
C:\Users\edwin\OneDrive\Desktop\Capstone\hindi indic\HDSD\hindi_sent\F12\F12_S1_H03_M2.wav,chikitsaa kaa artha ilaaja hootaa hai ilaaja,F12,F12_S1_H03,M2,7,3.3938125,चिकित्सा का अर्थ इलाज होता है इलाज,H03
C:\Users\edwin\OneDrive\Desktop\Capstone\hindi indic\HDSD\hindi_sent\F12\F12_S1_H04_M2.wav,isei aisei hii jaarii rakhein,F12,F12_S1_H04,M2,5,2.1938125,इसे ऐसे ही जारी रखें,H04
C:\Users\edwin\OneDrive\Desktop\Capstone\hindi indic\HDSD\hindi_sent\F12\F12_S1_H05_M2.wav,madada kei liyei bahuta dhanyavaada,F12,F12_S1_H05,M2,5,1.9375625,मदद के लिए बहुत धन्यवाद,H05
C:\Users\edwin\OneDrive\Desktop\Capstone\hindi indic\HDSD\hindi_sent\F12\F12_S1_H06_M2.wav,joo main kahataa huuna aba joo main kahataa huuna usakaa paalana karoo,F12,F12_S1_H06,M2,12,3.7750625,जो मैं कहता हूं अब जो मैं कहता हूं उसका पालन करो,H06
C:\Users\edwin\OneDrive\Desktop\Capstone\hindi indic\HDSD\hindi_sent\F12\F12_S1_H07_M2.wav,bhaarata mein aisaa nahiin huaa hai,F12,F12_S1_H07,M2,6,2.2750625,भारत में ऐसा नहीं हुआ है,H07
C:\Users\edwin\OneDrive\Desktop\Capstone\hindi indic\HDSD\hindi_sent\F12\F12_S1_H08_M2.wav,isa sahayooga heitu dhanyavaada isa sahayooga dhanyavaada,F12,F12_S1_H08,M2,7,5.3625625,इस सहयोग हेतु धन्यवाद इस सहयोग धन्यवाद,H08
C:\Users\edwin\OneDrive\Desktop\Capstone\hindi indic\HDSD\hindi_sent\F12\F12_S1_H11_M2.wav,yahaan sei sangharshha daura shuruu huaa,F12,F12_S1_H11,M2,6,3.0563125,यहाँ से संघर्ष दौर शुरू हुआ,H11
C:\Users\edwin\OneDrive\Desktop\Capstone\hindi indic\HDSD\hindi_sent\F12\F12_S1_H12_M2.wav,doonoon mein badaa antara thaa,F12,F12_S1_H12,M2,5,1.7688125,दोनों में बड़ा अंतर था,H12
C:\Users\edwin\OneDrive\Desktop\Capstone\hindi indic\HDSD\hindi_sent\F12\F12_S1_H14_M2.wav,bahuta sei looga aisaa kara rahei hai,F12,F12_S1_H14,M2,7,2.1750625,बहुत से लोग ऐसा कर रहे है,H14
C:\Users\edwin\OneDrive\Desktop\Capstone\hindi indic\HDSD\hindi_sent\F12\F12_S1_H15_M2.wav,samaya kei saatha hii nahiin usasei aagei chalaa jaaei,F12,F12_S1_H15,M2,9,3.1755,समय के साथ ही नहीं उससे आगे चला जाए,H15
C:\Users\edwin\OneDrive\Desktop\Capstone\hindi indic\HDSD\hindi_sent\F12\F12_S1_H17_M2.wav,shaayada samajha aa gayaa hoo,F12,F12_S1_H17,M2,5,1.9313125,शायद समझ आ गया हो,H17
C:\Users\edwin\OneDrive\Desktop\Capstone\hindi indic\HDSD\hindi_sent\F12\F12_S1_H19_M2.wav,main bhuula hii gayaa thaa isa baata koo,F12,F12_S1_H19,M2,8,2.0938125,मैं भूला ही गया था इस बात को,H19
C:\Users\edwin\OneDrive\Desktop\Capstone\hindi indic\HDSD\hindi_sent\F12\F12_S1_H20_M2.wav,magara vaha bhii nahiin huaa,F12,F12_S1_H20,M2,5,1.6563125,मगर वह भी नहीं हुआ,H20
C:\Users\edwin\OneDrive\Desktop\Capstone\hindi indic\HDSD\hindi_sent\F12\F12_S1_H21_M2.wav,dara kaa artha hootaa hai bhaya,F12,F12_S1_H21,M2,6,2.0263125,दर का अर्थ होता है भय,H21
C:\Users\edwin\OneDrive\Desktop\Capstone\hindi indic\HDSD\hindi_sent\F12\F12_S1_H22_M2.wav,eika baara phira sei aabhaara,F12,F12_S1_H22,M2,5,1.6488125,एक बार फिर से आभार,H22
C:\Users\edwin\OneDrive\Desktop\Capstone\hindi indic\HDSD\hindi_sent\F12\F12_S1_H23_M2.wav,jaanei kitanei looga isei padhtei hai naa jaanei kitanei kitanei looga padhtei hai isei padhtei hai,F12,F12_S1_H23,M2,16,7.1688125,जाने कितने लोग इसे पढ़ते है ना जाने कितने कितने लोग पढ़ते है इसे पढ़ते है,H23
C:\Users\edwin\OneDrive\Desktop\Capstone\hindi indic\HDSD\hindi_sent\F12\F12_S1_H26_M2.wav,aapa yaha apanaa achchhaa kaarya aapa apanaa yaha achchhaa kaarya jaarii rakhein,F12,F12_S1_H26,M2,12,5.8375625,आप यह अपना अच्छा कार्य आप अपना यह अच्छा कार्य जारी रखें,H26
C:\Users\edwin\OneDrive\Desktop\Capstone\hindi indic\HDSD\hindi_sent\F12\F12_S1_H27_M2.wav,main bhaarata mein rahataa huuna,F12,F12_S1_H27,M2,5,1.8125625,मैं भारत में रहता हूं,H27
C:\Users\edwin\OneDrive\Desktop\Capstone\hindi indic\HDSD\hindi_sent\F12\F12_S1_H30_M2.wav,jaldii sei jaldii kuchha kiijiei,F12,F12_S1_H30,M2,5,1.835625,जल्दी से जल्दी कुछ कीजिए,H30
C:\Users\edwin\OneDrive\Desktop\Capstone\hindi indic\HDSD\hindi_sent\F29\F29_S1_H01_M2.wav,aapakei hindii pasanda karanei para khushii huii,F29,F29_S1_H01,M2,7,2.825,आपके हिंदी पसंद करने पर खुशी हुई,H01
C:\Users\edwin\OneDrive\Desktop\Capstone\hindi indic\HDSD\hindi_sent\F29\F29_S1_H02_M2.wav,isakei badalei mein tuma kuchha aura maanaga loo,F29,F29_S1_H02,M2,8,2.9375625,इसके बदले में तुम कुछ और मांग लो,H02
C:\Users\edwin\OneDrive\Desktop\Capstone\hindi indic\HDSD\hindi_sent\F29\F29_S1_H03_M2.wav,chikitsaa kaa artha hootaa hai ilaaja,F29,F29_S1_H03,M2,6,2.2688125,चिकित्सा का अर्थ होता है इलाज,H03
C:\Users\edwin\OneDrive\Desktop\Capstone\hindi indic\HDSD\hindi_sent\F29\F29_S1_H04_M2.wav,isei aisei hii jaarii rakhein,F29,F29_S1_H04,M2,5,1.8938125,इसे ऐसे ही जारी रखें,H04
C:\Users\edwin\OneDrive\Desktop\Capstone\hindi indic\HDSD\hindi_sent\F29\F29_S1_H05_M2.wav,madada kei liyei bahuta dhanyavaada,F29,F29_S1_H05,M2,5,2.0375625,मदद के लिए बहुत धन्यवाद,H05
C:\Users\edwin\OneDrive\Desktop\Capstone\hindi indic\HDSD\hindi_sent\F29\F29_S1_H06_M2.wav,aba joo main kahataa huuna usakaa paalana karoo,F29,F29_S1_H06,M2,8,3.1188125,अब जो मैं कहता हूं उसका पालन करो,H06
C:\Users\edwin\OneDrive\Desktop\Capstone\hindi indic\HDSD\hindi_sent\F29\F29_S1_H07_M2.wav,bhaarata mein aisaa nahiin huaa huaa hai,F29,F29_S1_H07,M2,7,2.8500625,भारत में ऐसा नहीं हुआ हुआ है,H07
C:\Users\edwin\OneDrive\Desktop\Capstone\hindi indic\HDSD\hindi_sent\F29\F29_S1_H08_M2.wav,isa sahayooga heitu bhii bahuta dhanyavaada,F29,F29_S1_H08,M2,6,3.3563125,इस सहयोग हेतु भी बहुत धन्यवाद,H08
C:\Users\edwin\OneDrive\Desktop\Capstone\hindi indic\HDSD\hindi_sent\F29\F29_S1_H11_M2.wav,yahaan sei sangharshha kaa daura shuruu huaa,F29,F29_S1_H11,M2,7,2.9063125,यहाँ से संघर्ष का दौर शुरू हुआ,H11
C:\Users\edwin\OneDrive\Desktop\Capstone\hindi indic\HDSD\hindi_sent\F29\F29_S1_H12_M2.wav,doonoon mein badaa antara thaa,F29,F29_S1_H12,M2,5,1.9375625,दोनों में बड़ा अंतर था,H12
C:\Users\edwin\OneDrive\Desktop\Capstone\hindi indic\HDSD\hindi_sent\F29\F29_S1_H14_M2.wav,bahuta sei looga aisaa kara rahei kara rahei hai,F29,F29_S1_H14,M2,9,3.5875625,बहुत से लोग ऐसा कर रहे कर रहे है,H14
C:\Users\edwin\OneDrive\Desktop\Capstone\hindi indic\HDSD\hindi_sent\F29\F29_S1_H15_M2.wav,samaya kei saatha hii nahiin usasei aagei chalaa jaaei,F29,F29_S1_H15,M2,9,3.9125625,समय के साथ ही नहीं उससे आगे चला जाए,H15
C:\Users\edwin\OneDrive\Desktop\Capstone\hindi indic\HDSD\hindi_sent\F29\F29_S1_H17_M2.wav,shaayada samajha aa gayaa hoo,F29,F29_S1_H17,M2,5,2.8813125,शायद समझ आ गया हो,H17
C:\Users\edwin\OneDrive\Desktop\Capstone\hindi indic\HDSD\hindi_sent\F29\F29_S1_H19_M2.wav,main bhuula hii gayaa thaa isa baata koo,F29,F29_S1_H19,M2,8,2.7438125,मैं भूला ही गया था इस बात को,H19
C:\Users\edwin\OneDrive\Desktop\Capstone\hindi indic\HDSD\hindi_sent\F29\F29_S1_H20_M2.wav,magara vaha bhii nahiin huaa,F29,F29_S1_H20,M2,5,2.1688125,मगर वह भी नहीं हुआ,H20
C:\Users\edwin\OneDrive\Desktop\Capstone\hindi indic\HDSD\hindi_sent\F29\F29_S1_H21_M2.wav,dara kaa artha hootaa hai bhaya,F29,F29_S1_H21,M2,6,1.8750625,दर का अर्थ होता है भय,H21
C:\Users\edwin\OneDrive\Desktop\Capstone\hindi indic\HDSD\hindi_sent\F29\F29_S1_H22_M2.wav,eika baara phira sei aabhaara,F29,F29_S1_H22,M2,5,1.7188125,एक बार फिर से आभार,H22
C:\Users\edwin\OneDrive\Desktop\Capstone\hindi indic\HDSD\hindi_sent\F29\F29_S1_H23_M2.wav,naa jaanei kitanei looga isei padhtei hai,F29,F29_S1_H23,M2,7,2.6188125,ना जाने कितने लोग इसे पढ़ते है,H23
C:\Users\edwin\OneDrive\Desktop\Capstone\hindi indic\HDSD\hindi_sent\F29\F29_S1_H26_M2.wav,aapa apanaa yaha achchhaa kaarya jaarii rakhein,F29,F29_S1_H26,M2,7,3.2625625,आप अपना यह अच्छा कार्य जारी रखें,H26
C:\Users\edwin\OneDrive\Desktop\Capstone\hindi indic\HDSD\hindi_sent\F29\F29_S1_H27_M2.wav,main bhaarata mein rahataa huuna,F29,F29_S1_H27,M2,5,1.6563125,मैं भारत में रहता हूं,H27
C:\Users\edwin\OneDrive\Desktop\Capstone\hindi indic\HDSD\hindi_sent\F29\F29_S1_H30_M2.wav,jaldii sei jaldii kuchha kiijiei,F29,F29_S1_H30,M2,5,1.8535625,जल्दी से जल्दी कुछ कीजिए,H30
C:\Users\edwin\OneDrive\Desktop\Capstone\hindi indic\HDSD\hindi_sent\F34\F34_S1_H01_M2.wav,aapakei hindii pasanda karanei para khushii huii,F34,F34_S1_H01,M2,7,3.15,आपके हिंदी पसंद करने पर खुशी हुई,H01
C:\Users\edwin\OneDrive\Desktop\Capstone\hindi indic\HDSD\hindi_sent\F34\F34_S1_H02_M2.wav,isakei badalei mein tuma kuchha aura maanaga loo,F34,F34_S1_H02,M2,8,2.9750625,इसके बदले में तुम कुछ और मांग लो,H02
C:\Users\edwin\OneDrive\Desktop\Capstone\hindi indic\HDSD\hindi_sent\F34\F34_S1_H03_M2.wav,chikitsaa kaa artha hootaa hai ilaaja,F34,F34_S1_H03,M2,6,2.5000625,चिकित्सा का अर्थ होता है इलाज,H03
C:\Users\edwin\OneDrive\Desktop\Capstone\hindi indic\HDSD\hindi_sent\F34\F34_S1_H04_M2.wav,isei aisei hii jaarii rakhein,F34,F34_S1_H04,M2,5,2.5313125,इसे ऐसे ही जारी रखें,H04
C:\Users\edwin\OneDrive\Desktop\Capstone\hindi indic\HDSD\hindi_sent\F34\F34_S1_H05_M2.wav,madada kei liyei dhanyavaada bahuta bahuta dhanyavaada,F34,F34_S1_H05,M2,7,3.2375625,मदद के लिए धन्यवाद बहुत बहुत धन्यवाद,H05
C:\Users\edwin\OneDrive\Desktop\Capstone\hindi indic\HDSD\hindi_sent\F34\F34_S1_H06_M2.wav,joo main kahataa huuna paalana paalana karoo paalana karoo,F34,F34_S1_H06,M2,9,3.6500625,जो मैं कहता हूं पालन पालन करो पालन करो,H06
C:\Users\edwin\OneDrive\Desktop\Capstone\hindi indic\HDSD\hindi_sent\F34\F34_S1_H07_M2.wav,bhaarata mein aisaa nahiin huaa hai,F34,F34_S1_H07,M2,6,3.0188125,भारत में ऐसा नहीं हुआ है,H07
C:\Users\edwin\OneDrive\Desktop\Capstone\hindi indic\HDSD\hindi_sent\F34\F34_S1_H08_M2.wav,isa sahayooga bhii bahuta dhanyavaada,F34,F34_S1_H08,M2,5,2.5000625,इस सहयोग भी बहुत धन्यवाद,H08
C:\Users\edwin\OneDrive\Desktop\Capstone\hindi indic\HDSD\hindi_sent\F35\F35_S1_H01_M2.wav,aapakei hindii pasanda karanei para khushii huii,F35,F35_S1_H01,M2,7,2.7935625,आपके हिंदी पसंद करने पर खुशी हुई,H01
C:\Users\edwin\OneDrive\Desktop\Capstone\hindi indic\HDSD\hindi_sent\F35\F35_S1_H02_M2.wav,isakei badalei mein tuma kuchha aura maanaga loo,F35,F35_S1_H02,M2,8,3.265625,इसके बदले में तुम कुछ और मांग लो,H02
C:\Users\edwin\OneDrive\Desktop\Capstone\hindi indic\HDSD\hindi_sent\F35\F35_S1_H03_M2.wav,chikitsaa kaa artha hootaa hai ilaaja,F35,F35_S1_H03,M2,6,3.6784375,चिकित्सा का अर्थ होता है इलाज,H03
C:\Users\edwin\OneDrive\Desktop\Capstone\hindi indic\HDSD\hindi_sent\F35\F35_S1_H04_M2.wav,isei aisei hii jaarii rakhein,F35,F35_S1_H04,M2,5,3.3375625,इसे ऐसे ही जारी रखें,H04
C:\Users\edwin\OneDrive\Desktop\Capstone\hindi indic\HDSD\hindi_sent\F35\F35_S1_H05_M2.wav,madada kei liyei bahuta dhanyavaada,F35,F35_S1_H05,M2,5,2.3319375,मदद के लिए बहुत धन्यवाद,H05
C:\Users\edwin\OneDrive\Desktop\Capstone\hindi indic\HDSD\hindi_sent\F35\F35_S1_H06_M2.wav,aba joo main kahataa huuna usakaa paalana karoo,F35,F35_S1_H06,M2,8,3.0623125,अब जो मैं कहता हूं उसका पालन करो,H06
C:\Users\edwin\OneDrive\Desktop\Capstone\hindi indic\HDSD\hindi_sent\F35\F35_S1_H07_M2.wav,bhaarata mein aisaa nahiin huaa hai,F35,F35_S1_H07,M2,6,2.2684375,भारत में ऐसा नहीं हुआ है,H07
C:\Users\edwin\OneDrive\Desktop\Capstone\hindi indic\HDSD\hindi_sent\F35\F35_S1_H08_M2.wav,isa sahayooga heitu bhii bahuta dhanyavaada,F35,F35_S1_H08,M2,6,3.3725625,इस सहयोग हेतु भी बहुत धन्यवाद,H08
C:\Users\edwin\OneDrive\Desktop\Capstone\hindi indic\HDSD\hindi_sent\F35\F35_S1_H11_M2.wav,yahaan sei sangharshha kaa daura shuruu huaa,F35,F35_S1_H11,M2,7,3.6375625,यहाँ से संघर्ष का दौर शुरू हुआ,H11
C:\Users\edwin\OneDrive\Desktop\Capstone\hindi indic\HDSD\hindi_sent\F35\F35_S1_H12_M2.wav,doonoon mein badaa antara thaa,F35,F35_S1_H12,M2,5,2.0313125,दोनों में बड़ा अंतर था,H12
C:\Users\edwin\OneDrive\Desktop\Capstone\hindi indic\HDSD\hindi_sent\F35\F35_S1_H14_M2.wav,bahuta sei looga aisaa kara rahei hai,F35,F35_S1_H14,M2,7,2.7125625,बहुत से लोग ऐसा कर रहे है,H14
C:\Users\edwin\OneDrive\Desktop\Capstone\hindi indic\HDSD\hindi_sent\F35\F35_S1_H15_M2.wav,samaya kei saatha hii nahiin usasei aagei chalaa jaaei,F35,F35_S1_H15,M2,9,5.1063125,समय के साथ ही नहीं उससे आगे चला जाए,H15
C:\Users\edwin\OneDrive\Desktop\Capstone\hindi indic\HDSD\hindi_sent\F35\F35_S1_H17_M2.wav,shaayada samajha aa gayaa hoo,F35,F35_S1_H17,M2,5,2.4563125,शायद समझ आ गया हो,H17
C:\Users\edwin\OneDrive\Desktop\Capstone\hindi indic\HDSD\hindi_sent\F35\F35_S1_H19_M2.wav,main bhuula hii gayaa thaa isa baata koo,F35,F35_S1_H19,M2,8,2.8250625,मैं भूला ही गया था इस बात को,H19
C:\Users\edwin\OneDrive\Desktop\Capstone\hindi indic\HDSD\hindi_sent\F35\F35_S1_H20_M2.wav,magara vaha bhii nahiin huaa,F35,F35_S1_H20,M2,5,2.7500625,मगर वह भी नहीं हुआ,H20
C:\Users\edwin\OneDrive\Desktop\Capstone\hindi indic\HDSD\hindi_sent\F35\F35_S1_H21_M2.wav,dara kaa artha hootaa hai bhaya,F35,F35_S1_H21,M2,6,2.4688125,दर का अर्थ होता है भय,H21
C:\Users\edwin\OneDrive\Desktop\Capstone\hindi indic\HDSD\hindi_sent\F35\F35_S1_H22_M2.wav,eika baara phira sei aabhaara,F35,F35_S1_H22,M2,5,2.2438125,एक बार फिर से आभार,H22
C:\Users\edwin\OneDrive\Desktop\Capstone\hindi indic\HDSD\hindi_sent\F35\F35_S1_H23_M2.wav,naa jaanei kitanei looga isei padhtei hai,F35,F35_S1_H23,M2,7,3.4813125,ना जाने कितने लोग इसे पढ़ते है,H23
C:\Users\edwin\OneDrive\Desktop\Capstone\hindi indic\HDSD\hindi_sent\F35\F35_S1_H26_M2.wav,aapa apanaa yaha achchhaa kaarya jaarii rakhein,F35,F35_S1_H26,M2,7,3.5188125,आप अपना यह अच्छा कार्य जारी रखें,H26
C:\Users\edwin\OneDrive\Desktop\Capstone\hindi indic\HDSD\hindi_sent\F35\F35_S1_H27_M2.wav,main bhaarata mein rahataa huuna,F35,F35_S1_H27,M2,5,2.6313125,मैं भारत में रहता हूं,H27
C:\Users\edwin\OneDrive\Desktop\Capstone\hindi indic\HDSD\hindi_sent\F35\F35_S1_H30_M2.wav,jaldii sei jaldii kuchha kiijiei,F35,F35_S1_H30,M2,5,2.3060625,जल्दी से जल्दी कुछ कीजिए,H30
C:\Users\edwin\OneDrive\Desktop\Capstone\hindi indic\HDSD\hindi_sent\F45\F45_S1_H01_M2.wav,aapakei hindii pasanda karanei para khushii huii,F45,F45_S1_H01,M2,7,5.0625,आपके हिंदी पसंद करने पर खुशी हुई,H01
C:\Users\edwin\OneDrive\Desktop\Capstone\hindi indic\HDSD\hindi_sent\F45\F45_S1_H02_M2.wav,isakei badalei mein tuma kuchha aura maanaga loo,F45,F45_S1_H02,M2,8,6.1625625,इसके बदले में तुम कुछ और मांग लो,H02
C:\Users\edwin\OneDrive\Desktop\Capstone\hindi indic\HDSD\hindi_sent\F45\F45_S1_H03_M2.wav,chikitsaa kaa artha hootaa hai ilaaja,F45,F45_S1_H03,M2,6,3.5625625,चिकित्सा का अर्थ होता है इलाज,H03
C:\Users\edwin\OneDrive\Desktop\Capstone\hindi indic\HDSD\hindi_sent\F45\F45_S1_H04_M2.wav,isei aisei hii jaarii rakhein,F45,F45_S1_H04,M2,5,3.6938125,इसे ऐसे ही जारी रखें,H04
C:\Users\edwin\OneDrive\Desktop\Capstone\hindi indic\HDSD\hindi_sent\F45\F45_S1_H05_M2.wav,madada kei liyei bahuta dhanyavaada,F45,F45_S1_H05,M2,5,2.8438125,मदद के लिए बहुत धन्यवाद,H05
C:\Users\edwin\OneDrive\Desktop\Capstone\hindi indic\HDSD\hindi_sent\F45\F45_S1_H06_M2.wav,aba joo main kahataa huuna usakaa paalana karoo,F45,F45_S1_H06,M2,8,4.5500625,अब जो मैं कहता हूं उसका पालन करो,H06
C:\Users\edwin\OneDrive\Desktop\Capstone\hindi indic\HDSD\hindi_sent\F45\F45_S1_H07_M2.wav,bhaarata mein aisaa nahiin huaa hai,F45,F45_S1_H07,M2,6,4.3563125,भारत में ऐसा नहीं हुआ है,H07
C:\Users\edwin\OneDrive\Desktop\Capstone\hindi indic\HDSD\hindi_sent\F45\F45_S1_H08_M2.wav,isa sahayooga heitu bhii bahuta dhanyavaada,F45,F45_S1_H08,M2,6,4.1750625,इस सहयोग हेतु भी बहुत धन्यवाद,H08
C:\Users\edwin\OneDrive\Desktop\Capstone\hindi indic\HDSD\hindi_sent\F45\F45_S1_H11_M2.wav,yahaan sei sangharshha kaa daura shuruu huaa,F45,F45_S1_H11,M2,7,2.9375625,यहाँ से संघर्ष का दौर शुरू हुआ,H11
C:\Users\edwin\OneDrive\Desktop\Capstone\hindi indic\HDSD\hindi_sent\F45\F45_S1_H12_M2.wav,doonoon mein badaa antara thaa,F45,F45_S1_H12,M2,5,2.7250625,दोनों में बड़ा अंतर था,H12
C:\Users\edwin\OneDrive\Desktop\Capstone\hindi indic\HDSD\hindi_sent\F45\F45_S1_H14_M2.wav,bahuta sei looga aisaa kara rahei hai,F45,F45_S1_H14,M2,7,2.1875625,बहुत से लोग ऐसा कर रहे है,H14
C:\Users\edwin\OneDrive\Desktop\Capstone\hindi indic\HDSD\hindi_sent\F45\F45_S1_H15_M2.wav,samaya kei saatha hii nahiin usasei aagei chalaa jaaei,F45,F45_S1_H15,M2,9,3.6750625,समय के साथ ही नहीं उससे आगे चला जाए,H15
C:\Users\edwin\OneDrive\Desktop\Capstone\hindi indic\HDSD\hindi_sent\F45\F45_S1_H17_M2.wav,shaayada samajha gayaa hoo shaayada samajha aa gayaa hoo,F45,F45_S1_H17,M2,9,4.1000625,शायद समझ गया हो शायद समझ आ गया हो,H17
C:\Users\edwin\OneDrive\Desktop\Capstone\hindi indic\HDSD\hindi_sent\F45\F45_S1_H19_M2.wav,main bhuula hii gayaa thaa isa baata koo,F45,F45_S1_H19,M2,8,2.5563125,मैं भूला ही गया था इस बात को,H19
C:\Users\edwin\OneDrive\Desktop\Capstone\hindi indic\HDSD\hindi_sent\F45\F45_S1_H20_M2.wav,magara vaha bhii nahiin huaa,F45,F45_S1_H20,M2,5,1.6938125,मगर वह भी नहीं हुआ,H20
C:\Users\edwin\OneDrive\Desktop\Capstone\hindi indic\HDSD\hindi_sent\F45\F45_S1_H21_M2.wav,dara kaa artha hootaa hai bhaya bhaya,F45,F45_S1_H21,M2,7,2.4875625,दर का अर्थ होता है भय भय,H21
C:\Users\edwin\OneDrive\Desktop\Capstone\hindi indic\HDSD\hindi_sent\F45\F45_S1_H22_M2.wav,eika baara phira sei aabhaara,F45,F45_S1_H22,M2,5,2.0188125,एक बार फिर से आभार,H22
C:\Users\edwin\OneDrive\Desktop\Capstone\hindi indic\HDSD\hindi_sent\F45\F45_S1_H23_M2.wav,naa jaanei kitanei looga isei padhtei hai,F45,F45_S1_H23,M2,7,2.8375625,ना जाने कितने लोग इसे पढ़ते है,H23
C:\Users\edwin\OneDrive\Desktop\Capstone\hindi indic\HDSD\hindi_sent\F45\F45_S1_H26_M2.wav,aapa apanaa yaha achchhaa kaarya jaarii rakhein,F45,F45_S1_H26,M2,7,3.5500625,आप अपना यह अच्छा कार्य जारी रखें,H26
C:\Users\edwin\OneDrive\Desktop\Capstone\hindi indic\HDSD\hindi_sent\F45\F45_S1_H27_M2.wav,main bhaarata mein rahataa huuna,F45,F45_S1_H27,M2,5,1.8750625,मैं भारत में रहता हूं,H27
C:\Users\edwin\OneDrive\Desktop\Capstone\hindi indic\HDSD\hindi_sent\F45\F45_S1_H30_M2.wav,jaldii sei jaldii kuchha kiijiei,F45,F45_S1_H30,M2,5,1.8426875,जल्दी से जल्दी कुछ कीजिए,H30
C:\Users\edwin\OneDrive\Desktop\Capstone\hindi indic\HDSD\hindi_sent\F57\F57_S1_H01_M2.wav,aapakei hindii pasanda karanei para khushii huii,F57,F57_S1_H01,M2,7,3.375,आपके हिंदी पसंद करने पर खुशी हुई,H01
C:\Users\edwin\OneDrive\Desktop\Capstone\hindi indic\HDSD\hindi_sent\F57\F57_S1_H02_M2.wav,isakei badalei mein tuma aura maanaga loo,F57,F57_S1_H02,M2,7,3.0125625,इसके बदले में तुम और मांग लो,H02
C:\Users\edwin\OneDrive\Desktop\Capstone\hindi indic\HDSD\hindi_sent\F57\F57_S1_H03_M2.wav,chikitsaa kaa artha hootaa hai ilaaja,F57,F57_S1_H03,M2,6,3.9375625,चिकित्सा का अर्थ होता है इलाज,H03
C:\Users\edwin\OneDrive\Desktop\Capstone\hindi indic\HDSD\hindi_sent\F57\F57_S1_H04_M2.wav,aisei aisei bhii jaarii rakhein,F57,F57_S1_H04,M2,5,3.3750625,ऐसे ऐसे भी जारी रखें,H04
C:\Users\edwin\OneDrive\Desktop\Capstone\hindi indic\HDSD\hindi_sent\F57\F57_S1_H05_M2.wav,madada kei liyei dhanyavaada,F57,F57_S1_H05,M2,4,2.1000625,मदद के लिए धन्यवाद,H05
C:\Users\edwin\OneDrive\Desktop\Capstone\hindi indic\HDSD\hindi_sent\F57\F57_S1_H06_M2.wav,joo main kahataa huuna aba joo main kahataa huuna usakaa paalana karoo,F57,F57_S1_H06,M2,12,4.8688125,जो मैं कहता हूं अब जो मैं कहता हूं उसका पालन करो,H06
C:\Users\edwin\OneDrive\Desktop\Capstone\hindi indic\HDSD\hindi_sent\F57\F57_S1_H07_M2.wav,bhaarata mein aisaa nahiin huaa hai,F57,F57_S1_H07,M2,6,2.6750625,भारत में ऐसा नहीं हुआ है,H07
C:\Users\edwin\OneDrive\Desktop\Capstone\hindi indic\HDSD\hindi_sent\F57\F57_S1_H08_M2.wav,isa sahayooga heitu dhanyavaada,F57,F57_S1_H08,M2,4,3.2938125,इस सहयोग हेतु धन्यवाद,H08
C:\Users\edwin\OneDrive\Desktop\Capstone\hindi indic\HDSD\hindi_sent\F57\F57_S1_H11_M2.wav,yahaan sei yahaan sei kaa daura shuruu huaa,F57,F57_S1_H11,M2,8,4.3625625,यहाँ से यहाँ से का दौर शुरू हुआ,H11
C:\Users\edwin\OneDrive\Desktop\Capstone\hindi indic\HDSD\hindi_sent\F57\F57_S1_H12_M2.wav,doonoon mein antara thaa doonoon mein badaa antara thaa,F57,F57_S1_H12,M2,9,3.9313125,दोनों में अंतर था दोनों में बड़ा अंतर था,H12
C:\Users\edwin\OneDrive\Desktop\Capstone\hindi indic\HDSD\hindi_sent\F57\F57_S1_H14_M2.wav,bahuta sei looga bahuta sei looga aisaa kara rahei hai,F57,F57_S1_H14,M2,10,3.6625625,बहुत से लोग बहुत से लोग ऐसा कर रहे है,H14
C:\Users\edwin\OneDrive\Desktop\Capstone\hindi indic\HDSD\hindi_sent\F57\F57_S1_H15_M2.wav,samaya kaa saatha hii nahiin usasei aagei chalaa,F57,F57_S1_H15,M2,8,3.6375625,समय का साथ ही नहीं उससे आगे चला,H15
C:\Users\edwin\OneDrive\Desktop\Capstone\hindi indic\HDSD\hindi_sent\F57\F57_S1_H17_M2.wav,shaayada samajha aa gayaa hoo shaayada shaayada samajha aa gayaa,F57,F57_S1_H17,M2,10,6.3375625,शायद समझ आ गया हो शायद शायद समझ आ गया,H17
C:\Users\edwin\OneDrive\Desktop\Capstone\hindi indic\HDSD\hindi_sent\F57\F57_S1_H19_M2.wav,main bhuula hii gayaa thaa isa baata koo,F57,F57_S1_H19,M2,8,2.5313125,मैं भूला ही गया था इस बात को,H19
C:\Users\edwin\OneDrive\Desktop\Capstone\hindi indic\HDSD\hindi_sent\F57\F57_S1_H20_M2.wav,vaha bhii nahiin huaa magara bhii nahiin huaa,F57,F57_S1_H20,M2,8,3.6500625,वह भी नहीं हुआ मगर भी नहीं हुआ,H20
C:\Users\edwin\OneDrive\Desktop\Capstone\hindi indic\HDSD\hindi_sent\F57\F57_S1_H21_M2.wav,dara kaa artha hootaa hai bhaya,F57,F57_S1_H21,M2,6,3.1250625,दर का अर्थ होता है भय,H21
C:\Users\edwin\OneDrive\Desktop\Capstone\hindi indic\HDSD\hindi_sent\F57\F57_S1_H22_M2.wav,eika baara phira sei aabhaara,F57,F57_S1_H22,M2,5,1.9563125,एक बार फिर से आभार,H22
C:\Users\edwin\OneDrive\Desktop\Capstone\hindi indic\HDSD\hindi_sent\F57\F57_S1_H23_M2.wav,naa jaanei kitanei looga isei padhtei hai,F57,F57_S1_H23,M2,7,3.4188125,ना जाने कितने लोग इसे पढ़ते है,H23
C:\Users\edwin\OneDrive\Desktop\Capstone\hindi indic\HDSD\hindi_sent\F57\F57_S1_H26_M2.wav,aapa apanaa achchhaa kaarya jaarii rakhein,F57,F57_S1_H26,M2,6,4.6563125,आप अपना अच्छा कार्य जारी रखें,H26
C:\Users\edwin\OneDrive\Desktop\Capstone\hindi indic\HDSD\hindi_sent\F57\F57_S1_H27_M2.wav,main bhaarata mein rahataa huuna,F57,F57_S1_H27,M2,5,2.0375625,मैं भारत में रहता हूं,H27
C:\Users\edwin\OneDrive\Desktop\Capstone\hindi indic\HDSD\hindi_sent\F57\F57_S1_H30_M2.wav,jaldii sei jaldii kiijiei,F57,F57_S1_H30,M2,4,2.208125,जल्दी से जल्दी कीजिए,H30
C:\Users\edwin\OneDrive\Desktop\Capstone\hindi indic\HDSD\hindi_sent\F59\F59_S1_H01_M2.wav,aapakei hindii pasanda karanei khushii huii,F59,F59_S1_H01,M2,6,4.80625,आपके हिंदी पसंद करने खुशी हुई,H01
C:\Users\edwin\OneDrive\Desktop\Capstone\hindi indic\HDSD\hindi_sent\F59\F59_S1_H02_M2.wav,isakei badalei mein tuma kuchha aura maanaga loo,F59,F59_S1_H02,M2,8,3.2813125,इसके बदले में तुम कुछ और मांग लो,H02
C:\Users\edwin\OneDrive\Desktop\Capstone\hindi indic\HDSD\hindi_sent\F59\F59_S1_H03_M2.wav,chikitsaa kaa artha hootaa hai ilaaja,F59,F59_S1_H03,M2,6,3.7875625,चिकित्सा का अर्थ होता है इलाज,H03
C:\Users\edwin\OneDrive\Desktop\Capstone\hindi indic\HDSD\hindi_sent\F59\F59_S1_H04_M2.wav,isei aisei hii jaarii rakhein,F59,F59_S1_H04,M2,5,3.8125625,इसे ऐसे ही जारी रखें,H04
C:\Users\edwin\OneDrive\Desktop\Capstone\hindi indic\HDSD\hindi_sent\F59\F59_S1_H05_M2.wav,madada kei liyei bahuta dhanyavaada,F59,F59_S1_H05,M2,5,2.7813125,मदद के लिए बहुत धन्यवाद,H05
C:\Users\edwin\OneDrive\Desktop\Capstone\hindi indic\HDSD\hindi_sent\F59\F59_S1_H06_M2.wav,aba joo main kahataa huuna usakaa paalana karoo,F59,F59_S1_H06,M2,8,4.0313125,अब जो मैं कहता हूं उसका पालन करो,H06
C:\Users\edwin\OneDrive\Desktop\Capstone\hindi indic\HDSD\hindi_sent\F59\F59_S1_H07_M2.wav,bhaarata mein aisaa nahiin huaa hai,F59,F59_S1_H07,M2,6,3.3313125,भारत में ऐसा नहीं हुआ है,H07
C:\Users\edwin\OneDrive\Desktop\Capstone\hindi indic\HDSD\hindi_sent\F59\F59_S1_H08_M2.wav,isa sahayooga heitu bhii bahuta dhanyavaada,F59,F59_S1_H08,M2,6,3.9563125,इस सहयोग हेतु भी बहुत धन्यवाद,H08
C:\Users\edwin\OneDrive\Desktop\Capstone\hindi indic\HDSD\hindi_sent\F59\F59_S1_H11_M2.wav,yahaan sei sangharshha kaa daura shuruu huaa,F59,F59_S1_H11,M2,7,4.9125625,यहाँ से संघर्ष का दौर शुरू हुआ,H11
C:\Users\edwin\OneDrive\Desktop\Capstone\hindi indic\HDSD\hindi_sent\F59\F59_S1_H12_M2.wav,doonoon mein badaa antara thaa,F59,F59_S1_H12,M2,5,2.5875625,दोनों में बड़ा अंतर था,H12
C:\Users\edwin\OneDrive\Desktop\Capstone\hindi indic\HDSD\hindi_sent\F59\F59_S1_H14_M2.wav,bahuta sei looga aisaa kara rahei hai,F59,F59_S1_H14,M2,7,3.2438125,बहुत से लोग ऐसा कर रहे है,H14
C:\Users\edwin\OneDrive\Desktop\Capstone\hindi indic\HDSD\hindi_sent\F59\F59_S1_H15_M2.wav,samaya kei saatha hii nahiin usasei aagei chalaa jaaei,F59,F59_S1_H15,M2,9,9.6938125,समय के साथ ही नहीं उससे आगे चला जाए,H15
C:\Users\edwin\OneDrive\Desktop\Capstone\hindi indic\HDSD\hindi_sent\F59\F59_S1_H17_M2.wav,shaayada samajha aa gayaa hoo,F59,F59_S1_H17,M2,5,4.3313125,शायद समझ आ गया हो,H17
C:\Users\edwin\OneDrive\Desktop\Capstone\hindi indic\HDSD\hindi_sent\F59\F59_S1_H19_M2.wav,joo bhuula hii gayaa thaa isa baata koo,F59,F59_S1_H19,M2,8,5.6125625,जो भूला ही गया था इस बात को,H19
C:\Users\edwin\OneDrive\Desktop\Capstone\hindi indic\HDSD\hindi_sent\F59\F59_S1_H20_M2.wav,magara vaha bhii nahiin huaa,F59,F59_S1_H20,M2,5,1.9188125,मगर वह भी नहीं हुआ,H20
C:\Users\edwin\OneDrive\Desktop\Capstone\hindi indic\HDSD\hindi_sent\F59\F59_S1_H21_M2.wav,dara kaa artha hootaa hai bhaya,F59,F59_S1_H21,M2,6,3.7500625,दर का अर्थ होता है भय,H21
C:\Users\edwin\OneDrive\Desktop\Capstone\hindi indic\HDSD\hindi_sent\F59\F59_S1_H22_M2.wav,eika baara phira sei aabhaara,F59,F59_S1_H22,M2,5,3.4750625,एक बार फिर से आभार,H22
C:\Users\edwin\OneDrive\Desktop\Capstone\hindi indic\HDSD\hindi_sent\F59\F59_S1_H23_M2.wav,naa jaanei naa jaanei kitanei looga isei padhtei hai,F59,F59_S1_H23,M2,9,5.0875625,ना जाने ना जाने कितने लोग इसे पढ़ते है,H23
C:\Users\edwin\OneDrive\Desktop\Capstone\hindi indic\HDSD\hindi_sent\F59\F59_S1_H26_M2.wav,aapa apanaa yaha achchhaa kaarya jaarii rakhein,F59,F59_S1_H26,M2,7,4.6125625,आप अपना यह अच्छा कार्य जारी रखें,H26
C:\Users\edwin\OneDrive\Desktop\Capstone\hindi indic\HDSD\hindi_sent\F59\F59_S1_H27_M2.wav,main bhaarata mein rahataa huuna,F59,F59_S1_H27,M2,5,2.7688125,मैं भारत में रहता हूं,H27
C:\Users\edwin\OneDrive\Desktop\Capstone\hindi indic\HDSD\hindi_sent\F59\F59_S1_H30_M2.wav,jaldii sei jaldii kuchha kiijiei,F59,F59_S1_H30,M2,5,2.6723125,जल्दी से जल्दी कुछ कीजिए,H30
C:\Users\edwin\OneDrive\Desktop\Capstone\hindi indic\HDSD\hindi_sent\F60\F60_S1_H01_M2.wav,aapakei hindii pasanda karanei para khushii huii,F60,F60_S1_H01,M2,7,3.8125,आपके हिंदी पसंद करने पर खुशी हुई,H01
C:\Users\edwin\OneDrive\Desktop\Capstone\hindi indic\HDSD\hindi_sent\F60\F60_S1_H02_M2.wav,isakei badalei mein tuma kuchha aura maanaga loo,F60,F60_S1_H02,M2,8,3.2500625,इसके बदले में तुम कुछ और मांग लो,H02
C:\Users\edwin\OneDrive\Desktop\Capstone\hindi indic\HDSD\hindi_sent\F60\F60_S1_H03_M2.wav,chikitsaa kaa artha hootaa hai ilaaja,F60,F60_S1_H03,M2,6,4.1875625,चिकित्सा का अर्थ होता है इलाज,H03
C:\Users\edwin\OneDrive\Desktop\Capstone\hindi indic\HDSD\hindi_sent\F60\F60_S1_H04_M2.wav,isei aisei hii jaarii rakhein,F60,F60_S1_H04,M2,5,2.9375625,इसे ऐसे ही जारी रखें,H04
C:\Users\edwin\OneDrive\Desktop\Capstone\hindi indic\HDSD\hindi_sent\F60\F60_S1_H05_M2.wav,madada kei liyei bahuta dhanyavaada,F60,F60_S1_H05,M2,5,3.5625625,मदद के लिए बहुत धन्यवाद,H05
C:\Users\edwin\OneDrive\Desktop\Capstone\hindi indic\HDSD\hindi_sent\F60\F60_S1_H06_M2.wav,aba joo main kahataa huuna usakaa paalana karoo,F60,F60_S1_H06,M2,8,4.6250625,अब जो मैं कहता हूं उसका पालन करो,H06
C:\Users\edwin\OneDrive\Desktop\Capstone\hindi indic\HDSD\hindi_sent\F60\F60_S1_H07_M2.wav,bhaarata mein aisaa nahiin huaa hai,F60,F60_S1_H07,M2,6,4.2500625,भारत में ऐसा नहीं हुआ है,H07
C:\Users\edwin\OneDrive\Desktop\Capstone\hindi indic\HDSD\hindi_sent\F60\F60_S1_H08_M2.wav,isa bahuta dhanyavaada,F60,F60_S1_H08,M2,3,4.3125625,इस बहुत धन्यवाद,H08
C:\Users\edwin\OneDrive\Desktop\Capstone\hindi indic\HDSD\hindi_sent\F60\F60_S1_H11_M2.wav,yahaan sei sangharshha kaa daura shuruu huaa,F60,F60_S1_H11,M2,7,4.2500625,यहाँ से संघर्ष का दौर शुरू हुआ,H11
C:\Users\edwin\OneDrive\Desktop\Capstone\hindi indic\HDSD\hindi_sent\F60\F60_S1_H12_M2.wav,doonoon mein badaa antara thaa,F60,F60_S1_H12,M2,5,2.9375625,दोनों में बड़ा अंतर था,H12
C:\Users\edwin\OneDrive\Desktop\Capstone\hindi indic\HDSD\hindi_sent\F60\F60_S1_H14_M2.wav,bahuta sei looga aisaa kara rahei hai,F60,F60_S1_H14,M2,7,3.6875625,बहुत से लोग ऐसा कर रहे है,H14
C:\Users\edwin\OneDrive\Desktop\Capstone\hindi indic\HDSD\hindi_sent\F60\F60_S1_H15_M2.wav,samaya kei saatha hii nahiin usasei aagei chalaa jaaei,F60,F60_S1_H15,M2,9,5.4375625,समय के साथ ही नहीं उससे आगे चला जाए,H15
C:\Users\edwin\OneDrive\Desktop\Capstone\hindi indic\HDSD\hindi_sent\F60\F60_S1_H17_M2.wav,shaayada samajha aa gayaa hoo,F60,F60_S1_H17,M2,5,3.1875625,शायद समझ आ गया हो,H17
C:\Users\edwin\OneDrive\Desktop\Capstone\hindi indic\HDSD\hindi_sent\F60\F60_S1_H19_M2.wav,main bhuula hii gayaa thaa isa baata koo,F60,F60_S1_H19,M2,8,4.8750625,मैं भूला ही गया था इस बात को,H19
C:\Users\edwin\OneDrive\Desktop\Capstone\hindi indic\HDSD\hindi_sent\F60\F60_S1_H20_M2.wav,vaha bhii nahiin,F60,F60_S1_H20,M2,3,2.1875625,वह भी नहीं,H20
C:\Users\edwin\OneDrive\Desktop\Capstone\hindi indic\HDSD\hindi_sent\F60\F60_S1_H21_M2.wav,dara kaa artha hootaa hai bhaya,F60,F60_S1_H21,M2,6,3.4375625,दर का अर्थ होता है भय,H21
C:\Users\edwin\OneDrive\Desktop\Capstone\hindi indic\HDSD\hindi_sent\F60\F60_S1_H22_M2.wav,eika baara phira sei aabhaara,F60,F60_S1_H22,M2,5,2.8750625,एक बार फिर से आभार,H22
C:\Users\edwin\OneDrive\Desktop\Capstone\hindi indic\HDSD\hindi_sent\F60\F60_S1_H23_M2.wav,naa jaanei kitanei looga isei padhtei hai,F60,F60_S1_H23,M2,7,3.5625625,ना जाने कितने लोग इसे पढ़ते है,H23
C:\Users\edwin\OneDrive\Desktop\Capstone\hindi indic\HDSD\hindi_sent\F60\F60_S1_H26_M2.wav,aapa apanaa achchhaa kaarya jaarii rakhein,F60,F60_S1_H26,M2,6,4.5000625,आप अपना अच्छा कार्य जारी रखें,H26
C:\Users\edwin\OneDrive\Desktop\Capstone\hindi indic\HDSD\hindi_sent\F60\F60_S1_H27_M2.wav,main bhaarata mein rahataa huuna,F60,F60_S1_H27,M2,5,3.1875625,मैं भारत में रहता हूं,H27
C:\Users\edwin\OneDrive\Desktop\Capstone\hindi indic\HDSD\hindi_sent\F60\F60_S1_H30_M2.wav,jaldii sei jaldii kuchha kiijiei,F60,F60_S1_H30,M2,5,2.747,जल्दी से जल्दी कुछ कीजिए,H30
C:\Users\edwin\OneDrive\Desktop\Capstone\hindi indic\HDSD\hindi_sent\M01\M01_S1_H01_M2.wav,aapakei hindii pasanda karanei para khushii huii,M01,M01_S1_H01,M2,7,4.84475,आपके हिंदी पसंद करने पर खुशी हुई,H01
C:\Users\edwin\OneDrive\Desktop\Capstone\hindi indic\HDSD\hindi_sent\M01\M01_S1_H02_M2.wav,isakei badalei mein tuma kuchha aura maanaga loo,M01,M01_S1_H02,M2,8,5.746125,इसके बदले में तुम कुछ और मांग लो,H02
C:\Users\edwin\OneDrive\Desktop\Capstone\hindi indic\HDSD\hindi_sent\M01\M01_S1_H03_M2.wav,chikitsaa kaa artha hootaa hai ilaaja,M01,M01_S1_H03,M2,6,5.408125,चिकित्सा का अर्थ होता है इलाज,H03
C:\Users\edwin\OneDrive\Desktop\Capstone\hindi indic\HDSD\hindi_sent\M01\M01_S1_H04_M2.wav,isei aisei hii jaarii rakhein,M01,M01_S1_H04,M2,5,3.718125,इसे ऐसे ही जारी रखें,H04
C:\Users\edwin\OneDrive\Desktop\Capstone\hindi indic\HDSD\hindi_sent\M01\M01_S1_H05_M2.wav,madada kei liyei bahuta dhanyavaada,M01,M01_S1_H05,M2,5,3.6054375,मदद के लिए बहुत धन्यवाद,H05
C:\Users\edwin\OneDrive\Desktop\Capstone\hindi indic\HDSD\hindi_sent\M01\M01_S1_H06_M2.wav,aba joo main kahataa huuna usakaa paalana karoo,M01,M01_S1_H06,M2,8,4.2814375,अब जो मैं कहता हूं उसका पालन करो,H06
C:\Users\edwin\OneDrive\Desktop\Capstone\hindi indic\HDSD\hindi_sent\M01\M01_S1_H07_M2.wav,bhaarata mein aisaa nahiin huaa hai,M01,M01_S1_H07,M2,6,3.9434375,भारत में ऐसा नहीं हुआ है,H07
C:\Users\edwin\OneDrive\Desktop\Capstone\hindi indic\HDSD\hindi_sent\M01\M01_S1_H08_M2.wav,isa sahayooga heitu bhii bahuta dhanyavaada,M01,M01_S1_H08,M2,6,4.6195,इस सहयोग हेतु भी बहुत धन्यवाद,H08
C:\Users\edwin\OneDrive\Desktop\Capstone\hindi indic\HDSD\hindi_sent\M01\M01_S1_H11_M2.wav,yahaan sei sangharshha kaa daura shuruu huaa,M01,M01_S1_H11,M2,7,3.8308125,यहाँ से संघर्ष का दौर शुरू हुआ,H11
C:\Users\edwin\OneDrive\Desktop\Capstone\hindi indic\HDSD\hindi_sent\M01\M01_S1_H12_M2.wav,doonoon mein badaa antara thaa,M01,M01_S1_H12,M2,5,3.2674375,दोनों में बड़ा अंतर था,H12
C:\Users\edwin\OneDrive\Desktop\Capstone\hindi indic\HDSD\hindi_sent\M01\M01_S1_H14_M2.wav,bahuta sei looga aisaa kara rahei hai,M01,M01_S1_H14,M2,7,3.718125,बहुत से लोग ऐसा कर रहे है,H14
C:\Users\edwin\OneDrive\Desktop\Capstone\hindi indic\HDSD\hindi_sent\M01\M01_S1_H15_M2.wav,samaya kei saatha nahiin usasei aagei chalaa jaaei,M01,M01_S1_H15,M2,8,4.2814375,समय के साथ नहीं उससे आगे चला जाए,H15
C:\Users\edwin\OneDrive\Desktop\Capstone\hindi indic\HDSD\hindi_sent\M01\M01_S1_H17_M2.wav,samajha aa gayaa hoo,M01,M01_S1_H17,M2,4,3.718125,समझ आ गया हो,H17
C:\Users\edwin\OneDrive\Desktop\Capstone\hindi indic\HDSD\hindi_sent\M01\M01_S1_H19_M2.wav,main bhuula hii gayaa thaa isa baata koo,M01,M01_S1_H19,M2,8,4.9574375,मैं भूला ही गया था इस बात को,H19
C:\Users\edwin\OneDrive\Desktop\Capstone\hindi indic\HDSD\hindi_sent\M01\M01_S1_H20_M2.wav,magara vaha nahiin huaa,M01,M01_S1_H20,M2,4,3.4928125,मगर वह नहीं हुआ,H20
C:\Users\edwin\OneDrive\Desktop\Capstone\hindi indic\HDSD\hindi_sent\M01\M01_S1_H21_M2.wav,dara kaa artha hootaa hai bhaya,M01,M01_S1_H21,M2,6,3.7180625,दर का अर्थ होता है भय,H21
C:\Users\edwin\OneDrive\Desktop\Capstone\hindi indic\HDSD\hindi_sent\M01\M01_S1_H22_M2.wav,eika baara phira sei aabhaara,M01,M01_S1_H22,M2,5,3.8308125,एक बार फिर से आभार,H22
C:\Users\edwin\OneDrive\Desktop\Capstone\hindi indic\HDSD\hindi_sent\M01\M01_S1_H23_M2.wav,naa jaanei kitanei looga isei padhtei hai,M01,M01_S1_H23,M2,7,4.2814375,ना जाने कितने लोग इसे पढ़ते है,H23
C:\Users\edwin\OneDrive\Desktop\Capstone\hindi indic\HDSD\hindi_sent\M01\M01_S1_H26_M2.wav,aapa apanaa yaha achchhaa kaarya jaarii rakhein,M01,M01_S1_H26,M2,7,4.2814375,आप अपना यह अच्छा कार्य जारी रखें,H26
C:\Users\edwin\OneDrive\Desktop\Capstone\hindi indic\HDSD\hindi_sent\M01\M01_S1_H27_M2.wav,main bhaarata mein rahataa huuna,M01,M01_S1_H27,M2,5,3.2674375,मैं भारत में रहता हूं,H27
C:\Users\edwin\OneDrive\Desktop\Capstone\hindi indic\HDSD\hindi_sent\M01\M01_S1_H30_M2.wav,jaldii sei jaldii kuchha kiijiei,M01,M01_S1_H30,M2,5,2.9294375,जल्दी से जल्दी कुछ कीजिए,H30
C:\Users\edwin\OneDrive\Desktop\Capstone\hindi indic\HDSD\hindi_sent\M03\M03_S1_H01_M2.wav,aapakei hindii pasanda karanei para khushii huii,M03,M03_S1_H01,M2,7,2.25,आपके हिंदी पसंद करने पर खुशी हुई,H01
C:\Users\edwin\OneDrive\Desktop\Capstone\hindi indic\HDSD\hindi_sent\M03\M03_S1_H02_M2.wav,isakei badalei mein tuma kuchha aura maanaga loo,M03,M03_S1_H02,M2,8,2.1188125,इसके बदले में तुम कुछ और मांग लो,H02
C:\Users\edwin\OneDrive\Desktop\Capstone\hindi indic\HDSD\hindi_sent\M03\M03_S1_H03_M2.wav,chikitsaa kaa artha hootaa hai ilaaja,M03,M03_S1_H03,M2,6,1.8125625,चिकित्सा का अर्थ होता है इलाज,H03
C:\Users\edwin\OneDrive\Desktop\Capstone\hindi indic\HDSD\hindi_sent\M03\M03_S1_H04_M2.wav,isei aisei hii jaarii rakhein,M03,M03_S1_H04,M2,5,2.1875625,इसे ऐसे ही जारी रखें,H04
C:\Users\edwin\OneDrive\Desktop\Capstone\hindi indic\HDSD\hindi_sent\M03\M03_S1_H05_M2.wav,madada kei liyei bahuta dhanyavaada,M03,M03_S1_H05,M2,5,1.6125625,मदद के लिए बहुत धन्यवाद,H05
C:\Users\edwin\OneDrive\Desktop\Capstone\hindi indic\HDSD\hindi_sent\M03\M03_S1_H06_M2.wav,aba joo main kahataa huuna usakaa paalana karoo,M03,M03_S1_H06,M2,8,1.9563125,अब जो मैं कहता हूं उसका पालन करो,H06
C:\Users\edwin\OneDrive\Desktop\Capstone\hindi indic\HDSD\hindi_sent\M03\M03_S1_H07_M2.wav,bhaarata mein aisaa nahiin huaa,M03,M03_S1_H07,M2,5,2.0625625,भारत में ऐसा नहीं हुआ,H07
C:\Users\edwin\OneDrive\Desktop\Capstone\hindi indic\HDSD\hindi_sent\M03\M03_S1_H08_M2.wav,isa sahayooga heitu bhii bahuta dhanyavaada,M03,M03_S1_H08,M2,6,2.1188125,इस सहयोग हेतु भी बहुत धन्यवाद,H08
C:\Users\edwin\OneDrive\Desktop\Capstone\hindi indic\HDSD\hindi_sent\M03\M03_S1_H11_M2.wav,yahaan sei sangharshha kaa daura shuruu huaa,M03,M03_S1_H11,M2,7,1.7063125,यहाँ से संघर्ष का दौर शुरू हुआ,H11
C:\Users\edwin\OneDrive\Desktop\Capstone\hindi indic\HDSD\hindi_sent\M03\M03_S1_H12_M2.wav,doonoon mein badaa antara thaa,M03,M03_S1_H12,M2,5,1.2313125,दोनों में बड़ा अंतर था,H12
C:\Users\edwin\OneDrive\Desktop\Capstone\hindi indic\HDSD\hindi_sent\M03\M03_S1_H14_M2.wav,bahuta sei looga aisaa kara rahei hai,M03,M03_S1_H14,M2,7,1.3750625,बहुत से लोग ऐसा कर रहे है,H14
C:\Users\edwin\OneDrive\Desktop\Capstone\hindi indic\HDSD\hindi_sent\M03\M03_S1_H15_M2.wav,samaya kei saatha hii nahiin usasei aagei chalaa jaaei,M03,M03_S1_H15,M2,9,4.4375625,समय के साथ ही नहीं उससे आगे चला जाए,H15
C:\Users\edwin\OneDrive\Desktop\Capstone\hindi indic\HDSD\hindi_sent\M03\M03_S1_H17_M2.wav,shaayada samajha aa gayaa hoo,M03,M03_S1_H17,M2,5,1.6875625,शायद समझ आ गया हो,H17
C:\Users\edwin\OneDrive\Desktop\Capstone\hindi indic\HDSD\hindi_sent\M03\M03_S1_H19_M2.wav,main bhuula hii gayaa thaa isa baata koo,M03,M03_S1_H19,M2,8,2.3125625,मैं भूला ही गया था इस बात को,H19
C:\Users\edwin\OneDrive\Desktop\Capstone\hindi indic\HDSD\hindi_sent\M03\M03_S1_H20_M2.wav,magara vaha bhii nahiin huaa,M03,M03_S1_H20,M2,5,2.4375625,मगर वह भी नहीं हुआ,H20
C:\Users\edwin\OneDrive\Desktop\Capstone\hindi indic\HDSD\hindi_sent\M03\M03_S1_H21_M2.wav,dara kaa artha hootaa hai bhaya,M03,M03_S1_H21,M2,6,1.4375625,दर का अर्थ होता है भय,H21
C:\Users\edwin\OneDrive\Desktop\Capstone\hindi indic\HDSD\hindi_sent\M03\M03_S1_H22_M2.wav,eika baara phira sei aabhaara,M03,M03_S1_H22,M2,5,1.5625625,एक बार फिर से आभार,H22
C:\Users\edwin\OneDrive\Desktop\Capstone\hindi indic\HDSD\hindi_sent\M03\M03_S1_H23_M2.wav,naa jaanei kitanei looga isei padhtei hai,M03,M03_S1_H23,M2,7,1.6875625,ना जाने कितने लोग इसे पढ़ते है,H23
C:\Users\edwin\OneDrive\Desktop\Capstone\hindi indic\HDSD\hindi_sent\M03\M03_S1_H26_M2.wav,aapa apanaa yaha achchhaa kaarya jaarii rakhein,M03,M03_S1_H26,M2,7,3.3750625,आप अपना यह अच्छा कार्य जारी रखें,H26
C:\Users\edwin\OneDrive\Desktop\Capstone\hindi indic\HDSD\hindi_sent\M03\M03_S1_H27_M2.wav,main bhaarata mein rahataa huuna,M03,M03_S1_H27,M2,5,1.5625625,मैं भारत में रहता हूं,H27
C:\Users\edwin\OneDrive\Desktop\Capstone\hindi indic\HDSD\hindi_sent\M03\M03_S1_H30_M2.wav,jaldii sei jaldii kuchha kiijiei,M03,M03_S1_H30,M2,5,1.458,जल्दी से जल्दी कुछ कीजिए,H30
C:\Users\edwin\OneDrive\Desktop\Capstone\hindi indic\HDSD\hindi_sent\M05\M05_S1_H01_M2.wav,aapakei hindii pasanda karanei para khushii huii,M05,M05_S1_H01,M2,7,3.7139375,आपके हिंदी पसंद करने पर खुशी हुई,H01
C:\Users\edwin\OneDrive\Desktop\Capstone\hindi indic\HDSD\hindi_sent\M05\M05_S1_H02_M2.wav,isakei badalei mein tuma kuchha aura maanaga loo,M05,M05_S1_H02,M2,8,6.15125,इसके बदले में तुम कुछ और मांग लो,H02
C:\Users\edwin\OneDrive\Desktop\Capstone\hindi indic\HDSD\hindi_sent\M05\M05_S1_H03_M2.wav,chikitsaa kaa artha hootaa hai ilaaja,M05,M05_S1_H03,M2,6,4.7005,चिकित्सा का अर्थ होता है इलाज,H03
C:\Users\edwin\OneDrive\Desktop\Capstone\hindi indic\HDSD\hindi_sent\M05\M05_S1_H04_M2.wav,isei aisei hii jaarii rakhein,M05,M05_S1_H04,M2,5,3.888125,इसे ऐसे ही जारी रखें,H04
C:\Users\edwin\OneDrive\Desktop\Capstone\hindi indic\HDSD\hindi_sent\M05\M05_S1_H05_M2.wav,madada kei liyei bahuta dhanyavaada,M05,M05_S1_H05,M2,5,3.1916875,मदद के लिए बहुत धन्यवाद,H05
C:\Users\edwin\OneDrive\Desktop\Capstone\hindi indic\HDSD\hindi_sent\M05\M05_S1_H06_M2.wav,aba joo main kahataa huuna usakaa paalana karoo,M05,M05_S1_H06,M2,8,3.656,अब जो मैं कहता हूं उसका पालन करो,H06
C:\Users\edwin\OneDrive\Desktop\Capstone\hindi indic\HDSD\hindi_sent\M05\M05_S1_H07_M2.wav,bhaarata mein aisaa nahiin huaa hai,M05,M05_S1_H07,M2,6,3.1046875,भारत में ऐसा नहीं हुआ है,H07
C:\Users\edwin\OneDrive\Desktop\Capstone\hindi indic\HDSD\hindi_sent\M05\M05_S1_H08_M2.wav,isa sahayooga heitu bhii isa sahayooga heitu bhii bahuta dhanyavaada dhanyavaada,M05,M05_S1_H08,M2,11,13.7241875,इस सहयोग हेतु भी इस सहयोग हेतु भी बहुत धन्यवाद धन्यवाद,H08
C:\Users\edwin\OneDrive\Desktop\Capstone\hindi indic\HDSD\hindi_sent\M05\M05_S1_H11_M2.wav,yahaan sei sangharshha kaa daura shuruu huaa,M05,M05_S1_H11,M2,7,3.3658125,यहाँ से संघर्ष का दौर शुरू हुआ,H11
C:\Users\edwin\OneDrive\Desktop\Capstone\hindi indic\HDSD\hindi_sent\M05\M05_S1_H12_M2.wav,doonoon mein badaa antara thaa,M05,M05_S1_H12,M2,5,2.553375,दोनों में बड़ा अंतर था,H12
C:\Users\edwin\OneDrive\Desktop\Capstone\hindi indic\HDSD\hindi_sent\M05\M05_S1_H14_M2.wav,bahuta sei looga aisaa kara rahei hai,M05,M05_S1_H14,M2,7,3.2206875,बहुत से लोग ऐसा कर रहे है,H14
C:\Users\edwin\OneDrive\Desktop\Capstone\hindi indic\HDSD\hindi_sent\M05\M05_S1_H15_M2.wav,samaya kei saatha hii nahiin usasei aagei chalaa jaaei chalaa jaaei,M05,M05_S1_H15,M2,11,7.224875,समय के साथ ही नहीं उससे आगे चला जाए चला जाए,H15
C:\Users\edwin\OneDrive\Desktop\Capstone\hindi indic\HDSD\hindi_sent\M05\M05_S1_H17_M2.wav,shaayada samajha aa gayaa hoo,M05,M05_S1_H17,M2,5,3.452875,शायद समझ आ गया हो,H17
C:\Users\edwin\OneDrive\Desktop\Capstone\hindi indic\HDSD\hindi_sent\M05\M05_S1_H19_M2.wav,main bhuula hii gayaa thaa isa baata koo,M05,M05_S1_H19,M2,8,3.22075,मैं भूला ही गया था इस बात को,H19
C:\Users\edwin\OneDrive\Desktop\Capstone\hindi indic\HDSD\hindi_sent\M05\M05_S1_H20_M2.wav,magara vaha bhii nahiin huaa,M05,M05_S1_H20,M2,5,2.118125,मगर वह भी नहीं हुआ,H20
C:\Users\edwin\OneDrive\Desktop\Capstone\hindi indic\HDSD\hindi_sent\M05\M05_S1_H21_M2.wav,dara kaa artha hootaa hai bhaya,M05,M05_S1_H21,M2,6,2.3793125,दर का अर्थ होता है भय,H21
C:\Users\edwin\OneDrive\Desktop\Capstone\hindi indic\HDSD\hindi_sent\M05\M05_S1_H22_M2.wav,eika baara phira sei aabhaara,M05,M05_S1_H22,M2,5,2.3503125,एक बार फिर से आभार,H22
C:\Users\edwin\OneDrive\Desktop\Capstone\hindi indic\HDSD\hindi_sent\M05\M05_S1_H23_M2.wav,naa jaanei kitanei looga isei padhtei hai,M05,M05_S1_H23,M2,7,2.9885625,ना जाने कितने लोग इसे पढ़ते है,H23
C:\Users\edwin\OneDrive\Desktop\Capstone\hindi indic\HDSD\hindi_sent\M05\M05_S1_H26_M2.wav,aapa apanaa yaha achchhaa kaarya jaarii rakhein,M05,M05_S1_H26,M2,7,4.004125,आप अपना यह अच्छा कार्य जारी रखें,H26
C:\Users\edwin\OneDrive\Desktop\Capstone\hindi indic\HDSD\hindi_sent\M05\M05_S1_H27_M2.wav,main bhaarata mein rahataa huuna,M05,M05_S1_H27,M2,5,2.4373125,मैं भारत में रहता हूं,H27
C:\Users\edwin\OneDrive\Desktop\Capstone\hindi indic\HDSD\hindi_sent\M05\M05_S1_H30_M2.wav,jaldii sei jaldii kuchha kiijiei,M05,M05_S1_H30,M2,5,2.611375,जल्दी से जल्दी कुछ कीजिए,H30
C:\Users\edwin\OneDrive\Desktop\Capstone\hindi indic\HDSD\hindi_sent\M08\M08_S1_H01_M2.wav,aapakei hindii pasanda karanei para khushii huii,M08,M08_S1_H01,M2,7,2.6875,आपके हिंदी पसंद करने पर खुशी हुई,H01
C:\Users\edwin\OneDrive\Desktop\Capstone\hindi indic\HDSD\hindi_sent\M08\M08_S1_H02_M2.wav,isakei badalei mein tuma kuchha aura maanaga loo,M08,M08_S1_H02,M2,8,2.8125625,इसके बदले में तुम कुछ और मांग लो,H02
C:\Users\edwin\OneDrive\Desktop\Capstone\hindi indic\HDSD\hindi_sent\M08\M08_S1_H03_M2.wav,chikitsaa kaa artha hootaa hai ilaaja,M08,M08_S1_H03,M2,6,2.5625625,चिकित्सा का अर्थ होता है इलाज,H03
C:\Users\edwin\OneDrive\Desktop\Capstone\hindi indic\HDSD\hindi_sent\M08\M08_S1_H04_M2.wav,isei aisei hii jaarii rakhein,M08,M08_S1_H04,M2,5,1.9125625,इसे ऐसे ही जारी रखें,H04
C:\Users\edwin\OneDrive\Desktop\Capstone\hindi indic\HDSD\hindi_sent\M08\M08_S1_H05_M2.wav,madada kei liyei bahuta dhanyavaada,M08,M08_S1_H05,M2,5,2.2750625,मदद के लिए बहुत धन्यवाद,H05
C:\Users\edwin\OneDrive\Desktop\Capstone\hindi indic\HDSD\hindi_sent\M08\M08_S1_H06_M2.wav,aba joo main kahataa huuna usakaa paalana karoo,M08,M08_S1_H06,M2,8,2.8125625,अब जो मैं कहता हूं उसका पालन करो,H06
C:\Users\edwin\OneDrive\Desktop\Capstone\hindi indic\HDSD\hindi_sent\M08\M08_S1_H07_M2.wav,bhaarata mein aisaa nahiin huaa hai,M08,M08_S1_H07,M2,6,2.1250625,भारत में ऐसा नहीं हुआ है,H07
C:\Users\edwin\OneDrive\Desktop\Capstone\hindi indic\HDSD\hindi_sent\M08\M08_S1_H08_M2.wav,isa sahayooga heitu bhii bahuta dhanyavaada,M08,M08_S1_H08,M2,6,3.9725625,इस सहयोग हेतु भी बहुत धन्यवाद,H08
C:\Users\edwin\OneDrive\Desktop\Capstone\hindi indic\HDSD\hindi_sent\M08\M08_S1_H11_M2.wav,yahaan sei sangharshha kaa daura shuruu huaa,M08,M08_S1_H11,M2,7,2.3750625,यहाँ से संघर्ष का दौर शुरू हुआ,H11
C:\Users\edwin\OneDrive\Desktop\Capstone\hindi indic\HDSD\hindi_sent\M08\M08_S1_H12_M2.wav,doonoon mein badaa antara thaa,M08,M08_S1_H12,M2,5,2.0625625,दोनों में बड़ा अंतर था,H12
C:\Users\edwin\OneDrive\Desktop\Capstone\hindi indic\HDSD\hindi_sent\M08\M08_S1_H14_M2.wav,bahuta sei looga aisaa kara rahei hai,M08,M08_S1_H14,M2,7,1.9375625,बहुत से लोग ऐसा कर रहे है,H14
C:\Users\edwin\OneDrive\Desktop\Capstone\hindi indic\HDSD\hindi_sent\M08\M08_S1_H15_M2.wav,samaya kei saatha hii nahiin usasei aagei chalaa jaaei,M08,M08_S1_H15,M2,9,3.5625625,समय के साथ ही नहीं उससे आगे चला जाए,H15
C:\Users\edwin\OneDrive\Desktop\Capstone\hindi indic\HDSD\hindi_sent\M08\M08_S1_H17_M2.wav,shaayada samajha aa gayaa hoo,M08,M08_S1_H17,M2,5,1.9375625,शायद समझ आ गया हो,H17
C:\Users\edwin\OneDrive\Desktop\Capstone\hindi indic\HDSD\hindi_sent\M08\M08_S1_H19_M2.wav,main bhuula hii gayaa thaa isa baata koo,M08,M08_S1_H19,M2,8,2.8750625,मैं भूला ही गया था इस बात को,H19
C:\Users\edwin\OneDrive\Desktop\Capstone\hindi indic\HDSD\hindi_sent\M08\M08_S1_H20_M2.wav,magara vaha bhii nahiin huaa,M08,M08_S1_H20,M2,5,2.0000625,मगर वह भी नहीं हुआ,H20
C:\Users\edwin\OneDrive\Desktop\Capstone\hindi indic\HDSD\hindi_sent\M08\M08_S1_H21_M2.wav,dara kaa artha hootaa hai bhaya,M08,M08_S1_H21,M2,6,2.0000625,दर का अर्थ होता है भय,H21
C:\Users\edwin\OneDrive\Desktop\Capstone\hindi indic\HDSD\hindi_sent\M08\M08_S1_H22_M2.wav,eika baara phira sei aabhaara,M08,M08_S1_H22,M2,5,2.6250625,एक बार फिर से आभार,H22
C:\Users\edwin\OneDrive\Desktop\Capstone\hindi indic\HDSD\hindi_sent\M08\M08_S1_H23_M2.wav,naa jaanei kitanei looga isei padhtei hai,M08,M08_S1_H23,M2,7,2.6250625,ना जाने कितने लोग इसे पढ़ते है,H23
C:\Users\edwin\OneDrive\Desktop\Capstone\hindi indic\HDSD\hindi_sent\M08\M08_S1_H26_M2.wav,aapa apanaa yaha achchhaa kaarya jaarii rakhein,M08,M08_S1_H26,M2,7,3.0625625,आप अपना यह अच्छा कार्य जारी रखें,H26
C:\Users\edwin\OneDrive\Desktop\Capstone\hindi indic\HDSD\hindi_sent\M08\M08_S1_H27_M2.wav,main bhaarata mein rahataa huuna,M08,M08_S1_H27,M2,5,2.0000625,मैं भारत में रहता हूं,H27
C:\Users\edwin\OneDrive\Desktop\Capstone\hindi indic\HDSD\hindi_sent\M08\M08_S1_H30_M2.wav,jaldii sei jaldii kuchha kiijiei,M08,M08_S1_H30,M2,5,2.4030625,जल्दी से जल्दी कुछ कीजिए,H30
C:\Users\edwin\OneDrive\Desktop\Capstone\hindi indic\HDSD\hindi_sent\M09\M09_S1_H01_M2.wav,aapakei hindii pasanda karanei para khushii huii,M09,M09_S1_H01,M2,7,3.4375,आपके हिंदी पसंद करने पर खुशी हुई,H01
C:\Users\edwin\OneDrive\Desktop\Capstone\hindi indic\HDSD\hindi_sent\M09\M09_S1_H02_M2.wav,isakei badalei mein tuma kuchha aura maanaga loo,M09,M09_S1_H02,M2,8,2.8750625,इसके बदले में तुम कुछ और मांग लो,H02
C:\Users\edwin\OneDrive\Desktop\Capstone\hindi indic\HDSD\hindi_sent\M09\M09_S1_H03_M2.wav,chikitsaa kaa artha hootaa hai ilaaja,M09,M09_S1_H03,M2,6,2.6250625,चिकित्सा का अर्थ होता है इलाज,H03
C:\Users\edwin\OneDrive\Desktop\Capstone\hindi indic\HDSD\hindi_sent\M09\M09_S1_H04_M2.wav,isei aisei hii jaarii rakhein,M09,M09_S1_H04,M2,5,2.4375625,इसे ऐसे ही जारी रखें,H04
C:\Users\edwin\OneDrive\Desktop\Capstone\hindi indic\HDSD\hindi_sent\M09\M09_S1_H05_M2.wav,madada kei liyei bahuta dhanyavaada,M09,M09_S1_H05,M2,5,2.3750625,मदद के लिए बहुत धन्यवाद,H05
C:\Users\edwin\OneDrive\Desktop\Capstone\hindi indic\HDSD\hindi_sent\M09\M09_S1_H06_M2.wav,aba joo main kahataa huuna usakaa paalana karoo,M09,M09_S1_H06,M2,8,3.1250625,अब जो मैं कहता हूं उसका पालन करो,H06
C:\Users\edwin\OneDrive\Desktop\Capstone\hindi indic\HDSD\hindi_sent\M09\M09_S1_H07_M2.wav,bhaarata mein aisaa nahiin huaa hai,M09,M09_S1_H07,M2,6,2.4375625,भारत में ऐसा नहीं हुआ है,H07
C:\Users\edwin\OneDrive\Desktop\Capstone\hindi indic\HDSD\hindi_sent\M09\M09_S1_H08_M2.wav,isa sahayooga heitu bhii bahuta dhanyavaada,M09,M09_S1_H08,M2,6,3.1875625,इस सहयोग हेतु भी बहुत धन्यवाद,H08
C:\Users\edwin\OneDrive\Desktop\Capstone\hindi indic\HDSD\hindi_sent\M09\M09_S1_H11_M2.wav,yahaan sei sangharshha kaa daura shuruu huaa,M09,M09_S1_H11,M2,7,2.6250625,यहाँ से संघर्ष का दौर शुरू हुआ,H11
C:\Users\edwin\OneDrive\Desktop\Capstone\hindi indic\HDSD\hindi_sent\M09\M09_S1_H12_M2.wav,doonoon mein badaa antara thaa,M09,M09_S1_H12,M2,5,2.3125625,दोनों में बड़ा अंतर था,H12
C:\Users\edwin\OneDrive\Desktop\Capstone\hindi indic\HDSD\hindi_sent\M09\M09_S1_H14_M2.wav,bahuta sei looga aisaa kara rahei hai,M09,M09_S1_H14,M2,7,2.5000625,बहुत से लोग ऐसा कर रहे है,H14
C:\Users\edwin\OneDrive\Desktop\Capstone\hindi indic\HDSD\hindi_sent\M09\M09_S1_H15_M2.wav,samaya kei saatha hii nahiin usasei aagei chalaa jaaei,M09,M09_S1_H15,M2,9,5.3125625,समय के साथ ही नहीं उससे आगे चला जाए,H15
C:\Users\edwin\OneDrive\Desktop\Capstone\hindi indic\HDSD\hindi_sent\M09\M09_S1_H17_M2.wav,shaayada samajha aa gayaa hoo,M09,M09_S1_H17,M2,5,2.6250625,शायद समझ आ गया हो,H17
C:\Users\edwin\OneDrive\Desktop\Capstone\hindi indic\HDSD\hindi_sent\M09\M09_S1_H19_M2.wav,main bhuula hii gayaa thaa isa baata koo,M09,M09_S1_H19,M2,8,3.0625625,मैं भूला ही गया था इस बात को,H19
C:\Users\edwin\OneDrive\Desktop\Capstone\hindi indic\HDSD\hindi_sent\M09\M09_S1_H20_M2.wav,magara vaha bhii nahiin huaa,M09,M09_S1_H20,M2,5,2.3750625,मगर वह भी नहीं हुआ,H20
C:\Users\edwin\OneDrive\Desktop\Capstone\hindi indic\HDSD\hindi_sent\M09\M09_S1_H21_M2.wav,dara kaa artha hootaa hai bhaya,M09,M09_S1_H21,M2,6,2.2500625,दर का अर्थ होता है भय,H21
C:\Users\edwin\OneDrive\Desktop\Capstone\hindi indic\HDSD\hindi_sent\M09\M09_S1_H22_M2.wav,eika baara phira sei aabhaara,M09,M09_S1_H22,M2,5,2.0000625,एक बार फिर से आभार,H22
C:\Users\edwin\OneDrive\Desktop\Capstone\hindi indic\HDSD\hindi_sent\M09\M09_S1_H23_M2.wav,naa jaanei kitanei looga isei padhtei hai,M09,M09_S1_H23,M2,7,2.6875625,ना जाने कितने लोग इसे पढ़ते है,H23
C:\Users\edwin\OneDrive\Desktop\Capstone\hindi indic\HDSD\hindi_sent\M09\M09_S1_H26_M2.wav,aapa apanaa yaha achchhaa kaarya jaarii rakhein,M09,M09_S1_H26,M2,7,3.0000625,आप अपना यह अच्छा कार्य जारी रखें,H26
C:\Users\edwin\OneDrive\Desktop\Capstone\hindi indic\HDSD\hindi_sent\M09\M09_S1_H27_M2.wav,main bhaarata mein rahataa huuna,M09,M09_S1_H27,M2,5,1.8750625,मैं भारत में रहता हूं,H27
C:\Users\edwin\OneDrive\Desktop\Capstone\hindi indic\HDSD\hindi_sent\M09\M09_S1_H30_M2.wav,jaldii sei jaldii kuchha kiijiei,M09,M09_S1_H30,M2,5,2.432125,जल्दी से जल्दी कुछ कीजिए,H30
C:\Users\edwin\OneDrive\Desktop\Capstone\hindi indic\HDSD\hindi_sent\M10\M10_S1_H01_M2.wav,aapakei hindii pasanda karanei para khushii huii,M10,M10_S1_H01,M2,7,3.3125,आपके हिंदी पसंद करने पर खुशी हुई,H01
C:\Users\edwin\OneDrive\Desktop\Capstone\hindi indic\HDSD\hindi_sent\M10\M10_S1_H02_M2.wav,isakei badalei mein tuma kuchha aura maanaga loo,M10,M10_S1_H02,M2,8,3.3500625,इसके बदले में तुम कुछ और मांग लो,H02
C:\Users\edwin\OneDrive\Desktop\Capstone\hindi indic\HDSD\hindi_sent\M10\M10_S1_H03_M2.wav,chikitsaa kaa artha hootaa hai ilaaja,M10,M10_S1_H03,M2,6,2.4938125,चिकित्सा का अर्थ होता है इलाज,H03
C:\Users\edwin\OneDrive\Desktop\Capstone\hindi indic\HDSD\hindi_sent\M10\M10_S1_H04_M2.wav,isei aisei hii jaarii rakhein,M10,M10_S1_H04,M2,5,2.0313125,इसे ऐसे ही जारी रखें,H04
C:\Users\edwin\OneDrive\Desktop\Capstone\hindi indic\HDSD\hindi_sent\M10\M10_S1_H05_M2.wav,madada kei liyei bahuta dhanyavaada,M10,M10_S1_H05,M2,5,2.4375625,मदद के लिए बहुत धन्यवाद,H05
C:\Users\edwin\OneDrive\Desktop\Capstone\hindi indic\HDSD\hindi_sent\M10\M10_S1_H06_M2.wav,aba joo main kahataa huuna usakaa paalana karoo,M10,M10_S1_H06,M2,8,2.7813125,अब जो मैं कहता हूं उसका पालन करो,H06
C:\Users\edwin\OneDrive\Desktop\Capstone\hindi indic\HDSD\hindi_sent\M10\M10_S1_H07_M2.wav,bhaarata mein aisaa nahiin huaa hai,M10,M10_S1_H07,M2,6,2.3813125,भारत में ऐसा नहीं हुआ है,H07
C:\Users\edwin\OneDrive\Desktop\Capstone\hindi indic\HDSD\hindi_sent\M10\M10_S1_H08_M2.wav,isa sahayooga heitu bhii bahuta dhanyavaada,M10,M10_S1_H08,M2,6,2.9750625,इस सहयोग हेतु भी बहुत धन्यवाद,H08
C:\Users\edwin\OneDrive\Desktop\Capstone\hindi indic\HDSD\hindi_sent\M10\M10_S1_H11_M2.wav,yahaan sei sangharshha kaa daura shuruu huaa,M10,M10_S1_H11,M2,7,2.8500625,यहाँ से संघर्ष का दौर शुरू हुआ,H11
C:\Users\edwin\OneDrive\Desktop\Capstone\hindi indic\HDSD\hindi_sent\M10\M10_S1_H12_M2.wav,doonoon mein badaa antara thaa,M10,M10_S1_H12,M2,5,2.1500625,दोनों में बड़ा अंतर था,H12
C:\Users\edwin\OneDrive\Desktop\Capstone\hindi indic\HDSD\hindi_sent\M10\M10_S1_H14_M2.wav,bahuta sei looga aisaa kara rahei hai,M10,M10_S1_H14,M2,7,2.4563125,बहुत से लोग ऐसा कर रहे है,H14
C:\Users\edwin\OneDrive\Desktop\Capstone\hindi indic\HDSD\hindi_sent\M10\M10_S1_H15_M2.wav,samaya kei saatha hii nahiin usasei aagei chalaa jaaei,M10,M10_S1_H15,M2,9,3.6000625,समय के साथ ही नहीं उससे आगे चला जाए,H15
C:\Users\edwin\OneDrive\Desktop\Capstone\hindi indic\HDSD\hindi_sent\M10\M10_S1_H17_M2.wav,shaayada samajha aa gayaa hoo,M10,M10_S1_H17,M2,5,2.1313125,शायद समझ आ गया हो,H17
C:\Users\edwin\OneDrive\Desktop\Capstone\hindi indic\HDSD\hindi_sent\M10\M10_S1_H19_M2.wav,main bhuula hii gayaa thaa isa baata koo,M10,M10_S1_H19,M2,8,3.2000625,मैं भूला ही गया था इस बात को,H19
C:\Users\edwin\OneDrive\Desktop\Capstone\hindi indic\HDSD\hindi_sent\M10\M10_S1_H20_M2.wav,magara vaha bhii nahiin huaa,M10,M10_S1_H20,M2,5,2.0188125,मगर वह भी नहीं हुआ,H20
C:\Users\edwin\OneDrive\Desktop\Capstone\hindi indic\HDSD\hindi_sent\M10\M10_S1_H21_M2.wav,dara kaa artha hootaa hai bhaya,M10,M10_S1_H21,M2,6,2.4375625,दर का अर्थ होता है भय,H21
C:\Users\edwin\OneDrive\Desktop\Capstone\hindi indic\HDSD\hindi_sent\M10\M10_S1_H22_M2.wav,eika baara phira sei aabhaara,M10,M10_S1_H22,M2,5,2.0500625,एक बार फिर से आभार,H22
C:\Users\edwin\OneDrive\Desktop\Capstone\hindi indic\HDSD\hindi_sent\M10\M10_S1_H23_M2.wav,naa jaanei kitanei looga isei padhtei hai,M10,M10_S1_H23,M2,7,2.8375625,ना जाने कितने लोग इसे पढ़ते है,H23
C:\Users\edwin\OneDrive\Desktop\Capstone\hindi indic\HDSD\hindi_sent\M10\M10_S1_H26_M2.wav,aapa apanaa yaha achchhaa kaarya jaarii rakhein,M10,M10_S1_H26,M2,7,2.9875625,आप अपना यह अच्छा कार्य जारी रखें,H26
C:\Users\edwin\OneDrive\Desktop\Capstone\hindi indic\HDSD\hindi_sent\M10\M10_S1_H27_M2.wav,main bhaarata mein rahataa huuna,M10,M10_S1_H27,M2,5,2.2000625,मैं भारत में रहता हूं,H27
C:\Users\edwin\OneDrive\Desktop\Capstone\hindi indic\HDSD\hindi_sent\M10\M10_S1_H30_M2.wav,jaldii sei jaldii kuchha kiijiei,M10,M10_S1_H30,M2,5,2.4063125,जल्दी से जल्दी कुछ कीजिए,H30
C:\Users\edwin\OneDrive\Desktop\Capstone\hindi indic\HDSD\hindi_sent\M13\M13_S1_H01_M2.wav,aapakei hindii pasanda karanei para khushii huii,M13,M13_S1_H01,M2,7,4.525,आपके हिंदी पसंद करने पर खुशी हुई,H01
C:\Users\edwin\OneDrive\Desktop\Capstone\hindi indic\HDSD\hindi_sent\M13\M13_S1_H02_M2.wav,isakei badalei mein tuma kuchha aura maanaga loo,M13,M13_S1_H02,M2,8,4.6750625,इसके बदले में तुम कुछ और मांग लो,H02
C:\Users\edwin\OneDrive\Desktop\Capstone\hindi indic\HDSD\hindi_sent\M13\M13_S1_H03_M2.wav,chikitsaa kaa artha hootaa hai ilaaja,M13,M13_S1_H03,M2,6,2.9625625,चिकित्सा का अर्थ होता है इलाज,H03
C:\Users\edwin\OneDrive\Desktop\Capstone\hindi indic\HDSD\hindi_sent\M13\M13_S1_H04_M2.wav,isei aisei hii jaarii rakhein,M13,M13_S1_H04,M2,5,4.1875625,इसे ऐसे ही जारी रखें,H04
C:\Users\edwin\OneDrive\Desktop\Capstone\hindi indic\HDSD\hindi_sent\M13\M13_S1_H05_M2.wav,madada kei liyei bahuta dhanyavaada,M13,M13_S1_H05,M2,5,2.7500625,मदद के लिए बहुत धन्यवाद,H05
C:\Users\edwin\OneDrive\Desktop\Capstone\hindi indic\HDSD\hindi_sent\M13\M13_S1_H06_M2.wav,aba joo main kahataa huuna usakaa paalana karoo,M13,M13_S1_H06,M2,8,4.8938125,अब जो मैं कहता हूं उसका पालन करो,H06
C:\Users\edwin\OneDrive\Desktop\Capstone\hindi indic\HDSD\hindi_sent\M13\M13_S1_H07_M2.wav,bhaarata mein aisaa nahiin huaa hai,M13,M13_S1_H07,M2,6,2.8688125,भारत में ऐसा नहीं हुआ है,H07
C:\Users\edwin\OneDrive\Desktop\Capstone\hindi indic\HDSD\hindi_sent\M13\M13_S1_H08_M2.wav,isa sahayooga heitu bhii bahuta dhanyavaada,M13,M13_S1_H08,M2,6,3.8250625,इस सहयोग हेतु भी बहुत धन्यवाद,H08
C:\Users\edwin\OneDrive\Desktop\Capstone\hindi indic\HDSD\hindi_sent\M13\M13_S1_H11_M2.wav,yahaan sei sangharshha kaa daura shuruu huaa,M13,M13_S1_H11,M2,7,5.7063125,यहाँ से संघर्ष का दौर शुरू हुआ,H11
C:\Users\edwin\OneDrive\Desktop\Capstone\hindi indic\HDSD\hindi_sent\M13\M13_S1_H12_M2.wav,doonoon mein badaa antara thaa,M13,M13_S1_H12,M2,5,2.4375625,दोनों में बड़ा अंतर था,H12
C:\Users\edwin\OneDrive\Desktop\Capstone\hindi indic\HDSD\hindi_sent\M13\M13_S1_H14_M2.wav,bahuta sei looga aisaa kara rahei hai,M13,M13_S1_H14,M2,7,3.1750625,बहुत से लोग ऐसा कर रहे है,H14
C:\Users\edwin\OneDrive\Desktop\Capstone\hindi indic\HDSD\hindi_sent\M13\M13_S1_H15_M2.wav,samaya kei saatha hii nahiin usasei usasei aagei chalaa jaaei,M13,M13_S1_H15,M2,10,7.8000625,समय के साथ ही नहीं उससे उससे आगे चला जाए,H15
C:\Users\edwin\OneDrive\Desktop\Capstone\hindi indic\HDSD\hindi_sent\M13\M13_S1_H17_M2.wav,shaayada samajha aa gayaa hoo,M13,M13_S1_H17,M2,5,3.5813125,शायद समझ आ गया हो,H17
C:\Users\edwin\OneDrive\Desktop\Capstone\hindi indic\HDSD\hindi_sent\M13\M13_S1_H19_M2.wav,main bhuula hii gayaa thaa isa baata koo,M13,M13_S1_H19,M2,8,5.1688125,मैं भूला ही गया था इस बात को,H19
C:\Users\edwin\OneDrive\Desktop\Capstone\hindi indic\HDSD\hindi_sent\M13\M13_S1_H20_M2.wav,magara vaha bhii nahiin huaa,M13,M13_S1_H20,M2,5,2.7688125,मगर वह भी नहीं हुआ,H20
C:\Users\edwin\OneDrive\Desktop\Capstone\hindi indic\HDSD\hindi_sent\M13\M13_S1_H21_M2.wav,dara kaa artha hootaa hai bhaya,M13,M13_S1_H21,M2,6,3.1563125,दर का अर्थ होता है भय,H21
C:\Users\edwin\OneDrive\Desktop\Capstone\hindi indic\HDSD\hindi_sent\M13\M13_S1_H22_M2.wav,eika baara phira sei aabhaara,M13,M13_S1_H22,M2,5,2.7938125,एक बार फिर से आभार,H22
C:\Users\edwin\OneDrive\Desktop\Capstone\hindi indic\HDSD\hindi_sent\M13\M13_S1_H23_M2.wav,naa jaanei kitanei looga isei padhtei hai,M13,M13_S1_H23,M2,7,4.9813125,ना जाने कितने लोग इसे पढ़ते है,H23
C:\Users\edwin\OneDrive\Desktop\Capstone\hindi indic\HDSD\hindi_sent\M13\M13_S1_H26_M2.wav,aapa apanaa yaha achchhaa kaarya jaarii rakhein,M13,M13_S1_H26,M2,7,4.3750625,आप अपना यह अच्छा कार्य जारी रखें,H26
C:\Users\edwin\OneDrive\Desktop\Capstone\hindi indic\HDSD\hindi_sent\M13\M13_S1_H27_M2.wav,main bhaarata mein rahataa huuna,M13,M13_S1_H27,M2,5,2.9250625,मैं भारत में रहता हूं,H27
C:\Users\edwin\OneDrive\Desktop\Capstone\hindi indic\HDSD\hindi_sent\M13\M13_S1_H30_M2.wav,jaldii sei jaldii kuchha kiijiei,M13,M13_S1_H30,M2,5,2.5841875,जल्दी से जल्दी कुछ कीजिए,H30
C:\Users\edwin\OneDrive\Desktop\Capstone\hindi indic\HDSD\hindi_sent\M15\M15_S1_H01_M2.wav,aapakei hindii pasanda karanei khushii huii,M15,M15_S1_H01,M2,6,6.04375,आपके हिंदी पसंद करने खुशी हुई,H01
C:\Users\edwin\OneDrive\Desktop\Capstone\hindi indic\HDSD\hindi_sent\M15\M15_S1_H02_M2.wav,isakei badalei mein tuma kuchha aura maanaga,M15,M15_S1_H02,M2,7,6.0250625,इसके बदले में तुम कुछ और मांग,H02
C:\Users\edwin\OneDrive\Desktop\Capstone\hindi indic\HDSD\hindi_sent\M15\M15_S1_H03_M2.wav,chikitsaa kaa artha hootaa hai ilaaja,M15,M15_S1_H03,M2,6,5.8063125,चिकित्सा का अर्थ होता है इलाज,H03
C:\Users\edwin\OneDrive\Desktop\Capstone\hindi indic\HDSD\hindi_sent\M15\M15_S1_H04_M2.wav,isei aisei hii jaarii rakhein,M15,M15_S1_H04,M2,5,4.6063125,इसे ऐसे ही जारी रखें,H04
C:\Users\edwin\OneDrive\Desktop\Capstone\hindi indic\HDSD\hindi_sent\M15\M15_S1_H05_M2.wav,madada kei liyei bahuta dhanyavaada,M15,M15_S1_H05,M2,5,3.7688125,मदद के लिए बहुत धन्यवाद,H05
C:\Users\edwin\OneDrive\Desktop\Capstone\hindi indic\HDSD\hindi_sent\M15\M15_S1_H06_M2.wav,aba main joo kahataa usakaa paalana karoo,M15,M15_S1_H06,M2,7,4.8125625,अब मैं जो कहता उसका पालन करो,H06
C:\Users\edwin\OneDrive\Desktop\Capstone\hindi indic\HDSD\hindi_sent\M15\M15_S1_H07_M2.wav,bhaarata aisaa nahiin huaa,M15,M15_S1_H07,M2,4,3.5625625,भारत ऐसा नहीं हुआ,H07
C:\Users\edwin\OneDrive\Desktop\Capstone\hindi indic\HDSD\hindi_sent\M15\M15_S1_H08_M2.wav,isa sahayooga heitu bhii bahuta dhanyavaada,M15,M15_S1_H08,M2,6,6.0938125,इस सहयोग हेतु भी बहुत धन्यवाद,H08
C:\Users\edwin\OneDrive\Desktop\Capstone\hindi indic\HDSD\hindi_sent\M15\M15_S1_H11_M2.wav,yahaan sei sangharshha kaa daura shuruu huaa,M15,M15_S1_H11,M2,7,5.0313125,यहाँ से संघर्ष का दौर शुरू हुआ,H11
C:\Users\edwin\OneDrive\Desktop\Capstone\hindi indic\HDSD\hindi_sent\M15\M15_S1_H12_M2.wav,doonoon badaa antara thaa,M15,M15_S1_H12,M2,4,3.3750625,दोनों बड़ा अंतर था,H12
C:\Users\edwin\OneDrive\Desktop\Capstone\hindi indic\HDSD\hindi_sent\M15\M15_S1_H14_M2.wav,bahuta sei looga aisaa kara,M15,M15_S1_H14,M2,5,2.2375625,बहुत से लोग ऐसा कर,H14
C:\Users\edwin\OneDrive\Desktop\Capstone\hindi indic\HDSD\hindi_sent\M15\M15_S1_H15_M2.wav,samaya kei saatha usasei aagei chalaa jaaei,M15,M15_S1_H15,M2,7,3.3188125,समय के साथ उससे आगे चला जाए,H15
C:\Users\edwin\OneDrive\Desktop\Capstone\hindi indic\HDSD\hindi_sent\M15\M15_S1_H17_M2.wav,shaayada samajha aa gayaa,M15,M15_S1_H17,M2,4,2.5500625,शायद समझ आ गया,H17
C:\Users\edwin\OneDrive\Desktop\Capstone\hindi indic\HDSD\hindi_sent\M15\M15_S1_H19_M2.wav,main bhuula hii gayaa isa baata,M15,M15_S1_H19,M2,6,2.8125625,मैं भूला ही गया इस बात,H19
C:\Users\edwin\OneDrive\Desktop\Capstone\hindi indic\HDSD\hindi_sent\M15\M15_S1_H20_M2.wav,magara vaha bhii nahiin huaa,M15,M15_S1_H20,M2,5,2.6875625,मगर वह भी नहीं हुआ,H20
C:\Users\edwin\OneDrive\Desktop\Capstone\hindi indic\HDSD\hindi_sent\M15\M15_S1_H21_M2.wav,dara kaa artha hootaa,M15,M15_S1_H21,M2,4,2.0375625,दर का अर्थ होता,H21
C:\Users\edwin\OneDrive\Desktop\Capstone\hindi indic\HDSD\hindi_sent\M15\M15_S1_H22_M2.wav,eika baara phira sei,M15,M15_S1_H22,M2,4,1.6938125,एक बार फिर से,H22
C:\Users\edwin\OneDrive\Desktop\Capstone\hindi indic\HDSD\hindi_sent\M15\M15_S1_H23_M2.wav,naa jaanei kitanei looga isei,M15,M15_S1_H23,M2,5,1.8875625,ना जाने कितने लोग इसे,H23
C:\Users\edwin\OneDrive\Desktop\Capstone\hindi indic\HDSD\hindi_sent\M15\M15_S1_H26_M2.wav,aapa apanaa achchhaa kaarya jaarii rakhein,M15,M15_S1_H26,M2,6,3.1188125,आप अपना अच्छा कार्य जारी रखें,H26
C:\Users\edwin\OneDrive\Desktop\Capstone\hindi indic\HDSD\hindi_sent\M15\M15_S1_H27_M2.wav,main bhaarata rahataa huuna,M15,M15_S1_H27,M2,4,2.0750625,मैं भारत रहता हूं,H27
C:\Users\edwin\OneDrive\Desktop\Capstone\hindi indic\HDSD\hindi_sent\M15\M15_S1_H30_M2.wav,jaldii sei jaldii kuchha kiijiei,M15,M15_S1_H30,M2,5,3.002875,जल्दी से जल्दी कुछ कीजिए,H30
C:\Users\edwin\OneDrive\Desktop\Capstone\hindi indic\HDSD\hindi_sent\M15\M15_S2_H01_M2.wav,aapakei hindii pasanda karanei khushii,M15,M15_S2_H01,M2,5,5.5375,आपके हिंदी पसंद करने खुशी,H01
C:\Users\edwin\OneDrive\Desktop\Capstone\hindi indic\HDSD\hindi_sent\M15\M15_S2_H02_M2.wav,isakei badalei mein tuma kuchha aura maanaga,M15,M15_S2_H02,M2,7,5.1313125,इसके बदले में तुम कुछ और मांग,H02
C:\Users\edwin\OneDrive\Desktop\Capstone\hindi indic\HDSD\hindi_sent\M15\M15_S2_H03_M2.wav,chikitsaa kaa hootaa ilaaja,M15,M15_S2_H03,M2,4,3.9188125,चिकित्सा का होता इलाज,H03
C:\Users\edwin\OneDrive\Desktop\Capstone\hindi indic\HDSD\hindi_sent\M15\M15_S2_H04_M2.wav,isei aisei jaarii rakhein,M15,M15_S2_H04,M2,4,3.5875625,इसे ऐसे जारी रखें,H04
C:\Users\edwin\OneDrive\Desktop\Capstone\hindi indic\HDSD\hindi_sent\M15\M15_S2_H05_M2.wav,madada kei bahuta dhanyavaada,M15,M15_S2_H05,M2,4,3.3938125,मदद के बहुत धन्यवाद,H05
C:\Users\edwin\OneDrive\Desktop\Capstone\hindi indic\HDSD\hindi_sent\M15\M15_S2_H06_M2.wav,aba joo main kahataa usakaa paalana,M15,M15_S2_H06,M2,6,4.3688125,अब जो मैं कहता उसका पालन,H06
C:\Users\edwin\OneDrive\Desktop\Capstone\hindi indic\HDSD\hindi_sent\M15\M15_S2_H07_M2.wav,bhaarata aisaa nahiin huaa hai,M15,M15_S2_H07,M2,5,3.6625625,भारत ऐसा नहीं हुआ है,H07
C:\Users\edwin\OneDrive\Desktop\Capstone\hindi indic\HDSD\hindi_sent\M15\M15_S2_H08_M2.wav,isa sahayooga heitu bhii bahuta dhanyavaada,M15,M15_S2_H08,M2,6,3.8688125,इस सहयोग हेतु भी बहुत धन्यवाद,H08
C:\Users\edwin\OneDrive\Desktop\Capstone\hindi indic\HDSD\hindi_sent\M15\M15_S2_H11_M2.wav,yahaan sei sangharshha kaa daura shuruu,M15,M15_S2_H11,M2,6,5.0688125,यहाँ से संघर्ष का दौर शुरू,H11
C:\Users\edwin\OneDrive\Desktop\Capstone\hindi indic\HDSD\hindi_sent\M15\M15_S2_H12_M2.wav,mein badaa antara thaa,M15,M15_S2_H12,M2,4,2.8063125,में बड़ा अंतर था,H12
C:\Users\edwin\OneDrive\Desktop\Capstone\hindi indic\HDSD\hindi_sent\M15\M15_S2_H14_M2.wav,aisaa kara bahuta sei looga aisaa kara rahei,M15,M15_S2_H14,M2,8,7.9250625,ऐसा कर बहुत से लोग ऐसा कर रहे,H14
C:\Users\edwin\OneDrive\Desktop\Capstone\hindi indic\HDSD\hindi_sent\M15\M15_S2_H15_M2.wav,samaya kei saatha nahiin usasei aagei chalaa jaaei,M15,M15_S2_H15,M2,8,5.0125625,समय के साथ नहीं उससे आगे चला जाए,H15
C:\Users\edwin\OneDrive\Desktop\Capstone\hindi indic\HDSD\hindi_sent\M15\M15_S2_H17_M2.wav,shaayada samajha aa,M15,M15_S2_H17,M2,3,2.6000625,शायद समझ आ,H17
C:\Users\edwin\OneDrive\Desktop\Capstone\hindi indic\HDSD\hindi_sent\M15\M15_S2_H19_M2.wav,main bhuula hii gayaa isa baata,M15,M15_S2_H19,M2,6,3.1625625,मैं भूला ही गया इस बात,H19
C:\Users\edwin\OneDrive\Desktop\Capstone\hindi indic\HDSD\hindi_sent\M15\M15_S2_H20_M2.wav,magara vaha bhii nahiin,M15,M15_S2_H20,M2,4,2.5750625,मगर वह भी नहीं,H20
C:\Users\edwin\OneDrive\Desktop\Capstone\hindi indic\HDSD\hindi_sent\M15\M15_S2_H21_M2.wav,dara kaa artha hootaa bhaya,M15,M15_S2_H21,M2,5,2.6313125,दर का अर्थ होता भय,H21
C:\Users\edwin\OneDrive\Desktop\Capstone\hindi indic\HDSD\hindi_sent\M15\M15_S2_H22_M2.wav,eika baara phira sei aabhaara,M15,M15_S2_H22,M2,5,2.4938125,एक बार फिर से आभार,H22
C:\Users\edwin\OneDrive\Desktop\Capstone\hindi indic\HDSD\hindi_sent\M15\M15_S2_H23_M2.wav,naa jaanei kitanei looga isei padhtei,M15,M15_S2_H23,M2,6,3.0438125,ना जाने कितने लोग इसे पढ़ते,H23
C:\Users\edwin\OneDrive\Desktop\Capstone\hindi indic\HDSD\hindi_sent\M15\M15_S2_H26_M2.wav,aapa apanaa achchhaa jaarii,M15,M15_S2_H26,M2,4,3.3125625,आप अपना अच्छा जारी,H26
C:\Users\edwin\OneDrive\Desktop\Capstone\hindi indic\HDSD\hindi_sent\M15\M15_S2_H27_M2.wav,main bhaarata rahataa,M15,M15_S2_H27,M2,3,2.5250625,मैं भारत रहता,H27
C:\Users\edwin\OneDrive\Desktop\Capstone\hindi indic\HDSD\hindi_sent\M15\M15_S2_H30_M2.wav,jaldii sei jaldii kuchha kiijiei,M15,M15_S2_H30,M2,5,2.7000625,जल्दी से जल्दी कुछ कीजिए,H30
C:\Users\edwin\OneDrive\Desktop\Capstone\hindi indic\HDSD\hindi_sent\M15\M15_S3_H06_M2.wav,aba joo main kahataa huuna usakaa paalana karoo,M15,M15_S3_H06,M2,8,4.2688125,अब जो मैं कहता हूं उसका पालन करो,H06
C:\Users\edwin\OneDrive\Desktop\Capstone\hindi indic\HDSD\hindi_sent\M15\M15_S3_H07_M2.wav,bhaarata aisaa nahiin huaa hai,M15,M15_S3_H07,M2,5,3.5000625,भारत ऐसा नहीं हुआ है,H07
C:\Users\edwin\OneDrive\Desktop\Capstone\hindi indic\HDSD\hindi_sent\M15\M15_S3_H08_M2.wav,isa sahayooga heitu bahuta dhanyavaada,M15,M15_S3_H08,M2,5,3.7813125,इस सहयोग हेतु बहुत धन्यवाद,H08
C:\Users\edwin\OneDrive\Desktop\Capstone\hindi indic\HDSD\hindi_sent\M15\M15_S3_H11_M2.wav,yahaan sei sangharshha kaa daura shuruu huaa,M15,M15_S3_H11,M2,7,4.2063125,यहाँ से संघर्ष का दौर शुरू हुआ,H11
C:\Users\edwin\OneDrive\Desktop\Capstone\hindi indic\HDSD\hindi_sent\M15\M15_S3_H12_M2.wav,doonoon badaa antara thaa,M15,M15_S3_H12,M2,4,2.73925,दोनों बड़ा अंतर था,H12
C:\Users\edwin\OneDrive\Desktop\Capstone\hindi indic\HDSD\hindi_sent\M16\M16_S1_H01_M2.wav,aapakei hindii pasanda karanei para khushii huii,M16,M16_S1_H01,M2,7,2.59375,आपके हिंदी पसंद करने पर खुशी हुई,H01
C:\Users\edwin\OneDrive\Desktop\Capstone\hindi indic\HDSD\hindi_sent\M16\M16_S1_H02_M2.wav,isakei badalei mein tuma kuchha aura maanaga loo,M16,M16_S1_H02,M2,8,3.1563125,इसके बदले में तुम कुछ और मांग लो,H02
C:\Users\edwin\OneDrive\Desktop\Capstone\hindi indic\HDSD\hindi_sent\M16\M16_S1_H03_M2.wav,chikitsaa kaa artha hootaa hai ilaaja,M16,M16_S1_H03,M2,6,2.5688125,चिकित्सा का अर्थ होता है इलाज,H03
C:\Users\edwin\OneDrive\Desktop\Capstone\hindi indic\HDSD\hindi_sent\M16\M16_S1_H04_M2.wav,isei aisei hii jaarii rakhein,M16,M16_S1_H04,M2,5,1.9313125,इसे ऐसे ही जारी रखें,H04
C:\Users\edwin\OneDrive\Desktop\Capstone\hindi indic\HDSD\hindi_sent\M16\M16_S1_H05_M2.wav,madada kei liyei bahuta dhanyavaada,M16,M16_S1_H05,M2,5,2.1313125,मदद के लिए बहुत धन्यवाद,H05
C:\Users\edwin\OneDrive\Desktop\Capstone\hindi indic\HDSD\hindi_sent\M16\M16_S1_H06_M2.wav,aba joo main joo main kahataa huuna usakaa paalana karoo,M16,M16_S1_H06,M2,10,4.1500625,अब जो मैं जो मैं कहता हूं उसका पालन करो,H06
C:\Users\edwin\OneDrive\Desktop\Capstone\hindi indic\HDSD\hindi_sent\M16\M16_S1_H07_M2.wav,bhaarata mein aisaa nahiin huaa hai,M16,M16_S1_H07,M2,6,3.7250625,भारत में ऐसा नहीं हुआ है,H07
C:\Users\edwin\OneDrive\Desktop\Capstone\hindi indic\HDSD\hindi_sent\M16\M16_S1_H08_M2.wav,isa sahayooga heitu isa sahayooga heitu bhii bahuta dhanyavaada,M16,M16_S1_H08,M2,9,4.5188125,इस सहयोग हेतु इस सहयोग हेतु भी बहुत धन्यवाद,H08
C:\Users\edwin\OneDrive\Desktop\Capstone\hindi indic\HDSD\hindi_sent\M16\M16_S1_H11_M2.wav,yahaan sei sangharshha kaa daura shuruu huaa,M16,M16_S1_H11,M2,7,2.6063125,यहाँ से संघर्ष का दौर शुरू हुआ,H11
C:\Users\edwin\OneDrive\Desktop\Capstone\hindi indic\HDSD\hindi_sent\M16\M16_S1_H12_M2.wav,doonoon mein badaa antara thaa,M16,M16_S1_H12,M2,5,2.6500625,दोनों में बड़ा अंतर था,H12
C:\Users\edwin\OneDrive\Desktop\Capstone\hindi indic\HDSD\hindi_sent\M16\M16_S1_H14_M2.wav,bahuta sei looga aisaa kara rahei hai,M16,M16_S1_H14,M2,7,2.4750625,बहुत से लोग ऐसा कर रहे है,H14
C:\Users\edwin\OneDrive\Desktop\Capstone\hindi indic\HDSD\hindi_sent\M16\M16_S1_H15_M2.wav,samaya kei saatha hii nahiin usasei aagei chalaa jaaei,M16,M16_S1_H15,M2,9,4.7063125,समय के साथ ही नहीं उससे आगे चला जाए,H15
C:\Users\edwin\OneDrive\Desktop\Capstone\hindi indic\HDSD\hindi_sent\M16\M16_S1_H17_M2.wav,shaayada samajha aa gayaa hoo,M16,M16_S1_H17,M2,5,1.6688125,शायद समझ आ गया हो,H17
C:\Users\edwin\OneDrive\Desktop\Capstone\hindi indic\HDSD\hindi_sent\M16\M16_S1_H19_M2.wav,main gayaa thaa isa baata koo,M16,M16_S1_H19,M2,6,2.6625625,मैं गया था इस बात को,H19
C:\Users\edwin\OneDrive\Desktop\Capstone\hindi indic\HDSD\hindi_sent\M16\M16_S1_H20_M2.wav,magara vaha bhii nahiin huaa,M16,M16_S1_H20,M2,5,2.0375625,मगर वह भी नहीं हुआ,H20
C:\Users\edwin\OneDrive\Desktop\Capstone\hindi indic\HDSD\hindi_sent\M16\M16_S1_H21_M2.wav,kaa artha hootaa hai bhaya,M16,M16_S1_H21,M2,5,1.9250625,का अर्थ होता है भय,H21
C:\Users\edwin\OneDrive\Desktop\Capstone\hindi indic\HDSD\hindi_sent\M16\M16_S1_H22_M2.wav,eika baara phira sei aabhaara,M16,M16_S1_H22,M2,5,2.9250625,एक बार फिर से आभार,H22
C:\Users\edwin\OneDrive\Desktop\Capstone\hindi indic\HDSD\hindi_sent\M16\M16_S1_H23_M2.wav,naa jaanei kitanei looga isei hai,M16,M16_S1_H23,M2,6,2.4938125,ना जाने कितने लोग इसे है,H23
C:\Users\edwin\OneDrive\Desktop\Capstone\hindi indic\HDSD\hindi_sent\M16\M16_S1_H26_M2.wav,aapa apanaa yaha achchhaa kaarya jaarii rakhein,M16,M16_S1_H26,M2,7,2.8100625,आप अपना यह अच्छा कार्य जारी रखें,H26
C:\Users\edwin\OneDrive\Desktop\Capstone\hindi indic\HDSD\hindi_sent\M16\M16_S1_H27_M2.wav,main bhaarata mein rahataa huuna,M16,M16_S1_H27,M2,5,1.8000625,मैं भारत में रहता हूं,H27
C:\Users\edwin\OneDrive\Desktop\Capstone\hindi indic\HDSD\hindi_sent\M16\M16_S1_H30_M2.wav,jaldii sei jaldii kuchha kiijiei,M16,M16_S1_H30,M2,5,2.1818125,जल्दी से जल्दी कुछ कीजिए,H30
C:\Users\edwin\OneDrive\Desktop\Capstone\hindi indic\HDSD\hindi_sent\M18\M18_S1_H01_M2.wav,aapakei hindii pasanda karanei para khushii huii,M18,M18_S1_H01,M2,7,3.2875,आपके हिंदी पसंद करने पर खुशी हुई,H01
C:\Users\edwin\OneDrive\Desktop\Capstone\hindi indic\HDSD\hindi_sent\M18\M18_S1_H02_M2.wav,isakei badalei mein tuma kuchha aura maanaga loo,M18,M18_S1_H02,M2,8,3.5625625,इसके बदले में तुम कुछ और मांग लो,H02
C:\Users\edwin\OneDrive\Desktop\Capstone\hindi indic\HDSD\hindi_sent\M18\M18_S1_H03_M2.wav,chikitsaa kaa artha hootaa hai ilaaja,M18,M18_S1_H03,M2,6,3.2219375,चिकित्सा का अर्थ होता है इलाज,H03
C:\Users\edwin\OneDrive\Desktop\Capstone\hindi indic\HDSD\hindi_sent\M18\M18_S1_H04_M2.wav,isei aisei hii jaarii rakhein,M18,M18_S1_H04,M2,5,3.0906875,इसे ऐसे ही जारी रखें,H04
C:\Users\edwin\OneDrive\Desktop\Capstone\hindi indic\HDSD\hindi_sent\M18\M18_S1_H05_M2.wav,madada kei liyei bahuta dhanyavaada,M18,M18_S1_H05,M2,5,2.3875625,मदद के लिए बहुत धन्यवाद,H05
C:\Users\edwin\OneDrive\Desktop\Capstone\hindi indic\HDSD\hindi_sent\M18\M18_S1_H06_M2.wav,aba joo main kahataa huuna usakaa paalana karoo,M18,M18_S1_H06,M2,8,3.1000625,अब जो मैं कहता हूं उसका पालन करो,H06
C:\Users\edwin\OneDrive\Desktop\Capstone\hindi indic\HDSD\hindi_sent\M18\M18_S1_H07_M2.wav,bhaarata mein aisaa nahiin huaa hai,M18,M18_S1_H07,M2,6,3.4250625,भारत में ऐसा नहीं हुआ है,H07
C:\Users\edwin\OneDrive\Desktop\Capstone\hindi indic\HDSD\hindi_sent\M18\M18_S1_H08_M2.wav,isa sahayooga heitu bhii bahuta dhanyavaada,M18,M18_S1_H08,M2,6,4.0625625,इस सहयोग हेतु भी बहुत धन्यवाद,H08
C:\Users\edwin\OneDrive\Desktop\Capstone\hindi indic\HDSD\hindi_sent\M18\M18_S1_H11_M2.wav,yahaan sei sangharshha kaa daura shuruu huaa,M18,M18_S1_H11,M2,7,3.3625625,यहाँ से संघर्ष का दौर शुरू हुआ,H11
C:\Users\edwin\OneDrive\Desktop\Capstone\hindi indic\HDSD\hindi_sent\M18\M18_S1_H12_M2.wav,doonoon mein badaa antara thaa,M18,M18_S1_H12,M2,5,2.3406875,दोनों में बड़ा अंतर था,H12
C:\Users\edwin\OneDrive\Desktop\Capstone\hindi indic\HDSD\hindi_sent\M18\M18_S1_H14_M2.wav,bahuta sei looga aisaa kara rahei hai,M18,M18_S1_H14,M2,7,2.9638125,बहुत से लोग ऐसा कर रहे है,H14
C:\Users\edwin\OneDrive\Desktop\Capstone\hindi indic\HDSD\hindi_sent\M18\M18_S1_H15_M2.wav,samaya kei saatha hii nahiin usasei aagei chalaa chalaa jaaei,M18,M18_S1_H15,M2,10,4.8063125,समय के साथ ही नहीं उससे आगे चला चला जाए,H15
C:\Users\edwin\OneDrive\Desktop\Capstone\hindi indic\HDSD\hindi_sent\M18\M18_S1_H17_M2.wav,shaayada samajha aa gayaa hoo,M18,M18_S1_H17,M2,5,3.9750625,शायद समझ आ गया हो,H17
C:\Users\edwin\OneDrive\Desktop\Capstone\hindi indic\HDSD\hindi_sent\M18\M18_S1_H19_M2.wav,main bhuula hii gayaa thaa isa baata koo,M18,M18_S1_H19,M2,8,4.3394375,मैं भूला ही गया था इस बात को,H19
C:\Users\edwin\OneDrive\Desktop\Capstone\hindi indic\HDSD\hindi_sent\M18\M18_S1_H20_M2.wav,magara vaha bhii nahiin huaa,M18,M18_S1_H20,M2,5,2.7750625,मगर वह भी नहीं हुआ,H20
C:\Users\edwin\OneDrive\Desktop\Capstone\hindi indic\HDSD\hindi_sent\M18\M18_S1_H21_M2.wav,dara kaa artha hootaa hai bhaya,M18,M18_S1_H21,M2,6,2.6688125,दर का अर्थ होता है भय,H21
C:\Users\edwin\OneDrive\Desktop\Capstone\hindi indic\HDSD\hindi_sent\M18\M18_S1_H22_M2.wav,eika baara phira sei aabhaara,M18,M18_S1_H22,M2,5,2.8563125,एक बार फिर से आभार,H22
C:\Users\edwin\OneDrive\Desktop\Capstone\hindi indic\HDSD\hindi_sent\M18\M18_S1_H23_M2.wav,naa jaanei kitanei looga isei padhtei hai,M18,M18_S1_H23,M2,7,4.5375625,ना जाने कितने लोग इसे पढ़ते है,H23
C:\Users\edwin\OneDrive\Desktop\Capstone\hindi indic\HDSD\hindi_sent\M18\M18_S1_H26_M2.wav,aapa apanaa yaha achchhaa kaarya jaarii rakhein,M18,M18_S1_H26,M2,7,3.2313125,आप अपना यह अच्छा कार्य जारी रखें,H26
C:\Users\edwin\OneDrive\Desktop\Capstone\hindi indic\HDSD\hindi_sent\M18\M18_S1_H27_M2.wav,main bhaarata mein rahataa huuna,M18,M18_S1_H27,M2,5,2.2125625,मैं भारत में रहता हूं,H27
C:\Users\edwin\OneDrive\Desktop\Capstone\hindi indic\HDSD\hindi_sent\M18\M18_S1_H30_M2.wav,jaldii sei jaldii kuchha kiijiei,M18,M18_S1_H30,M2,5,2.2860625,जल्दी से जल्दी कुछ कीजिए,H30
C:\Users\edwin\OneDrive\Desktop\Capstone\hindi indic\HDSD\hindi_sent\M21\M21_S1_H01_M2.wav,aapakei hindii pasanda karanei para khushii huii,M21,M21_S1_H01,M2,7,2.175,आपके हिंदी पसंद करने पर खुशी हुई,H01
C:\Users\edwin\OneDrive\Desktop\Capstone\hindi indic\HDSD\hindi_sent\M21\M21_S1_H02_M2.wav,isakei badalei mein tuma kuchha aura maanaga loo,M21,M21_S1_H02,M2,8,2.7250625,इसके बदले में तुम कुछ और मांग लो,H02
C:\Users\edwin\OneDrive\Desktop\Capstone\hindi indic\HDSD\hindi_sent\M21\M21_S1_H03_M2.wav,chikitsaa kaa artha hootaa hai ilaaja,M21,M21_S1_H03,M2,6,1.9813125,चिकित्सा का अर्थ होता है इलाज,H03
C:\Users\edwin\OneDrive\Desktop\Capstone\hindi indic\HDSD\hindi_sent\M21\M21_S1_H04_M2.wav,aisei aisei hii jaarii rakhein,M21,M21_S1_H04,M2,5,3.8313125,ऐसे ऐसे ही जारी रखें,H04
C:\Users\edwin\OneDrive\Desktop\Capstone\hindi indic\HDSD\hindi_sent\M21\M21_S1_H05_M2.wav,madada kei liyei bahuta dhanyavaada,M21,M21_S1_H05,M2,5,2.0938125,मदद के लिए बहुत धन्यवाद,H05
C:\Users\edwin\OneDrive\Desktop\Capstone\hindi indic\HDSD\hindi_sent\M21\M21_S1_H06_M2.wav,aba joo main kahataa huuna usakaa paalana karoo,M21,M21_S1_H06,M2,8,2.6750625,अब जो मैं कहता हूं उसका पालन करो,H06
C:\Users\edwin\OneDrive\Desktop\Capstone\hindi indic\HDSD\hindi_sent\M21\M21_S1_H07_M2.wav,bhaarata mein aisaa nahiin huaa hai,M21,M21_S1_H07,M2,6,1.9500625,भारत में ऐसा नहीं हुआ है,H07
C:\Users\edwin\OneDrive\Desktop\Capstone\hindi indic\HDSD\hindi_sent\M21\M21_S1_H08_M2.wav,isa sahayooga heitu bhii bahuta dhanyavaada,M21,M21_S1_H08,M2,6,2.5688125,इस सहयोग हेतु भी बहुत धन्यवाद,H08
C:\Users\edwin\OneDrive\Desktop\Capstone\hindi indic\HDSD\hindi_sent\M21\M21_S1_H11_M2.wav,yahaan sei sangharshha kaa daura shuruu huaa,M21,M21_S1_H11,M2,7,2.1938125,यहाँ से संघर्ष का दौर शुरू हुआ,H11
C:\Users\edwin\OneDrive\Desktop\Capstone\hindi indic\HDSD\hindi_sent\M21\M21_S1_H12_M2.wav,doonoon mein thaa,M21,M21_S1_H12,M2,3,2.3750625,दोनों में था,H12
C:\Users\edwin\OneDrive\Desktop\Capstone\hindi indic\HDSD\hindi_sent\M21\M21_S1_H14_M2.wav,bahuta sei looga aisaa kara rahei hai,M21,M21_S1_H14,M2,7,2.0438125,बहुत से लोग ऐसा कर रहे है,H14
C:\Users\edwin\OneDrive\Desktop\Capstone\hindi indic\HDSD\hindi_sent\M21\M21_S1_H15_M2.wav,samaya kei saatha hii nahiin usasei aagei chalaa jaaei,M21,M21_S1_H15,M2,9,4.0188125,समय के साथ ही नहीं उससे आगे चला जाए,H15
C:\Users\edwin\OneDrive\Desktop\Capstone\hindi indic\HDSD\hindi_sent\M21\M21_S1_H17_M2.wav,shaayada samajha aa gayaa hoo,M21,M21_S1_H17,M2,5,1.8438125,शायद समझ आ गया हो,H17
C:\Users\edwin\OneDrive\Desktop\Capstone\hindi indic\HDSD\hindi_sent\M21\M21_S1_H19_M2.wav,main bhuula hii gayaa thaa isa baata koo,M21,M21_S1_H19,M2,8,2.0188125,मैं भूला ही गया था इस बात को,H19
C:\Users\edwin\OneDrive\Desktop\Capstone\hindi indic\HDSD\hindi_sent\M21\M21_S1_H20_M2.wav,magara vaha bhii nahiin huaa,M21,M21_S1_H20,M2,5,1.4125625,मगर वह भी नहीं हुआ,H20
C:\Users\edwin\OneDrive\Desktop\Capstone\hindi indic\HDSD\hindi_sent\M21\M21_S1_H21_M2.wav,dara kaa artha hootaa hai bhaya,M21,M21_S1_H21,M2,6,1.9375625,दर का अर्थ होता है भय,H21
C:\Users\edwin\OneDrive\Desktop\Capstone\hindi indic\HDSD\hindi_sent\M21\M21_S1_H22_M2.wav,eika baara phira sei aabhaara,M21,M21_S1_H22,M2,5,2.1125625,एक बार फिर से आभार,H22
C:\Users\edwin\OneDrive\Desktop\Capstone\hindi indic\HDSD\hindi_sent\M21\M21_S1_H23_M2.wav,naa jaanei kitanei looga isei padhtei hai,M21,M21_S1_H23,M2,7,3.0500625,ना जाने कितने लोग इसे पढ़ते है,H23
C:\Users\edwin\OneDrive\Desktop\Capstone\hindi indic\HDSD\hindi_sent\M21\M21_S1_H26_M2.wav,aapa apanaa yaha achchhaa kaarya jaarii rakhein,M21,M21_S1_H26,M2,7,2.8688125,आप अपना यह अच्छा कार्य जारी रखें,H26
C:\Users\edwin\OneDrive\Desktop\Capstone\hindi indic\HDSD\hindi_sent\M21\M21_S1_H27_M2.wav,main bhaarata mein rahataa huuna,M21,M21_S1_H27,M2,5,1.8125625,मैं भारत में रहता हूं,H27
C:\Users\edwin\OneDrive\Desktop\Capstone\hindi indic\HDSD\hindi_sent\M21\M21_S1_H30_M2.wav,jaldii sei jaldii kuchha kiijiei,M21,M21_S1_H30,M2,5,2.1094375,जल्दी से जल्दी कुछ कीजिए,H30
C:\Users\edwin\OneDrive\Desktop\Capstone\hindi indic\HDSD\hindi_sent\M22\M22_S1_H01_M2.wav,aapakei hindii pasanda karanei para khushii huii,M22,M22_S1_H01,M2,7,3.21875,आपके हिंदी पसंद करने पर खुशी हुई,H01
C:\Users\edwin\OneDrive\Desktop\Capstone\hindi indic\HDSD\hindi_sent\M22\M22_S1_H02_M2.wav,isakei badalei mein tuma kuchha aura maanaga loo,M22,M22_S1_H02,M2,8,2.4438125,इसके बदले में तुम कुछ और मांग लो,H02
C:\Users\edwin\OneDrive\Desktop\Capstone\hindi indic\HDSD\hindi_sent\M22\M22_S1_H03_M2.wav,chikitsaa kaa artha hootaa hai ilaaja,M22,M22_S1_H03,M2,6,2.3813125,चिकित्सा का अर्थ होता है इलाज,H03
C:\Users\edwin\OneDrive\Desktop\Capstone\hindi indic\HDSD\hindi_sent\M22\M22_S1_H04_M2.wav,isei aisei hii jaarii rakhein,M22,M22_S1_H04,M2,5,1.9250625,इसे ऐसे ही जारी रखें,H04
C:\Users\edwin\OneDrive\Desktop\Capstone\hindi indic\HDSD\hindi_sent\M22\M22_S1_H05_M2.wav,madada kei liyei bahuta dhanyavaada,M22,M22_S1_H05,M2,5,2.0125625,मदद के लिए बहुत धन्यवाद,H05
C:\Users\edwin\OneDrive\Desktop\Capstone\hindi indic\HDSD\hindi_sent\M22\M22_S1_H06_M2.wav,aba joo main kahataa huuna usakaa paalana karoo,M22,M22_S1_H06,M2,8,2.3563125,अब जो मैं कहता हूं उसका पालन करो,H06
C:\Users\edwin\OneDrive\Desktop\Capstone\hindi indic\HDSD\hindi_sent\M22\M22_S1_H07_M2.wav,bhaarata mein aisaa nahiin huaa hai,M22,M22_S1_H07,M2,6,2.6063125,भारत में ऐसा नहीं हुआ है,H07
C:\Users\edwin\OneDrive\Desktop\Capstone\hindi indic\HDSD\hindi_sent\M22\M22_S1_H08_M2.wav,isa sahayooga heitu bhii bahuta dhanyavaada,M22,M22_S1_H08,M2,6,3.4313125,इस सहयोग हेतु भी बहुत धन्यवाद,H08
C:\Users\edwin\OneDrive\Desktop\Capstone\hindi indic\HDSD\hindi_sent\M22\M22_S1_H11_M2.wav,yahaan sei sangharshha kaa daura shuruu huaa,M22,M22_S1_H11,M2,7,2.7844375,यहाँ से संघर्ष का दौर शुरू हुआ,H11
C:\Users\edwin\OneDrive\Desktop\Capstone\hindi indic\HDSD\hindi_sent\M22\M22_S1_H12_M2.wav,doonoon mein badaa antara thaa,M22,M22_S1_H12,M2,5,1.6969375,दोनों में बड़ा अंतर था,H12
C:\Users\edwin\OneDrive\Desktop\Capstone\hindi indic\HDSD\hindi_sent\M22\M22_S1_H14_M2.wav,bahuta sei looga aisaa kara rahei hai,M22,M22_S1_H14,M2,7,2.7875625,बहुत से लोग ऐसा कर रहे है,H14
C:\Users\edwin\OneDrive\Desktop\Capstone\hindi indic\HDSD\hindi_sent\M22\M22_S1_H15_M2.wav,samaya kei saatha hii nahiin usasei aagei chalaa jaaei,M22,M22_S1_H15,M2,9,3.2688125,समय के साथ ही नहीं उससे आगे चला जाए,H15
C:\Users\edwin\OneDrive\Desktop\Capstone\hindi indic\HDSD\hindi_sent\M22\M22_S1_H17_M2.wav,shaayada samajha aa gayaa hoo,M22,M22_S1_H17,M2,5,1.8688125,शायद समझ आ गया हो,H17
C:\Users\edwin\OneDrive\Desktop\Capstone\hindi indic\HDSD\hindi_sent\M22\M22_S1_H19_M2.wav,main bhuula hii gayaa thaa isa baata koo,M22,M22_S1_H19,M2,8,2.1250625,मैं भूला ही गया था इस बात को,H19
C:\Users\edwin\OneDrive\Desktop\Capstone\hindi indic\HDSD\hindi_sent\M22\M22_S1_H20_M2.wav,magara vaha bhii nahiin huaa,M22,M22_S1_H20,M2,5,2.7000625,मगर वह भी नहीं हुआ,H20
C:\Users\edwin\OneDrive\Desktop\Capstone\hindi indic\HDSD\hindi_sent\M22\M22_S1_H21_M2.wav,dara kaa artha hootaa hai bhaya,M22,M22_S1_H21,M2,6,1.7938125,दर का अर्थ होता है भय,H21
C:\Users\edwin\OneDrive\Desktop\Capstone\hindi indic\HDSD\hindi_sent\M22\M22_S1_H22_M2.wav,eika baara phira sei aabhaara,M22,M22_S1_H22,M2,5,1.8500625,एक बार फिर से आभार,H22
C:\Users\edwin\OneDrive\Desktop\Capstone\hindi indic\HDSD\hindi_sent\M22\M22_S1_H23_M2.wav,naa jaanei kitanei looga isei padhtei hai,M22,M22_S1_H23,M2,7,2.2688125,ना जाने कितने लोग इसे पढ़ते है,H23
C:\Users\edwin\OneDrive\Desktop\Capstone\hindi indic\HDSD\hindi_sent\M22\M22_S1_H26_M2.wav,aapa apanaa yaha achchhaa kaarya jaarii rakhein,M22,M22_S1_H26,M2,7,2.8663125,आप अपना यह अच्छा कार्य जारी रखें,H26
C:\Users\edwin\OneDrive\Desktop\Capstone\hindi indic\HDSD\hindi_sent\M22\M22_S1_H27_M2.wav,main bhaarata mein rahataa huuna,M22,M22_S1_H27,M2,5,1.6963125,मैं भारत में रहता हूं,H27
C:\Users\edwin\OneDrive\Desktop\Capstone\hindi indic\HDSD\hindi_sent\M22\M22_S1_H30_M2.wav,jaldii sei jaldii kuchha kiijiei,M22,M22_S1_H30,M2,5,2.5274375,जल्दी से जल्दी कुछ कीजिए,H30
C:\Users\edwin\OneDrive\Desktop\Capstone\hindi indic\HDSD\hindi_sent\M24\M24_S1_H01_M2.wav,aapakei hindii pasanda karanei khushii hai,M24,M24_S1_H01,M2,6,2.825,आपके हिंदी पसंद करने खुशी है,H01
C:\Users\edwin\OneDrive\Desktop\Capstone\hindi indic\HDSD\hindi_sent\M24\M24_S1_H02_M2.wav,isakei badalei mein tuma kuchha maanaga loo,M24,M24_S1_H02,M2,7,2.7000625,इसके बदले में तुम कुछ मांग लो,H02
C:\Users\edwin\OneDrive\Desktop\Capstone\hindi indic\HDSD\hindi_sent\M24\M24_S1_H03_M2.wav,chikitsaa kaa artha hootaa hai ilaaja,M24,M24_S1_H03,M2,6,2.1375625,चिकित्सा का अर्थ होता है इलाज,H03
C:\Users\edwin\OneDrive\Desktop\Capstone\hindi indic\HDSD\hindi_sent\M24\M24_S1_H04_M2.wav,isei aisei hii jaarii rakhein,M24,M24_S1_H04,M2,5,1.7563125,इसे ऐसे ही जारी रखें,H04
C:\Users\edwin\OneDrive\Desktop\Capstone\hindi indic\HDSD\hindi_sent\M24\M24_S1_H05_M2.wav,madada kei liyei bahuta dhanyavaada,M24,M24_S1_H05,M2,5,1.7188125,मदद के लिए बहुत धन्यवाद,H05
C:\Users\edwin\OneDrive\Desktop\Capstone\hindi indic\HDSD\hindi_sent\M24\M24_S1_H06_M2.wav,aba joo main kahataa huuna usakaa paalana karoo,M24,M24_S1_H06,M2,8,2.7125625,अब जो मैं कहता हूं उसका पालन करो,H06
C:\Users\edwin\OneDrive\Desktop\Capstone\hindi indic\HDSD\hindi_sent\M24\M24_S1_H07_M2.wav,bhaarata mein aisaa nahiin huaa hai,M24,M24_S1_H07,M2,6,1.6938125,भारत में ऐसा नहीं हुआ है,H07
C:\Users\edwin\OneDrive\Desktop\Capstone\hindi indic\HDSD\hindi_sent\M24\M24_S1_H08_M2.wav,isa sahayooga heitu bhii bahuta dhanyavaada,M24,M24_S1_H08,M2,6,3.2188125,इस सहयोग हेतु भी बहुत धन्यवाद,H08
C:\Users\edwin\OneDrive\Desktop\Capstone\hindi indic\HDSD\hindi_sent\M24\M24_S1_H11_M2.wav,yahaan sei sangharshha kaa daura shuruu huaa,M24,M24_S1_H11,M2,7,2.0188125,यहाँ से संघर्ष का दौर शुरू हुआ,H11
C:\Users\edwin\OneDrive\Desktop\Capstone\hindi indic\HDSD\hindi_sent\M24\M24_S1_H12_M2.wav,doonoon mein badaa antara thaa,M24,M24_S1_H12,M2,5,2.2750625,दोनों में बड़ा अंतर था,H12
C:\Users\edwin\OneDrive\Desktop\Capstone\hindi indic\HDSD\hindi_sent\M24\M24_S1_H14_M2.wav,bahuta sei looga aisaa kara rahei hai,M24,M24_S1_H14,M2,7,1.7813125,बहुत से लोग ऐसा कर रहे है,H14
C:\Users\edwin\OneDrive\Desktop\Capstone\hindi indic\HDSD\hindi_sent\M24\M24_S1_H15_M2.wav,samaya kei saatha hii nahiin usasei aagei chalaa jaaei,M24,M24_S1_H15,M2,9,2.7750625,समय के साथ ही नहीं उससे आगे चला जाए,H15
C:\Users\edwin\OneDrive\Desktop\Capstone\hindi indic\HDSD\hindi_sent\M24\M24_S1_H17_M2.wav,shaayada samajha aa gayaa hoo,M24,M24_S1_H17,M2,5,1.7875625,शायद समझ आ गया हो,H17
C:\Users\edwin\OneDrive\Desktop\Capstone\hindi indic\HDSD\hindi_sent\M24\M24_S1_H19_M2.wav,main bhuula hii gayaa thaa isa baata koo,M24,M24_S1_H19,M2,8,2.1000625,मैं भूला ही गया था इस बात को,H19
C:\Users\edwin\OneDrive\Desktop\Capstone\hindi indic\HDSD\hindi_sent\M24\M24_S1_H20_M2.wav,magara vaha bhii nahiin huaa,M24,M24_S1_H20,M2,5,1.6750625,मगर वह भी नहीं हुआ,H20
C:\Users\edwin\OneDrive\Desktop\Capstone\hindi indic\HDSD\hindi_sent\M24\M24_S1_H21_M2.wav,dara kaa artha hootaa hai bhaya,M24,M24_S1_H21,M2,6,2.1500625,दर का अर्थ होता है भय,H21
C:\Users\edwin\OneDrive\Desktop\Capstone\hindi indic\HDSD\hindi_sent\M24\M24_S1_H22_M2.wav,eika baara phira sei aabhaara,M24,M24_S1_H22,M2,5,1.8875625,एक बार फिर से आभार,H22
C:\Users\edwin\OneDrive\Desktop\Capstone\hindi indic\HDSD\hindi_sent\M24\M24_S1_H23_M2.wav,naa jaanei kitanei looga isei padhtei hai,M24,M24_S1_H23,M2,7,2.2250625,ना जाने कितने लोग इसे पढ़ते है,H23
C:\Users\edwin\OneDrive\Desktop\Capstone\hindi indic\HDSD\hindi_sent\M24\M24_S1_H26_M2.wav,aapa apanaa yaha achchhaa kaarya jaarii rakhein,M24,M24_S1_H26,M2,7,3.2238125,आप अपना यह अच्छा कार्य जारी रखें,H26
C:\Users\edwin\OneDrive\Desktop\Capstone\hindi indic\HDSD\hindi_sent\M24\M24_S1_H27_M2.wav,main bhaarata mein rahataa huuna,M24,M24_S1_H27,M2,5,1.4325625,मैं भारत में रहता हूं,H27
C:\Users\edwin\OneDrive\Desktop\Capstone\hindi indic\HDSD\hindi_sent\M24\M24_S1_H30_M2.wav,jaldii sei jaldii kuchha kiijiei,M24,M24_S1_H30,M2,5,1.680125,जल्दी से जल्दी कुछ कीजिए,H30
C:\Users\edwin\OneDrive\Desktop\Capstone\hindi indic\HDSD\hindi_sent\M25\M25_S1_H01_M2.wav,aapakei hindii pasanda karanei para khushii huii,M25,M25_S1_H01,M2,7,2.85,आपके हिंदी पसंद करने पर खुशी हुई,H01
C:\Users\edwin\OneDrive\Desktop\Capstone\hindi indic\HDSD\hindi_sent\M25\M25_S1_H02_M2.wav,isakei badalei mein tuma kuchha aura maanaga loo,M25,M25_S1_H02,M2,8,2.9000625,इसके बदले में तुम कुछ और मांग लो,H02
C:\Users\edwin\OneDrive\Desktop\Capstone\hindi indic\HDSD\hindi_sent\M25\M25_S1_H03_M2.wav,chikitsaa kaa artha hootaa hai ilaaja,M25,M25_S1_H03,M2,6,3.2063125,चिकित्सा का अर्थ होता है इलाज,H03
C:\Users\edwin\OneDrive\Desktop\Capstone\hindi indic\HDSD\hindi_sent\M25\M25_S1_H04_M2.wav,isei aisei hii jaarii rakhein,M25,M25_S1_H04,M2,5,2.2750625,इसे ऐसे ही जारी रखें,H04
C:\Users\edwin\OneDrive\Desktop\Capstone\hindi indic\HDSD\hindi_sent\M25\M25_S1_H05_M2.wav,madada kei liyei bahuta dhanyavaada,M25,M25_S1_H05,M2,5,2.4188125,मदद के लिए बहुत धन्यवाद,H05
C:\Users\edwin\OneDrive\Desktop\Capstone\hindi indic\HDSD\hindi_sent\M25\M25_S1_H06_M2.wav,aba joo main kahataa huuna usakaa paalana karoo,M25,M25_S1_H06,M2,8,2.8688125,अब जो मैं कहता हूं उसका पालन करो,H06
C:\Users\edwin\OneDrive\Desktop\Capstone\hindi indic\HDSD\hindi_sent\M25\M25_S1_H07_M2.wav,bhaarata mein aisaa nahiin huaa hai,M25,M25_S1_H07,M2,6,2.3000625,भारत में ऐसा नहीं हुआ है,H07
C:\Users\edwin\OneDrive\Desktop\Capstone\hindi indic\HDSD\hindi_sent\M25\M25_S1_H08_M2.wav,isa sahayooga heitu bhii bahuta dhanyavaada,M25,M25_S1_H08,M2,6,3.6813125,इस सहयोग हेतु भी बहुत धन्यवाद,H08
C:\Users\edwin\OneDrive\Desktop\Capstone\hindi indic\HDSD\hindi_sent\M25\M25_S1_H11_M2.wav,yahaan sei sangharshha kaa daura shuruu huaa,M25,M25_S1_H11,M2,7,2.3438125,यहाँ से संघर्ष का दौर शुरू हुआ,H11
C:\Users\edwin\OneDrive\Desktop\Capstone\hindi indic\HDSD\hindi_sent\M25\M25_S1_H12_M2.wav,doonoon mein badaa antara thaa,M25,M25_S1_H12,M2,5,1.9313125,दोनों में बड़ा अंतर था,H12
C:\Users\edwin\OneDrive\Desktop\Capstone\hindi indic\HDSD\hindi_sent\M25\M25_S1_H14_M2.wav,bahuta sei looga aisaa kara kara rahei hai,M25,M25_S1_H14,M2,8,2.7750625,बहुत से लोग ऐसा कर कर रहे है,H14
C:\Users\edwin\OneDrive\Desktop\Capstone\hindi indic\HDSD\hindi_sent\M25\M25_S1_H15_M2.wav,samaya kei saatha hii nahiin usasei aagei chalaa jaaei,M25,M25_S1_H15,M2,9,4.1375625,समय के साथ ही नहीं उससे आगे चला जाए,H15
C:\Users\edwin\OneDrive\Desktop\Capstone\hindi indic\HDSD\hindi_sent\M25\M25_S1_H17_M2.wav,shaayada samajha aa aa gayaa hoo,M25,M25_S1_H17,M2,6,4.0938125,शायद समझ आ आ गया हो,H17
C:\Users\edwin\OneDrive\Desktop\Capstone\hindi indic\HDSD\hindi_sent\M25\M25_S1_H19_M2.wav,main bhuula hii gayaa thaa isa baata koo,M25,M25_S1_H19,M2,8,3.9625625,मैं भूला ही गया था इस बात को,H19
C:\Users\edwin\OneDrive\Desktop\Capstone\hindi indic\HDSD\hindi_sent\M25\M25_S1_H20_M2.wav,magara vaha bhii nahiin huaa,M25,M25_S1_H20,M2,5,2.0250625,मगर वह भी नहीं हुआ,H20
C:\Users\edwin\OneDrive\Desktop\Capstone\hindi indic\HDSD\hindi_sent\M25\M25_S1_H21_M2.wav,dara kaa artha hootaa hai bhaya,M25,M25_S1_H21,M2,6,2.5375625,दर का अर्थ होता है भय,H21
C:\Users\edwin\OneDrive\Desktop\Capstone\hindi indic\HDSD\hindi_sent\M25\M25_S1_H22_M2.wav,eika baara phira sei aabhaara,M25,M25_S1_H22,M2,5,2.4000625,एक बार फिर से आभार,H22
C:\Users\edwin\OneDrive\Desktop\Capstone\hindi indic\HDSD\hindi_sent\M25\M25_S1_H23_M2.wav,naa jaanei kitanei looga isei padhtei hai,M25,M25_S1_H23,M2,7,4.5125625,ना जाने कितने लोग इसे पढ़ते है,H23
C:\Users\edwin\OneDrive\Desktop\Capstone\hindi indic\HDSD\hindi_sent\M25\M25_S1_H26_M2.wav,aapa apanaa yaha achchhaa kaarya jaarii rakhein,M25,M25_S1_H26,M2,7,6.112625,आप अपना यह अच्छा कार्य जारी रखें,H26
C:\Users\edwin\OneDrive\Desktop\Capstone\hindi indic\HDSD\hindi_sent\M25\M25_S1_H27_M2.wav,main bhaarata mein rahataa huuna,M25,M25_S1_H27,M2,5,1.6313125,मैं भारत में रहता हूं,H27
C:\Users\edwin\OneDrive\Desktop\Capstone\hindi indic\HDSD\hindi_sent\M25\M25_S1_H30_M2.wav,jaldii sei jaldii kuchha kiijiei,M25,M25_S1_H30,M2,5,2.64625,जल्दी से जल्दी कुछ कीजिए,H30
C:\Users\edwin\OneDrive\Desktop\Capstone\hindi indic\HDSD\hindi_sent\M28\M28_S1_H01_M2.wav,aapakei hindii pasanda karanei para khushii huii,M28,M28_S1_H01,M2,7,3.91875,आपके हिंदी पसंद करने पर खुशी हुई,H01
C:\Users\edwin\OneDrive\Desktop\Capstone\hindi indic\HDSD\hindi_sent\M28\M28_S1_H02_M2.wav,isakei badalei badalei mein tuma kuchha aura maanaga loo,M28,M28_S1_H02,M2,9,6.9125625,इसके बदले बदले में तुम कुछ और मांग लो,H02
C:\Users\edwin\OneDrive\Desktop\Capstone\hindi indic\HDSD\hindi_sent\M28\M28_S1_H03_M2.wav,chikitsaa kaa artha hootaa hai ilaaja,M28,M28_S1_H03,M2,6,2.6813125,चिकित्सा का अर्थ होता है इलाज,H03
C:\Users\edwin\OneDrive\Desktop\Capstone\hindi indic\HDSD\hindi_sent\M28\M28_S1_H04_M2.wav,isei aisei hii jaarii rakhein,M28,M28_S1_H04,M2,5,5.0188125,इसे ऐसे ही जारी रखें,H04
C:\Users\edwin\OneDrive\Desktop\Capstone\hindi indic\HDSD\hindi_sent\M28\M28_S1_H05_M2.wav,madada kei liyei bahuta dhanyavaada,M28,M28_S1_H05,M2,5,3.0563125,मदद के लिए बहुत धन्यवाद,H05
C:\Users\edwin\OneDrive\Desktop\Capstone\hindi indic\HDSD\hindi_sent\M28\M28_S1_H06_M2.wav,aba joo main kahataa huuna usakaa paalana karoo,M28,M28_S1_H06,M2,8,5.8188125,अब जो मैं कहता हूं उसका पालन करो,H06
C:\Users\edwin\OneDrive\Desktop\Capstone\hindi indic\HDSD\hindi_sent\M28\M28_S1_H07_M2.wav,bhaarata mein aisaa nahiin huaa hai,M28,M28_S1_H07,M2,6,2.8500625,भारत में ऐसा नहीं हुआ है,H07
C:\Users\edwin\OneDrive\Desktop\Capstone\hindi indic\HDSD\hindi_sent\M28\M28_S1_H08_M2.wav,isa sahayooga heitu bhii bahuta dhanyavaada,M28,M28_S1_H08,M2,6,7.5563125,इस सहयोग हेतु भी बहुत धन्यवाद,H08
C:\Users\edwin\OneDrive\Desktop\Capstone\hindi indic\HDSD\hindi_sent\M28\M28_S1_H11_M2.wav,yahaan sei sangharshha kaa daura shuruu huaa,M28,M28_S1_H11,M2,7,4.1125625,यहाँ से संघर्ष का दौर शुरू हुआ,H11
C:\Users\edwin\OneDrive\Desktop\Capstone\hindi indic\HDSD\hindi_sent\M28\M28_S1_H12_M2.wav,doonoon mein badaa antara thaa,M28,M28_S1_H12,M2,5,5.2813125,दोनों में बड़ा अंतर था,H12
C:\Users\edwin\OneDrive\Desktop\Capstone\hindi indic\HDSD\hindi_sent\M28\M28_S1_H14_M2.wav,bahuta sei looga aisaa kara rahei hai,M28,M28_S1_H14,M2,7,3.4563125,बहुत से लोग ऐसा कर रहे है,H14
C:\Users\edwin\OneDrive\Desktop\Capstone\hindi indic\HDSD\hindi_sent\M28\M28_S1_H15_M2.wav,samaya kei saatha hii nahiin usasei usasei aagei chalaa jaaei,M28,M28_S1_H15,M2,10,6.1500625,समय के साथ ही नहीं उससे उससे आगे चला जाए,H15
C:\Users\edwin\OneDrive\Desktop\Capstone\hindi indic\HDSD\hindi_sent\M28\M28_S1_H17_M2.wav,shaayada samajha aa gayaa hoo,M28,M28_S1_H17,M2,5,4.6563125,शायद समझ आ गया हो,H17
C:\Users\edwin\OneDrive\Desktop\Capstone\hindi indic\HDSD\hindi_sent\M28\M28_S1_H19_M2.wav,main bhuula hii gayaa thaa isa baata koo,M28,M28_S1_H19,M2,8,4.7000625,मैं भूला ही गया था इस बात को,H19
C:\Users\edwin\OneDrive\Desktop\Capstone\hindi indic\HDSD\hindi_sent\M28\M28_S1_H20_M2.wav,magara vaha bhii nahiin huaa,M28,M28_S1_H20,M2,5,2.5750625,मगर वह भी नहीं हुआ,H20
C:\Users\edwin\OneDrive\Desktop\Capstone\hindi indic\HDSD\hindi_sent\M28\M28_S1_H21_M2.wav,dara kaa artha hootaa hai bhaya,M28,M28_S1_H21,M2,6,4.4250625,दर का अर्थ होता है भय,H21
C:\Users\edwin\OneDrive\Desktop\Capstone\hindi indic\HDSD\hindi_sent\M28\M28_S1_H22_M2.wav,eika baara phira sei aabhaara,M28,M28_S1_H22,M2,5,3.7813125,एक बार फिर से आभार,H22
C:\Users\edwin\OneDrive\Desktop\Capstone\hindi indic\HDSD\hindi_sent\M28\M28_S1_H23_M2.wav,naa jaanei kitanei looga isei padhtei hai,M28,M28_S1_H23,M2,7,6.9688125,ना जाने कितने लोग इसे पढ़ते है,H23
C:\Users\edwin\OneDrive\Desktop\Capstone\hindi indic\HDSD\hindi_sent\M28\M28_S1_H26_M2.wav,aapa apanaa yaha achchhaa jaarii rakhein kaarya,M28,M28_S1_H26,M2,7,7.0000625,आप अपना यह अच्छा जारी रखें कार्य,H26
C:\Users\edwin\OneDrive\Desktop\Capstone\hindi indic\HDSD\hindi_sent\M28\M28_S1_H27_M2.wav,main bhaarata mein rahataa huuna,M28,M28_S1_H27,M2,5,2.3938125,मैं भारत में रहता हूं,H27
C:\Users\edwin\OneDrive\Desktop\Capstone\hindi indic\HDSD\hindi_sent\M28\M28_S1_H30_M2.wav,jaldii sei jaldii kuchha kiijiei,M28,M28_S1_H30,M2,5,3.3563125,जल्दी से जल्दी कुछ कीजिए,H30
C:\Users\edwin\OneDrive\Desktop\Capstone\hindi indic\HDSD\hindi_sent\M32\M32_S1_H01_M2.wav,aapakei hindii pasanda karanei para khushii huii,M32,M32_S1_H01,M2,7,3.24375,आपके हिंदी पसंद करने पर खुशी हुई,H01
C:\Users\edwin\OneDrive\Desktop\Capstone\hindi indic\HDSD\hindi_sent\M32\M32_S1_H02_M2.wav,isakei badalei mein tuma kuchha aura maanaga loo,M32,M32_S1_H02,M2,8,2.8000625,इसके बदले में तुम कुछ और मांग लो,H02
C:\Users\edwin\OneDrive\Desktop\Capstone\hindi indic\HDSD\hindi_sent\M32\M32_S1_H03_M2.wav,chikitsaa kaa artha hootaa hai ilaaja,M32,M32_S1_H03,M2,6,2.8688125,चिकित्सा का अर्थ होता है इलाज,H03
C:\Users\edwin\OneDrive\Desktop\Capstone\hindi indic\HDSD\hindi_sent\M32\M32_S1_H04_M2.wav,aisei aisei hii jaarii rakhein,M32,M32_S1_H04,M2,5,3.3188125,ऐसे ऐसे ही जारी रखें,H04
C:\Users\edwin\OneDrive\Desktop\Capstone\hindi indic\HDSD\hindi_sent\M32\M32_S1_H05_M2.wav,madada kei liyei bahuta dhanyavaada,M32,M32_S1_H05,M2,5,2.2250625,मदद के लिए बहुत धन्यवाद,H05
C:\Users\edwin\OneDrive\Desktop\Capstone\hindi indic\HDSD\hindi_sent\M32\M32_S1_H06_M2.wav,aba joo main kahataa huuna usakaa paalana karoo,M32,M32_S1_H06,M2,8,2.7188125,अब जो मैं कहता हूं उसका पालन करो,H06
C:\Users\edwin\OneDrive\Desktop\Capstone\hindi indic\HDSD\hindi_sent\M32\M32_S1_H07_M2.wav,bhaarata mein aisaa nahiin huaa hai,M32,M32_S1_H07,M2,6,2.2625625,भारत में ऐसा नहीं हुआ है,H07
C:\Users\edwin\OneDrive\Desktop\Capstone\hindi indic\HDSD\hindi_sent\M32\M32_S1_H08_M2.wav,isa sahayooga heitu bhii bahuta dhanyavaada,M32,M32_S1_H08,M2,6,3.3938125,इस सहयोग हेतु भी बहुत धन्यवाद,H08
C:\Users\edwin\OneDrive\Desktop\Capstone\hindi indic\HDSD\hindi_sent\M32\M32_S1_H11_M2.wav,yahaan sei sangharshha kaa daura shuruu huaa,M32,M32_S1_H11,M2,7,2.5619375,यहाँ से संघर्ष का दौर शुरू हुआ,H11
C:\Users\edwin\OneDrive\Desktop\Capstone\hindi indic\HDSD\hindi_sent\M32\M32_S1_H12_M2.wav,doonoon mein badaa antara thaa,M32,M32_S1_H12,M2,5,1.9238125,दोनों में बड़ा अंतर था,H12
C:\Users\edwin\OneDrive\Desktop\Capstone\hindi indic\HDSD\hindi_sent\M32\M32_S1_H14_M2.wav,bahuta sei looga aisaa kara rahei hai,M32,M32_S1_H14,M2,7,2.0375625,बहुत से लोग ऐसा कर रहे है,H14
C:\Users\edwin\OneDrive\Desktop\Capstone\hindi indic\HDSD\hindi_sent\M32\M32_S1_H15_M2.wav,samaya kei saatha hii nahiin aagei chalaa jaaei,M32,M32_S1_H15,M2,8,4.1750625,समय के साथ ही नहीं आगे चला जाए,H15
C:\Users\edwin\OneDrive\Desktop\Capstone\hindi indic\HDSD\hindi_sent\M32\M32_S1_H17_M2.wav,shaayada samajha aa gayaa hoo,M32,M32_S1_H17,M2,5,1.8250625,शायद समझ आ गया हो,H17
C:\Users\edwin\OneDrive\Desktop\Capstone\hindi indic\HDSD\hindi_sent\M32\M32_S1_H19_M2.wav,main bhuula hii gayaa thaa isa baata koo,M32,M32_S1_H19,M2,8,2.4500625,मैं भूला ही गया था इस बात को,H19
C:\Users\edwin\OneDrive\Desktop\Capstone\hindi indic\HDSD\hindi_sent\M32\M32_S1_H20_M2.wav,magara vaha bhii nahiin huaa,M32,M32_S1_H20,M2,5,1.8313125,मगर वह भी नहीं हुआ,H20
C:\Users\edwin\OneDrive\Desktop\Capstone\hindi indic\HDSD\hindi_sent\M32\M32_S1_H21_M2.wav,dara kaa artha hootaa hai bhaya,M32,M32_S1_H21,M2,6,1.9000625,दर का अर्थ होता है भय,H21
C:\Users\edwin\OneDrive\Desktop\Capstone\hindi indic\HDSD\hindi_sent\M32\M32_S1_H22_M2.wav,eika baara phira sei aabhaara,M32,M32_S1_H22,M2,5,1.8938125,एक बार फिर से आभार,H22
C:\Users\edwin\OneDrive\Desktop\Capstone\hindi indic\HDSD\hindi_sent\M32\M32_S1_H23_M2.wav,naa jaanei kitanei looga isei padhtei hai,M32,M32_S1_H23,M2,7,3.0500625,ना जाने कितने लोग इसे पढ़ते है,H23
C:\Users\edwin\OneDrive\Desktop\Capstone\hindi indic\HDSD\hindi_sent\M32\M32_S1_H26_M2.wav,aapa apanaa yaha kaarya jaarii rakhein,M32,M32_S1_H26,M2,6,3.0438125,आप अपना यह कार्य जारी रखें,H26
C:\Users\edwin\OneDrive\Desktop\Capstone\hindi indic\HDSD\hindi_sent\M32\M32_S1_H27_M2.wav,main bhaarata mein rahataa huuna,M32,M32_S1_H27,M2,5,2.0500625,मैं भारत में रहता हूं,H27
C:\Users\edwin\OneDrive\Desktop\Capstone\hindi indic\HDSD\hindi_sent\M32\M32_S1_H30_M2.wav,jaldii sei jaldii kuchha kiijiei,M32,M32_S1_H30,M2,5,1.729375,जल्दी से जल्दी कुछ कीजिए,H30
C:\Users\edwin\OneDrive\Desktop\Capstone\hindi indic\HDSD\hindi_sent\M33\M33_S1_H01_M2.wav,aapakei hindii pasanda karanei para khushii huii hai huii,M33,M33_S1_H01,M2,9,3.61875,आपके हिंदी पसंद करने पर खुशी हुई है हुई,H01
C:\Users\edwin\OneDrive\Desktop\Capstone\hindi indic\HDSD\hindi_sent\M33\M33_S1_H02_M2.wav,isakei badalei mein mein tuma kuchha aura maanaga loo,M33,M33_S1_H02,M2,9,4.1563125,इसके बदले में में तुम कुछ और मांग लो,H02
C:\Users\edwin\OneDrive\Desktop\Capstone\hindi indic\HDSD\hindi_sent\M33\M33_S1_H03_M2.wav,chikitsaa kaa artha hootaa hai ilaaja,M33,M33_S1_H03,M2,6,2.2563125,चिकित्सा का अर्थ होता है इलाज,H03
C:\Users\edwin\OneDrive\Desktop\Capstone\hindi indic\HDSD\hindi_sent\M33\M33_S1_H04_M2.wav,isei aisei hii jaarii rakhein,M33,M33_S1_H04,M2,5,2.0563125,इसे ऐसे ही जारी रखें,H04
C:\Users\edwin\OneDrive\Desktop\Capstone\hindi indic\HDSD\hindi_sent\M33\M33_S1_H05_M2.wav,madada kei liyei bahuta dhanyavaada,M33,M33_S1_H05,M2,5,1.9125625,मदद के लिए बहुत धन्यवाद,H05
C:\Users\edwin\OneDrive\Desktop\Capstone\hindi indic\HDSD\hindi_sent\M33\M33_S1_H06_M2.wav,aba joo main kahataa huuna usakaa paalana karoo,M33,M33_S1_H06,M2,8,2.6688125,अब जो मैं कहता हूं उसका पालन करो,H06
C:\Users\edwin\OneDrive\Desktop\Capstone\hindi indic\HDSD\hindi_sent\M33\M33_S1_H07_M2.wav,bhaarata mein aisaa nahiin huaa hai,M33,M33_S1_H07,M2,6,2.1250625,भारत में ऐसा नहीं हुआ है,H07
C:\Users\edwin\OneDrive\Desktop\Capstone\hindi indic\HDSD\hindi_sent\M33\M33_S1_H08_M2.wav,isa sahayooga heitu bhii bahuta dhanyavaada,M33,M33_S1_H08,M2,6,3.7438125,इस सहयोग हेतु भी बहुत धन्यवाद,H08
C:\Users\edwin\OneDrive\Desktop\Capstone\hindi indic\HDSD\hindi_sent\M33\M33_S1_H11_M2.wav,yahaan sei sangharshha kaa daura shuruu huaa,M33,M33_S1_H11,M2,7,4.6563125,यहाँ से संघर्ष का दौर शुरू हुआ,H11
C:\Users\edwin\OneDrive\Desktop\Capstone\hindi indic\HDSD\hindi_sent\M33\M33_S1_H12_M2.wav,doonoon mein badaa antara thaa,M33,M33_S1_H12,M2,5,2.8438125,दोनों में बड़ा अंतर था,H12
C:\Users\edwin\OneDrive\Desktop\Capstone\hindi indic\HDSD\hindi_sent\M33\M33_S1_H14_M2.wav,bahuta sei looga aisaa kara rahei hai,M33,M33_S1_H14,M2,7,2.2375625,बहुत से लोग ऐसा कर रहे है,H14
C:\Users\edwin\OneDrive\Desktop\Capstone\hindi indic\HDSD\hindi_sent\M33\M33_S1_H15_M2.wav,samaya kei saatha hii nahiin usasei aagei chalaa jaaei,M33,M33_S1_H15,M2,9,4.1563125,समय के साथ ही नहीं उससे आगे चला जाए,H15
C:\Users\edwin\OneDrive\Desktop\Capstone\hindi indic\HDSD\hindi_sent\M33\M33_S1_H17_M2.wav,shaayada samajha aa gayaa hoo,M33,M33_S1_H17,M2,5,2.9138125,शायद समझ आ गया हो,H17
C:\Users\edwin\OneDrive\Desktop\Capstone\hindi indic\HDSD\hindi_sent\M33\M33_S1_H19_M2.wav,main bhuula hii gayaa thaa isa baata koo,M33,M33_S1_H19,M2,8,2.4625625,मैं भूला ही गया था इस बात को,H19
C:\Users\edwin\OneDrive\Desktop\Capstone\hindi indic\HDSD\hindi_sent\M33\M33_S1_H20_M2.wav,magara vaha bhii nahiin huaa,M33,M33_S1_H20,M2,5,1.6750625,मगर वह भी नहीं हुआ,H20
C:\Users\edwin\OneDrive\Desktop\Capstone\hindi indic\HDSD\hindi_sent\M33\M33_S1_H21_M2.wav,dara kaa artha hootaa hai bhaya,M33,M33_S1_H21,M2,6,2.0313125,दर का अर्थ होता है भय,H21
C:\Users\edwin\OneDrive\Desktop\Capstone\hindi indic\HDSD\hindi_sent\M33\M33_S1_H22_M2.wav,eika baara phira sei aabhaara,M33,M33_S1_H22,M2,5,1.9438125,एक बार फिर से आभार,H22
C:\Users\edwin\OneDrive\Desktop\Capstone\hindi indic\HDSD\hindi_sent\M33\M33_S1_H23_M2.wav,naa jaanei kitanei looga isei padhtei hai,M33,M33_S1_H23,M2,7,2.3813125,ना जाने कितने लोग इसे पढ़ते है,H23
C:\Users\edwin\OneDrive\Desktop\Capstone\hindi indic\HDSD\hindi_sent\M33\M33_S1_H26_M2.wav,aapa apanaa yaha achchhaa kaarya jaarii rakhein,M33,M33_S1_H26,M2,7,2.9813125,आप अपना यह अच्छा कार्य जारी रखें,H26
C:\Users\edwin\OneDrive\Desktop\Capstone\hindi indic\HDSD\hindi_sent\M33\M33_S1_H27_M2.wav,main bhaarata mein rahataa huuna,M33,M33_S1_H27,M2,5,1.6125625,मैं भारत में रहता हूं,H27
C:\Users\edwin\OneDrive\Desktop\Capstone\hindi indic\HDSD\hindi_sent\M33\M33_S1_H30_M2.wav,jaldii sei jaldii kuchha kiijiei,M33,M33_S1_H30,M2,5,2.7265,जल्दी से जल्दी कुछ कीजिए,H30
C:\Users\edwin\OneDrive\Desktop\Capstone\hindi indic\HDSD\hindi_sent\M36\M36_S1_H04_M2.wav,isei aisei hii jaarii rakhein,M36,M36_S1_H04,M2,5,1.59375,इसे ऐसे ही जारी रखें,H04
C:\Users\edwin\OneDrive\Desktop\Capstone\hindi indic\HDSD\hindi_sent\M36\M36_S1_H05_M2.wav,madada kei liyei bahuta dhanyavaada,M36,M36_S1_H05,M2,5,1.8688125,मदद के लिए बहुत धन्यवाद,H05
C:\Users\edwin\OneDrive\Desktop\Capstone\hindi indic\HDSD\hindi_sent\M36\M36_S1_H06_M2.wav,aba joo main kahataa huuna usakaa paalana karoo,M36,M36_S1_H06,M2,8,3.1688125,अब जो मैं कहता हूं उसका पालन करो,H06
C:\Users\edwin\OneDrive\Desktop\Capstone\hindi indic\HDSD\hindi_sent\M36\M36_S1_H07_M2.wav,bhaarata mein aisaa nahiin huaa,M36,M36_S1_H07,M2,5,1.7813125,भारत में ऐसा नहीं हुआ,H07
C:\Users\edwin\OneDrive\Desktop\Capstone\hindi indic\HDSD\hindi_sent\M36\M36_S1_H08_M2.wav,isa sahayooga heitu bhii bahuta dhanyavaada,M36,M36_S1_H08,M2,6,3.1625625,इस सहयोग हेतु भी बहुत धन्यवाद,H08
C:\Users\edwin\OneDrive\Desktop\Capstone\hindi indic\HDSD\hindi_sent\M36\M36_S1_H11_M2.wav,yahaan sei sangharshha kaa daura shuruu huaa,M36,M36_S1_H11,M2,7,2.4688125,यहाँ से संघर्ष का दौर शुरू हुआ,H11
C:\Users\edwin\OneDrive\Desktop\Capstone\hindi indic\HDSD\hindi_sent\M36\M36_S1_H12_M2.wav,doonoon mein badaa antara thaa,M36,M36_S1_H12,M2,5,1.4500625,दोनों में बड़ा अंतर था,H12
C:\Users\edwin\OneDrive\Desktop\Capstone\hindi indic\HDSD\hindi_sent\M36\M36_S1_H14_M2.wav,bahuta sei looga aisaa kara rahei hai,M36,M36_S1_H14,M2,7,1.9938125,बहुत से लोग ऐसा कर रहे है,H14
C:\Users\edwin\OneDrive\Desktop\Capstone\hindi indic\HDSD\hindi_sent\M36\M36_S1_H15_M2.wav,samaya kei saatha hii nahiin usasei aagei chalaa jaaei,M36,M36_S1_H15,M2,9,4.0375625,समय के साथ ही नहीं उससे आगे चला जाए,H15
C:\Users\edwin\OneDrive\Desktop\Capstone\hindi indic\HDSD\hindi_sent\M36\M36_S1_H17_M2.wav,shaayada samajha aa gayaa hoo,M36,M36_S1_H17,M2,5,2.9250625,शायद समझ आ गया हो,H17
C:\Users\edwin\OneDrive\Desktop\Capstone\hindi indic\HDSD\hindi_sent\M36\M36_S1_H19_M2.wav,main bhuula hii gayaa thaa isa baata koo,M36,M36_S1_H19,M2,8,1.6938125,मैं भूला ही गया था इस बात को,H19
C:\Users\edwin\OneDrive\Desktop\Capstone\hindi indic\HDSD\hindi_sent\M36\M36_S1_H20_M2.wav,magara vaha bhii nahiin huaa,M36,M36_S1_H20,M2,5,1.3063125,मगर वह भी नहीं हुआ,H20
C:\Users\edwin\OneDrive\Desktop\Capstone\hindi indic\HDSD\hindi_sent\M36\M36_S1_H21_M2.wav,dara kaa artha hootaa hai bhaya,M36,M36_S1_H21,M2,6,1.4688125,दर का अर्थ होता है भय,H21
C:\Users\edwin\OneDrive\Desktop\Capstone\hindi indic\HDSD\hindi_sent\M36\M36_S1_H22_M2.wav,eika baara phira,M36,M36_S1_H22,M2,3,1.0625625,एक बार फिर,H22
C:\Users\edwin\OneDrive\Desktop\Capstone\hindi indic\HDSD\hindi_sent\M36\M36_S1_H23_M2.wav,naa jaanei kitanei looga isei padhtei hai,M36,M36_S1_H23,M2,7,2.4000625,ना जाने कितने लोग इसे पढ़ते है,H23
C:\Users\edwin\OneDrive\Desktop\Capstone\hindi indic\HDSD\hindi_sent\M36\M36_S1_H26_M2.wav,aapa yaha achchhaa kaarya jaarii rakhein,M36,M36_S1_H26,M2,6,2.1375625,आप यह अच्छा कार्य जारी रखें,H26
C:\Users\edwin\OneDrive\Desktop\Capstone\hindi indic\HDSD\hindi_sent\M36\M36_S1_H27_M2.wav,main bhaarata mein rahataa huuna,M36,M36_S1_H27,M2,5,1.3375625,मैं भारत में रहता हूं,H27
C:\Users\edwin\OneDrive\Desktop\Capstone\hindi indic\HDSD\hindi_sent\M36\M36_S1_H30_M2.wav,jaldii jaldii kuchha kiijiei,M36,M36_S1_H30,M2,4,1.5721875,जल्दी जल्दी कुछ कीजिए,H30
C:\Users\edwin\OneDrive\Desktop\Capstone\hindi indic\HDSD\hindi_sent\M37\M37_S1_H01_M2.wav,aapakei hindii pasanda karanei para khushii huii,M37,M37_S1_H01,M2,7,2.5125,आपके हिंदी पसंद करने पर खुशी हुई,H01
C:\Users\edwin\OneDrive\Desktop\Capstone\hindi indic\HDSD\hindi_sent\M37\M37_S1_H02_M2.wav,isakei badalei mein tuma kuchha aura maanaga loo,M37,M37_S1_H02,M2,8,2.4750625,इसके बदले में तुम कुछ और मांग लो,H02
C:\Users\edwin\OneDrive\Desktop\Capstone\hindi indic\HDSD\hindi_sent\M37\M37_S1_H03_M2.wav,chikitsaa kaa artha hootaa hai ilaaja,M37,M37_S1_H03,M2,6,2.0688125,चिकित्सा का अर्थ होता है इलाज,H03
C:\Users\edwin\OneDrive\Desktop\Capstone\hindi indic\HDSD\hindi_sent\M37\M37_S1_H04_M2.wav,isei aisei hii jaarii rakhein,M37,M37_S1_H04,M2,5,1.9625625,इसे ऐसे ही जारी रखें,H04
C:\Users\edwin\OneDrive\Desktop\Capstone\hindi indic\HDSD\hindi_sent\M37\M37_S1_H05_M2.wav,madada kei liyei bahuta dhanyavaada,M37,M37_S1_H05,M2,5,2.0875625,मदद के लिए बहुत धन्यवाद,H05
C:\Users\edwin\OneDrive\Desktop\Capstone\hindi indic\HDSD\hindi_sent\M37\M37_S1_H06_M2.wav,aba joo main kahataa huuna usakaa paalana karoo,M37,M37_S1_H06,M2,8,2.3500625,अब जो मैं कहता हूं उसका पालन करो,H06
C:\Users\edwin\OneDrive\Desktop\Capstone\hindi indic\HDSD\hindi_sent\M37\M37_S1_H07_M2.wav,bhaarata mein aisaa nahiin huaa hai,M37,M37_S1_H07,M2,6,2.0125625,भारत में ऐसा नहीं हुआ है,H07
C:\Users\edwin\OneDrive\Desktop\Capstone\hindi indic\HDSD\hindi_sent\M37\M37_S1_H08_M2.wav,isa sahayooga heitu bhii bahuta dhanyavaada,M37,M37_S1_H08,M2,6,2.7688125,इस सहयोग हेतु भी बहुत धन्यवाद,H08
C:\Users\edwin\OneDrive\Desktop\Capstone\hindi indic\HDSD\hindi_sent\M37\M37_S1_H11_M2.wav,yahaan sei sangharshha kaa daura shuruu huaa,M37,M37_S1_H11,M2,7,2.2688125,यहाँ से संघर्ष का दौर शुरू हुआ,H11
C:\Users\edwin\OneDrive\Desktop\Capstone\hindi indic\HDSD\hindi_sent\M37\M37_S1_H12_M2.wav,doonoon mein badaa antara thaa,M37,M37_S1_H12,M2,5,1.7563125,दोनों में बड़ा अंतर था,H12
C:\Users\edwin\OneDrive\Desktop\Capstone\hindi indic\HDSD\hindi_sent\M37\M37_S1_H14_M2.wav,bahuta sei looga aisaa kara rahei hai,M37,M37_S1_H14,M2,7,2.0375625,बहुत से लोग ऐसा कर रहे है,H14
C:\Users\edwin\OneDrive\Desktop\Capstone\hindi indic\HDSD\hindi_sent\M37\M37_S1_H15_M2.wav,samaya kei saatha hii nahiin usasei aagei chalaa jaaei,M37,M37_S1_H15,M2,9,3.6875625,समय के साथ ही नहीं उससे आगे चला जाए,H15
C:\Users\edwin\OneDrive\Desktop\Capstone\hindi indic\HDSD\hindi_sent\M37\M37_S1_H17_M2.wav,shaayada samajha aa gayaa hoo,M37,M37_S1_H17,M2,5,1.7313125,शायद समझ आ गया हो,H17
C:\Users\edwin\OneDrive\Desktop\Capstone\hindi indic\HDSD\hindi_sent\M37\M37_S1_H19_M2.wav,main bhuula hii gayaa thaa isa baata koo,M37,M37_S1_H19,M2,8,2.3375625,मैं भूला ही गया था इस बात को,H19
C:\Users\edwin\OneDrive\Desktop\Capstone\hindi indic\HDSD\hindi_sent\M37\M37_S1_H20_M2.wav,magara vaha bhii nahiin huaa,M37,M37_S1_H20,M2,5,2.1500625,मगर वह भी नहीं हुआ,H20
C:\Users\edwin\OneDrive\Desktop\Capstone\hindi indic\HDSD\hindi_sent\M37\M37_S1_H21_M2.wav,dara kaa artha hootaa hai bhaya,M37,M37_S1_H21,M2,6,1.8438125,दर का अर्थ होता है भय,H21
C:\Users\edwin\OneDrive\Desktop\Capstone\hindi indic\HDSD\hindi_sent\M37\M37_S1_H22_M2.wav,eika baara phira sei aabhaara,M37,M37_S1_H22,M2,5,1.6125625,एक बार फिर से आभार,H22
C:\Users\edwin\OneDrive\Desktop\Capstone\hindi indic\HDSD\hindi_sent\M37\M37_S1_H23_M2.wav,naa jaanei kitanei looga isei padhtei hai,M37,M37_S1_H23,M2,7,2.4500625,ना जाने कितने लोग इसे पढ़ते है,H23
C:\Users\edwin\OneDrive\Desktop\Capstone\hindi indic\HDSD\hindi_sent\M37\M37_S1_H26_M2.wav,aapa apanaa yaha achchhaa kaarya jaarii rakhein,M37,M37_S1_H26,M2,7,2.8250625,आप अपना यह अच्छा कार्य जारी रखें,H26
C:\Users\edwin\OneDrive\Desktop\Capstone\hindi indic\HDSD\hindi_sent\M37\M37_S1_H27_M2.wav,main bhaarata mein rahataa huuna,M37,M37_S1_H27,M2,5,1.6375625,मैं भारत में रहता हूं,H27
C:\Users\edwin\OneDrive\Desktop\Capstone\hindi indic\HDSD\hindi_sent\M37\M37_S1_H30_M2.wav,jaldii sei jaldii kuchha kiijiei,M37,M37_S1_H30,M2,5,1.7181875,जल्दी से जल्दी कुछ कीजिए,H30
C:\Users\edwin\OneDrive\Desktop\Capstone\hindi indic\HDSD\hindi_sent\M38\M38_S1_H01_M2.wav,aapakei hindii pasanda karanei para khushii huii,M38,M38_S1_H01,M2,7,2.63125,आपके हिंदी पसंद करने पर खुशी हुई,H01
C:\Users\edwin\OneDrive\Desktop\Capstone\hindi indic\HDSD\hindi_sent\M38\M38_S1_H02_M2.wav,isakei badalei mein tuma kuchha aura maanaga loo,M38,M38_S1_H02,M2,8,2.6438125,इसके बदले में तुम कुछ और मांग लो,H02
C:\Users\edwin\OneDrive\Desktop\Capstone\hindi indic\HDSD\hindi_sent\M38\M38_S1_H03_M2.wav,chikitsaa kaa artha hootaa hai ilaaja,M38,M38_S1_H03,M2,6,2.1438125,चिकित्सा का अर्थ होता है इलाज,H03
C:\Users\edwin\OneDrive\Desktop\Capstone\hindi indic\HDSD\hindi_sent\M38\M38_S1_H04_M2.wav,isei aisei hii jaarii rakhein,M38,M38_S1_H04,M2,5,1.8688125,इसे ऐसे ही जारी रखें,H04
C:\Users\edwin\OneDrive\Desktop\Capstone\hindi indic\HDSD\hindi_sent\M38\M38_S1_H05_M2.wav,madada kei liyei bahuta dhanyavaada,M38,M38_S1_H05,M2,5,2.2438125,मदद के लिए बहुत धन्यवाद,H05
C:\Users\edwin\OneDrive\Desktop\Capstone\hindi indic\HDSD\hindi_sent\M38\M38_S1_H06_M2.wav,aba joo main kahataa huuna usakaa paalana karoo,M38,M38_S1_H06,M2,8,2.3063125,अब जो मैं कहता हूं उसका पालन करो,H06
C:\Users\edwin\OneDrive\Desktop\Capstone\hindi indic\HDSD\hindi_sent\M38\M38_S1_H07_M2.wav,bhaarata mein aisaa nahiin huaa hai,M38,M38_S1_H07,M2,6,2.0313125,भारत में ऐसा नहीं हुआ है,H07
C:\Users\edwin\OneDrive\Desktop\Capstone\hindi indic\HDSD\hindi_sent\M38\M38_S1_H08_M2.wav,isa sahayooga heitu dhanyavaada,M38,M38_S1_H08,M2,4,2.7750625,इस सहयोग हेतु धन्यवाद,H08
C:\Users\edwin\OneDrive\Desktop\Capstone\hindi indic\HDSD\hindi_sent\M38\M38_S1_H11_M2.wav,yahaan sei sangharshha kaa daura shuruu huaa doonoon,M38,M38_S1_H11,M2,8,2.9375625,यहाँ से संघर्ष का दौर शुरू हुआ दोनों,H11
C:\Users\edwin\OneDrive\Desktop\Capstone\hindi indic\HDSD\hindi_sent\M38\M38_S1_H12_M2.wav,mein badaa antara thaa antara thaa,M38,M38_S1_H12,M2,6,2.2438125,में बड़ा अंतर था अंतर था,H12
C:\Users\edwin\OneDrive\Desktop\Capstone\hindi indic\HDSD\hindi_sent\M38\M38_S1_H14_M2.wav,bahuta sei looga aisaa kara rahei hai,M38,M38_S1_H14,M2,7,2.3375625,बहुत से लोग ऐसा कर रहे है,H14
C:\Users\edwin\OneDrive\Desktop\Capstone\hindi indic\HDSD\hindi_sent\M38\M38_S1_H15_M2.wav,samaya kei saatha hii nahiin usasei aagei chalaa jaaei,M38,M38_S1_H15,M2,9,2.8563125,समय के साथ ही नहीं उससे आगे चला जाए,H15
C:\Users\edwin\OneDrive\Desktop\Capstone\hindi indic\HDSD\hindi_sent\M38\M38_S1_H17_M2.wav,shaayada samajha aa gayaa hoo,M38,M38_S1_H17,M2,5,2.0500625,शायद समझ आ गया हो,H17
C:\Users\edwin\OneDrive\Desktop\Capstone\hindi indic\HDSD\hindi_sent\M38\M38_S1_H19_M2.wav,main bhuula hii gayaa thaa isa baata koo,M38,M38_S1_H19,M2,8,2.0375625,मैं भूला ही गया था इस बात को,H19
C:\Users\edwin\OneDrive\Desktop\Capstone\hindi indic\HDSD\hindi_sent\M38\M38_S1_H20_M2.wav,magara vaha bhii nahiin huaa,M38,M38_S1_H20,M2,5,2.3063125,मगर वह भी नहीं हुआ,H20
C:\Users\edwin\OneDrive\Desktop\Capstone\hindi indic\HDSD\hindi_sent\M38\M38_S1_H21_M2.wav,dara kaa artha hootaa hai bhaya,M38,M38_S1_H21,M2,6,2.7563125,दर का अर्थ होता है भय,H21
C:\Users\edwin\OneDrive\Desktop\Capstone\hindi indic\HDSD\hindi_sent\M38\M38_S1_H22_M2.wav,eika baara phira sei aabhaara,M38,M38_S1_H22,M2,5,1.7375625,एक बार फिर से आभार,H22
C:\Users\edwin\OneDrive\Desktop\Capstone\hindi indic\HDSD\hindi_sent\M38\M38_S1_H23_M2.wav,naa jaanei kitanei looga isei padhtei hai,M38,M38_S1_H23,M2,7,2.4938125,ना जाने कितने लोग इसे पढ़ते है,H23
C:\Users\edwin\OneDrive\Desktop\Capstone\hindi indic\HDSD\hindi_sent\M38\M38_S1_H26_M2.wav,aapa apanaa yaha achchhaa kaarya jaarii rakhein,M38,M38_S1_H26,M2,7,2.9688125,आप अपना यह अच्छा कार्य जारी रखें,H26
C:\Users\edwin\OneDrive\Desktop\Capstone\hindi indic\HDSD\hindi_sent\M38\M38_S1_H27_M2.wav,main bhaarata mein rahataa huuna,M38,M38_S1_H27,M2,5,1.4688125,मैं भारत में रहता हूं,H27
C:\Users\edwin\OneDrive\Desktop\Capstone\hindi indic\HDSD\hindi_sent\M38\M38_S1_H30_M2.wav,jaldii sei jaldii kuchha kiijiei,M38,M38_S1_H30,M2,5,1.635,जल्दी से जल्दी कुछ कीजिए,H30
C:\Users\edwin\OneDrive\Desktop\Capstone\hindi indic\HDSD\hindi_sent\M39\M39_S1_H01_M2.wav,aapakei hindii pasanda karanei para khushii huii,M39,M39_S1_H01,M2,7,3.4375,आपके हिंदी पसंद करने पर खुशी हुई,H01
C:\Users\edwin\OneDrive\Desktop\Capstone\hindi indic\HDSD\hindi_sent\M39\M39_S1_H02_M2.wav,isakei badalei mein tuma kuchha aura maanaga loo,M39,M39_S1_H02,M2,8,3.3125625,इसके बदले में तुम कुछ और मांग लो,H02
C:\Users\edwin\OneDrive\Desktop\Capstone\hindi indic\HDSD\hindi_sent\M39\M39_S1_H03_M2.wav,chikitsaa kaa artha hootaa hai ilaaja,M39,M39_S1_H03,M2,6,3.3188125,चिकित्सा का अर्थ होता है इलाज,H03
C:\Users\edwin\OneDrive\Desktop\Capstone\hindi indic\HDSD\hindi_sent\M39\M39_S1_H04_M2.wav,isei aisei hii jaarii rakhein,M39,M39_S1_H04,M2,5,2.4625625,इसे ऐसे ही जारी रखें,H04
C:\Users\edwin\OneDrive\Desktop\Capstone\hindi indic\HDSD\hindi_sent\M39\M39_S1_H05_M2.wav,madada kei liyei bahuta dhanyavaada,M39,M39_S1_H05,M2,5,2.5500625,मदद के लिए बहुत धन्यवाद,H05
C:\Users\edwin\OneDrive\Desktop\Capstone\hindi indic\HDSD\hindi_sent\M39\M39_S1_H06_M2.wav,aba joo main kahataa huuna usakaa paalana karoo,M39,M39_S1_H06,M2,8,2.8000625,अब जो मैं कहता हूं उसका पालन करो,H06
C:\Users\edwin\OneDrive\Desktop\Capstone\hindi indic\HDSD\hindi_sent\M39\M39_S1_H07_M2.wav,bhaarata mein aisaa nahiin huaa hai,M39,M39_S1_H07,M2,6,2.5688125,भारत में ऐसा नहीं हुआ है,H07
C:\Users\edwin\OneDrive\Desktop\Capstone\hindi indic\HDSD\hindi_sent\M39\M39_S1_H08_M2.wav,isa sahayooga heitu bhii bahuta dhanyavaada,M39,M39_S1_H08,M2,6,2.9688125,इस सहयोग हेतु भी बहुत धन्यवाद,H08
C:\Users\edwin\OneDrive\Desktop\Capstone\hindi indic\HDSD\hindi_sent\M39\M39_S1_H11_M2.wav,yahaan sei sangharshha kaa daura shuruu huaa,M39,M39_S1_H11,M2,7,4.1438125,यहाँ से संघर्ष का दौर शुरू हुआ,H11
C:\Users\edwin\OneDrive\Desktop\Capstone\hindi indic\HDSD\hindi_sent\M39\M39_S1_H12_M2.wav,doonoon mein bahuta antara thaa,M39,M39_S1_H12,M2,5,2.2750625,दोनों में बहुत अंतर था,H12
C:\Users\edwin\OneDrive\Desktop\Capstone\hindi indic\HDSD\hindi_sent\M39\M39_S1_H14_M2.wav,bahuta sei looga aisaa kara rahei hai,M39,M39_S1_H14,M2,7,2.5188125,बहुत से लोग ऐसा कर रहे है,H14
C:\Users\edwin\OneDrive\Desktop\Capstone\hindi indic\HDSD\hindi_sent\M39\M39_S1_H15_M2.wav,samaya kei saatha hii nahiin usasei aagei chalaa jaaei,M39,M39_S1_H15,M2,9,3.7563125,समय के साथ ही नहीं उससे आगे चला जाए,H15
C:\Users\edwin\OneDrive\Desktop\Capstone\hindi indic\HDSD\hindi_sent\M39\M39_S1_H17_M2.wav,shaayada samajha aa gayaa hoo,M39,M39_S1_H17,M2,5,2.3750625,शायद समझ आ गया हो,H17
C:\Users\edwin\OneDrive\Desktop\Capstone\hindi indic\HDSD\hindi_sent\M39\M39_S1_H19_M2.wav,main bhuula hii gayaa thaa isa baata koo,M39,M39_S1_H19,M2,8,2.7875625,मैं भूला ही गया था इस बात को,H19
C:\Users\edwin\OneDrive\Desktop\Capstone\hindi indic\HDSD\hindi_sent\M39\M39_S1_H20_M2.wav,magara vaha bhii nahiin huaa,M39,M39_S1_H20,M2,5,2.9938125,मगर वह भी नहीं हुआ,H20
C:\Users\edwin\OneDrive\Desktop\Capstone\hindi indic\HDSD\hindi_sent\M39\M39_S1_H21_M2.wav,dara kaa artha hootaa hai bhaya,M39,M39_S1_H21,M2,6,3.0000625,दर का अर्थ होता है भय,H21
C:\Users\edwin\OneDrive\Desktop\Capstone\hindi indic\HDSD\hindi_sent\M39\M39_S1_H22_M2.wav,eika baara phira sei aabhaara,M39,M39_S1_H22,M2,5,2.3188125,एक बार फिर से आभार,H22
C:\Users\edwin\OneDrive\Desktop\Capstone\hindi indic\HDSD\hindi_sent\M39\M39_S1_H23_M2.wav,naa jaanei kitanei looga isei padhtei hai,M39,M39_S1_H23,M2,7,3.2625625,ना जाने कितने लोग इसे पढ़ते है,H23
C:\Users\edwin\OneDrive\Desktop\Capstone\hindi indic\HDSD\hindi_sent\M39\M39_S1_H26_M2.wav,aapa achchhaa kaarya jaarii rakhein,M39,M39_S1_H26,M2,5,2.4938125,आप अच्छा कार्य जारी रखें,H26
C:\Users\edwin\OneDrive\Desktop\Capstone\hindi indic\HDSD\hindi_sent\M39\M39_S1_H27_M2.wav,main bhaarata mein rahataa huuna,M39,M39_S1_H27,M2,5,2.1875625,मैं भारत में रहता हूं,H27
C:\Users\edwin\OneDrive\Desktop\Capstone\hindi indic\HDSD\hindi_sent\M39\M39_S1_H30_M2.wav,jaldii sei jaldii kuchha kiijiei,M39,M39_S1_H30,M2,5,2.1746875,जल्दी से जल्दी कुछ कीजिए,H30
C:\Users\edwin\OneDrive\Desktop\Capstone\hindi indic\HDSD\hindi_sent\M40\M40_S1_H01_M2.wav,aapakei hindii karanei para khushii huii pasanda,M40,M40_S1_H01,M2,7,4.4875,आपके हिंदी करने पर खुशी हुई पसंद,H01
C:\Users\edwin\OneDrive\Desktop\Capstone\hindi indic\HDSD\hindi_sent\M40\M40_S1_H02_M2.wav,isakei badalei mein tuma kuchha aura maanaga loo,M40,M40_S1_H02,M2,8,3.1313125,इसके बदले में तुम कुछ और मांग लो,H02
C:\Users\edwin\OneDrive\Desktop\Capstone\hindi indic\HDSD\hindi_sent\M40\M40_S1_H03_M2.wav,chikitsaa kaa artha hootaa hai ilaaja,M40,M40_S1_H03,M2,6,2.7063125,चिकित्सा का अर्थ होता है इलाज,H03
C:\Users\edwin\OneDrive\Desktop\Capstone\hindi indic\HDSD\hindi_sent\M40\M40_S1_H04_M2.wav,isei aisei hii jaarii rakhein,M40,M40_S1_H04,M2,5,2.1438125,इसे ऐसे ही जारी रखें,H04
C:\Users\edwin\OneDrive\Desktop\Capstone\hindi indic\HDSD\hindi_sent\M40\M40_S1_H05_M2.wav,madada kei liyei bahuta dhanyavaada,M40,M40_S1_H05,M2,5,2.1875625,मदद के लिए बहुत धन्यवाद,H05
C:\Users\edwin\OneDrive\Desktop\Capstone\hindi indic\HDSD\hindi_sent\M40\M40_S1_H06_M2.wav,joo main kahataa huuna usakaa paalana karoo,M40,M40_S1_H06,M2,7,3.5063125,जो मैं कहता हूं उसका पालन करो,H06
C:\Users\edwin\OneDrive\Desktop\Capstone\hindi indic\HDSD\hindi_sent\M40\M40_S1_H07_M2.wav,bhaarata mein aisaa nahiin huaa hai,M40,M40_S1_H07,M2,6,2.5375625,भारत में ऐसा नहीं हुआ है,H07
C:\Users\edwin\OneDrive\Desktop\Capstone\hindi indic\HDSD\hindi_sent\M40\M40_S1_H08_M2.wav,isa sahayooga heitu bhii bahuta dhanyavaada,M40,M40_S1_H08,M2,6,4.3000625,इस सहयोग हेतु भी बहुत धन्यवाद,H08
C:\Users\edwin\OneDrive\Desktop\Capstone\hindi indic\HDSD\hindi_sent\M40\M40_S1_H11_M2.wav,yahaan sei sangharshha kaa daura shuruu huaa,M40,M40_S1_H11,M2,7,3.5313125,यहाँ से संघर्ष का दौर शुरू हुआ,H11
C:\Users\edwin\OneDrive\Desktop\Capstone\hindi indic\HDSD\hindi_sent\M40\M40_S1_H12_M2.wav,doonoon mein badaa antara thaa,M40,M40_S1_H12,M2,5,2.0000625,दोनों में बड़ा अंतर था,H12
C:\Users\edwin\OneDrive\Desktop\Capstone\hindi indic\HDSD\hindi_sent\M40\M40_S1_H14_M2.wav,bahuta sei looga aisaa kara rahei hai,M40,M40_S1_H14,M2,7,2.3438125,बहुत से लोग ऐसा कर रहे है,H14
C:\Users\edwin\OneDrive\Desktop\Capstone\hindi indic\HDSD\hindi_sent\M40\M40_S1_H15_M2.wav,samaya kei saatha hii nahiin usasei aagei chalaa jaaei,M40,M40_S1_H15,M2,9,3.5313125,समय के साथ ही नहीं उससे आगे चला जाए,H15
C:\Users\edwin\OneDrive\Desktop\Capstone\hindi indic\HDSD\hindi_sent\M40\M40_S1_H17_M2.wav,samajha aa gayaa hoo,M40,M40_S1_H17,M2,4,2.9938125,समझ आ गया हो,H17
C:\Users\edwin\OneDrive\Desktop\Capstone\hindi indic\HDSD\hindi_sent\M40\M40_S1_H19_M2.wav,main bhuula hii gayaa thaa isa baata koo,M40,M40_S1_H19,M2,8,2.4750625,मैं भूला ही गया था इस बात को,H19
C:\Users\edwin\OneDrive\Desktop\Capstone\hindi indic\HDSD\hindi_sent\M40\M40_S1_H20_M2.wav,magara vaha bhii nahiin huaa,M40,M40_S1_H20,M2,5,1.9438125,मगर वह भी नहीं हुआ,H20
C:\Users\edwin\OneDrive\Desktop\Capstone\hindi indic\HDSD\hindi_sent\M40\M40_S1_H21_M2.wav,dara kaa artha hootaa hai bhaya,M40,M40_S1_H21,M2,6,2.3250625,दर का अर्थ होता है भय,H21
C:\Users\edwin\OneDrive\Desktop\Capstone\hindi indic\HDSD\hindi_sent\M40\M40_S1_H22_M2.wav,eika baara phira sei aabhaara,M40,M40_S1_H22,M2,5,2.5563125,एक बार फिर से आभार,H22
C:\Users\edwin\OneDrive\Desktop\Capstone\hindi indic\HDSD\hindi_sent\M40\M40_S1_H23_M2.wav,naa jaanei kitanei looga isei padhtei hai,M40,M40_S1_H23,M2,7,2.6938125,ना जाने कितने लोग इसे पढ़ते है,H23
C:\Users\edwin\OneDrive\Desktop\Capstone\hindi indic\HDSD\hindi_sent\M40\M40_S1_H26_M2.wav,aapa apanaa yaha achchhaa kaarya jaarii rakhein,M40,M40_S1_H26,M2,7,3.9313125,आप अपना यह अच्छा कार्य जारी रखें,H26
C:\Users\edwin\OneDrive\Desktop\Capstone\hindi indic\HDSD\hindi_sent\M40\M40_S1_H27_M2.wav,main bhaarata mein rahataa huuna,M40,M40_S1_H27,M2,5,1.7000625,मैं भारत में रहता हूं,H27
C:\Users\edwin\OneDrive\Desktop\Capstone\hindi indic\HDSD\hindi_sent\M40\M40_S1_H30_M2.wav,jaldii sei jaldii kuchha kiijiei,M40,M40_S1_H30,M2,5,2.102375,जल्दी से जल्दी कुछ कीजिए,H30
C:\Users\edwin\OneDrive\Desktop\Capstone\hindi indic\HDSD\hindi_sent\M41\M41_S1_H01_M2.wav,aapakei hindii pasanda hindii pasanda karanei para khushii huii,M41,M41_S1_H01,M2,9,4.10625,आपके हिंदी पसंद हिंदी पसंद करने पर खुशी हुई,H01
C:\Users\edwin\OneDrive\Desktop\Capstone\hindi indic\HDSD\hindi_sent\M41\M41_S1_H02_M2.wav,isakei badalei mein tuma kuchha aura maanaga loo,M41,M41_S1_H02,M2,8,3.2438125,इसके बदले में तुम कुछ और मांग लो,H02
C:\Users\edwin\OneDrive\Desktop\Capstone\hindi indic\HDSD\hindi_sent\M41\M41_S1_H03_M2.wav,chikitsaa kaa artha hootaa hai ilaaja,M41,M41_S1_H03,M2,6,2.1438125,चिकित्सा का अर्थ होता है इलाज,H03
C:\Users\edwin\OneDrive\Desktop\Capstone\hindi indic\HDSD\hindi_sent\M41\M41_S1_H04_M2.wav,isei aisei hii jaarii rakhein,M41,M41_S1_H04,M2,5,2.1500625,इसे ऐसे ही जारी रखें,H04
C:\Users\edwin\OneDrive\Desktop\Capstone\hindi indic\HDSD\hindi_sent\M41\M41_S1_H05_M2.wav,madada kei liyei bahuta dhanyavaada,M41,M41_S1_H05,M2,5,2.1938125,मदद के लिए बहुत धन्यवाद,H05
C:\Users\edwin\OneDrive\Desktop\Capstone\hindi indic\HDSD\hindi_sent\M41\M41_S1_H06_M2.wav,main joo kahataa huuna usakaa paalana karoo,M41,M41_S1_H06,M2,7,3.5938125,मैं जो कहता हूं उसका पालन करो,H06
C:\Users\edwin\OneDrive\Desktop\Capstone\hindi indic\HDSD\hindi_sent\M41\M41_S1_H07_M2.wav,bhaarata mein aisaa nahiin huaa hai,M41,M41_S1_H07,M2,6,2.2625625,भारत में ऐसा नहीं हुआ है,H07
C:\Users\edwin\OneDrive\Desktop\Capstone\hindi indic\HDSD\hindi_sent\M41\M41_S1_H08_M2.wav,isa sahayooga heitu dhanyavaada,M41,M41_S1_H08,M2,4,2.6813125,इस सहयोग हेतु धन्यवाद,H08
C:\Users\edwin\OneDrive\Desktop\Capstone\hindi indic\HDSD\hindi_sent\M41\M41_S1_H11_M2.wav,yahaan sei sangharshha kaa daura shuruu huaa,M41,M41_S1_H11,M2,7,2.9125625,यहाँ से संघर्ष का दौर शुरू हुआ,H11
C:\Users\edwin\OneDrive\Desktop\Capstone\hindi indic\HDSD\hindi_sent\M41\M41_S1_H12_M2.wav,doonoon mein badaa antara thaa,M41,M41_S1_H12,M2,5,1.8188125,दोनों में बड़ा अंतर था,H12
C:\Users\edwin\OneDrive\Desktop\Capstone\hindi indic\HDSD\hindi_sent\M41\M41_S1_H14_M2.wav,bahuta sei looga aisaa kara rahei hai,M41,M41_S1_H14,M2,7,2.0313125,बहुत से लोग ऐसा कर रहे है,H14
C:\Users\edwin\OneDrive\Desktop\Capstone\hindi indic\HDSD\hindi_sent\M41\M41_S1_H15_M2.wav,samaya kei saatha hii nahiin usasei aagei chalaa jaaei,M41,M41_S1_H15,M2,9,3.9063125,समय के साथ ही नहीं उससे आगे चला जाए,H15
C:\Users\edwin\OneDrive\Desktop\Capstone\hindi indic\HDSD\hindi_sent\M41\M41_S1_H17_M2.wav,shaayada samajha aa gayaa hoo,M41,M41_S1_H17,M2,5,1.7625625,शायद समझ आ गया हो,H17
C:\Users\edwin\OneDrive\Desktop\Capstone\hindi indic\HDSD\hindi_sent\M41\M41_S1_H19_M2.wav,main bhuula hii gayaa thaa isa baata koo,M41,M41_S1_H19,M2,8,2.2688125,मैं भूला ही गया था इस बात को,H19
C:\Users\edwin\OneDrive\Desktop\Capstone\hindi indic\HDSD\hindi_sent\M41\M41_S1_H20_M2.wav,magara vaha bhii nahiin huaa,M41,M41_S1_H20,M2,5,1.7375625,मगर वह भी नहीं हुआ,H20
C:\Users\edwin\OneDrive\Desktop\Capstone\hindi indic\HDSD\hindi_sent\M41\M41_S1_H21_M2.wav,dara kaa artha hootaa hai bhaya,M41,M41_S1_H21,M2,6,1.8375625,दर का अर्थ होता है भय,H21
C:\Users\edwin\OneDrive\Desktop\Capstone\hindi indic\HDSD\hindi_sent\M41\M41_S1_H22_M2.wav,eika baara phira sei aabhaara,M41,M41_S1_H22,M2,5,2.0750625,एक बार फिर से आभार,H22
C:\Users\edwin\OneDrive\Desktop\Capstone\hindi indic\HDSD\hindi_sent\M41\M41_S1_H23_M2.wav,naa jaanei kitanei looga isei padhtei hai,M41,M41_S1_H23,M2,7,2.9500625,ना जाने कितने लोग इसे पढ़ते है,H23
C:\Users\edwin\OneDrive\Desktop\Capstone\hindi indic\HDSD\hindi_sent\M41\M41_S1_H26_M2.wav,aapa apanaa yaha achchhaa kaarya jaarii rakhein,M41,M41_S1_H26,M2,7,2.8250625,आप अपना यह अच्छा कार्य जारी रखें,H26
C:\Users\edwin\OneDrive\Desktop\Capstone\hindi indic\HDSD\hindi_sent\M41\M41_S1_H27_M2.wav,main bhaarata mein rahataa huuna,M41,M41_S1_H27,M2,5,1.5000625,मैं भारत में रहता हूं,H27
C:\Users\edwin\OneDrive\Desktop\Capstone\hindi indic\HDSD\hindi_sent\M41\M41_S1_H30_M2.wav,jaldii sei jaldii kuchha kiijiei,M41,M41_S1_H30,M2,5,1.8975,जल्दी से जल्दी कुछ कीजिए,H30
C:\Users\edwin\OneDrive\Desktop\Capstone\hindi indic\HDSD\hindi_sent\M43\M43_S1_H01_M2.wav,aapakei hindii pasanda karanei para khushii huii,M43,M43_S1_H01,M2,7,3.21875,आपके हिंदी पसंद करने पर खुशी हुई,H01
C:\Users\edwin\OneDrive\Desktop\Capstone\hindi indic\HDSD\hindi_sent\M43\M43_S1_H02_M2.wav,isakei badalei mein tuma kuchha aura maanaga loo,M43,M43_S1_H02,M2,8,2.6688125,इसके बदले में तुम कुछ और मांग लो,H02
C:\Users\edwin\OneDrive\Desktop\Capstone\hindi indic\HDSD\hindi_sent\M43\M43_S1_H03_M2.wav,chikitsaa kaa artha hootaa hai ilaaja,M43,M43_S1_H03,M2,6,2.7250625,चिकित्सा का अर्थ होता है इलाज,H03
C:\Users\edwin\OneDrive\Desktop\Capstone\hindi indic\HDSD\hindi_sent\M43\M43_S1_H04_M2.wav,isei aisei hii jaarii rakhein,M43,M43_S1_H04,M2,5,1.9000625,इसे ऐसे ही जारी रखें,H04
C:\Users\edwin\OneDrive\Desktop\Capstone\hindi indic\HDSD\hindi_sent\M43\M43_S1_H05_M2.wav,madada kei liyei bahuta dhanyavaada,M43,M43_S1_H05,M2,5,2.0250625,मदद के लिए बहुत धन्यवाद,H05
C:\Users\edwin\OneDrive\Desktop\Capstone\hindi indic\HDSD\hindi_sent\M43\M43_S1_H06_M2.wav,aba joo main kahataa huuna usakaa paalana karoo,M43,M43_S1_H06,M2,8,2.4750625,अब जो मैं कहता हूं उसका पालन करो,H06
C:\Users\edwin\OneDrive\Desktop\Capstone\hindi indic\HDSD\hindi_sent\M43\M43_S1_H07_M2.wav,bhaarata mein aisaa nahiin huaa hai,M43,M43_S1_H07,M2,6,2.0125625,भारत में ऐसा नहीं हुआ है,H07
C:\Users\edwin\OneDrive\Desktop\Capstone\hindi indic\HDSD\hindi_sent\M43\M43_S1_H08_M2.wav,isa sahayooga heitu tuma bahuta dhanyavaada,M43,M43_S1_H08,M2,6,3.2438125,इस सहयोग हेतु तुम बहुत धन्यवाद,H08
C:\Users\edwin\OneDrive\Desktop\Capstone\hindi indic\HDSD\hindi_sent\M43\M43_S1_H11_M2.wav,yahaan sei sangharshha kaa daura shuruu huaa,M43,M43_S1_H11,M2,7,2.6813125,यहाँ से संघर्ष का दौर शुरू हुआ,H11
C:\Users\edwin\OneDrive\Desktop\Capstone\hindi indic\HDSD\hindi_sent\M43\M43_S1_H12_M2.wav,doonoon mein badaa antara thaa,M43,M43_S1_H12,M2,5,1.7563125,दोनों में बड़ा अंतर था,H12
C:\Users\edwin\OneDrive\Desktop\Capstone\hindi indic\HDSD\hindi_sent\M43\M43_S1_H14_M2.wav,bahuta sei looga aisaa kara rahei hai,M43,M43_S1_H14,M2,7,2.2438125,बहुत से लोग ऐसा कर रहे है,H14
C:\Users\edwin\OneDrive\Desktop\Capstone\hindi indic\HDSD\hindi_sent\M43\M43_S1_H15_M2.wav,samaya kei saatha hii nahiin usasei aagei chalaa jaaei,M43,M43_S1_H15,M2,9,4.7938125,समय के साथ ही नहीं उससे आगे चला जाए,H15
C:\Users\edwin\OneDrive\Desktop\Capstone\hindi indic\HDSD\hindi_sent\M43\M43_S1_H17_M2.wav,shaayada samajha aa gayaa hoo,M43,M43_S1_H17,M2,5,1.8875625,शायद समझ आ गया हो,H17
C:\Users\edwin\OneDrive\Desktop\Capstone\hindi indic\HDSD\hindi_sent\M43\M43_S1_H19_M2.wav,main bhuula hii gayaa thaa isa baata koo,M43,M43_S1_H19,M2,8,2.6813125,मैं भूला ही गया था इस बात को,H19
C:\Users\edwin\OneDrive\Desktop\Capstone\hindi indic\HDSD\hindi_sent\M43\M43_S1_H20_M2.wav,magara vaha bhii nahiin huaa,M43,M43_S1_H20,M2,5,1.8250625,मगर वह भी नहीं हुआ,H20
C:\Users\edwin\OneDrive\Desktop\Capstone\hindi indic\HDSD\hindi_sent\M43\M43_S1_H21_M2.wav,dara kaa artha hootaa hai bhaya,M43,M43_S1_H21,M2,6,2.0375625,दर का अर्थ होता है भय,H21
C:\Users\edwin\OneDrive\Desktop\Capstone\hindi indic\HDSD\hindi_sent\M43\M43_S1_H22_M2.wav,eika baara phira sei aabhaara,M43,M43_S1_H22,M2,5,1.9125625,एक बार फिर से आभार,H22
C:\Users\edwin\OneDrive\Desktop\Capstone\hindi indic\HDSD\hindi_sent\M43\M43_S1_H23_M2.wav,naa jaanei kitanei looga isei padhtei hai,M43,M43_S1_H23,M2,7,2.6250625,ना जाने कितने लोग इसे पढ़ते है,H23
C:\Users\edwin\OneDrive\Desktop\Capstone\hindi indic\HDSD\hindi_sent\M43\M43_S1_H26_M2.wav,aapa apanaa yaha achchhaa kaarya jaarii rakhein,M43,M43_S1_H26,M2,7,3.0750625,आप अपना यह अच्छा कार्य जारी रखें,H26
C:\Users\edwin\OneDrive\Desktop\Capstone\hindi indic\HDSD\hindi_sent\M43\M43_S1_H27_M2.wav,main bhaarata mein rahataa huuna,M43,M43_S1_H27,M2,5,1.6938125,मैं भारत में रहता हूं,H27
C:\Users\edwin\OneDrive\Desktop\Capstone\hindi indic\HDSD\hindi_sent\M43\M43_S1_H30_M2.wav,jaldii sei jaldii kuchha kiijiei,M43,M43_S1_H30,M2,5,1.8495625,जल्दी से जल्दी कुछ कीजिए,H30
C:\Users\edwin\OneDrive\Desktop\Capstone\hindi indic\HDSD\hindi_sent\M46\M46_S1_H01_M2.wav,hindii pasanda karanei para khushii huii,M46,M46_S1_H01,M2,6,2.025,हिंदी पसंद करने पर खुशी हुई,H01
C:\Users\edwin\OneDrive\Desktop\Capstone\hindi indic\HDSD\hindi_sent\M46\M46_S1_H02_M2.wav,isakei badalei mein kuchha tuma kuchha aura maanaga loo,M46,M46_S1_H02,M2,9,3.2875625,इसके बदले में कुछ तुम कुछ और मांग लो,H02
C:\Users\edwin\OneDrive\Desktop\Capstone\hindi indic\HDSD\hindi_sent\M46\M46_S1_H03_M2.wav,chikitsaa kaa artha hootaa hai ilaaja,M46,M46_S1_H03,M2,6,1.7938125,चिकित्सा का अर्थ होता है इलाज,H03
C:\Users\edwin\OneDrive\Desktop\Capstone\hindi indic\HDSD\hindi_sent\M46\M46_S1_H04_M2.wav,isei aisei hii jaarii rakhein,M46,M46_S1_H04,M2,5,1.7563125,इसे ऐसे ही जारी रखें,H04
C:\Users\edwin\OneDrive\Desktop\Capstone\hindi indic\HDSD\hindi_sent\M46\M46_S1_H05_M2.wav,madada kei liyei bahuta dhanyavaada,M46,M46_S1_H05,M2,5,1.6688125,मदद के लिए बहुत धन्यवाद,H05
C:\Users\edwin\OneDrive\Desktop\Capstone\hindi indic\HDSD\hindi_sent\M46\M46_S1_H06_M2.wav,aba joo main kahataa huuna usakaa paalana karoo,M46,M46_S1_H06,M2,8,2.2438125,अब जो मैं कहता हूं उसका पालन करो,H06
C:\Users\edwin\OneDrive\Desktop\Capstone\hindi indic\HDSD\hindi_sent\M46\M46_S1_H07_M2.wav,bhaarata mein aisaa nahiin huaa hai,M46,M46_S1_H07,M2,6,1.6625625,भारत में ऐसा नहीं हुआ है,H07
C:\Users\edwin\OneDrive\Desktop\Capstone\hindi indic\HDSD\hindi_sent\M46\M46_S1_H08_M2.wav,isa sahayooga heitu bhii bahuta dhanyavaada,M46,M46_S1_H08,M2,6,3.0063125,इस सहयोग हेतु भी बहुत धन्यवाद,H08
C:\Users\edwin\OneDrive\Desktop\Capstone\hindi indic\HDSD\hindi_sent\M46\M46_S1_H11_M2.wav,yahaan sei sangharshha kaa daura shuruu huaa,M46,M46_S1_H11,M2,7,2.2375625,यहाँ से संघर्ष का दौर शुरू हुआ,H11
C:\Users\edwin\OneDrive\Desktop\Capstone\hindi indic\HDSD\hindi_sent\M46\M46_S1_H12_M2.wav,doonoon mein badaa antara thaa,M46,M46_S1_H12,M2,5,1.6438125,दोनों में बड़ा अंतर था,H12
C:\Users\edwin\OneDrive\Desktop\Capstone\hindi indic\HDSD\hindi_sent\M46\M46_S1_H14_M2.wav,bahuta sei looga aisaa kara rahei hai,M46,M46_S1_H14,M2,7,1.8625625,बहुत से लोग ऐसा कर रहे है,H14
C:\Users\edwin\OneDrive\Desktop\Capstone\hindi indic\HDSD\hindi_sent\M46\M46_S1_H15_M2.wav,samaya kei saatha hii nahiin usasei aagei chalaa jaaei,M46,M46_S1_H15,M2,9,3.0250625,समय के साथ ही नहीं उससे आगे चला जाए,H15
C:\Users\edwin\OneDrive\Desktop\Capstone\hindi indic\HDSD\hindi_sent\M46\M46_S1_H17_M2.wav,shaayada samajha aa gayaa hoo,M46,M46_S1_H17,M2,5,1.5438125,शायद समझ आ गया हो,H17
C:\Users\edwin\OneDrive\Desktop\Capstone\hindi indic\HDSD\hindi_sent\M46\M46_S1_H19_M2.wav,main bhuula hii gayaa thaa isa baata koo,M46,M46_S1_H19,M2,8,2.1125625,मैं भूला ही गया था इस बात को,H19
C:\Users\edwin\OneDrive\Desktop\Capstone\hindi indic\HDSD\hindi_sent\M46\M46_S1_H20_M2.wav,magara vaha bhii nahiin huaa,M46,M46_S1_H20,M2,5,1.4688125,मगर वह भी नहीं हुआ,H20
C:\Users\edwin\OneDrive\Desktop\Capstone\hindi indic\HDSD\hindi_sent\M46\M46_S1_H21_M2.wav,dara kaa artha hootaa hai bhaya,M46,M46_S1_H21,M2,6,1.5563125,दर का अर्थ होता है भय,H21
C:\Users\edwin\OneDrive\Desktop\Capstone\hindi indic\HDSD\hindi_sent\M46\M46_S1_H22_M2.wav,eika baara phira sei aabhaara,M46,M46_S1_H22,M2,5,1.6438125,एक बार फिर से आभार,H22
C:\Users\edwin\OneDrive\Desktop\Capstone\hindi indic\HDSD\hindi_sent\M46\M46_S1_H23_M2.wav,naa jaanei kitanei looga isei padhtei hai,M46,M46_S1_H23,M2,7,2.0750625,ना जाने कितने लोग इसे पढ़ते है,H23
C:\Users\edwin\OneDrive\Desktop\Capstone\hindi indic\HDSD\hindi_sent\M46\M46_S1_H26_M2.wav,aapa apanaa yaha achchhaa kaarya jaarii rakhein,M46,M46_S1_H26,M2,7,2.2750625,आप अपना यह अच्छा कार्य जारी रखें,H26
C:\Users\edwin\OneDrive\Desktop\Capstone\hindi indic\HDSD\hindi_sent\M46\M46_S1_H27_M2.wav,main bhaarata mein rahataa huuna,M46,M46_S1_H27,M2,5,1.5188125,मैं भारत में रहता हूं,H27
C:\Users\edwin\OneDrive\Desktop\Capstone\hindi indic\HDSD\hindi_sent\M46\M46_S1_H30_M2.wav,jaldii sei jaldii kuchha kiijiei,M46,M46_S1_H30,M2,5,1.735625,जल्दी से जल्दी कुछ कीजिए,H30
C:\Users\edwin\OneDrive\Desktop\Capstone\hindi indic\HDSD\hindi_sent\M48\M48_S1_H01_M2.wav,para khushii huii,M48,M48_S1_H01,M2,3,1.15,पर खुशी हुई,H01
C:\Users\edwin\OneDrive\Desktop\Capstone\hindi indic\HDSD\hindi_sent\M48\M48_S1_H02_M2.wav,isakei badalei mein tuma kuchha aura aura maanaga loo,M48,M48_S1_H02,M2,9,2.6813125,इसके बदले में तुम कुछ और और मांग लो,H02
C:\Users\edwin\OneDrive\Desktop\Capstone\hindi indic\HDSD\hindi_sent\M48\M48_S1_H03_M2.wav,chikitsaa kaa artha hootaa hai ilaaja,M48,M48_S1_H03,M2,6,1.9750625,चिकित्सा का अर्थ होता है इलाज,H03
C:\Users\edwin\OneDrive\Desktop\Capstone\hindi indic\HDSD\hindi_sent\M48\M48_S1_H04_M2.wav,aisei aisei isei aisei hii jaarii rakhein,M48,M48_S1_H04,M2,7,3.2563125,ऐसे ऐसे इसे ऐसे ही जारी रखें,H04
C:\Users\edwin\OneDrive\Desktop\Capstone\hindi indic\HDSD\hindi_sent\M48\M48_S1_H05_M2.wav,madada kei madada kei liyei bahuta dhanyavaada,M48,M48_S1_H05,M2,7,2.5188125,मदद के मदद के लिए बहुत धन्यवाद,H05
C:\Users\edwin\OneDrive\Desktop\Capstone\hindi indic\HDSD\hindi_sent\M48\M48_S1_H06_M2.wav,main joo joo kahataa huuna usakaa paalana karoo,M48,M48_S1_H06,M2,8,2.6938125,मैं जो जो कहता हूं उसका पालन करो,H06
C:\Users\edwin\OneDrive\Desktop\Capstone\hindi indic\HDSD\hindi_sent\M48\M48_S1_H07_M2.wav,bhaarata mein aisaa nahiin huaa hai,M48,M48_S1_H07,M2,6,1.8313125,भारत में ऐसा नहीं हुआ है,H07
C:\Users\edwin\OneDrive\Desktop\Capstone\hindi indic\HDSD\hindi_sent\M48\M48_S1_H08_M2.wav,isa sahayooga heitu bhii bahuta dhanyavaada,M48,M48_S1_H08,M2,6,2.4438125,इस सहयोग हेतु भी बहुत धन्यवाद,H08
C:\Users\edwin\OneDrive\Desktop\Capstone\hindi indic\HDSD\hindi_sent\M48\M48_S1_H11_M2.wav,yahaan sei sangharshha kaa daura shuruu huaa,M48,M48_S1_H11,M2,7,2.4688125,यहाँ से संघर्ष का दौर शुरू हुआ,H11
C:\Users\edwin\OneDrive\Desktop\Capstone\hindi indic\HDSD\hindi_sent\M48\M48_S1_H12_M2.wav,doonoon mein badaa antara thaa,M48,M48_S1_H12,M2,5,1.5938125,दोनों में बड़ा अंतर था,H12
C:\Users\edwin\OneDrive\Desktop\Capstone\hindi indic\HDSD\hindi_sent\M48\M48_S1_H14_M2.wav,bahuta sei looga aisaa bahuta sei sei looga aisaa kara rahei hai,M48,M48_S1_H14,M2,12,4.7563125,बहुत से लोग ऐसा बहुत से से लोग ऐसा कर रहे है,H14
C:\Users\edwin\OneDrive\Desktop\Capstone\hindi indic\HDSD\hindi_sent\M48\M48_S1_H15_M2.wav,samaya kei saatha hii nahiin usasei aagei chalaa jaaei,M48,M48_S1_H15,M2,9,3.4625625,समय के साथ ही नहीं उससे आगे चला जाए,H15
C:\Users\edwin\OneDrive\Desktop\Capstone\hindi indic\HDSD\hindi_sent\M48\M48_S1_H17_M2.wav,shaayada samajha aa gayaa hoo,M48,M48_S1_H17,M2,5,1.9063125,शायद समझ आ गया हो,H17
C:\Users\edwin\OneDrive\Desktop\Capstone\hindi indic\HDSD\hindi_sent\M48\M48_S1_H19_M2.wav,main bhuula hii gayaa thaa isa baata koo,M48,M48_S1_H19,M2,8,2.1688125,मैं भूला ही गया था इस बात को,H19
C:\Users\edwin\OneDrive\Desktop\Capstone\hindi indic\HDSD\hindi_sent\M48\M48_S1_H20_M2.wav,magara vaha bhii nahiin huaa,M48,M48_S1_H20,M2,5,1.7625625,मगर वह भी नहीं हुआ,H20
C:\Users\edwin\OneDrive\Desktop\Capstone\hindi indic\HDSD\hindi_sent\M48\M48_S1_H21_M2.wav,dara kaa artha hootaa hai bhaya,M48,M48_S1_H21,M2,6,1.4813125,दर का अर्थ होता है भय,H21
C:\Users\edwin\OneDrive\Desktop\Capstone\hindi indic\HDSD\hindi_sent\M48\M48_S1_H22_M2.wav,eika baara phira sei aabhaara,M48,M48_S1_H22,M2,5,2.3125625,एक बार फिर से आभार,H22
C:\Users\edwin\OneDrive\Desktop\Capstone\hindi indic\HDSD\hindi_sent\M48\M48_S1_H23_M2.wav,naa jaanei kitanei looga isei padhtei hai,M48,M48_S1_H23,M2,7,2.2750625,ना जाने कितने लोग इसे पढ़ते है,H23
C:\Users\edwin\OneDrive\Desktop\Capstone\hindi indic\HDSD\hindi_sent\M48\M48_S1_H26_M2.wav,aapa apanaa yaha achchhaa kaarya kaarya jaarii rakhein,M48,M48_S1_H26,M2,8,3.5688125,आप अपना यह अच्छा कार्य कार्य जारी रखें,H26
C:\Users\edwin\OneDrive\Desktop\Capstone\hindi indic\HDSD\hindi_sent\M48\M48_S1_H27_M2.wav,main bhaarata mein rahataa huuna,M48,M48_S1_H27,M2,5,1.5875625,मैं भारत में रहता हूं,H27
C:\Users\edwin\OneDrive\Desktop\Capstone\hindi indic\HDSD\hindi_sent\M48\M48_S1_H30_M2.wav,jaldii sei jaldii kuchha kiijiei,M48,M48_S1_H30,M2,5,1.6783125,जल्दी से जल्दी कुछ कीजिए,H30
C:\Users\edwin\OneDrive\Desktop\Capstone\hindi indic\HDSD\hindi_sent\M49\M49_S1_H01_M2.wav,aapakei hindii pasanda karanei para khushii huii,M49,M49_S1_H01,M2,7,2.1375,आपके हिंदी पसंद करने पर खुशी हुई,H01
C:\Users\edwin\OneDrive\Desktop\Capstone\hindi indic\HDSD\hindi_sent\M49\M49_S1_H02_M2.wav,isakei badalei mein tuma kuchha aura maanaga loo,M49,M49_S1_H02,M2,8,2.3625625,इसके बदले में तुम कुछ और मांग लो,H02
C:\Users\edwin\OneDrive\Desktop\Capstone\hindi indic\HDSD\hindi_sent\M49\M49_S1_H03_M2.wav,chikitsaa kaa artha hai artha hootaa hai ilaaja,M49,M49_S1_H03,M2,8,2.9063125,चिकित्सा का अर्थ है अर्थ होता है इलाज,H03
C:\Users\edwin\OneDrive\Desktop\Capstone\hindi indic\HDSD\hindi_sent\M49\M49_S1_H04_M2.wav,isei aisei hii jaarii rakhein,M49,M49_S1_H04,M2,5,1.9063125,इसे ऐसे ही जारी रखें,H04
C:\Users\edwin\OneDrive\Desktop\Capstone\hindi indic\HDSD\hindi_sent\M49\M49_S1_H05_M2.wav,madada kei liyei bahuta dhanyavaada,M49,M49_S1_H05,M2,5,1.5875625,मदद के लिए बहुत धन्यवाद,H05
C:\Users\edwin\OneDrive\Desktop\Capstone\hindi indic\HDSD\hindi_sent\M49\M49_S1_H06_M2.wav,aba joo main kahataa huuna usakaa paalana karoo,M49,M49_S1_H06,M2,8,2.4688125,अब जो मैं कहता हूं उसका पालन करो,H06
C:\Users\edwin\OneDrive\Desktop\Capstone\hindi indic\HDSD\hindi_sent\M49\M49_S1_H07_M2.wav,bhaarata mein aisaa nahiin huaa,M49,M49_S1_H07,M2,5,1.6063125,भारत में ऐसा नहीं हुआ,H07
C:\Users\edwin\OneDrive\Desktop\Capstone\hindi indic\HDSD\hindi_sent\M49\M49_S1_H08_M2.wav,isa sahayooga heitu bhii bahuta dhanyavaada,M49,M49_S1_H08,M2,6,2.4750625,इस सहयोग हेतु भी बहुत धन्यवाद,H08
C:\Users\edwin\OneDrive\Desktop\Capstone\hindi indic\HDSD\hindi_sent\M49\M49_S1_H11_M2.wav,yahaan sei sangharshha daura shuruu huaa hai,M49,M49_S1_H11,M2,7,4.2000625,यहाँ से संघर्ष दौर शुरू हुआ है,H11
C:\Users\edwin\OneDrive\Desktop\Capstone\hindi indic\HDSD\hindi_sent\M49\M49_S1_H12_M2.wav,doonoon mein badaa antara thaa,M49,M49_S1_H12,M2,5,1.6375625,दोनों में बड़ा अंतर था,H12
C:\Users\edwin\OneDrive\Desktop\Capstone\hindi indic\HDSD\hindi_sent\M49\M49_S1_H14_M2.wav,bahuta sei looga aisaa rahei hai,M49,M49_S1_H14,M2,6,1.6875625,बहुत से लोग ऐसा रहे है,H14
C:\Users\edwin\OneDrive\Desktop\Capstone\hindi indic\HDSD\hindi_sent\M49\M49_S1_H15_M2.wav,samaya kei saatha hii nahiin usasei aagei chalaa jaaei,M49,M49_S1_H15,M2,9,3.3438125,समय के साथ ही नहीं उससे आगे चला जाए,H15
C:\Users\edwin\OneDrive\Desktop\Capstone\hindi indic\HDSD\hindi_sent\M49\M49_S1_H17_M2.wav,shaayada samajha aa gayaa hoo,M49,M49_S1_H17,M2,5,1.5875625,शायद समझ आ गया हो,H17
C:\Users\edwin\OneDrive\Desktop\Capstone\hindi indic\HDSD\hindi_sent\M49\M49_S1_H19_M2.wav,main bhuula hii gayaa thaa isa baata koo,M49,M49_S1_H19,M2,8,2.9313125,मैं भूला ही गया था इस बात को,H19
C:\Users\edwin\OneDrive\Desktop\Capstone\hindi indic\HDSD\hindi_sent\M49\M49_S1_H20_M2.wav,magara vaha bhii nahiin huaa,M49,M49_S1_H20,M2,5,1.6000625,मगर वह भी नहीं हुआ,H20
C:\Users\edwin\OneDrive\Desktop\Capstone\hindi indic\HDSD\hindi_sent\M49\M49_S1_H21_M2.wav,dara kaa artha hai bhaya,M49,M49_S1_H21,M2,5,1.4000625,दर का अर्थ है भय,H21
C:\Users\edwin\OneDrive\Desktop\Capstone\hindi indic\HDSD\hindi_sent\M49\M49_S1_H22_M2.wav,isa baara phira phira sei aabhaara,M49,M49_S1_H22,M2,6,2.6188125,इस बार फिर फिर से आभार,H22
C:\Users\edwin\OneDrive\Desktop\Capstone\hindi indic\HDSD\hindi_sent\M49\M49_S1_H23_M2.wav,naa jaanei kitanei looga isei padhtei hai,M49,M49_S1_H23,M2,7,2.0500625,ना जाने कितने लोग इसे पढ़ते है,H23
C:\Users\edwin\OneDrive\Desktop\Capstone\hindi indic\HDSD\hindi_sent\M49\M49_S1_H26_M2.wav,aapa apanaa yaha achchhaa kaarya jaarii rakhein,M49,M49_S1_H26,M2,7,2.4750625,आप अपना यह अच्छा कार्य जारी रखें,H26
C:\Users\edwin\OneDrive\Desktop\Capstone\hindi indic\HDSD\hindi_sent\M49\M49_S1_H27_M2.wav,main bhaarata mein rahataa huuna,M49,M49_S1_H27,M2,5,1.4938125,मैं भारत में रहता हूं,H27
C:\Users\edwin\OneDrive\Desktop\Capstone\hindi indic\HDSD\hindi_sent\M49\M49_S1_H30_M2.wav,jaldii sei jaldii kuchha kiijiei,M49,M49_S1_H30,M2,5,1.6978125,जल्दी से जल्दी कुछ कीजिए,H30
C:\Users\edwin\OneDrive\Desktop\Capstone\hindi indic\HDSD\hindi_sent\M50\M50_S1_H01_M2.wav,aapakei hindii pasanda karanei para khushii huii,M50,M50_S1_H01,M2,7,3.325,आपके हिंदी पसंद करने पर खुशी हुई,H01
C:\Users\edwin\OneDrive\Desktop\Capstone\hindi indic\HDSD\hindi_sent\M50\M50_S1_H02_M2.wav,isakei badalei mein tuma kuchha aura maanaga loo,M50,M50_S1_H02,M2,8,6.1000625,इसके बदले में तुम कुछ और मांग लो,H02
C:\Users\edwin\OneDrive\Desktop\Capstone\hindi indic\HDSD\hindi_sent\M50\M50_S1_H03_M2.wav,chikitsaa kaa artha hootaa hai ilaaja,M50,M50_S1_H03,M2,6,2.4250625,चिकित्सा का अर्थ होता है इलाज,H03
C:\Users\edwin\OneDrive\Desktop\Capstone\hindi indic\HDSD\hindi_sent\M50\M50_S1_H04_M2.wav,isei aisei hii jaarii rakhein,M50,M50_S1_H04,M2,5,2.9438125,इसे ऐसे ही जारी रखें,H04
C:\Users\edwin\OneDrive\Desktop\Capstone\hindi indic\HDSD\hindi_sent\M50\M50_S1_H05_M2.wav,madada kei liyei bahuta dhanyavaada,M50,M50_S1_H05,M2,5,3.1438125,मदद के लिए बहुत धन्यवाद,H05
C:\Users\edwin\OneDrive\Desktop\Capstone\hindi indic\HDSD\hindi_sent\M50\M50_S1_H06_M2.wav,aba joo main kahataa huuna paalana karoo,M50,M50_S1_H06,M2,7,6.0375625,अब जो मैं कहता हूं पालन करो,H06
C:\Users\edwin\OneDrive\Desktop\Capstone\hindi indic\HDSD\hindi_sent\M50\M50_S1_H07_M2.wav,bhaarata mein aisaa nahiin huaa hai,M50,M50_S1_H07,M2,6,4.5500625,भारत में ऐसा नहीं हुआ है,H07
C:\Users\edwin\OneDrive\Desktop\Capstone\hindi indic\HDSD\hindi_sent\M50\M50_S1_H08_M2.wav,isa sahayooga heitu bhii bahuta dhanyavaada,M50,M50_S1_H08,M2,6,3.8750625,इस सहयोग हेतु भी बहुत धन्यवाद,H08
C:\Users\edwin\OneDrive\Desktop\Capstone\hindi indic\HDSD\hindi_sent\M50\M50_S1_H11_M2.wav,yahaan sei sangharshha kaa daura shuruu huaa,M50,M50_S1_H11,M2,7,3.6563125,यहाँ से संघर्ष का दौर शुरू हुआ,H11
C:\Users\edwin\OneDrive\Desktop\Capstone\hindi indic\HDSD\hindi_sent\M50\M50_S1_H12_M2.wav,doonoon mein badaa antara thaa,M50,M50_S1_H12,M2,5,3.1500625,दोनों में बड़ा अंतर था,H12
C:\Users\edwin\OneDrive\Desktop\Capstone\hindi indic\HDSD\hindi_sent\M50\M50_S1_H14_M2.wav,bahuta sei sei bahuta sei looga aisaa kara rahei hai,M50,M50_S1_H14,M2,10,4.8750625,बहुत से से बहुत से लोग ऐसा कर रहे है,H14
C:\Users\edwin\OneDrive\Desktop\Capstone\hindi indic\HDSD\hindi_sent\M50\M50_S1_H15_M2.wav,samaya kei saatha hii nahiin usasei aagei chalaa jaaei,M50,M50_S1_H15,M2,9,7.6438125,समय के साथ ही नहीं उससे आगे चला जाए,H15
C:\Users\edwin\OneDrive\Desktop\Capstone\hindi indic\HDSD\hindi_sent\M50\M50_S1_H17_M2.wav,shaayada samajha aa gayaa hoo,M50,M50_S1_H17,M2,5,2.0625625,शायद समझ आ गया हो,H17
C:\Users\edwin\OneDrive\Desktop\Capstone\hindi indic\HDSD\hindi_sent\M50\M50_S1_H19_M2.wav,main bhuula hii gayaa thaa isa baata koo,M50,M50_S1_H19,M2,8,4.3938125,मैं भूला ही गया था इस बात को,H19
C:\Users\edwin\OneDrive\Desktop\Capstone\hindi indic\HDSD\hindi_sent\M50\M50_S1_H20_M2.wav,magara vaha bhii nahiin huaa,M50,M50_S1_H20,M2,5,4.4750625,मगर वह भी नहीं हुआ,H20
C:\Users\edwin\OneDrive\Desktop\Capstone\hindi indic\HDSD\hindi_sent\M50\M50_S1_H21_M2.wav,dara kaa artha hootaa hai bhaya bhaya,M50,M50_S1_H21,M2,7,3.4375625,दर का अर्थ होता है भय भय,H21
C:\Users\edwin\OneDrive\Desktop\Capstone\hindi indic\HDSD\hindi_sent\M50\M50_S1_H22_M2.wav,eika baara phira sei aabhaara,M50,M50_S1_H22,M2,5,3.8563125,एक बार फिर से आभार,H22
C:\Users\edwin\OneDrive\Desktop\Capstone\hindi indic\HDSD\hindi_sent\M50\M50_S1_H23_M2.wav,naa jaanei kitanei looga isei padhtei hai,M50,M50_S1_H23,M2,7,3.5250625,ना जाने कितने लोग इसे पढ़ते है,H23
C:\Users\edwin\OneDrive\Desktop\Capstone\hindi indic\HDSD\hindi_sent\M50\M50_S1_H26_M2.wav,aapa apanaa achchhaa kaarya jaarii rakhein,M50,M50_S1_H26,M2,6,5.5563125,आप अपना अच्छा कार्य जारी रखें,H26
C:\Users\edwin\OneDrive\Desktop\Capstone\hindi indic\HDSD\hindi_sent\M50\M50_S1_H27_M2.wav,main bhaarata mein rahataa huuna,M50,M50_S1_H27,M2,5,1.8500625,मैं भारत में रहता हूं,H27
C:\Users\edwin\OneDrive\Desktop\Capstone\hindi indic\HDSD\hindi_sent\M50\M50_S1_H30_M2.wav,jaldii jaldii kuchha diijiyei,M50,M50_S1_H30,M2,4,6.150375,जल्दी जल्दी कुछ दीजिए,H30
C:\Users\edwin\OneDrive\Desktop\Capstone\hindi indic\HDSD\hindi_sent\M53\M53_S1_H01_M2.wav,aapakei hindii pasanda karanei para khushii huii,M53,M53_S1_H01,M2,7,3.4625,आपके हिंदी पसंद करने पर खुशी हुई,H01
C:\Users\edwin\OneDrive\Desktop\Capstone\hindi indic\HDSD\hindi_sent\M53\M53_S1_H02_M2.wav,isakei badalei mein tuma kuchha aura maanaga loo,M53,M53_S1_H02,M2,8,3.2188125,इसके बदले में तुम कुछ और मांग लो,H02
C:\Users\edwin\OneDrive\Desktop\Capstone\hindi indic\HDSD\hindi_sent\M53\M53_S1_H03_M2.wav,chikitsaa kaa artha hootaa hai ilaaja,M53,M53_S1_H03,M2,6,2.8125625,चिकित्सा का अर्थ होता है इलाज,H03
C:\Users\edwin\OneDrive\Desktop\Capstone\hindi indic\HDSD\hindi_sent\M53\M53_S1_H04_M2.wav,isei aisei hii jaarii rakhein,M53,M53_S1_H04,M2,5,2.3063125,इसे ऐसे ही जारी रखें,H04
C:\Users\edwin\OneDrive\Desktop\Capstone\hindi indic\HDSD\hindi_sent\M53\M53_S1_H05_M2.wav,madada kei liyei bahuta dhanyavaada,M53,M53_S1_H05,M2,5,2.3688125,मदद के लिए बहुत धन्यवाद,H05
C:\Users\edwin\OneDrive\Desktop\Capstone\hindi indic\HDSD\hindi_sent\M53\M53_S1_H06_M2.wav,aba joo main kahataa huuna usakaa paalana karoo,M53,M53_S1_H06,M2,8,2.5563125,अब जो मैं कहता हूं उसका पालन करो,H06
C:\Users\edwin\OneDrive\Desktop\Capstone\hindi indic\HDSD\hindi_sent\M53\M53_S1_H07_M2.wav,bhaarata mein aisaa nahiin huaa hai,M53,M53_S1_H07,M2,6,2.7750625,भारत में ऐसा नहीं हुआ है,H07
C:\Users\edwin\OneDrive\Desktop\Capstone\hindi indic\HDSD\hindi_sent\M53\M53_S1_H08_M2.wav,isa sahayooga heitu bhii bahuta dhanyavaada,M53,M53_S1_H08,M2,6,2.6750625,इस सहयोग हेतु भी बहुत धन्यवाद,H08
C:\Users\edwin\OneDrive\Desktop\Capstone\hindi indic\HDSD\hindi_sent\M53\M53_S1_H11_M2.wav,yahaan sangharshha kaa daura shuruu huaa,M53,M53_S1_H11,M2,6,2.4875625,यहाँ संघर्ष का दौर शुरू हुआ,H11
C:\Users\edwin\OneDrive\Desktop\Capstone\hindi indic\HDSD\hindi_sent\M53\M53_S1_H12_M2.wav,doonoon mein badaa antara thaa,M53,M53_S1_H12,M2,5,2.2063125,दोनों में बड़ा अंतर था,H12
C:\Users\edwin\OneDrive\Desktop\Capstone\hindi indic\HDSD\hindi_sent\M53\M53_S1_H14_M2.wav,bahuta sei looga aisaa kara rahei hai,M53,M53_S1_H14,M2,7,2.2563125,बहुत से लोग ऐसा कर रहे है,H14
C:\Users\edwin\OneDrive\Desktop\Capstone\hindi indic\HDSD\hindi_sent\M53\M53_S1_H15_M2.wav,samaya kei saatha hii nahiin usasei aagei chalaa jaaei,M53,M53_S1_H15,M2,9,3.7563125,समय के साथ ही नहीं उससे आगे चला जाए,H15
C:\Users\edwin\OneDrive\Desktop\Capstone\hindi indic\HDSD\hindi_sent\M53\M53_S1_H17_M2.wav,shaayada samajha aa gayaa hoo,M53,M53_S1_H17,M2,5,1.9375625,शायद समझ आ गया हो,H17
C:\Users\edwin\OneDrive\Desktop\Capstone\hindi indic\HDSD\hindi_sent\M53\M53_S1_H19_M2.wav,main bhuula hii gayaa thaa isa baata,M53,M53_S1_H19,M2,7,2.7438125,मैं भूला ही गया था इस बात,H19
C:\Users\edwin\OneDrive\Desktop\Capstone\hindi indic\HDSD\hindi_sent\M53\M53_S1_H20_M2.wav,magara vaha bhii nahiin huaa,M53,M53_S1_H20,M2,5,2.0625625,मगर वह भी नहीं हुआ,H20
C:\Users\edwin\OneDrive\Desktop\Capstone\hindi indic\HDSD\hindi_sent\M53\M53_S1_H21_M2.wav,dara kaa artha hootaa hai bhaya,M53,M53_S1_H21,M2,6,2.0375625,दर का अर्थ होता है भय,H21
C:\Users\edwin\OneDrive\Desktop\Capstone\hindi indic\HDSD\hindi_sent\M53\M53_S1_H22_M2.wav,eika baara phira sei aabhaara,M53,M53_S1_H22,M2,5,2.2938125,एक बार फिर से आभार,H22
C:\Users\edwin\OneDrive\Desktop\Capstone\hindi indic\HDSD\hindi_sent\M53\M53_S1_H23_M2.wav,naa jaanei kitanei looga isei padhtei hai,M53,M53_S1_H23,M2,7,2.5375625,ना जाने कितने लोग इसे पढ़ते है,H23
C:\Users\edwin\OneDrive\Desktop\Capstone\hindi indic\HDSD\hindi_sent\M53\M53_S1_H26_M2.wav,aapa apanaa yaha achchhaa kaarya jaarii rakhein,M53,M53_S1_H26,M2,7,2.5188125,आप अपना यह अच्छा कार्य जारी रखें,H26
C:\Users\edwin\OneDrive\Desktop\Capstone\hindi indic\HDSD\hindi_sent\M53\M53_S1_H27_M2.wav,main bhaarata mein rahataa huuna,M53,M53_S1_H27,M2,5,1.9563125,मैं भारत में रहता हूं,H27
C:\Users\edwin\OneDrive\Desktop\Capstone\hindi indic\HDSD\hindi_sent\M53\M53_S1_H30_M2.wav,jaldii jaldii kuchha kiijiei,M53,M53_S1_H30,M2,4,2.0015,जल्दी जल्दी कुछ कीजिए,H30
C:\Users\edwin\OneDrive\Desktop\Capstone\hindi indic\HDSD\hindi_sent\M55\M55_S1_H01_M2.wav,aapakei hindii pasanda karanei para khushii huii,M55,M55_S1_H01,M2,7,2.90625,आपके हिंदी पसंद करने पर खुशी हुई,H01
C:\Users\edwin\OneDrive\Desktop\Capstone\hindi indic\HDSD\hindi_sent\M55\M55_S1_H02_M2.wav,isakei badalei mein tuma kuchha aura maanaga loo,M55,M55_S1_H02,M2,8,4.8438125,इसके बदले में तुम कुछ और मांग लो,H02
C:\Users\edwin\OneDrive\Desktop\Capstone\hindi indic\HDSD\hindi_sent\M55\M55_S1_H03_M2.wav,chikitsaa kaa artha hootaa hai ilaaja,M55,M55_S1_H03,M2,6,2.3875625,चिकित्सा का अर्थ होता है इलाज,H03
C:\Users\edwin\OneDrive\Desktop\Capstone\hindi indic\HDSD\hindi_sent\M55\M55_S1_H04_M2.wav,isei aisei hii jaarii rakhein,M55,M55_S1_H04,M2,5,3.0375625,इसे ऐसे ही जारी रखें,H04
C:\Users\edwin\OneDrive\Desktop\Capstone\hindi indic\HDSD\hindi_sent\M55\M55_S1_H05_M2.wav,madada madada bahuta dhanyavaada,M55,M55_S1_H05,M2,4,3.0875625,मदद मदद बहुत धन्यवाद,H05
C:\Users\edwin\OneDrive\Desktop\Capstone\hindi indic\HDSD\hindi_sent\M55\M55_S1_H06_M2.wav,aba joo main usakaa paalana karoo,M55,M55_S1_H06,M2,6,5.0500625,अब जो मैं उसका पालन करो,H06
C:\Users\edwin\OneDrive\Desktop\Capstone\hindi indic\HDSD\hindi_sent\M55\M55_S1_H07_M2.wav,bhaarata mein aisaa nahiin huaa hai,M55,M55_S1_H07,M2,6,3.5000625,भारत में ऐसा नहीं हुआ है,H07
C:\Users\edwin\OneDrive\Desktop\Capstone\hindi indic\HDSD\hindi_sent\M55\M55_S1_H08_M2.wav,isa sahayooga isa sahayooga heitu bhii bahuta dhanyavaada,M55,M55_S1_H08,M2,8,4.8750625,इस सहयोग इस सहयोग हेतु भी बहुत धन्यवाद,H08
C:\Users\edwin\OneDrive\Desktop\Capstone\hindi indic\HDSD\hindi_sent\M55\M55_S1_H11_M2.wav,yahaan sei sangharshha kaa daura shuruu huaa,M55,M55_S1_H11,M2,7,2.8750625,यहाँ से संघर्ष का दौर शुरू हुआ,H11
C:\Users\edwin\OneDrive\Desktop\Capstone\hindi indic\HDSD\hindi_sent\M55\M55_S1_H12_M2.wav,doonoon mein badaa antara thaa,M55,M55_S1_H12,M2,5,2.0625625,दोनों में बड़ा अंतर था,H12
C:\Users\edwin\OneDrive\Desktop\Capstone\hindi indic\HDSD\hindi_sent\M55\M55_S1_H14_M2.wav,bahuta sei looga aisaa kara rahei hai,M55,M55_S1_H14,M2,7,2.6250625,बहुत से लोग ऐसा कर रहे है,H14
C:\Users\edwin\OneDrive\Desktop\Capstone\hindi indic\HDSD\hindi_sent\M55\M55_S1_H15_M2.wav,samaya sei saatha hii nahiin aagei chalaa jaaei,M55,M55_S1_H15,M2,8,5.2500625,समय से साथ ही नहीं आगे चला जाए,H15
C:\Users\edwin\OneDrive\Desktop\Capstone\hindi indic\HDSD\hindi_sent\M55\M55_S1_H17_M2.wav,shaayada samajha aa gayaa hoo,M55,M55_S1_H17,M2,5,2.0625625,शायद समझ आ गया हो,H17
C:\Users\edwin\OneDrive\Desktop\Capstone\hindi indic\HDSD\hindi_sent\M55\M55_S1_H19_M2.wav,main bhuula hii gayaa thaa isa baata koo,M55,M55_S1_H19,M2,8,3.1688125,मैं भूला ही गया था इस बात को,H19
C:\Users\edwin\OneDrive\Desktop\Capstone\hindi indic\HDSD\hindi_sent\M55\M55_S1_H20_M2.wav,magara bhii vaha nahiin huaa,M55,M55_S1_H20,M2,5,2.8563125,मगर भी वह नहीं हुआ,H20
C:\Users\edwin\OneDrive\Desktop\Capstone\hindi indic\HDSD\hindi_sent\M55\M55_S1_H21_M2.wav,dara kaa artha hootaa hai bhaya,M55,M55_S1_H21,M2,6,2.1125625,दर का अर्थ होता है भय,H21
C:\Users\edwin\OneDrive\Desktop\Capstone\hindi indic\HDSD\hindi_sent\M55\M55_S1_H22_M2.wav,eika baara phira sei aabhaara,M55,M55_S1_H22,M2,5,4.6250625,एक बार फिर से आभार,H22
C:\Users\edwin\OneDrive\Desktop\Capstone\hindi indic\HDSD\hindi_sent\M55\M55_S1_H23_M2.wav,naa jaanei kitanei looga isei padhtei hai,M55,M55_S1_H23,M2,7,3.0625625,ना जाने कितने लोग इसे पढ़ते है,H23
C:\Users\edwin\OneDrive\Desktop\Capstone\hindi indic\HDSD\hindi_sent\M55\M55_S1_H26_M2.wav,aapa apanaa achchhaa kaarya jaarii rakhein,M55,M55_S1_H26,M2,6,2.9125625,आप अपना अच्छा कार्य जारी रखें,H26
C:\Users\edwin\OneDrive\Desktop\Capstone\hindi indic\HDSD\hindi_sent\M55\M55_S1_H27_M2.wav,main bhaarata mein rahataa huuna,M55,M55_S1_H27,M2,5,2.0250625,मैं भारत में रहता हूं,H27
C:\Users\edwin\OneDrive\Desktop\Capstone\hindi indic\HDSD\hindi_sent\M55\M55_S1_H30_M2.wav,jaldii jaldii kuchha kiijiei,M55,M55_S1_H30,M2,4,2.18,जल्दी जल्दी कुछ कीजिए,H30
C:\Users\edwin\OneDrive\Desktop\Capstone\hindi indic\HDSD\hindi_sent\M55\M55_S2_H01_M2.wav,aapakei hindii pasanda karanei para khushii huii,M55,M55_S2_H01,M2,7,3.55625,आपके हिंदी पसंद करने पर खुशी हुई,H01
C:\Users\edwin\OneDrive\Desktop\Capstone\hindi indic\HDSD\hindi_sent\M55\M55_S2_H02_M2.wav,isakei badalei mein kuchha tuma kuchha aura maanaga loo,M55,M55_S2_H02,M2,9,5.0000625,इसके बदले में कुछ तुम कुछ और मांग लो,H02
C:\Users\edwin\OneDrive\Desktop\Capstone\hindi indic\HDSD\hindi_sent\M55\M55_S2_H03_M2.wav,chikitsaa kaa artha hootaa hai ilaaja,M55,M55_S2_H03,M2,6,2.6313125,चिकित्सा का अर्थ होता है इलाज,H03
C:\Users\edwin\OneDrive\Desktop\Capstone\hindi indic\HDSD\hindi_sent\M55\M55_S2_H04_M2.wav,isei aisei hii jaarii rakhein,M55,M55_S2_H04,M2,5,2.5188125,इसे ऐसे ही जारी रखें,H04
C:\Users\edwin\OneDrive\Desktop\Capstone\hindi indic\HDSD\hindi_sent\M55\M55_S2_H05_M2.wav,madada kei liyei bahuta dhanyavaada,M55,M55_S2_H05,M2,5,2.6063125,मदद के लिए बहुत धन्यवाद,H05
C:\Users\edwin\OneDrive\Desktop\Capstone\hindi indic\HDSD\hindi_sent\M55\M55_S2_H06_M2.wav,aba main joo kahataa huuna usakaa paalana karoo,M55,M55_S2_H06,M2,8,4.6125625,अब मैं जो कहता हूं उसका पालन करो,H06
C:\Users\edwin\OneDrive\Desktop\Capstone\hindi indic\HDSD\hindi_sent\M55\M55_S2_H07_M2.wav,bhaarata mein aisaa nahiin huaa hai,M55,M55_S2_H07,M2,6,3.4250625,भारत में ऐसा नहीं हुआ है,H07
C:\Users\edwin\OneDrive\Desktop\Capstone\hindi indic\HDSD\hindi_sent\M55\M55_S2_H08_M2.wav,isa sahayooga heitu bhii bahuta dhanyavaada,M55,M55_S2_H08,M2,6,3.7000625,इस सहयोग हेतु भी बहुत धन्यवाद,H08
C:\Users\edwin\OneDrive\Desktop\Capstone\hindi indic\HDSD\hindi_sent\M55\M55_S2_H11_M2.wav,yahaan sei sangharshha kaa daura shuruu huaa,M55,M55_S2_H11,M2,7,3.1000625,यहाँ से संघर्ष का दौर शुरू हुआ,H11
C:\Users\edwin\OneDrive\Desktop\Capstone\hindi indic\HDSD\hindi_sent\M55\M55_S2_H12_M2.wav,doonoon mein badaa antara thaa,M55,M55_S2_H12,M2,5,2.4500625,दोनों में बड़ा अंतर था,H12
C:\Users\edwin\OneDrive\Desktop\Capstone\hindi indic\HDSD\hindi_sent\M55\M55_S2_H14_M2.wav,bahuta sei looga aisaa kara rahei hai,M55,M55_S2_H14,M2,7,3.1313125,बहुत से लोग ऐसा कर रहे है,H14
C:\Users\edwin\OneDrive\Desktop\Capstone\hindi indic\HDSD\hindi_sent\M55\M55_S2_H15_M2.wav,samaya kei saatha hii nahiin usasei aagei chalaa jaaei,M55,M55_S2_H15,M2,9,4.6063125,समय के साथ ही नहीं उससे आगे चला जाए,H15
C:\Users\edwin\OneDrive\Desktop\Capstone\hindi indic\HDSD\hindi_sent\M55\M55_S2_H17_M2.wav,shaayada samajha aa gayaa hoo,M55,M55_S2_H17,M2,5,2.6625625,शायद समझ आ गया हो,H17
C:\Users\edwin\OneDrive\Desktop\Capstone\hindi indic\HDSD\hindi_sent\M55\M55_S2_H19_M2.wav,main bhuula hii gayaa thaa isa baata koo,M55,M55_S2_H19,M2,8,2.7000625,मैं भूला ही गया था इस बात को,H19
C:\Users\edwin\OneDrive\Desktop\Capstone\hindi indic\HDSD\hindi_sent\M55\M55_S2_H20_M2.wav,bhii nahiin huaa,M55,M55_S2_H20,M2,3,3.3563125,भी नहीं हुआ,H20
C:\Users\edwin\OneDrive\Desktop\Capstone\hindi indic\HDSD\hindi_sent\M55\M55_S2_H21_M2.wav,dara kaa artha hootaa hai bhaya,M55,M55_S2_H21,M2,6,2.4563125,दर का अर्थ होता है भय,H21
C:\Users\edwin\OneDrive\Desktop\Capstone\hindi indic\HDSD\hindi_sent\M55\M55_S2_H22_M2.wav,eika baara phira sei aabhaara,M55,M55_S2_H22,M2,5,2.9875625,एक बार फिर से आभार,H22
C:\Users\edwin\OneDrive\Desktop\Capstone\hindi indic\HDSD\hindi_sent\M55\M55_S2_H23_M2.wav,naa jaanei kitanei looga isei padhtei hai,M55,M55_S2_H23,M2,7,3.3563125,ना जाने कितने लोग इसे पढ़ते है,H23
C:\Users\edwin\OneDrive\Desktop\Capstone\hindi indic\HDSD\hindi_sent\M55\M55_S2_H26_M2.wav,aapa apanaa achchhaa kaarya jaarii rakhein,M55,M55_S2_H26,M2,6,3.4063125,आप अपना अच्छा कार्य जारी रखें,H26
C:\Users\edwin\OneDrive\Desktop\Capstone\hindi indic\HDSD\hindi_sent\M55\M55_S2_H27_M2.wav,main bhaarata mein rahataa huuna,M55,M55_S2_H27,M2,5,2.3250625,मैं भारत में रहता हूं,H27
C:\Users\edwin\OneDrive\Desktop\Capstone\hindi indic\HDSD\hindi_sent\M55\M55_S2_H30_M2.wav,jaldii sei jaldii kuchha kiijiei,M55,M55_S2_H30,M2,5,2.3563125,जल्दी से जल्दी कुछ कीजिए,H30
C:\Users\edwin\OneDrive\Desktop\Capstone\hindi indic\HDSD\hindi_sent\M56\M56_S1_H01_M2.wav,aapakei hindii pasanda karanei para khushii huii,M56,M56_S1_H01,M2,7,5.375,आपके हिंदी पसंद करने पर खुशी हुई,H01
C:\Users\edwin\OneDrive\Desktop\Capstone\hindi indic\HDSD\hindi_sent\M56\M56_S1_H02_M2.wav,isakei badalei mein tuma kuchha bhii maanaga loo,M56,M56_S1_H02,M2,8,3.7438125,इसके बदले में तुम कुछ भी मांग लो,H02
C:\Users\edwin\OneDrive\Desktop\Capstone\hindi indic\HDSD\hindi_sent\M56\M56_S1_H03_M2.wav,chikitsaa kaa artha hootaa hai ilaaja,M56,M56_S1_H03,M2,6,3.4125625,चिकित्सा का अर्थ होता है इलाज,H03
C:\Users\edwin\OneDrive\Desktop\Capstone\hindi indic\HDSD\hindi_sent\M56\M56_S1_H04_M2.wav,isei aisei nahiin jaarii rakhein,M56,M56_S1_H04,M2,5,4.4063125,इसे ऐसे नहीं जारी रखें,H04
C:\Users\edwin\OneDrive\Desktop\Capstone\hindi indic\HDSD\hindi_sent\M56\M56_S1_H05_M2.wav,madada kei liyei dhanyavaada,M56,M56_S1_H05,M2,4,2.1063125,मदद के लिए धन्यवाद,H05
C:\Users\edwin\OneDrive\Desktop\Capstone\hindi indic\HDSD\hindi_sent\M56\M56_S1_H06_M2.wav,aba joo main kahataa huuna usakaa paalana karoo,M56,M56_S1_H06,M2,8,5.5438125,अब जो मैं कहता हूं उसका पालन करो,H06
C:\Users\edwin\OneDrive\Desktop\Capstone\hindi indic\HDSD\hindi_sent\M56\M56_S1_H07_M2.wav,bhaarata mein aisaa nahiin huaa hai,M56,M56_S1_H07,M2,6,2.8500625,भारत में ऐसा नहीं हुआ है,H07
C:\Users\edwin\OneDrive\Desktop\Capstone\hindi indic\HDSD\hindi_sent\M56\M56_S1_H08_M2.wav,isa sahayooga heitu bhii bahuta dhanyavaada,M56,M56_S1_H08,M2,6,5.1313125,इस सहयोग हेतु भी बहुत धन्यवाद,H08
C:\Users\edwin\OneDrive\Desktop\Capstone\hindi indic\HDSD\hindi_sent\M56\M56_S1_H11_M2.wav,yahaan sei yahaan sei sangharshha kaa daura shuruu huaa huaa,M56,M56_S1_H11,M2,10,6.8250625,यहाँ से यहाँ से संघर्ष का दौर शुरू हुआ हुआ,H11
C:\Users\edwin\OneDrive\Desktop\Capstone\hindi indic\HDSD\hindi_sent\M56\M56_S1_H12_M2.wav,doonoon mein badaa antara thaa,M56,M56_S1_H12,M2,5,3.4875625,दोनों में बड़ा अंतर था,H12
C:\Users\edwin\OneDrive\Desktop\Capstone\hindi indic\HDSD\hindi_sent\M56\M56_S1_H14_M2.wav,bahuta sei looga aisaa kara rahei hai,M56,M56_S1_H14,M2,7,1.8500625,बहुत से लोग ऐसा कर रहे है,H14
C:\Users\edwin\OneDrive\Desktop\Capstone\hindi indic\HDSD\hindi_sent\M56\M56_S1_H15_M2.wav,samaya kei saatha hii nahiin usasei aagei chalaa jaaei,M56,M56_S1_H15,M2,9,2.8750625,समय के साथ ही नहीं उससे आगे चला जाए,H15
C:\Users\edwin\OneDrive\Desktop\Capstone\hindi indic\HDSD\hindi_sent\M56\M56_S1_H17_M2.wav,shaayada samajha aa gayaa hoo,M56,M56_S1_H17,M2,5,1.6688125,शायद समझ आ गया हो,H17
C:\Users\edwin\OneDrive\Desktop\Capstone\hindi indic\HDSD\hindi_sent\M56\M56_S1_H19_M2.wav,main bhuula hii gayaa thaa isa baata koo,M56,M56_S1_H19,M2,8,1.8500625,मैं भूला ही गया था इस बात को,H19
C:\Users\edwin\OneDrive\Desktop\Capstone\hindi indic\HDSD\hindi_sent\M56\M56_S1_H20_M2.wav,magara vaha bhii nahiin huaa,M56,M56_S1_H20,M2,5,1.5625625,मगर वह भी नहीं हुआ,H20
C:\Users\edwin\OneDrive\Desktop\Capstone\hindi indic\HDSD\hindi_sent\M56\M56_S1_H21_M2.wav,dara kaa artha hootaa hai bhaya,M56,M56_S1_H21,M2,6,2.1438125,दर का अर्थ होता है भय,H21
C:\Users\edwin\OneDrive\Desktop\Capstone\hindi indic\HDSD\hindi_sent\M56\M56_S1_H22_M2.wav,eika baara phira sei aabhaara,M56,M56_S1_H22,M2,5,2.2250625,एक बार फिर से आभार,H22
C:\Users\edwin\OneDrive\Desktop\Capstone\hindi indic\HDSD\hindi_sent\M56\M56_S1_H23_M2.wav,naa jaanei kitanei looga isei padhtei hai,M56,M56_S1_H23,M2,7,2.0750625,ना जाने कितने लोग इसे पढ़ते है,H23
C:\Users\edwin\OneDrive\Desktop\Capstone\hindi indic\HDSD\hindi_sent\M56\M56_S1_H26_M2.wav,aapa yaha achchhaa kaarya jaarii rakhein aapa apanaa yaha achchhaa kaarya jaarii rakhein,M56,M56_S1_H26,M2,13,5.0000625,आप यह अच्छा कार्य जारी रखें आप अपना यह अच्छा कार्य जारी रखें,H26
C:\Users\edwin\OneDrive\Desktop\Capstone\hindi indic\HDSD\hindi_sent\M56\M56_S1_H27_M2.wav,main bhaarata mein rahataa huuna,M56,M56_S1_H27,M2,5,1.7000625,मैं भारत में रहता हूं,H27
C:\Users\edwin\OneDrive\Desktop\Capstone\hindi indic\HDSD\hindi_sent\M56\M56_S1_H30_M2.wav,jaldii sei jaldii kuchha kiijiei,M56,M56_S1_H30,M2,5,1.5436875,जल्दी से जल्दी कुछ कीजिए,H30
C:\Users\edwin\OneDrive\Desktop\Capstone\hindi indic\HDSD\hindi_sent\M62\M62_S1_H01_M2.wav,aapakei hindii pasanda karanei mein khushii huii,M62,M62_S1_H01,M2,7,4.6875,आपके हिंदी पसंद करने में खुशी हुई,H01
C:\Users\edwin\OneDrive\Desktop\Capstone\hindi indic\HDSD\hindi_sent\M62\M62_S1_H02_M2.wav,isakei badalei mein tuma kuchha aura maanaga maanaga loo,M62,M62_S1_H02,M2,9,7.2500625,इसके बदले में तुम कुछ और मांग मांग लो,H02
C:\Users\edwin\OneDrive\Desktop\Capstone\hindi indic\HDSD\hindi_sent\M62\M62_S1_H03_M2.wav,chikitsaa kaa artha hootaa hai ilaaja,M62,M62_S1_H03,M2,6,4.6250625,चिकित्सा का अर्थ होता है इलाज,H03
C:\Users\edwin\OneDrive\Desktop\Capstone\hindi indic\HDSD\hindi_sent\M62\M62_S1_H04_M2.wav,isei aisei bhii jaarii rakhein,M62,M62_S1_H04,M2,5,4.3750625,इसे ऐसे भी जारी रखें,H04
C:\Users\edwin\OneDrive\Desktop\Capstone\hindi indic\HDSD\hindi_sent\M62\M62_S1_H05_M2.wav,madada kei liyei bahuta dhanyavaada,M62,M62_S1_H05,M2,5,3.2500625,मदद के लिए बहुत धन्यवाद,H05
C:\Users\edwin\OneDrive\Desktop\Capstone\hindi indic\HDSD\hindi_sent\M62\M62_S1_H06_M2.wav,aba joo main kahataa huuna usakaa paalana karoo,M62,M62_S1_H06,M2,8,6.3125625,अब जो मैं कहता हूं उसका पालन करो,H06
C:\Users\edwin\OneDrive\Desktop\Capstone\hindi indic\HDSD\hindi_sent\M62\M62_S1_H07_M2.wav,bhaarata mein aisaa nahiin huaa hai,M62,M62_S1_H07,M2,6,4.2500625,भारत में ऐसा नहीं हुआ है,H07
C:\Users\edwin\OneDrive\Desktop\Capstone\hindi indic\HDSD\hindi_sent\M62\M62_S1_H08_M2.wav,isa sahayooga heitu bahuta dhanyavaada dhanyavaada,M62,M62_S1_H08,M2,6,9.3750625,इस सहयोग हेतु बहुत धन्यवाद धन्यवाद,H08
C:\Users\edwin\OneDrive\Desktop\Capstone\hindi indic\HDSD\hindi_sent\M62\M62_S1_H11_M2.wav,yahaan sei,M62,M62_S1_H11,M2,2,12.6250625,यहाँ से,H11
C:\Users\edwin\OneDrive\Desktop\Capstone\hindi indic\HDSD\hindi_sent\M62\M62_S1_H12_M2.wav,doonoon mein badaa antara thaa,M62,M62_S1_H12,M2,5,2.7500625,दोनों में बड़ा अंतर था,H12
C:\Users\edwin\OneDrive\Desktop\Capstone\hindi indic\HDSD\hindi_sent\M62\M62_S1_H14_M2.wav,bahuta sei looga aisaa kara rahei hai,M62,M62_S1_H14,M2,7,4.9375625,बहुत से लोग ऐसा कर रहे है,H14
C:\Users\edwin\OneDrive\Desktop\Capstone\hindi indic\HDSD\hindi_sent\M62\M62_S1_H15_M2.wav,samaya kei saatha hii nahiin usasei aagei chalaa jaaei,M62,M62_S1_H15,M2,9,7.0000625,समय के साथ ही नहीं उससे आगे चला जाए,H15
C:\Users\edwin\OneDrive\Desktop\Capstone\hindi indic\HDSD\hindi_sent\M62\M62_S1_H17_M2.wav,samajha aa,M62,M62_S1_H17,M2,2,2.5000625,समझ आ,H17
C:\Users\edwin\OneDrive\Desktop\Capstone\hindi indic\HDSD\hindi_sent\M62\M62_S1_H19_M2.wav,main bhuula gayaa baata koo,M62,M62_S1_H19,M2,5,5.6250625,मैं भूला गया बात को,H19
C:\Users\edwin\OneDrive\Desktop\Capstone\hindi indic\HDSD\hindi_sent\M62\M62_S1_H22_M2.wav,eika baara phira sei,M62,M62_S1_H22,M2,4,5.9375625,एक बार फिर से,H22
C:\Users\edwin\OneDrive\Desktop\Capstone\hindi indic\HDSD\hindi_sent\M62\M62_S1_H23_M2.wav,padhtei hai,M62,M62_S1_H23,M2,2,5.3125625,पढ़ते है,H23
C:\Users\edwin\OneDrive\Desktop\Capstone\hindi indic\HDSD\hindi_sent\M62\M62_S1_H27_M2.wav,main bhaarata mein rahataa huuna,M62,M62_S1_H27,M2,5,2.2500625,मैं भारत में रहता हूं,H27
C:\Users\edwin\OneDrive\Desktop\Capstone\hindi indic\HDSD\hindi_sent\M62\M62_S1_H30_M2.wav,jaldii sei jaldii kuchha kiijiei,M62,M62_S1_H30,M2,5,2.7688125,जल्दी से जल्दी कुछ कीजिए,H30
C:\Users\edwin\OneDrive\Desktop\Capstone\hindi indic\HDSD\hindi_sent\M62\M62_S2_H01_M2.wav,aapakei hindii pasanda karanei para khushii huii,M62,M62_S2_H01,M2,7,3.78125,आपके हिंदी पसंद करने पर खुशी हुई,H01
C:\Users\edwin\OneDrive\Desktop\Capstone\hindi indic\HDSD\hindi_sent\M62\M62_S2_H02_M2.wav,isakei badalei mein tuma kuchha aura maanaga loo,M62,M62_S2_H02,M2,8,3.5938125,इसके बदले में तुम कुछ और मांग लो,H02
C:\Users\edwin\OneDrive\Desktop\Capstone\hindi indic\HDSD\hindi_sent\M62\M62_S2_H03_M2.wav,chikitsaa kaa artha hootaa hai ilaaja,M62,M62_S2_H03,M2,6,2.8750625,चिकित्सा का अर्थ होता है इलाज,H03
C:\Users\edwin\OneDrive\Desktop\Capstone\hindi indic\HDSD\hindi_sent\M62\M62_S2_H04_M2.wav,isei aisei hii jaarii rakhein,M62,M62_S2_H04,M2,5,2.1250625,इसे ऐसे ही जारी रखें,H04
C:\Users\edwin\OneDrive\Desktop\Capstone\hindi indic\HDSD\hindi_sent\M62\M62_S2_H05_M2.wav,madada kei liyei bahuta dhanyavaada,M62,M62_S2_H05,M2,5,2.1250625,मदद के लिए बहुत धन्यवाद,H05
C:\Users\edwin\OneDrive\Desktop\Capstone\hindi indic\HDSD\hindi_sent\M62\M62_S2_H06_M2.wav,aba joo main kahataa huuna usakaa paalana karoo,M62,M62_S2_H06,M2,8,3.5000625,अब जो मैं कहता हूं उसका पालन करो,H06
C:\Users\edwin\OneDrive\Desktop\Capstone\hindi indic\HDSD\hindi_sent\M62\M62_S2_H07_M2.wav,bhaarata mein aisaa nahiin huaa,M62,M62_S2_H07,M2,5,2.0625625,भारत में ऐसा नहीं हुआ,H07
C:\Users\edwin\OneDrive\Desktop\Capstone\hindi indic\HDSD\hindi_sent\M62\M62_S2_H08_M2.wav,isa sahayooga heitu bhii bahuta dhanyavaada,M62,M62_S2_H08,M2,6,3.6875625,इस सहयोग हेतु भी बहुत धन्यवाद,H08
C:\Users\edwin\OneDrive\Desktop\Capstone\hindi indic\HDSD\hindi_sent\M62\M62_S2_H11_M2.wav,yahaan sei sangharshha kaa daura shuruu huaa,M62,M62_S2_H11,M2,7,2.3750625,यहाँ से संघर्ष का दौर शुरू हुआ,H11
C:\Users\edwin\OneDrive\Desktop\Capstone\hindi indic\HDSD\hindi_sent\M62\M62_S2_H12_M2.wav,doonoon mein badaa antara thaa,M62,M62_S2_H12,M2,5,2.3125625,दोनों में बड़ा अंतर था,H12
C:\Users\edwin\OneDrive\Desktop\Capstone\hindi indic\HDSD\hindi_sent\M62\M62_S2_H14_M2.wav,bahuta sei looga aisaa kara rahei hai,M62,M62_S2_H14,M2,7,2.8750625,बहुत से लोग ऐसा कर रहे है,H14
C:\Users\edwin\OneDrive\Desktop\Capstone\hindi indic\HDSD\hindi_sent\M62\M62_S2_H15_M2.wav,samaya kei saatha hii nahiin usasei aagei chalaa jaaei,M62,M62_S2_H15,M2,9,3.5000625,समय के साथ ही नहीं उससे आगे चला जाए,H15
C:\Users\edwin\OneDrive\Desktop\Capstone\hindi indic\HDSD\hindi_sent\M62\M62_S2_H17_M2.wav,shaayada samajha aa gayaa hoo,M62,M62_S2_H17,M2,5,2.0000625,शायद समझ आ गया हो,H17
C:\Users\edwin\OneDrive\Desktop\Capstone\hindi indic\HDSD\hindi_sent\M62\M62_S2_H19_M2.wav,main bhuula hii gayaa thaa isa baata,M62,M62_S2_H19,M2,7,2.0500625,मैं भूला ही गया था इस बात,H19
C:\Users\edwin\OneDrive\Desktop\Capstone\hindi indic\HDSD\hindi_sent\M62\M62_S2_H20_M2.wav,magara vaha bhii nahiin huaa,M62,M62_S2_H20,M2,5,2.1375625,मगर वह भी नहीं हुआ,H20
C:\Users\edwin\OneDrive\Desktop\Capstone\hindi indic\HDSD\hindi_sent\M62\M62_S2_H21_M2.wav,dara kaa artha hootaa bhaya,M62,M62_S2_H21,M2,5,2.1875625,दर का अर्थ होता भय,H21
C:\Users\edwin\OneDrive\Desktop\Capstone\hindi indic\HDSD\hindi_sent\M62\M62_S2_H22_M2.wav,eika baara phira sei aabhaara,M62,M62_S2_H22,M2,5,2.2500625,एक बार फिर से आभार,H22
C:\Users\edwin\OneDrive\Desktop\Capstone\hindi indic\HDSD\hindi_sent\M62\M62_S2_H23_M2.wav,naa jaanei kitanei looga isei padhtei hai,M62,M62_S2_H23,M2,7,3.8125625,ना जाने कितने लोग इसे पढ़ते है,H23
C:\Users\edwin\OneDrive\Desktop\Capstone\hindi indic\HDSD\hindi_sent\M62\M62_S2_H26_M2.wav,achchhaa kaarya jaarii rakhein,M62,M62_S2_H26,M2,4,2.9375625,अच्छा कार्य जारी रखें,H26
C:\Users\edwin\OneDrive\Desktop\Capstone\hindi indic\HDSD\hindi_sent\M62\M62_S2_H27_M2.wav,main bhaarata mein rahataa huuna,M62,M62_S2_H27,M2,5,1.8438125,मैं भारत में रहता हूं,H27
C:\Users\edwin\OneDrive\Desktop\Capstone\hindi indic\HDSD\hindi_sent\M62\M62_S2_H30_M2.wav,jaldii sei jaldii kuchha kiijiei,M62,M62_S2_H30,M2,5,2.7113125,जल्दी से जल्दी कुछ कीजिए,H30
