path,subject_id,session_id,sentence_id,gender,is_control,transcript_roman,transcript
C:\Users\edwin\OneDrive\Desktop\Capstone\hindi indic\HDSD\hindi_sent\F11\F11_S1_H01_M2.wav,F11,S1,H01,F,False,aapakei hindii pasanda karanei para khushii huii,आपके हिंदी पसंद करने पर खुशी हुई
C:\Users\edwin\OneDrive\Desktop\Capstone\hindi indic\HDSD\hindi_sent\F11\F11_S1_H02_M2.wav,F11,S1,H02,F,False,isakei badalei mein tuma aura maanaga loo,इसके बदले में तुम और मांग लो
C:\Users\edwin\OneDrive\Desktop\Capstone\hindi indic\HDSD\hindi_sent\F11\F11_S1_H03_M2.wav,F11,S1,H03,F,False,chikitsaa kaa artha hootaa hai ilaaja,चिकित्सा का अर्थ होता है इलाज
C:\Users\edwin\OneDrive\Desktop\Capstone\hindi indic\HDSD\hindi_sent\F11\F11_S1_H04_M2.wav,F11,S1,H04,F,False,isei aisei hii jaarii rakhein,इसे ऐसे ही जारी रखें
C:\Users\edwin\OneDrive\Desktop\Capstone\hindi indic\HDSD\hindi_sent\F11\F11_S1_H05_M2.wav,F11,S1,H05,F,False,madada kei liyei bahuta dhanyavaada,मदद के लिए बहुत धन्यवाद
C:\Users\edwin\OneDrive\Desktop\Capstone\hindi indic\HDSD\hindi_sent\F11\F11_S1_H06_M2.wav,F11,S1,H06,F,False,aba joo main kahataa huuna usakaa paalana karoo,अब जो मैं कहता हूं उसका पालन करो
C:\Users\edwin\OneDrive\Desktop\Capstone\hindi indic\HDSD\hindi_sent\F11\F11_S1_H07_M2.wav,F11,S1,H07,F,False,bhaarata mein aisaa nahiin huaa hai,भारत में ऐसा नहीं हुआ है
C:\Users\edwin\OneDrive\Desktop\Capstone\hindi indic\HDSD\hindi_sent\F11\F11_S1_H08_M2.wav,F11,S1,H08,F,False,isa sahayooga heitu bhii bahuta dhanyavaada,इस सहयोग हेतु भी बहुत धन्यवाद
C:\Users\edwin\OneDrive\Desktop\Capstone\hindi indic\HDSD\hindi_sent\F11\F11_S1_H11_M2.wav,F11,S1,H11,F,False,yahaan sei sangharshha daura shuruu huaa,यहाँ से संघर्ष दौर शुरू हुआ
C:\Users\edwin\OneDrive\Desktop\Capstone\hindi indic\HDSD\hindi_sent\F11\F11_S1_H12_M2.wav,F11,S1,H12,F,False,doonoon mein badaa badaa antara thaa,दोनों में बड़ा बड़ा अंतर था
C:\Users\edwin\OneDrive\Desktop\Capstone\hindi indic\HDSD\hindi_sent\F12\F12_S1_H01_M2.wav,F12,S1,H01,F,False,aapakei hindii pasanda karanei para khushii huii,आपके हिंदी पसंद करने पर खुशी हुई
C:\Users\edwin\OneDrive\Desktop\Capstone\hindi indic\HDSD\hindi_sent\F12\F12_S1_H02_M2.wav,F12,S1,H02,F,False,isakei badalei mein tuma kuchha aura maanaga loo,इसके बदले में तुम कुछ और मांग लो
C:\Users\edwin\OneDrive\Desktop\Capstone\hindi indic\HDSD\hindi_sent\F12\F12_S1_H03_M2.wav,F12,S1,H03,F,False,chikitsaa kaa artha ilaaja hootaa hai ilaaja,चिकित्सा का अर्थ इलाज होता है इलाज
C:\Users\edwin\OneDrive\Desktop\Capstone\hindi indic\HDSD\hindi_sent\F12\F12_S1_H04_M2.wav,F12,S1,H04,F,False,isei aisei hii jaarii rakhein,इसे ऐसे ही जारी रखें
C:\Users\edwin\OneDrive\Desktop\Capstone\hindi indic\HDSD\hindi_sent\F12\F12_S1_H05_M2.wav,F12,S1,H05,F,False,madada kei liyei bahuta dhanyavaada,मदद के लिए बहुत धन्यवाद
C:\Users\edwin\OneDrive\Desktop\Capstone\hindi indic\HDSD\hindi_sent\F12\F12_S1_H06_M2.wav,F12,S1,H06,F,False,joo main kahataa huuna aba joo main kahataa huuna usakaa paalana karoo,जो मैं कहता हूं अब जो मैं कहता हूं उसका पालन करो
C:\Users\edwin\OneDrive\Desktop\Capstone\hindi indic\HDSD\hindi_sent\F12\F12_S1_H07_M2.wav,F12,S1,H07,F,False,bhaarata mein aisaa nahiin huaa hai,भारत में ऐसा नहीं हुआ है
C:\Users\edwin\OneDrive\Desktop\Capstone\hindi indic\HDSD\hindi_sent\F12\F12_S1_H08_M2.wav,F12,S1,H08,F,False,isa sahayooga heitu dhanyavaada isa sahayooga dhanyavaada,इस सहयोग हेतु धन्यवाद इस सहयोग धन्यवाद
C:\Users\edwin\OneDrive\Desktop\Capstone\hindi indic\HDSD\hindi_sent\F12\F12_S1_H11_M2.wav,F12,S1,H11,F,False,yahaan sei sangharshha daura shuruu huaa,यहाँ से संघर्ष दौर शुरू हुआ
C:\Users\edwin\OneDrive\Desktop\Capstone\hindi indic\HDSD\hindi_sent\F12\F12_S1_H12_M2.wav,F12,S1,H12,F,False,doonoon mein badaa antara thaa,दोनों में बड़ा अंतर था
C:\Users\edwin\OneDrive\Desktop\Capstone\hindi indic\HDSD\hindi_sent\F12\F12_S1_H14_M2.wav,F12,S1,H14,F,False,bahuta sei looga aisaa kara rahei hai,बहुत से लोग ऐसा कर रहे है
C:\Users\edwin\OneDrive\Desktop\Capstone\hindi indic\HDSD\hindi_sent\F12\F12_S1_H15_M2.wav,F12,S1,H15,F,False,samaya kei saatha hii nahiin usasei aagei chalaa jaaei,समय के साथ ही नहीं उससे आगे चला जाए
C:\Users\edwin\OneDrive\Desktop\Capstone\hindi indic\HDSD\hindi_sent\F12\F12_S1_H17_M2.wav,F12,S1,H17,F,False,shaayada samajha aa gayaa hoo,शायद समझ आ गया हो
C:\Users\edwin\OneDrive\Desktop\Capstone\hindi indic\HDSD\hindi_sent\F12\F12_S1_H19_M2.wav,F12,S1,H19,F,False,main bhuula hii gayaa thaa isa baata koo,मैं भूला ही गया था इस बात को
C:\Users\edwin\OneDrive\Desktop\Capstone\hindi indic\HDSD\hindi_sent\F12\F12_S1_H20_M2.wav,F12,S1,H20,F,False,magara vaha bhii nahiin huaa,मगर वह भी नहीं हुआ
C:\Users\edwin\OneDrive\Desktop\Capstone\hindi indic\HDSD\hindi_sent\F12\F12_S1_H21_M2.wav,F12,S1,H21,F,False,dara kaa artha hootaa hai bhaya,दर का अर्थ होता है भय
C:\Users\edwin\OneDrive\Desktop\Capstone\hindi indic\HDSD\hindi_sent\F12\F12_S1_H22_M2.wav,F12,S1,H22,F,False,eika baara phira sei aabhaara,एक बार फिर से आभार
C:\Users\edwin\OneDrive\Desktop\Capstone\hindi indic\HDSD\hindi_sent\F12\F12_S1_H23_M2.wav,F12,S1,H23,F,False,jaanei kitanei looga isei padhtei hai naa jaanei kitanei kitanei looga padhtei hai isei padhtei hai,जाने कितने लोग इसे पढ़ते है ना जाने कितने कितने लोग पढ़ते है इसे पढ़ते है
C:\Users\edwin\OneDrive\Desktop\Capstone\hindi indic\HDSD\hindi_sent\F12\F12_S1_H26_M2.wav,F12,S1,H26,F,False,aapa yaha apanaa achchhaa kaarya aapa apanaa yaha achchhaa kaarya jaarii rakhein,आप यह अपना अच्छा कार्य आप अपना यह अच्छा कार्य जारी रखें
C:\Users\edwin\OneDrive\Desktop\Capstone\hindi indic\HDSD\hindi_sent\F12\F12_S1_H27_M2.wav,F12,S1,H27,F,False,main bhaarata mein rahataa huuna,मैं भारत में रहता हूं
C:\Users\edwin\OneDrive\Desktop\Capstone\hindi indic\HDSD\hindi_sent\F12\F12_S1_H30_M2.wav,F12,S1,H30,F,False,jaldii sei jaldii kuchha kiijiei,जल्दी से जल्दी कुछ कीजिए
C:\Users\edwin\OneDrive\Desktop\Capstone\hindi indic\HDSD\hindi_sent\F29\F29_S1_H01_M2.wav,F29,S1,H01,F,False,aapakei hindii pasanda karanei para khushii huii,आपके हिंदी पसंद करने पर खुशी हुई
C:\Users\edwin\OneDrive\Desktop\Capstone\hindi indic\HDSD\hindi_sent\F29\F29_S1_H02_M2.wav,F29,S1,H02,F,False,isakei badalei mein tuma kuchha aura maanaga loo,इसके बदले में तुम कुछ और मांग लो
C:\Users\edwin\OneDrive\Desktop\Capstone\hindi indic\HDSD\hindi_sent\F29\F29_S1_H03_M2.wav,F29,S1,H03,F,False,chikitsaa kaa artha hootaa hai ilaaja,चिकित्सा का अर्थ होता है इलाज
C:\Users\edwin\OneDrive\Desktop\Capstone\hindi indic\HDSD\hindi_sent\F29\F29_S1_H04_M2.wav,F29,S1,H04,F,False,isei aisei hii jaarii rakhein,इसे ऐसे ही जारी रखें
C:\Users\edwin\OneDrive\Desktop\Capstone\hindi indic\HDSD\hindi_sent\F29\F29_S1_H05_M2.wav,F29,S1,H05,F,False,madada kei liyei bahuta dhanyavaada,मदद के लिए बहुत धन्यवाद
C:\Users\edwin\OneDrive\Desktop\Capstone\hindi indic\HDSD\hindi_sent\F29\F29_S1_H06_M2.wav,F29,S1,H06,F,False,aba joo main kahataa huuna usakaa paalana karoo,अब जो मैं कहता हूं उसका पालन करो
C:\Users\edwin\OneDrive\Desktop\Capstone\hindi indic\HDSD\hindi_sent\F29\F29_S1_H07_M2.wav,F29,S1,H07,F,False,bhaarata mein aisaa nahiin huaa huaa hai,भारत में ऐसा नहीं हुआ हुआ है
C:\Users\edwin\OneDrive\Desktop\Capstone\hindi indic\HDSD\hindi_sent\F29\F29_S1_H08_M2.wav,F29,S1,H08,F,False,isa sahayooga heitu bhii bahuta dhanyavaada,इस सहयोग हेतु भी बहुत धन्यवाद
C:\Users\edwin\OneDrive\Desktop\Capstone\hindi indic\HDSD\hindi_sent\F29\F29_S1_H11_M2.wav,F29,S1,H11,F,False,yahaan sei sangharshha kaa daura shuruu huaa,यहाँ से संघर्ष का दौर शुरू हुआ
C:\Users\edwin\OneDrive\Desktop\Capstone\hindi indic\HDSD\hindi_sent\F29\F29_S1_H12_M2.wav,F29,S1,H12,F,False,doonoon mein badaa antara thaa,दोनों में बड़ा अंतर था
C:\Users\edwin\OneDrive\Desktop\Capstone\hindi indic\HDSD\hindi_sent\F29\F29_S1_H14_M2.wav,F29,S1,H14,F,False,bahuta sei looga aisaa kara rahei kara rahei hai,बहुत से लोग ऐसा कर रहे कर रहे है
C:\Users\edwin\OneDrive\Desktop\Capstone\hindi indic\HDSD\hindi_sent\F29\F29_S1_H15_M2.wav,F29,S1,H15,F,False,samaya kei saatha hii nahiin usasei aagei chalaa jaaei,समय के साथ ही नहीं उससे आगे चला जाए
C:\Users\edwin\OneDrive\Desktop\Capstone\hindi indic\HDSD\hindi_sent\F29\F29_S1_H17_M2.wav,F29,S1,H17,F,False,shaayada samajha aa gayaa hoo,शायद समझ आ गया हो
C:\Users\edwin\OneDrive\Desktop\Capstone\hindi indic\HDSD\hindi_sent\F29\F29_S1_H19_M2.wav,F29,S1,H19,F,False,main bhuula hii gayaa thaa isa baata koo,मैं भूला ही गया था इस बात को
C:\Users\edwin\OneDrive\Desktop\Capstone\hindi indic\HDSD\hindi_sent\F29\F29_S1_H20_M2.wav,F29,S1,H20,F,False,magara vaha bhii nahiin huaa,मगर वह भी नहीं हुआ
C:\Users\edwin\OneDrive\Desktop\Capstone\hindi indic\HDSD\hindi_sent\F29\F29_S1_H21_M2.wav,F29,S1,H21,F,False,dara kaa artha hootaa hai bhaya,दर का अर्थ होता है भय
C:\Users\edwin\OneDrive\Desktop\Capstone\hindi indic\HDSD\hindi_sent\F29\F29_S1_H22_M2.wav,F29,S1,H22,F,False,eika baara phira sei aabhaara,एक बार फिर से आभार
C:\Users\edwin\OneDrive\Desktop\Capstone\hindi indic\HDSD\hindi_sent\F29\F29_S1_H23_M2.wav,F29,S1,H23,F,False,naa jaanei kitanei looga isei padhtei hai,ना जाने कितने लोग इसे पढ़ते है
C:\Users\edwin\OneDrive\Desktop\Capstone\hindi indic\HDSD\hindi_sent\F29\F29_S1_H26_M2.wav,F29,S1,H26,F,False,aapa apanaa yaha achchhaa kaarya jaarii rakhein,आप अपना यह अच्छा कार्य जारी रखें
C:\Users\edwin\OneDrive\Desktop\Capstone\hindi indic\HDSD\hindi_sent\F29\F29_S1_H27_M2.wav,F29,S1,H27,F,False,main bhaarata mein rahataa huuna,मैं भारत में रहता हूं
C:\Users\edwin\OneDrive\Desktop\Capstone\hindi indic\HDSD\hindi_sent\F29\F29_S1_H30_M2.wav,F29,S1,H30,F,False,jaldii sei jaldii kuchha kiijiei,जल्दी से जल्दी कुछ कीजिए
C:\Users\edwin\OneDrive\Desktop\Capstone\hindi indic\HDSD\hindi_sent\F34\F34_S1_H01_M2.wav,F34,S1,H01,F,False,aapakei hindii pasanda karanei para khushii huii,आपके हिंदी पसंद करने पर खुशी हुई
C:\Users\edwin\OneDrive\Desktop\Capstone\hindi indic\HDSD\hindi_sent\F34\F34_S1_H02_M2.wav,F34,S1,H02,F,False,isakei badalei mein tuma kuchha aura maanaga loo,इसके बदले में तुम कुछ और मांग लो
C:\Users\edwin\OneDrive\Desktop\Capstone\hindi indic\HDSD\hindi_sent\F34\F34_S1_H03_M2.wav,F34,S1,H03,F,False,chikitsaa kaa artha hootaa hai ilaaja,चिकित्सा का अर्थ होता है इलाज
C:\Users\edwin\OneDrive\Desktop\Capstone\hindi indic\HDSD\hindi_sent\F34\F34_S1_H04_M2.wav,F34,S1,H04,F,False,isei aisei hii jaarii rakhein,इसे ऐसे ही जारी रखें
C:\Users\edwin\OneDrive\Desktop\Capstone\hindi indic\HDSD\hindi_sent\F34\F34_S1_H05_M2.wav,F34,S1,H05,F,False,madada kei liyei dhanyavaada bahuta bahuta dhanyavaada,मदद के लिए धन्यवाद बहुत बहुत धन्यवाद
C:\Users\edwin\OneDrive\Desktop\Capstone\hindi indic\HDSD\hindi_sent\F34\F34_S1_H06_M2.wav,F34,S1,H06,F,False,joo main kahataa huuna paalana paalana karoo paalana karoo,जो मैं कहता हूं पालन पालन करो पालन करो
C:\Users\edwin\OneDrive\Desktop\Capstone\hindi indic\HDSD\hindi_sent\F34\F34_S1_H07_M2.wav,F34,S1,H07,F,False,bhaarata mein aisaa nahiin huaa hai,भारत में ऐसा नहीं हुआ है
C:\Users\edwin\OneDrive\Desktop\Capstone\hindi indic\HDSD\hindi_sent\F34\F34_S1_H08_M2.wav,F34,S1,H08,F,False,isa sahayooga bhii bahuta dhanyavaada,इस सहयोग भी बहुत धन्यवाद
C:\Users\edwin\OneDrive\Desktop\Capstone\hindi indic\HDSD\hindi_sent\F35\F35_S1_H01_M2.wav,F35,S1,H01,F,False,aapakei hindii pasanda karanei para khushii huii,आपके हिंदी पसंद करने पर खुशी हुई
C:\Users\edwin\OneDrive\Desktop\Capstone\hindi indic\HDSD\hindi_sent\F35\F35_S1_H02_M2.wav,F35,S1,H02,F,False,isakei badalei mein tuma kuchha aura maanaga loo,इसके बदले में तुम कुछ और मांग लो
C:\Users\edwin\OneDrive\Desktop\Capstone\hindi indic\HDSD\hindi_sent\F35\F35_S1_H03_M2.wav,F35,S1,H03,F,False,chikitsaa kaa artha hootaa hai ilaaja,चिकित्सा का अर्थ होता है इलाज
C:\Users\edwin\OneDrive\Desktop\Capstone\hindi indic\HDSD\hindi_sent\F35\F35_S1_H04_M2.wav,F35,S1,H04,F,False,isei aisei hii jaarii rakhein,इसे ऐसे ही जारी रखें
C:\Users\edwin\OneDrive\Desktop\Capstone\hindi indic\HDSD\hindi_sent\F35\F35_S1_H05_M2.wav,F35,S1,H05,F,False,madada kei liyei bahuta dhanyavaada,मदद के लिए बहुत धन्यवाद
C:\Users\edwin\OneDrive\Desktop\Capstone\hindi indic\HDSD\hindi_sent\F35\F35_S1_H06_M2.wav,F35,S1,H06,F,False,aba joo main kahataa huuna usakaa paalana karoo,अब जो मैं कहता हूं उसका पालन करो
C:\Users\edwin\OneDrive\Desktop\Capstone\hindi indic\HDSD\hindi_sent\F35\F35_S1_H07_M2.wav,F35,S1,H07,F,False,bhaarata mein aisaa nahiin huaa hai,भारत में ऐसा नहीं हुआ है
C:\Users\edwin\OneDrive\Desktop\Capstone\hindi indic\HDSD\hindi_sent\F35\F35_S1_H08_M2.wav,F35,S1,H08,F,False,isa sahayooga heitu bhii bahuta dhanyavaada,इस सहयोग हेतु भी बहुत धन्यवाद
C:\Users\edwin\OneDrive\Desktop\Capstone\hindi indic\HDSD\hindi_sent\F35\F35_S1_H11_M2.wav,F35,S1,H11,F,False,yahaan sei sangharshha kaa daura shuruu huaa,यहाँ से संघर्ष का दौर शुरू हुआ
C:\Users\edwin\OneDrive\Desktop\Capstone\hindi indic\HDSD\hindi_sent\F35\F35_S1_H12_M2.wav,F35,S1,H12,F,False,doonoon mein badaa antara thaa,दोनों में बड़ा अंतर था
C:\Users\edwin\OneDrive\Desktop\Capstone\hindi indic\HDSD\hindi_sent\F35\F35_S1_H14_M2.wav,F35,S1,H14,F,False,bahuta sei looga aisaa kara rahei hai,बहुत से लोग ऐसा कर रहे है
C:\Users\edwin\OneDrive\Desktop\Capstone\hindi indic\HDSD\hindi_sent\F35\F35_S1_H15_M2.wav,F35,S1,H15,F,False,samaya kei saatha hii nahiin usasei aagei chalaa jaaei,समय के साथ ही नहीं उससे आगे चला जाए
C:\Users\edwin\OneDrive\Desktop\Capstone\hindi indic\HDSD\hindi_sent\F35\F35_S1_H17_M2.wav,F35,S1,H17,F,False,shaayada samajha aa gayaa hoo,शायद समझ आ गया हो
C:\Users\edwin\OneDrive\Desktop\Capstone\hindi indic\HDSD\hindi_sent\F35\F35_S1_H19_M2.wav,F35,S1,H19,F,False,main bhuula hii gayaa thaa isa baata koo,मैं भूला ही गया था इस बात को
C:\Users\edwin\OneDrive\Desktop\Capstone\hindi indic\HDSD\hindi_sent\F35\F35_S1_H20_M2.wav,F35,S1,H20,F,False,magara vaha bhii nahiin huaa,मगर वह भी नहीं हुआ
C:\Users\edwin\OneDrive\Desktop\Capstone\hindi indic\HDSD\hindi_sent\F35\F35_S1_H21_M2.wav,F35,S1,H21,F,False,dara kaa artha hootaa hai bhaya,दर का अर्थ होता है भय
C:\Users\edwin\OneDrive\Desktop\Capstone\hindi indic\HDSD\hindi_sent\F35\F35_S1_H22_M2.wav,F35,S1,H22,F,False,eika baara phira sei aabhaara,एक बार फिर से आभार
C:\Users\edwin\OneDrive\Desktop\Capstone\hindi indic\HDSD\hindi_sent\F35\F35_S1_H23_M2.wav,F35,S1,H23,F,False,naa jaanei kitanei looga isei padhtei hai,ना जाने कितने लोग इसे पढ़ते है
C:\Users\edwin\OneDrive\Desktop\Capstone\hindi indic\HDSD\hindi_sent\F35\F35_S1_H26_M2.wav,F35,S1,H26,F,False,aapa apanaa yaha achchhaa kaarya jaarii rakhein,आप अपना यह अच्छा कार्य जारी रखें
C:\Users\edwin\OneDrive\Desktop\Capstone\hindi indic\HDSD\hindi_sent\F35\F35_S1_H27_M2.wav,F35,S1,H27,F,False,main bhaarata mein rahataa huuna,मैं भारत में रहता हूं
C:\Users\edwin\OneDrive\Desktop\Capstone\hindi indic\HDSD\hindi_sent\F35\F35_S1_H30_M2.wav,F35,S1,H30,F,False,jaldii sei jaldii kuchha kiijiei,जल्दी से जल्दी कुछ कीजिए
C:\Users\edwin\OneDrive\Desktop\Capstone\hindi indic\HDSD\hindi_sent\F45\F45_S1_H01_M2.wav,F45,S1,H01,F,False,aapakei hindii pasanda karanei para khushii huii,आपके हिंदी पसंद करने पर खुशी हुई
C:\Users\edwin\OneDrive\Desktop\Capstone\hindi indic\HDSD\hindi_sent\F45\F45_S1_H02_M2.wav,F45,S1,H02,F,False,isakei badalei mein tuma kuchha aura maanaga loo,इसके बदले में तुम कुछ और मांग लो
C:\Users\edwin\OneDrive\Desktop\Capstone\hindi indic\HDSD\hindi_sent\F45\F45_S1_H03_M2.wav,F45,S1,H03,F,False,chikitsaa kaa artha hootaa hai ilaaja,चिकित्सा का अर्थ होता है इलाज
C:\Users\edwin\OneDrive\Desktop\Capstone\hindi indic\HDSD\hindi_sent\F45\F45_S1_H04_M2.wav,F45,S1,H04,F,False,isei aisei hii jaarii rakhein,इसे ऐसे ही जारी रखें
C:\Users\edwin\OneDrive\Desktop\Capstone\hindi indic\HDSD\hindi_sent\F45\F45_S1_H05_M2.wav,F45,S1,H05,F,False,madada kei liyei bahuta dhanyavaada,मदद के लिए बहुत धन्यवाद
C:\Users\edwin\OneDrive\Desktop\Capstone\hindi indic\HDSD\hindi_sent\F45\F45_S1_H06_M2.wav,F45,S1,H06,F,False,aba joo main kahataa huuna usakaa paalana karoo,अब जो मैं कहता हूं उसका पालन करो
C:\Users\edwin\OneDrive\Desktop\Capstone\hindi indic\HDSD\hindi_sent\F45\F45_S1_H07_M2.wav,F45,S1,H07,F,False,bhaarata mein aisaa nahiin huaa hai,भारत में ऐसा नहीं हुआ है
C:\Users\edwin\OneDrive\Desktop\Capstone\hindi indic\HDSD\hindi_sent\F45\F45_S1_H08_M2.wav,F45,S1,H08,F,False,isa sahayooga heitu bhii bahuta dhanyavaada,इस सहयोग हेतु भी बहुत धन्यवाद
C:\Users\edwin\OneDrive\Desktop\Capstone\hindi indic\HDSD\hindi_sent\F45\F45_S1_H11_M2.wav,F45,S1,H11,F,False,yahaan sei sangharshha kaa daura shuruu huaa,यहाँ से संघर्ष का दौर शुरू हुआ
C:\Users\edwin\OneDrive\Desktop\Capstone\hindi indic\HDSD\hindi_sent\F45\F45_S1_H12_M2.wav,F45,S1,H12,F,False,doonoon mein badaa antara thaa,दोनों में बड़ा अंतर था
C:\Users\edwin\OneDrive\Desktop\Capstone\hindi indic\HDSD\hindi_sent\F45\F45_S1_H14_M2.wav,F45,S1,H14,F,False,bahuta sei looga aisaa kara rahei hai,बहुत से लोग ऐसा कर रहे है
C:\Users\edwin\OneDrive\Desktop\Capstone\hindi indic\HDSD\hindi_sent\F45\F45_S1_H15_M2.wav,F45,S1,H15,F,False,samaya kei saatha hii nahiin usasei aagei chalaa jaaei,समय के साथ ही नहीं उससे आगे चला जाए
C:\Users\edwin\OneDrive\Desktop\Capstone\hindi indic\HDSD\hindi_sent\F45\F45_S1_H17_M2.wav,F45,S1,H17,F,False,shaayada samajha gayaa hoo shaayada samajha aa gayaa hoo,शायद समझ गया हो शायद समझ आ गया हो
C:\Users\edwin\OneDrive\Desktop\Capstone\hindi indic\HDSD\hindi_sent\F45\F45_S1_H19_M2.wav,F45,S1,H19,F,False,main bhuula hii gayaa thaa isa baata koo,मैं भूला ही गया था इस बात को
C:\Users\edwin\OneDrive\Desktop\Capstone\hindi indic\HDSD\hindi_sent\F45\F45_S1_H20_M2.wav,F45,S1,H20,F,False,magara vaha bhii nahiin huaa,मगर वह भी नहीं हुआ
C:\Users\edwin\OneDrive\Desktop\Capstone\hindi indic\HDSD\hindi_sent\F45\F45_S1_H21_M2.wav,F45,S1,H21,F,False,dara kaa artha hootaa hai bhaya bhaya,दर का अर्थ होता है भय भय
C:\Users\edwin\OneDrive\Desktop\Capstone\hindi indic\HDSD\hindi_sent\F45\F45_S1_H22_M2.wav,F45,S1,H22,F,False,eika baara phira sei aabhaara,एक बार फिर से आभार
C:\Users\edwin\OneDrive\Desktop\Capstone\hindi indic\HDSD\hindi_sent\F45\F45_S1_H23_M2.wav,F45,S1,H23,F,False,naa jaanei kitanei looga isei padhtei hai,ना जाने कितने लोग इसे पढ़ते है
C:\Users\edwin\OneDrive\Desktop\Capstone\hindi indic\HDSD\hindi_sent\F45\F45_S1_H26_M2.wav,F45,S1,H26,F,False,aapa apanaa yaha achchhaa kaarya jaarii rakhein,आप अपना यह अच्छा कार्य जारी रखें
C:\Users\edwin\OneDrive\Desktop\Capstone\hindi indic\HDSD\hindi_sent\F45\F45_S1_H27_M2.wav,F45,S1,H27,F,False,main bhaarata mein rahataa huuna,मैं भारत में रहता हूं
C:\Users\edwin\OneDrive\Desktop\Capstone\hindi indic\HDSD\hindi_sent\F45\F45_S1_H30_M2.wav,F45,S1,H30,F,False,jaldii sei jaldii kuchha kiijiei,जल्दी से जल्दी कुछ कीजिए
C:\Users\edwin\OneDrive\Desktop\Capstone\hindi indic\HDSD\hindi_sent\F57\F57_S1_H01_M2.wav,F57,S1,H01,F,False,aapakei hindii pasanda karanei para khushii huii,आपके हिंदी पसंद करने पर खुशी हुई
C:\Users\edwin\OneDrive\Desktop\Capstone\hindi indic\HDSD\hindi_sent\F57\F57_S1_H02_M2.wav,F57,S1,H02,F,False,isakei badalei mein tuma aura maanaga loo,इसके बदले में तुम और मांग लो
C:\Users\edwin\OneDrive\Desktop\Capstone\hindi indic\HDSD\hindi_sent\F57\F57_S1_H03_M2.wav,F57,S1,H03,F,False,chikitsaa kaa artha hootaa hai ilaaja,चिकित्सा का अर्थ होता है इलाज
C:\Users\edwin\OneDrive\Desktop\Capstone\hindi indic\HDSD\hindi_sent\F57\F57_S1_H04_M2.wav,F57,S1,H04,F,False,aisei aisei bhii jaarii rakhein,ऐसे ऐसे भी जारी रखें
C:\Users\edwin\OneDrive\Desktop\Capstone\hindi indic\HDSD\hindi_sent\F57\F57_S1_H05_M2.wav,F57,S1,H05,F,False,madada kei liyei dhanyavaada,मदद के लिए धन्यवाद
C:\Users\edwin\OneDrive\Desktop\Capstone\hindi indic\HDSD\hindi_sent\F57\F57_S1_H06_M2.wav,F57,S1,H06,F,False,joo main kahataa huuna aba joo main kahataa huuna usakaa paalana karoo,जो मैं कहता हूं अब जो मैं कहता हूं उसका पालन करो
C:\Users\edwin\OneDrive\Desktop\Capstone\hindi indic\HDSD\hindi_sent\F57\F57_S1_H07_M2.wav,F57,S1,H07,F,False,bhaarata mein aisaa nahiin huaa hai,भारत में ऐसा नहीं हुआ है
C:\Users\edwin\OneDrive\Desktop\Capstone\hindi indic\HDSD\hindi_sent\F57\F57_S1_H08_M2.wav,F57,S1,H08,F,False,isa sahayooga heitu dhanyavaada,इस सहयोग हेतु धन्यवाद
C:\Users\edwin\OneDrive\Desktop\Capstone\hindi indic\HDSD\hindi_sent\F57\F57_S1_H11_M2.wav,F57,S1,H11,F,False,yahaan sei yahaan sei kaa daura shuruu huaa,यहाँ से यहाँ से का दौर शुरू हुआ
C:\Users\edwin\OneDrive\Desktop\Capstone\hindi indic\HDSD\hindi_sent\F57\F57_S1_H12_M2.wav,F57,S1,H12,F,False,doonoon mein antara thaa doonoon mein badaa antara thaa,दोनों में अंतर था दोनों में बड़ा अंतर था
C:\Users\edwin\OneDrive\Desktop\Capstone\hindi indic\HDSD\hindi_sent\F57\F57_S1_H14_M2.wav,F57,S1,H14,F,False,bahuta sei looga bahuta sei looga aisaa kara rahei hai,बहुत से लोग बहुत से लोग ऐसा कर रहे है
C:\Users\edwin\OneDrive\Desktop\Capstone\hindi indic\HDSD\hindi_sent\F57\F57_S1_H15_M2.wav,F57,S1,H15,F,False,samaya kaa saatha hii nahiin usasei aagei chalaa,समय का साथ ही नहीं उससे आगे चला
C:\Users\edwin\OneDrive\Desktop\Capstone\hindi indic\HDSD\hindi_sent\F57\F57_S1_H17_M2.wav,F57,S1,H17,F,False,shaayada samajha aa gayaa hoo shaayada shaayada samajha aa gayaa,शायद समझ आ गया हो शायद शायद समझ आ गया
C:\Users\edwin\OneDrive\Desktop\Capstone\hindi indic\HDSD\hindi_sent\F57\F57_S1_H19_M2.wav,F57,S1,H19,F,False,main bhuula hii gayaa thaa isa baata koo,मैं भूला ही गया था इस बात को
C:\Users\edwin\OneDrive\Desktop\Capstone\hindi indic\HDSD\hindi_sent\F57\F57_S1_H20_M2.wav,F57,S1,H20,F,False,vaha bhii nahiin huaa magara bhii nahiin huaa,वह भी नहीं हुआ मगर भी नहीं हुआ
C:\Users\edwin\OneDrive\Desktop\Capstone\hindi indic\HDSD\hindi_sent\F57\F57_S1_H21_M2.wav,F57,S1,H21,F,False,dara kaa artha hootaa hai bhaya,दर का अर्थ होता है भय
C:\Users\edwin\OneDrive\Desktop\Capstone\hindi indic\HDSD\hindi_sent\F57\F57_S1_H22_M2.wav,F57,S1,H22,F,False,eika baara phira sei aabhaara,एक बार फिर से आभार
C:\Users\edwin\OneDrive\Desktop\Capstone\hindi indic\HDSD\hindi_sent\F57\F57_S1_H23_M2.wav,F57,S1,H23,F,False,naa jaanei kitanei looga isei padhtei hai,ना जाने कितने लोग इसे पढ़ते है
C:\Users\edwin\OneDrive\Desktop\Capstone\hindi indic\HDSD\hindi_sent\F57\F57_S1_H26_M2.wav,F57,S1,H26,F,False,aapa apanaa achchhaa kaarya jaarii rakhein,आप अपना अच्छा कार्य जारी रखें
C:\Users\edwin\OneDrive\Desktop\Capstone\hindi indic\HDSD\hindi_sent\F57\F57_S1_H27_M2.wav,F57,S1,H27,F,False,main bhaarata mein rahataa huuna,मैं भारत में रहता हूं
C:\Users\edwin\OneDrive\Desktop\Capstone\hindi indic\HDSD\hindi_sent\F57\F57_S1_H30_M2.wav,F57,S1,H30,F,False,jaldii sei jaldii kiijiei,जल्दी से जल्दी कीजिए
C:\Users\edwin\OneDrive\Desktop\Capstone\hindi indic\HDSD\hindi_sent\F59\F59_S1_H01_M2.wav,F59,S1,H01,F,False,aapakei hindii pasanda karanei khushii huii,आपके हिंदी पसंद करने खुशी हुई
C:\Users\edwin\OneDrive\Desktop\Capstone\hindi indic\HDSD\hindi_sent\F59\F59_S1_H02_M2.wav,F59,S1,H02,F,False,isakei badalei mein tuma kuchha aura maanaga loo,इसके बदले में तुम कुछ और मांग लो
C:\Users\edwin\OneDrive\Desktop\Capstone\hindi indic\HDSD\hindi_sent\F59\F59_S1_H03_M2.wav,F59,S1,H03,F,False,chikitsaa kaa artha hootaa hai ilaaja,चिकित्सा का अर्थ होता है इलाज
C:\Users\edwin\OneDrive\Desktop\Capstone\hindi indic\HDSD\hindi_sent\F59\F59_S1_H04_M2.wav,F59,S1,H04,F,False,isei aisei hii jaarii rakhein,इसे ऐसे ही जारी रखें
C:\Users\edwin\OneDrive\Desktop\Capstone\hindi indic\HDSD\hindi_sent\F59\F59_S1_H05_M2.wav,F59,S1,H05,F,False,madada kei liyei bahuta dhanyavaada,मदद के लिए बहुत धन्यवाद
C:\Users\edwin\OneDrive\Desktop\Capstone\hindi indic\HDSD\hindi_sent\F59\F59_S1_H06_M2.wav,F59,S1,H06,F,False,aba joo main kahataa huuna usakaa paalana karoo,अब जो मैं कहता हूं उसका पालन करो
C:\Users\edwin\OneDrive\Desktop\Capstone\hindi indic\HDSD\hindi_sent\F59\F59_S1_H07_M2.wav,F59,S1,H07,F,False,bhaarata mein aisaa nahiin huaa hai,भारत में ऐसा नहीं हुआ है
C:\Users\edwin\OneDrive\Desktop\Capstone\hindi indic\HDSD\hindi_sent\F59\F59_S1_H08_M2.wav,F59,S1,H08,F,False,isa sahayooga heitu bhii bahuta dhanyavaada,इस सहयोग हेतु भी बहुत धन्यवाद
C:\Users\edwin\OneDrive\Desktop\Capstone\hindi indic\HDSD\hindi_sent\F59\F59_S1_H11_M2.wav,F59,S1,H11,F,False,yahaan sei sangharshha kaa daura shuruu huaa,यहाँ से संघर्ष का दौर शुरू हुआ
C:\Users\edwin\OneDrive\Desktop\Capstone\hindi indic\HDSD\hindi_sent\F59\F59_S1_H12_M2.wav,F59,S1,H12,F,False,doonoon mein badaa antara thaa,दोनों में बड़ा अंतर था
C:\Users\edwin\OneDrive\Desktop\Capstone\hindi indic\HDSD\hindi_sent\F59\F59_S1_H14_M2.wav,F59,S1,H14,F,False,bahuta sei looga aisaa kara rahei hai,बहुत से लोग ऐसा कर रहे है
C:\Users\edwin\OneDrive\Desktop\Capstone\hindi indic\HDSD\hindi_sent\F59\F59_S1_H15_M2.wav,F59,S1,H15,F,False,samaya kei saatha hii nahiin usasei aagei chalaa jaaei,समय के साथ ही नहीं उससे आगे चला जाए
C:\Users\edwin\OneDrive\Desktop\Capstone\hindi indic\HDSD\hindi_sent\F59\F59_S1_H17_M2.wav,F59,S1,H17,F,False,shaayada samajha aa gayaa hoo,शायद समझ आ गया हो
C:\Users\edwin\OneDrive\Desktop\Capstone\hindi indic\HDSD\hindi_sent\F59\F59_S1_H19_M2.wav,F59,S1,H19,F,False,joo bhuula hii gayaa thaa isa baata koo,जो भूला ही गया था इस बात को
C:\Users\edwin\OneDrive\Desktop\Capstone\hindi indic\HDSD\hindi_sent\F59\F59_S1_H20_M2.wav,F59,S1,H20,F,False,magara vaha bhii nahiin huaa,मगर वह भी नहीं हुआ
C:\Users\edwin\OneDrive\Desktop\Capstone\hindi indic\HDSD\hindi_sent\F59\F59_S1_H21_M2.wav,F59,S1,H21,F,False,dara kaa artha hootaa hai bhaya,दर का अर्थ होता है भय
C:\Users\edwin\OneDrive\Desktop\Capstone\hindi indic\HDSD\hindi_sent\F59\F59_S1_H22_M2.wav,F59,S1,H22,F,False,eika baara phira sei aabhaara,एक बार फिर से आभार
C:\Users\edwin\OneDrive\Desktop\Capstone\hindi indic\HDSD\hindi_sent\F59\F59_S1_H23_M2.wav,F59,S1,H23,F,False,naa jaanei naa jaanei kitanei looga isei padhtei hai,ना जाने ना जाने कितने लोग इसे पढ़ते है
C:\Users\edwin\OneDrive\Desktop\Capstone\hindi indic\HDSD\hindi_sent\F59\F59_S1_H26_M2.wav,F59,S1,H26,F,False,aapa apanaa yaha achchhaa kaarya jaarii rakhein,आप अपना यह अच्छा कार्य जारी रखें
C:\Users\edwin\OneDrive\Desktop\Capstone\hindi indic\HDSD\hindi_sent\F59\F59_S1_H27_M2.wav,F59,S1,H27,F,False,main bhaarata mein rahataa huuna,मैं भारत में रहता हूं
C:\Users\edwin\OneDrive\Desktop\Capstone\hindi indic\HDSD\hindi_sent\F59\F59_S1_H30_M2.wav,F59,S1,H30,F,False,jaldii sei jaldii kuchha kiijiei,जल्दी से जल्दी कुछ कीजिए
C:\Users\edwin\OneDrive\Desktop\Capstone\hindi indic\HDSD\hindi_sent\F60\F60_S1_H01_M2.wav,F60,S1,H01,F,False,aapakei hindii pasanda karanei para khushii huii,आपके हिंदी पसंद करने पर खुशी हुई
C:\Users\edwin\OneDrive\Desktop\Capstone\hindi indic\HDSD\hindi_sent\F60\F60_S1_H02_M2.wav,F60,S1,H02,F,False,isakei badalei mein tuma kuchha aura maanaga loo,इसके बदले में तुम कुछ और मांग लो
C:\Users\edwin\OneDrive\Desktop\Capstone\hindi indic\HDSD\hindi_sent\F60\F60_S1_H03_M2.wav,F60,S1,H03,F,False,chikitsaa kaa artha hootaa hai ilaaja,चिकित्सा का अर्थ होता है इलाज
C:\Users\edwin\OneDrive\Desktop\Capstone\hindi indic\HDSD\hindi_sent\F60\F60_S1_H04_M2.wav,F60,S1,H04,F,False,isei aisei hii jaarii rakhein,इसे ऐसे ही जारी रखें
C:\Users\edwin\OneDrive\Desktop\Capstone\hindi indic\HDSD\hindi_sent\F60\F60_S1_H05_M2.wav,F60,S1,H05,F,False,madada kei liyei bahuta dhanyavaada,मदद के लिए बहुत धन्यवाद
C:\Users\edwin\OneDrive\Desktop\Capstone\hindi indic\HDSD\hindi_sent\F60\F60_S1_H06_M2.wav,F60,S1,H06,F,False,aba joo main kahataa huuna usakaa paalana karoo,अब जो मैं कहता हूं उसका पालन करो
C:\Users\edwin\OneDrive\Desktop\Capstone\hindi indic\HDSD\hindi_sent\F60\F60_S1_H07_M2.wav,F60,S1,H07,F,False,bhaarata mein aisaa nahiin huaa hai,भारत में ऐसा नहीं हुआ है
C:\Users\edwin\OneDrive\Desktop\Capstone\hindi indic\HDSD\hindi_sent\F60\F60_S1_H08_M2.wav,F60,S1,H08,F,False,isa bahuta dhanyavaada,इस बहुत धन्यवाद
C:\Users\edwin\OneDrive\Desktop\Capstone\hindi indic\HDSD\hindi_sent\F60\F60_S1_H11_M2.wav,F60,S1,H11,F,False,yahaan sei sangharshha kaa daura shuruu huaa,यहाँ से संघर्ष का दौर शुरू हुआ
C:\Users\edwin\OneDrive\Desktop\Capstone\hindi indic\HDSD\hindi_sent\F60\F60_S1_H12_M2.wav,F60,S1,H12,F,False,doonoon mein badaa antara thaa,दोनों में बड़ा अंतर था
C:\Users\edwin\OneDrive\Desktop\Capstone\hindi indic\HDSD\hindi_sent\F60\F60_S1_H14_M2.wav,F60,S1,H14,F,False,bahuta sei looga aisaa kara rahei hai,बहुत से लोग ऐसा कर रहे है
C:\Users\edwin\OneDrive\Desktop\Capstone\hindi indic\HDSD\hindi_sent\F60\F60_S1_H15_M2.wav,F60,S1,H15,F,False,samaya kei saatha hii nahiin usasei aagei chalaa jaaei,समय के साथ ही नहीं उससे आगे चला जाए
C:\Users\edwin\OneDrive\Desktop\Capstone\hindi indic\HDSD\hindi_sent\F60\F60_S1_H17_M2.wav,F60,S1,H17,F,False,shaayada samajha aa gayaa hoo,शायद समझ आ गया हो
C:\Users\edwin\OneDrive\Desktop\Capstone\hindi indic\HDSD\hindi_sent\F60\F60_S1_H19_M2.wav,F60,S1,H19,F,False,main bhuula hii gayaa thaa isa baata koo,मैं भूला ही गया था इस बात को
C:\Users\edwin\OneDrive\Desktop\Capstone\hindi indic\HDSD\hindi_sent\F60\F60_S1_H20_M2.wav,F60,S1,H20,F,False,vaha bhii nahiin,वह भी नहीं
C:\Users\edwin\OneDrive\Desktop\Capstone\hindi indic\HDSD\hindi_sent\F60\F60_S1_H21_M2.wav,F60,S1,H21,F,False,dara kaa artha hootaa hai bhaya,दर का अर्थ होता है भय
C:\Users\edwin\OneDrive\Desktop\Capstone\hindi indic\HDSD\hindi_sent\F60\F60_S1_H22_M2.wav,F60,S1,H22,F,False,eika baara phira sei aabhaara,एक बार फिर से आभार
C:\Users\edwin\OneDrive\Desktop\Capstone\hindi indic\HDSD\hindi_sent\F60\F60_S1_H23_M2.wav,F60,S1,H23,F,False,naa jaanei kitanei looga isei padhtei hai,ना जाने कितने लोग इसे पढ़ते है
C:\Users\edwin\OneDrive\Desktop\Capstone\hindi indic\HDSD\hindi_sent\F60\F60_S1_H26_M2.wav,F60,S1,H26,F,False,aapa apanaa achchhaa kaarya jaarii rakhein,आप अपना अच्छा कार्य जारी रखें
C:\Users\edwin\OneDrive\Desktop\Capstone\hindi indic\HDSD\hindi_sent\F60\F60_S1_H27_M2.wav,F60,S1,H27,F,False,main bhaarata mein rahataa huuna,मैं भारत में रहता हूं
C:\Users\edwin\OneDrive\Desktop\Capstone\hindi indic\HDSD\hindi_sent\F60\F60_S1_H30_M2.wav,F60,S1,H30,F,False,jaldii sei jaldii kuchha kiijiei,जल्दी से जल्दी कुछ कीजिए
C:\Users\edwin\OneDrive\Desktop\Capstone\hindi indic\HDSD\hindi_sent\M01\M01_S1_H01_M2.wav,M01,S1,H01,M,False,aapakei hindii pasanda karanei para khushii huii,आपके हिंदी पसंद करने पर खुशी हुई
C:\Users\edwin\OneDrive\Desktop\Capstone\hindi indic\HDSD\hindi_sent\M01\M01_S1_H02_M2.wav,M01,S1,H02,M,False,isakei badalei mein tuma kuchha aura maanaga loo,इसके बदले में तुम कुछ और मांग लो
C:\Users\edwin\OneDrive\Desktop\Capstone\hindi indic\HDSD\hindi_sent\M01\M01_S1_H03_M2.wav,M01,S1,H03,M,False,chikitsaa kaa artha hootaa hai ilaaja,चिकित्सा का अर्थ होता है इलाज
C:\Users\edwin\OneDrive\Desktop\Capstone\hindi indic\HDSD\hindi_sent\M01\M01_S1_H04_M2.wav,M01,S1,H04,M,False,isei aisei hii jaarii rakhein,इसे ऐसे ही जारी रखें
C:\Users\edwin\OneDrive\Desktop\Capstone\hindi indic\HDSD\hindi_sent\M01\M01_S1_H05_M2.wav,M01,S1,H05,M,False,madada kei liyei bahuta dhanyavaada,मदद के लिए बहुत धन्यवाद
C:\Users\edwin\OneDrive\Desktop\Capstone\hindi indic\HDSD\hindi_sent\M01\M01_S1_H06_M2.wav,M01,S1,H06,M,False,aba joo main kahataa huuna usakaa paalana karoo,अब जो मैं कहता हूं उसका पालन करो
C:\Users\edwin\OneDrive\Desktop\Capstone\hindi indic\HDSD\hindi_sent\M01\M01_S1_H07_M2.wav,M01,S1,H07,M,False,bhaarata mein aisaa nahiin huaa hai,भारत में ऐसा नहीं हुआ है
C:\Users\edwin\OneDrive\Desktop\Capstone\hindi indic\HDSD\hindi_sent\M01\M01_S1_H08_M2.wav,M01,S1,H08,M,False,isa sahayooga heitu bhii bahuta dhanyavaada,इस सहयोग हेतु भी बहुत धन्यवाद
C:\Users\edwin\OneDrive\Desktop\Capstone\hindi indic\HDSD\hindi_sent\M01\M01_S1_H11_M2.wav,M01,S1,H11,M,False,yahaan sei sangharshha kaa daura shuruu huaa,यहाँ से संघर्ष का दौर शुरू हुआ
C:\Users\edwin\OneDrive\Desktop\Capstone\hindi indic\HDSD\hindi_sent\M01\M01_S1_H12_M2.wav,M01,S1,H12,M,False,doonoon mein badaa antara thaa,दोनों में बड़ा अंतर था
C:\Users\edwin\OneDrive\Desktop\Capstone\hindi indic\HDSD\hindi_sent\M01\M01_S1_H14_M2.wav,M01,S1,H14,M,False,bahuta sei looga aisaa kara rahei hai,बहुत से लोग ऐसा कर रहे है
C:\Users\edwin\OneDrive\Desktop\Capstone\hindi indic\HDSD\hindi_sent\M01\M01_S1_H15_M2.wav,M01,S1,H15,M,False,samaya kei saatha nahiin usasei aagei chalaa jaaei,समय के साथ नहीं उससे आगे चला जाए
C:\Users\edwin\OneDrive\Desktop\Capstone\hindi indic\HDSD\hindi_sent\M01\M01_S1_H17_M2.wav,M01,S1,H17,M,False,samajha aa gayaa hoo,समझ आ गया हो
C:\Users\edwin\OneDrive\Desktop\Capstone\hindi indic\HDSD\hindi_sent\M01\M01_S1_H19_M2.wav,M01,S1,H19,M,False,main bhuula hii gayaa thaa isa baata koo,मैं भूला ही गया था इस बात को
C:\Users\edwin\OneDrive\Desktop\Capstone\hindi indic\HDSD\hindi_sent\M01\M01_S1_H20_M2.wav,M01,S1,H20,M,False,magara vaha nahiin huaa,मगर वह नहीं हुआ
C:\Users\edwin\OneDrive\Desktop\Capstone\hindi indic\HDSD\hindi_sent\M01\M01_S1_H21_M2.wav,M01,S1,H21,M,False,dara kaa artha hootaa hai bhaya,दर का अर्थ होता है भय
C:\Users\edwin\OneDrive\Desktop\Capstone\hindi indic\HDSD\hindi_sent\M01\M01_S1_H22_M2.wav,M01,S1,H22,M,False,eika baara phira sei aabhaara,एक बार फिर से आभार
C:\Users\edwin\OneDrive\Desktop\Capstone\hindi indic\HDSD\hindi_sent\M01\M01_S1_H23_M2.wav,M01,S1,H23,M,False,naa jaanei kitanei looga isei padhtei hai,ना जाने कितने लोग इसे पढ़ते है
C:\Users\edwin\OneDrive\Desktop\Capstone\hindi indic\HDSD\hindi_sent\M01\M01_S1_H26_M2.wav,M01,S1,H26,M,False,aapa apanaa yaha achchhaa kaarya jaarii rakhein,आप अपना यह अच्छा कार्य जारी रखें
C:\Users\edwin\OneDrive\Desktop\Capstone\hindi indic\HDSD\hindi_sent\M01\M01_S1_H27_M2.wav,M01,S1,H27,M,False,main bhaarata mein rahataa huuna,मैं भारत में रहता हूं
C:\Users\edwin\OneDrive\Desktop\Capstone\hindi indic\HDSD\hindi_sent\M01\M01_S1_H30_M2.wav,M01,S1,H30,M,False,jaldii sei jaldii kuchha kiijiei,जल्दी से जल्दी कुछ कीजिए
C:\Users\edwin\OneDrive\Desktop\Capstone\hindi indic\HDSD\hindi_sent\M03\M03_S1_H01_M2.wav,M03,S1,H01,M,False,aapakei hindii pasanda karanei para khushii huii,आपके हिंदी पसंद करने पर खुशी हुई
C:\Users\edwin\OneDrive\Desktop\Capstone\hindi indic\HDSD\hindi_sent\M03\M03_S1_H02_M2.wav,M03,S1,H02,M,False,isakei badalei mein tuma kuchha aura maanaga loo,इसके बदले में तुम कुछ और मांग लो
C:\Users\edwin\OneDrive\Desktop\Capstone\hindi indic\HDSD\hindi_sent\M03\M03_S1_H03_M2.wav,M03,S1,H03,M,False,chikitsaa kaa artha hootaa hai ilaaja,चिकित्सा का अर्थ होता है इलाज
C:\Users\edwin\OneDrive\Desktop\Capstone\hindi indic\HDSD\hindi_sent\M03\M03_S1_H04_M2.wav,M03,S1,H04,M,False,isei aisei hii jaarii rakhein,इसे ऐसे ही जारी रखें
C:\Users\edwin\OneDrive\Desktop\Capstone\hindi indic\HDSD\hindi_sent\M03\M03_S1_H05_M2.wav,M03,S1,H05,M,False,madada kei liyei bahuta dhanyavaada,मदद के लिए बहुत धन्यवाद
C:\Users\edwin\OneDrive\Desktop\Capstone\hindi indic\HDSD\hindi_sent\M03\M03_S1_H06_M2.wav,M03,S1,H06,M,False,aba joo main kahataa huuna usakaa paalana karoo,अब जो मैं कहता हूं उसका पालन करो
C:\Users\edwin\OneDrive\Desktop\Capstone\hindi indic\HDSD\hindi_sent\M03\M03_S1_H07_M2.wav,M03,S1,H07,M,False,bhaarata mein aisaa nahiin huaa,भारत में ऐसा नहीं हुआ
C:\Users\edwin\OneDrive\Desktop\Capstone\hindi indic\HDSD\hindi_sent\M03\M03_S1_H08_M2.wav,M03,S1,H08,M,False,isa sahayooga heitu bhii bahuta dhanyavaada,इस सहयोग हेतु भी बहुत धन्यवाद
C:\Users\edwin\OneDrive\Desktop\Capstone\hindi indic\HDSD\hindi_sent\M03\M03_S1_H11_M2.wav,M03,S1,H11,M,False,yahaan sei sangharshha kaa daura shuruu huaa,यहाँ से संघर्ष का दौर शुरू हुआ
C:\Users\edwin\OneDrive\Desktop\Capstone\hindi indic\HDSD\hindi_sent\M03\M03_S1_H12_M2.wav,M03,S1,H12,M,False,doonoon mein badaa antara thaa,दोनों में बड़ा अंतर था
C:\Users\edwin\OneDrive\Desktop\Capstone\hindi indic\HDSD\hindi_sent\M03\M03_S1_H14_M2.wav,M03,S1,H14,M,False,bahuta sei looga aisaa kara rahei hai,बहुत से लोग ऐसा कर रहे है
C:\Users\edwin\OneDrive\Desktop\Capstone\hindi indic\HDSD\hindi_sent\M03\M03_S1_H15_M2.wav,M03,S1,H15,M,False,samaya kei saatha hii nahiin usasei aagei chalaa jaaei,समय के साथ ही नहीं उससे आगे चला जाए
C:\Users\edwin\OneDrive\Desktop\Capstone\hindi indic\HDSD\hindi_sent\M03\M03_S1_H17_M2.wav,M03,S1,H17,M,False,shaayada samajha aa gayaa hoo,शायद समझ आ गया हो
C:\Users\edwin\OneDrive\Desktop\Capstone\hindi indic\HDSD\hindi_sent\M03\M03_S1_H19_M2.wav,M03,S1,H19,M,False,main bhuula hii gayaa thaa isa baata koo,मैं भूला ही गया था इस बात को
C:\Users\edwin\OneDrive\Desktop\Capstone\hindi indic\HDSD\hindi_sent\M03\M03_S1_H20_M2.wav,M03,S1,H20,M,False,magara vaha bhii nahiin huaa,मगर वह भी नहीं हुआ
C:\Users\edwin\OneDrive\Desktop\Capstone\hindi indic\HDSD\hindi_sent\M03\M03_S1_H21_M2.wav,M03,S1,H21,M,False,dara kaa artha hootaa hai bhaya,दर का अर्थ होता है भय
C:\Users\edwin\OneDrive\Desktop\Capstone\hindi indic\HDSD\hindi_sent\M03\M03_S1_H22_M2.wav,M03,S1,H22,M,False,eika baara phira sei aabhaara,एक बार फिर से आभार
C:\Users\edwin\OneDrive\Desktop\Capstone\hindi indic\HDSD\hindi_sent\M03\M03_S1_H23_M2.wav,M03,S1,H23,M,False,naa jaanei kitanei looga isei padhtei hai,ना जाने कितने लोग इसे पढ़ते है
C:\Users\edwin\OneDrive\Desktop\Capstone\hindi indic\HDSD\hindi_sent\M03\M03_S1_H26_M2.wav,M03,S1,H26,M,False,aapa apanaa yaha achchhaa kaarya jaarii rakhein,आप अपना यह अच्छा कार्य जारी रखें
C:\Users\edwin\OneDrive\Desktop\Capstone\hindi indic\HDSD\hindi_sent\M03\M03_S1_H27_M2.wav,M03,S1,H27,M,False,main bhaarata mein rahataa huuna,मैं भारत में रहता हूं
C:\Users\edwin\OneDrive\Desktop\Capstone\hindi indic\HDSD\hindi_sent\M03\M03_S1_H30_M2.wav,M03,S1,H30,M,False,jaldii sei jaldii kuchha kiijiei,जल्दी से जल्दी कुछ कीजिए
C:\Users\edwin\OneDrive\Desktop\Capstone\hindi indic\HDSD\hindi_sent\M05\M05_S1_H01_M2.wav,M05,S1,H01,M,False,aapakei hindii pasanda karanei para khushii huii,आपके हिंदी पसंद करने पर खुशी हुई
C:\Users\edwin\OneDrive\Desktop\Capstone\hindi indic\HDSD\hindi_sent\M05\M05_S1_H02_M2.wav,M05,S1,H02,M,False,isakei badalei mein tuma kuchha aura maanaga loo,इसके बदले में तुम कुछ और मांग लो
C:\Users\edwin\OneDrive\Desktop\Capstone\hindi indic\HDSD\hindi_sent\M05\M05_S1_H03_M2.wav,M05,S1,H03,M,False,chikitsaa kaa artha hootaa hai ilaaja,चिकित्सा का अर्थ होता है इलाज
C:\Users\edwin\OneDrive\Desktop\Capstone\hindi indic\HDSD\hindi_sent\M05\M05_S1_H04_M2.wav,M05,S1,H04,M,False,isei aisei hii jaarii rakhein,इसे ऐसे ही जारी रखें
C:\Users\edwin\OneDrive\Desktop\Capstone\hindi indic\HDSD\hindi_sent\M05\M05_S1_H05_M2.wav,M05,S1,H05,M,False,madada kei liyei bahuta dhanyavaada,मदद के लिए बहुत धन्यवाद
C:\Users\edwin\OneDrive\Desktop\Capstone\hindi indic\HDSD\hindi_sent\M05\M05_S1_H06_M2.wav,M05,S1,H06,M,False,aba joo main kahataa huuna usakaa paalana karoo,अब जो मैं कहता हूं उसका पालन करो
C:\Users\edwin\OneDrive\Desktop\Capstone\hindi indic\HDSD\hindi_sent\M05\M05_S1_H07_M2.wav,M05,S1,H07,M,False,bhaarata mein aisaa nahiin huaa hai,भारत में ऐसा नहीं हुआ है
C:\Users\edwin\OneDrive\Desktop\Capstone\hindi indic\HDSD\hindi_sent\M05\M05_S1_H08_M2.wav,M05,S1,H08,M,False,isa sahayooga heitu bhii isa sahayooga heitu bhii bahuta dhanyavaada dhanyavaada,इस सहयोग हेतु भी इस सहयोग हेतु भी बहुत धन्यवाद धन्यवाद
C:\Users\edwin\OneDrive\Desktop\Capstone\hindi indic\HDSD\hindi_sent\M05\M05_S1_H11_M2.wav,M05,S1,H11,M,False,yahaan sei sangharshha kaa daura shuruu huaa,यहाँ से संघर्ष का दौर शुरू हुआ
C:\Users\edwin\OneDrive\Desktop\Capstone\hindi indic\HDSD\hindi_sent\M05\M05_S1_H12_M2.wav,M05,S1,H12,M,False,doonoon mein badaa antara thaa,दोनों में बड़ा अंतर था
C:\Users\edwin\OneDrive\Desktop\Capstone\hindi indic\HDSD\hindi_sent\M05\M05_S1_H14_M2.wav,M05,S1,H14,M,False,bahuta sei looga aisaa kara rahei hai,बहुत से लोग ऐसा कर रहे है
C:\Users\edwin\OneDrive\Desktop\Capstone\hindi indic\HDSD\hindi_sent\M05\M05_S1_H15_M2.wav,M05,S1,H15,M,False,samaya kei saatha hii nahiin usasei aagei chalaa jaaei chalaa jaaei,समय के साथ ही नहीं उससे आगे चला जाए चला जाए
C:\Users\edwin\OneDrive\Desktop\Capstone\hindi indic\HDSD\hindi_sent\M05\M05_S1_H17_M2.wav,M05,S1,H17,M,False,shaayada samajha aa gayaa hoo,शायद समझ आ गया हो
C:\Users\edwin\OneDrive\Desktop\Capstone\hindi indic\HDSD\hindi_sent\M05\M05_S1_H19_M2.wav,M05,S1,H19,M,False,main bhuula hii gayaa thaa isa baata koo,मैं भूला ही गया था इस बात को
C:\Users\edwin\OneDrive\Desktop\Capstone\hindi indic\HDSD\hindi_sent\M05\M05_S1_H20_M2.wav,M05,S1,H20,M,False,magara vaha bhii nahiin huaa,मगर वह भी नहीं हुआ
C:\Users\edwin\OneDrive\Desktop\Capstone\hindi indic\HDSD\hindi_sent\M05\M05_S1_H21_M2.wav,M05,S1,H21,M,False,dara kaa artha hootaa hai bhaya,दर का अर्थ होता है भय
C:\Users\edwin\OneDrive\Desktop\Capstone\hindi indic\HDSD\hindi_sent\M05\M05_S1_H22_M2.wav,M05,S1,H22,M,False,eika baara phira sei aabhaara,एक बार फिर से आभार
C:\Users\edwin\OneDrive\Desktop\Capstone\hindi indic\HDSD\hindi_sent\M05\M05_S1_H23_M2.wav,M05,S1,H23,M,False,naa jaanei kitanei looga isei padhtei hai,ना जाने कितने लोग इसे पढ़ते है
C:\Users\edwin\OneDrive\Desktop\Capstone\hindi indic\HDSD\hindi_sent\M05\M05_S1_H26_M2.wav,M05,S1,H26,M,False,aapa apanaa yaha achchhaa kaarya jaarii rakhein,आप अपना यह अच्छा कार्य जारी रखें
C:\Users\edwin\OneDrive\Desktop\Capstone\hindi indic\HDSD\hindi_sent\M05\M05_S1_H27_M2.wav,M05,S1,H27,M,False,main bhaarata mein rahataa huuna,मैं भारत में रहता हूं
C:\Users\edwin\OneDrive\Desktop\Capstone\hindi indic\HDSD\hindi_sent\M05\M05_S1_H30_M2.wav,M05,S1,H30,M,False,jaldii sei jaldii kuchha kiijiei,जल्दी से जल्दी कुछ कीजिए
C:\Users\edwin\OneDrive\Desktop\Capstone\hindi indic\HDSD\hindi_sent\M08\M08_S1_H01_M2.wav,M08,S1,H01,M,False,aapakei hindii pasanda karanei para khushii huii,आपके हिंदी पसंद करने पर खुशी हुई
C:\Users\edwin\OneDrive\Desktop\Capstone\hindi indic\HDSD\hindi_sent\M08\M08_S1_H02_M2.wav,M08,S1,H02,M,False,isakei badalei mein tuma kuchha aura maanaga loo,इसके बदले में तुम कुछ और मांग लो
C:\Users\edwin\OneDrive\Desktop\Capstone\hindi indic\HDSD\hindi_sent\M08\M08_S1_H03_M2.wav,M08,S1,H03,M,False,chikitsaa kaa artha hootaa hai ilaaja,चिकित्सा का अर्थ होता है इलाज
C:\Users\edwin\OneDrive\Desktop\Capstone\hindi indic\HDSD\hindi_sent\M08\M08_S1_H04_M2.wav,M08,S1,H04,M,False,isei aisei hii jaarii rakhein,इसे ऐसे ही जारी रखें
C:\Users\edwin\OneDrive\Desktop\Capstone\hindi indic\HDSD\hindi_sent\M08\M08_S1_H05_M2.wav,M08,S1,H05,M,False,madada kei liyei bahuta dhanyavaada,मदद के लिए बहुत धन्यवाद
C:\Users\edwin\OneDrive\Desktop\Capstone\hindi indic\HDSD\hindi_sent\M08\M08_S1_H06_M2.wav,M08,S1,H06,M,False,aba joo main kahataa huuna usakaa paalana karoo,अब जो मैं कहता हूं उसका पालन करो
C:\Users\edwin\OneDrive\Desktop\Capstone\hindi indic\HDSD\hindi_sent\M08\M08_S1_H07_M2.wav,M08,S1,H07,M,False,bhaarata mein aisaa nahiin huaa hai,भारत में ऐसा नहीं हुआ है
C:\Users\edwin\OneDrive\Desktop\Capstone\hindi indic\HDSD\hindi_sent\M08\M08_S1_H08_M2.wav,M08,S1,H08,M,False,isa sahayooga heitu bhii bahuta dhanyavaada,इस सहयोग हेतु भी बहुत धन्यवाद
C:\Users\edwin\OneDrive\Desktop\Capstone\hindi indic\HDSD\hindi_sent\M08\M08_S1_H11_M2.wav,M08,S1,H11,M,False,yahaan sei sangharshha kaa daura shuruu huaa,यहाँ से संघर्ष का दौर शुरू हुआ
C:\Users\edwin\OneDrive\Desktop\Capstone\hindi indic\HDSD\hindi_sent\M08\M08_S1_H12_M2.wav,M08,S1,H12,M,False,doonoon mein badaa antara thaa,दोनों में बड़ा अंतर था
C:\Users\edwin\OneDrive\Desktop\Capstone\hindi indic\HDSD\hindi_sent\M08\M08_S1_H14_M2.wav,M08,S1,H14,M,False,bahuta sei looga aisaa kara rahei hai,बहुत से लोग ऐसा कर रहे है
C:\Users\edwin\OneDrive\Desktop\Capstone\hindi indic\HDSD\hindi_sent\M08\M08_S1_H15_M2.wav,M08,S1,H15,M,False,samaya kei saatha hii nahiin usasei aagei chalaa jaaei,समय के साथ ही नहीं उससे आगे चला जाए
C:\Users\edwin\OneDrive\Desktop\Capstone\hindi indic\HDSD\hindi_sent\M08\M08_S1_H17_M2.wav,M08,S1,H17,M,False,shaayada samajha aa gayaa hoo,शायद समझ आ गया हो
C:\Users\edwin\OneDrive\Desktop\Capstone\hindi indic\HDSD\hindi_sent\M08\M08_S1_H19_M2.wav,M08,S1,H19,M,False,main bhuula hii gayaa thaa isa baata koo,मैं भूला ही गया था इस बात को
C:\Users\edwin\OneDrive\Desktop\Capstone\hindi indic\HDSD\hindi_sent\M08\M08_S1_H20_M2.wav,M08,S1,H20,M,False,magara vaha bhii nahiin huaa,मगर वह भी नहीं हुआ
C:\Users\edwin\OneDrive\Desktop\Capstone\hindi indic\HDSD\hindi_sent\M08\M08_S1_H21_M2.wav,M08,S1,H21,M,False,dara kaa artha hootaa hai bhaya,दर का अर्थ होता है भय
C:\Users\edwin\OneDrive\Desktop\Capstone\hindi indic\HDSD\hindi_sent\M08\M08_S1_H22_M2.wav,M08,S1,H22,M,False,eika baara phira sei aabhaara,एक बार फिर से आभार
C:\Users\edwin\OneDrive\Desktop\Capstone\hindi indic\HDSD\hindi_sent\M08\M08_S1_H23_M2.wav,M08,S1,H23,M,False,naa jaanei kitanei looga isei padhtei hai,ना जाने कितने लोग इसे पढ़ते है
C:\Users\edwin\OneDrive\Desktop\Capstone\hindi indic\HDSD\hindi_sent\M08\M08_S1_H26_M2.wav,M08,S1,H26,M,False,aapa apanaa yaha achchhaa kaarya jaarii rakhein,आप अपना यह अच्छा कार्य जारी रखें
C:\Users\edwin\OneDrive\Desktop\Capstone\hindi indic\HDSD\hindi_sent\M08\M08_S1_H27_M2.wav,M08,S1,H27,M,False,main bhaarata mein rahataa huuna,मैं भारत में रहता हूं
C:\Users\edwin\OneDrive\Desktop\Capstone\hindi indic\HDSD\hindi_sent\M08\M08_S1_H30_M2.wav,M08,S1,H30,M,False,jaldii sei jaldii kuchha kiijiei,जल्दी से जल्दी कुछ कीजिए
C:\Users\edwin\OneDrive\Desktop\Capstone\hindi indic\HDSD\hindi_sent\M09\M09_S1_H01_M2.wav,M09,S1,H01,M,False,aapakei hindii pasanda karanei para khushii huii,आपके हिंदी पसंद करने पर खुशी हुई
C:\Users\edwin\OneDrive\Desktop\Capstone\hindi indic\HDSD\hindi_sent\M09\M09_S1_H02_M2.wav,M09,S1,H02,M,False,isakei badalei mein tuma kuchha aura maanaga loo,इसके बदले में तुम कुछ और मांग लो
C:\Users\edwin\OneDrive\Desktop\Capstone\hindi indic\HDSD\hindi_sent\M09\M09_S1_H03_M2.wav,M09,S1,H03,M,False,chikitsaa kaa artha hootaa hai ilaaja,चिकित्सा का अर्थ होता है इलाज
C:\Users\edwin\OneDrive\Desktop\Capstone\hindi indic\HDSD\hindi_sent\M09\M09_S1_H04_M2.wav,M09,S1,H04,M,False,isei aisei hii jaarii rakhein,इसे ऐसे ही जारी रखें
C:\Users\edwin\OneDrive\Desktop\Capstone\hindi indic\HDSD\hindi_sent\M09\M09_S1_H05_M2.wav,M09,S1,H05,M,False,madada kei liyei bahuta dhanyavaada,मदद के लिए बहुत धन्यवाद
C:\Users\edwin\OneDrive\Desktop\Capstone\hindi indic\HDSD\hindi_sent\M09\M09_S1_H06_M2.wav,M09,S1,H06,M,False,aba joo main kahataa huuna usakaa paalana karoo,अब जो मैं कहता हूं उसका पालन करो
C:\Users\edwin\OneDrive\Desktop\Capstone\hindi indic\HDSD\hindi_sent\M09\M09_S1_H07_M2.wav,M09,S1,H07,M,False,bhaarata mein aisaa nahiin huaa hai,भारत में ऐसा नहीं हुआ है
C:\Users\edwin\OneDrive\Desktop\Capstone\hindi indic\HDSD\hindi_sent\M09\M09_S1_H08_M2.wav,M09,S1,H08,M,False,isa sahayooga heitu bhii bahuta dhanyavaada,इस सहयोग हेतु भी बहुत धन्यवाद
C:\Users\edwin\OneDrive\Desktop\Capstone\hindi indic\HDSD\hindi_sent\M09\M09_S1_H11_M2.wav,M09,S1,H11,M,False,yahaan sei sangharshha kaa daura shuruu huaa,यहाँ से संघर्ष का दौर शुरू हुआ
C:\Users\edwin\OneDrive\Desktop\Capstone\hindi indic\HDSD\hindi_sent\M09\M09_S1_H12_M2.wav,M09,S1,H12,M,False,doonoon mein badaa antara thaa,दोनों में बड़ा अंतर था
C:\Users\edwin\OneDrive\Desktop\Capstone\hindi indic\HDSD\hindi_sent\M09\M09_S1_H14_M2.wav,M09,S1,H14,M,False,bahuta sei looga aisaa kara rahei hai,बहुत से लोग ऐसा कर रहे है
C:\Users\edwin\OneDrive\Desktop\Capstone\hindi indic\HDSD\hindi_sent\M09\M09_S1_H15_M2.wav,M09,S1,H15,M,False,samaya kei saatha hii nahiin usasei aagei chalaa jaaei,समय के साथ ही नहीं उससे आगे चला जाए
C:\Users\edwin\OneDrive\Desktop\Capstone\hindi indic\HDSD\hindi_sent\M09\M09_S1_H17_M2.wav,M09,S1,H17,M,False,shaayada samajha aa gayaa hoo,शायद समझ आ गया हो
C:\Users\edwin\OneDrive\Desktop\Capstone\hindi indic\HDSD\hindi_sent\M09\M09_S1_H19_M2.wav,M09,S1,H19,M,False,main bhuula hii gayaa thaa isa baata koo,मैं भूला ही गया था इस बात को
C:\Users\edwin\OneDrive\Desktop\Capstone\hindi indic\HDSD\hindi_sent\M09\M09_S1_H20_M2.wav,M09,S1,H20,M,False,magara vaha bhii nahiin huaa,मगर वह भी नहीं हुआ
C:\Users\edwin\OneDrive\Desktop\Capstone\hindi indic\HDSD\hindi_sent\M09\M09_S1_H21_M2.wav,M09,S1,H21,M,False,dara kaa artha hootaa hai bhaya,दर का अर्थ होता है भय
C:\Users\edwin\OneDrive\Desktop\Capstone\hindi indic\HDSD\hindi_sent\M09\M09_S1_H22_M2.wav,M09,S1,H22,M,False,eika baara phira sei aabhaara,एक बार फिर से आभार
C:\Users\edwin\OneDrive\Desktop\Capstone\hindi indic\HDSD\hindi_sent\M09\M09_S1_H23_M2.wav,M09,S1,H23,M,False,naa jaanei kitanei looga isei padhtei hai,ना जाने कितने लोग इसे पढ़ते है
C:\Users\edwin\OneDrive\Desktop\Capstone\hindi indic\HDSD\hindi_sent\M09\M09_S1_H26_M2.wav,M09,S1,H26,M,False,aapa apanaa yaha achchhaa kaarya jaarii rakhein,आप अपना यह अच्छा कार्य जारी रखें
C:\Users\edwin\OneDrive\Desktop\Capstone\hindi indic\HDSD\hindi_sent\M09\M09_S1_H27_M2.wav,M09,S1,H27,M,False,main bhaarata mein rahataa huuna,मैं भारत में रहता हूं
C:\Users\edwin\OneDrive\Desktop\Capstone\hindi indic\HDSD\hindi_sent\M09\M09_S1_H30_M2.wav,M09,S1,H30,M,False,jaldii sei jaldii kuchha kiijiei,जल्दी से जल्दी कुछ कीजिए
C:\Users\edwin\OneDrive\Desktop\Capstone\hindi indic\HDSD\hindi_sent\M10\M10_S1_H01_M2.wav,M10,S1,H01,M,False,aapakei hindii pasanda karanei para khushii huii,आपके हिंदी पसंद करने पर खुशी हुई
C:\Users\edwin\OneDrive\Desktop\Capstone\hindi indic\HDSD\hindi_sent\M10\M10_S1_H02_M2.wav,M10,S1,H02,M,False,isakei badalei mein tuma kuchha aura maanaga loo,इसके बदले में तुम कुछ और मांग लो
C:\Users\edwin\OneDrive\Desktop\Capstone\hindi indic\HDSD\hindi_sent\M10\M10_S1_H03_M2.wav,M10,S1,H03,M,False,chikitsaa kaa artha hootaa hai ilaaja,चिकित्सा का अर्थ होता है इलाज
C:\Users\edwin\OneDrive\Desktop\Capstone\hindi indic\HDSD\hindi_sent\M10\M10_S1_H04_M2.wav,M10,S1,H04,M,False,isei aisei hii jaarii rakhein,इसे ऐसे ही जारी रखें
C:\Users\edwin\OneDrive\Desktop\Capstone\hindi indic\HDSD\hindi_sent\M10\M10_S1_H05_M2.wav,M10,S1,H05,M,False,madada kei liyei bahuta dhanyavaada,मदद के लिए बहुत धन्यवाद
C:\Users\edwin\OneDrive\Desktop\Capstone\hindi indic\HDSD\hindi_sent\M10\M10_S1_H06_M2.wav,M10,S1,H06,M,False,aba joo main kahataa huuna usakaa paalana karoo,अब जो मैं कहता हूं उसका पालन करो
C:\Users\edwin\OneDrive\Desktop\Capstone\hindi indic\HDSD\hindi_sent\M10\M10_S1_H07_M2.wav,M10,S1,H07,M,False,bhaarata mein aisaa nahiin huaa hai,भारत में ऐसा नहीं हुआ है
C:\Users\edwin\OneDrive\Desktop\Capstone\hindi indic\HDSD\hindi_sent\M10\M10_S1_H08_M2.wav,M10,S1,H08,M,False,isa sahayooga heitu bhii bahuta dhanyavaada,इस सहयोग हेतु भी बहुत धन्यवाद
C:\Users\edwin\OneDrive\Desktop\Capstone\hindi indic\HDSD\hindi_sent\M10\M10_S1_H11_M2.wav,M10,S1,H11,M,False,yahaan sei sangharshha kaa daura shuruu huaa,यहाँ से संघर्ष का दौर शुरू हुआ
C:\Users\edwin\OneDrive\Desktop\Capstone\hindi indic\HDSD\hindi_sent\M10\M10_S1_H12_M2.wav,M10,S1,H12,M,False,doonoon mein badaa antara thaa,दोनों में बड़ा अंतर था
C:\Users\edwin\OneDrive\Desktop\Capstone\hindi indic\HDSD\hindi_sent\M10\M10_S1_H14_M2.wav,M10,S1,H14,M,False,bahuta sei looga aisaa kara rahei hai,बहुत से लोग ऐसा कर रहे है
C:\Users\edwin\OneDrive\Desktop\Capstone\hindi indic\HDSD\hindi_sent\M10\M10_S1_H15_M2.wav,M10,S1,H15,M,False,samaya kei saatha hii nahiin usasei aagei chalaa jaaei,समय के साथ ही नहीं उससे आगे चला जाए
C:\Users\edwin\OneDrive\Desktop\Capstone\hindi indic\HDSD\hindi_sent\M10\M10_S1_H17_M2.wav,M10,S1,H17,M,False,shaayada samajha aa gayaa hoo,शायद समझ आ गया हो
C:\Users\edwin\OneDrive\Desktop\Capstone\hindi indic\HDSD\hindi_sent\M10\M10_S1_H19_M2.wav,M10,S1,H19,M,False,main bhuula hii gayaa thaa isa baata koo,मैं भूला ही गया था इस बात को
C:\Users\edwin\OneDrive\Desktop\Capstone\hindi indic\HDSD\hindi_sent\M10\M10_S1_H20_M2.wav,M10,S1,H20,M,False,magara vaha bhii nahiin huaa,मगर वह भी नहीं हुआ
C:\Users\edwin\OneDrive\Desktop\Capstone\hindi indic\HDSD\hindi_sent\M10\M10_S1_H21_M2.wav,M10,S1,H21,M,False,dara kaa artha hootaa hai bhaya,दर का अर्थ होता है भय
C:\Users\edwin\OneDrive\Desktop\Capstone\hindi indic\HDSD\hindi_sent\M10\M10_S1_H22_M2.wav,M10,S1,H22,M,False,eika baara phira sei aabhaara,एक बार फिर से आभार
C:\Users\edwin\OneDrive\Desktop\Capstone\hindi indic\HDSD\hindi_sent\M10\M10_S1_H23_M2.wav,M10,S1,H23,M,False,naa jaanei kitanei looga isei padhtei hai,ना जाने कितने लोग इसे पढ़ते है
C:\Users\edwin\OneDrive\Desktop\Capstone\hindi indic\HDSD\hindi_sent\M10\M10_S1_H26_M2.wav,M10,S1,H26,M,False,aapa apanaa yaha achchhaa kaarya jaarii rakhein,आप अपना यह अच्छा कार्य जारी रखें
C:\Users\edwin\OneDrive\Desktop\Capstone\hindi indic\HDSD\hindi_sent\M10\M10_S1_H27_M2.wav,M10,S1,H27,M,False,main bhaarata mein rahataa huuna,मैं भारत में रहता हूं
C:\Users\edwin\OneDrive\Desktop\Capstone\hindi indic\HDSD\hindi_sent\M10\M10_S1_H30_M2.wav,M10,S1,H30,M,False,jaldii sei jaldii kuchha kiijiei,जल्दी से जल्दी कुछ कीजिए
C:\Users\edwin\OneDrive\Desktop\Capstone\hindi indic\HDSD\hindi_sent\M13\M13_S1_H01_M2.wav,M13,S1,H01,M,False,aapakei hindii pasanda karanei para khushii huii,आपके हिंदी पसंद करने पर खुशी हुई
C:\Users\edwin\OneDrive\Desktop\Capstone\hindi indic\HDSD\hindi_sent\M13\M13_S1_H02_M2.wav,M13,S1,H02,M,False,isakei badalei mein tuma kuchha aura maanaga loo,इसके बदले में तुम कुछ और मांग लो
C:\Users\edwin\OneDrive\Desktop\Capstone\hindi indic\HDSD\hindi_sent\M13\M13_S1_H03_M2.wav,M13,S1,H03,M,False,chikitsaa kaa artha hootaa hai ilaaja,चिकित्सा का अर्थ होता है इलाज
C:\Users\edwin\OneDrive\Desktop\Capstone\hindi indic\HDSD\hindi_sent\M13\M13_S1_H04_M2.wav,M13,S1,H04,M,False,isei aisei hii jaarii rakhein,इसे ऐसे ही जारी रखें
C:\Users\edwin\OneDrive\Desktop\Capstone\hindi indic\HDSD\hindi_sent\M13\M13_S1_H05_M2.wav,M13,S1,H05,M,False,madada kei liyei bahuta dhanyavaada,मदद के लिए बहुत धन्यवाद
C:\Users\edwin\OneDrive\Desktop\Capstone\hindi indic\HDSD\hindi_sent\M13\M13_S1_H06_M2.wav,M13,S1,H06,M,False,aba joo main kahataa huuna usakaa paalana karoo,अब जो मैं कहता हूं उसका पालन करो
C:\Users\edwin\OneDrive\Desktop\Capstone\hindi indic\HDSD\hindi_sent\M13\M13_S1_H07_M2.wav,M13,S1,H07,M,False,bhaarata mein aisaa nahiin huaa hai,भारत में ऐसा नहीं हुआ है
C:\Users\edwin\OneDrive\Desktop\Capstone\hindi indic\HDSD\hindi_sent\M13\M13_S1_H08_M2.wav,M13,S1,H08,M,False,isa sahayooga heitu bhii bahuta dhanyavaada,इस सहयोग हेतु भी बहुत धन्यवाद
C:\Users\edwin\OneDrive\Desktop\Capstone\hindi indic\HDSD\hindi_sent\M13\M13_S1_H11_M2.wav,M13,S1,H11,M,False,yahaan sei sangharshha kaa daura shuruu huaa,यहाँ से संघर्ष का दौर शुरू हुआ
C:\Users\edwin\OneDrive\Desktop\Capstone\hindi indic\HDSD\hindi_sent\M13\M13_S1_H12_M2.wav,M13,S1,H12,M,False,doonoon mein badaa antara thaa,दोनों में बड़ा अंतर था
C:\Users\edwin\OneDrive\Desktop\Capstone\hindi indic\HDSD\hindi_sent\M13\M13_S1_H14_M2.wav,M13,S1,H14,M,False,bahuta sei looga aisaa kara rahei hai,बहुत से लोग ऐसा कर रहे है
C:\Users\edwin\OneDrive\Desktop\Capstone\hindi indic\HDSD\hindi_sent\M13\M13_S1_H15_M2.wav,M13,S1,H15,M,False,samaya kei saatha hii nahiin usasei usasei aagei chalaa jaaei,समय के साथ ही नहीं उससे उससे आगे चला जाए
C:\Users\edwin\OneDrive\Desktop\Capstone\hindi indic\HDSD\hindi_sent\M13\M13_S1_H17_M2.wav,M13,S1,H17,M,False,shaayada samajha aa gayaa hoo,शायद समझ आ गया हो
C:\Users\edwin\OneDrive\Desktop\Capstone\hindi indic\HDSD\hindi_sent\M13\M13_S1_H19_M2.wav,M13,S1,H19,M,False,main bhuula hii gayaa thaa isa baata koo,मैं भूला ही गया था इस बात को
C:\Users\edwin\OneDrive\Desktop\Capstone\hindi indic\HDSD\hindi_sent\M13\M13_S1_H20_M2.wav,M13,S1,H20,M,False,magara vaha bhii nahiin huaa,मगर वह भी नहीं हुआ
C:\Users\edwin\OneDrive\Desktop\Capstone\hindi indic\HDSD\hindi_sent\M13\M13_S1_H21_M2.wav,M13,S1,H21,M,False,dara kaa artha hootaa hai bhaya,दर का अर्थ होता है भय
C:\Users\edwin\OneDrive\Desktop\Capstone\hindi indic\HDSD\hindi_sent\M13\M13_S1_H22_M2.wav,M13,S1,H22,M,False,eika baara phira sei aabhaara,एक बार फिर से आभार
C:\Users\edwin\OneDrive\Desktop\Capstone\hindi indic\HDSD\hindi_sent\M13\M13_S1_H23_M2.wav,M13,S1,H23,M,False,naa jaanei kitanei looga isei padhtei hai,ना जाने कितने लोग इसे पढ़ते है
C:\Users\edwin\OneDrive\Desktop\Capstone\hindi indic\HDSD\hindi_sent\M13\M13_S1_H26_M2.wav,M13,S1,H26,M,False,aapa apanaa yaha achchhaa kaarya jaarii rakhein,आप अपना यह अच्छा कार्य जारी रखें
C:\Users\edwin\OneDrive\Desktop\Capstone\hindi indic\HDSD\hindi_sent\M13\M13_S1_H27_M2.wav,M13,S1,H27,M,False,main bhaarata mein rahataa huuna,मैं भारत में रहता हूं
C:\Users\edwin\OneDrive\Desktop\Capstone\hindi indic\HDSD\hindi_sent\M13\M13_S1_H30_M2.wav,M13,S1,H30,M,False,jaldii sei jaldii kuchha kiijiei,जल्दी से जल्दी कुछ कीजिए
C:\Users\edwin\OneDrive\Desktop\Capstone\hindi indic\HDSD\hindi_sent\M15\M15_S1_H01_M2.wav,M15,S1,H01,M,False,aapakei hindii pasanda karanei khushii huii,आपके हिंदी पसंद करने खुशी हुई
C:\Users\edwin\OneDrive\Desktop\Capstone\hindi indic\HDSD\hindi_sent\M15\M15_S1_H02_M2.wav,M15,S1,H02,M,False,isakei badalei mein tuma kuchha aura maanaga,इसके बदले में तुम कुछ और मांग
C:\Users\edwin\OneDrive\Desktop\Capstone\hindi indic\HDSD\hindi_sent\M15\M15_S1_H03_M2.wav,M15,S1,H03,M,False,chikitsaa kaa artha hootaa hai ilaaja,चिकित्सा का अर्थ होता है इलाज
C:\Users\edwin\OneDrive\Desktop\Capstone\hindi indic\HDSD\hindi_sent\M15\M15_S1_H04_M2.wav,M15,S1,H04,M,False,isei aisei hii jaarii rakhein,इसे ऐसे ही जारी रखें
C:\Users\edwin\OneDrive\Desktop\Capstone\hindi indic\HDSD\hindi_sent\M15\M15_S1_H05_M2.wav,M15,S1,H05,M,False,madada kei liyei bahuta dhanyavaada,मदद के लिए बहुत धन्यवाद
C:\Users\edwin\OneDrive\Desktop\Capstone\hindi indic\HDSD\hindi_sent\M15\M15_S1_H06_M2.wav,M15,S1,H06,M,False,aba main joo kahataa usakaa paalana karoo,अब मैं जो कहता उसका पालन करो
C:\Users\edwin\OneDrive\Desktop\Capstone\hindi indic\HDSD\hindi_sent\M15\M15_S1_H07_M2.wav,M15,S1,H07,M,False,bhaarata aisaa nahiin huaa,भारत ऐसा नहीं हुआ
C:\Users\edwin\OneDrive\Desktop\Capstone\hindi indic\HDSD\hindi_sent\M15\M15_S1_H08_M2.wav,M15,S1,H08,M,False,isa sahayooga heitu bhii bahuta dhanyavaada,इस सहयोग हेतु भी बहुत धन्यवाद
C:\Users\edwin\OneDrive\Desktop\Capstone\hindi indic\HDSD\hindi_sent\M15\M15_S1_H11_M2.wav,M15,S1,H11,M,False,yahaan sei sangharshha kaa daura shuruu huaa,यहाँ से संघर्ष का दौर शुरू हुआ
C:\Users\edwin\OneDrive\Desktop\Capstone\hindi indic\HDSD\hindi_sent\M15\M15_S1_H12_M2.wav,M15,S1,H12,M,False,doonoon badaa antara thaa,दोनों बड़ा अंतर था
C:\Users\edwin\OneDrive\Desktop\Capstone\hindi indic\HDSD\hindi_sent\M15\M15_S1_H14_M2.wav,M15,S1,H14,M,False,bahuta sei looga aisaa kara,बहुत से लोग ऐसा कर
C:\Users\edwin\OneDrive\Desktop\Capstone\hindi indic\HDSD\hindi_sent\M15\M15_S1_H15_M2.wav,M15,S1,H15,M,False,samaya kei saatha usasei aagei chalaa jaaei,समय के साथ उससे आगे चला जाए
C:\Users\edwin\OneDrive\Desktop\Capstone\hindi indic\HDSD\hindi_sent\M15\M15_S1_H17_M2.wav,M15,S1,H17,M,False,shaayada samajha aa gayaa,शायद समझ आ गया
C:\Users\edwin\OneDrive\Desktop\Capstone\hindi indic\HDSD\hindi_sent\M15\M15_S1_H19_M2.wav,M15,S1,H19,M,False,main bhuula hii gayaa isa baata,मैं भूला ही गया इस बात
C:\Users\edwin\OneDrive\Desktop\Capstone\hindi indic\HDSD\hindi_sent\M15\M15_S1_H20_M2.wav,M15,S1,H20,M,False,magara vaha bhii nahiin huaa,मगर वह भी नहीं हुआ
C:\Users\edwin\OneDrive\Desktop\Capstone\hindi indic\HDSD\hindi_sent\M15\M15_S1_H21_M2.wav,M15,S1,H21,M,False,dara kaa artha hootaa,दर का अर्थ होता
C:\Users\edwin\OneDrive\Desktop\Capstone\hindi indic\HDSD\hindi_sent\M15\M15_S1_H22_M2.wav,M15,S1,H22,M,False,eika baara phira sei,एक बार फिर से
C:\Users\edwin\OneDrive\Desktop\Capstone\hindi indic\HDSD\hindi_sent\M15\M15_S1_H23_M2.wav,M15,S1,H23,M,False,naa jaanei kitanei looga isei,ना जाने कितने लोग इसे
C:\Users\edwin\OneDrive\Desktop\Capstone\hindi indic\HDSD\hindi_sent\M15\M15_S1_H26_M2.wav,M15,S1,H26,M,False,aapa apanaa achchhaa kaarya jaarii rakhein,आप अपना अच्छा कार्य जारी रखें
C:\Users\edwin\OneDrive\Desktop\Capstone\hindi indic\HDSD\hindi_sent\M15\M15_S1_H27_M2.wav,M15,S1,H27,M,False,main bhaarata rahataa huuna,मैं भारत रहता हूं
C:\Users\edwin\OneDrive\Desktop\Capstone\hindi indic\HDSD\hindi_sent\M15\M15_S1_H30_M2.wav,M15,S1,H30,M,False,jaldii sei jaldii kuchha kiijiei,जल्दी से जल्दी कुछ कीजिए
C:\Users\edwin\OneDrive\Desktop\Capstone\hindi indic\HDSD\hindi_sent\M15\M15_S2_H01_M2.wav,M15,S2,H01,M,False,aapakei hindii pasanda karanei khushii,आपके हिंदी पसंद करने खुशी
C:\Users\edwin\OneDrive\Desktop\Capstone\hindi indic\HDSD\hindi_sent\M15\M15_S2_H02_M2.wav,M15,S2,H02,M,False,isakei badalei mein tuma kuchha aura maanaga,इसके बदले में तुम कुछ और मांग
C:\Users\edwin\OneDrive\Desktop\Capstone\hindi indic\HDSD\hindi_sent\M15\M15_S2_H03_M2.wav,M15,S2,H03,M,False,chikitsaa kaa hootaa ilaaja,चिकित्सा का होता इलाज
C:\Users\edwin\OneDrive\Desktop\Capstone\hindi indic\HDSD\hindi_sent\M15\M15_S2_H04_M2.wav,M15,S2,H04,M,False,isei aisei jaarii rakhein,इसे ऐसे जारी रखें
C:\Users\edwin\OneDrive\Desktop\Capstone\hindi indic\HDSD\hindi_sent\M15\M15_S2_H05_M2.wav,M15,S2,H05,M,False,madada kei bahuta dhanyavaada,मदद के बहुत धन्यवाद
C:\Users\edwin\OneDrive\Desktop\Capstone\hindi indic\HDSD\hindi_sent\M15\M15_S2_H06_M2.wav,M15,S2,H06,M,False,aba joo main kahataa usakaa paalana,अब जो मैं कहता उसका पालन
C:\Users\edwin\OneDrive\Desktop\Capstone\hindi indic\HDSD\hindi_sent\M15\M15_S2_H07_M2.wav,M15,S2,H07,M,False,bhaarata aisaa nahiin huaa hai,भारत ऐसा नहीं हुआ है
C:\Users\edwin\OneDrive\Desktop\Capstone\hindi indic\HDSD\hindi_sent\M15\M15_S2_H08_M2.wav,M15,S2,H08,M,False,isa sahayooga heitu bhii bahuta dhanyavaada,इस सहयोग हेतु भी बहुत धन्यवाद
C:\Users\edwin\OneDrive\Desktop\Capstone\hindi indic\HDSD\hindi_sent\M15\M15_S2_H11_M2.wav,M15,S2,H11,M,False,yahaan sei sangharshha kaa daura shuruu,यहाँ से संघर्ष का दौर शुरू
C:\Users\edwin\OneDrive\Desktop\Capstone\hindi indic\HDSD\hindi_sent\M15\M15_S2_H12_M2.wav,M15,S2,H12,M,False,mein badaa antara thaa,में बड़ा अंतर था
C:\Users\edwin\OneDrive\Desktop\Capstone\hindi indic\HDSD\hindi_sent\M15\M15_S2_H14_M2.wav,M15,S2,H14,M,False,aisaa kara bahuta sei looga aisaa kara rahei,ऐसा कर बहुत से लोग ऐसा कर रहे
C:\Users\edwin\OneDrive\Desktop\Capstone\hindi indic\HDSD\hindi_sent\M15\M15_S2_H15_M2.wav,M15,S2,H15,M,False,samaya kei saatha nahiin usasei aagei chalaa jaaei,समय के साथ नहीं उससे आगे चला जाए
C:\Users\edwin\OneDrive\Desktop\Capstone\hindi indic\HDSD\hindi_sent\M15\M15_S2_H17_M2.wav,M15,S2,H17,M,False,shaayada samajha aa,शायद समझ आ
C:\Users\edwin\OneDrive\Desktop\Capstone\hindi indic\HDSD\hindi_sent\M15\M15_S2_H19_M2.wav,M15,S2,H19,M,False,main bhuula hii gayaa isa baata,मैं भूला ही गया इस बात
C:\Users\edwin\OneDrive\Desktop\Capstone\hindi indic\HDSD\hindi_sent\M15\M15_S2_H20_M2.wav,M15,S2,H20,M,False,magara vaha bhii nahiin,मगर वह भी नहीं
C:\Users\edwin\OneDrive\Desktop\Capstone\hindi indic\HDSD\hindi_sent\M15\M15_S2_H21_M2.wav,M15,S2,H21,M,False,dara kaa artha hootaa bhaya,दर का अर्थ होता भय
C:\Users\edwin\OneDrive\Desktop\Capstone\hindi indic\HDSD\hindi_sent\M15\M15_S2_H22_M2.wav,M15,S2,H22,M,False,eika baara phira sei aabhaara,एक बार फिर से आभार
C:\Users\edwin\OneDrive\Desktop\Capstone\hindi indic\HDSD\hindi_sent\M15\M15_S2_H23_M2.wav,M15,S2,H23,M,False,naa jaanei kitanei looga isei padhtei,ना जाने कितने लोग इसे पढ़ते
C:\Users\edwin\OneDrive\Desktop\Capstone\hindi indic\HDSD\hindi_sent\M15\M15_S2_H26_M2.wav,M15,S2,H26,M,False,aapa apanaa achchhaa jaarii,आप अपना अच्छा जारी
C:\Users\edwin\OneDrive\Desktop\Capstone\hindi indic\HDSD\hindi_sent\M15\M15_S2_H27_M2.wav,M15,S2,H27,M,False,main bhaarata rahataa,मैं भारत रहता
C:\Users\edwin\OneDrive\Desktop\Capstone\hindi indic\HDSD\hindi_sent\M15\M15_S2_H30_M2.wav,M15,S2,H30,M,False,jaldii sei jaldii kuchha kiijiei,जल्दी से जल्दी कुछ कीजिए
C:\Users\edwin\OneDrive\Desktop\Capstone\hindi indic\HDSD\hindi_sent\M15\M15_S3_H06_M2.wav,M15,S3,H06,M,False,aba joo main kahataa huuna usakaa paalana karoo,अब जो मैं कहता हूं उसका पालन करो
C:\Users\edwin\OneDrive\Desktop\Capstone\hindi indic\HDSD\hindi_sent\M15\M15_S3_H07_M2.wav,M15,S3,H07,M,False,bhaarata aisaa nahiin huaa hai,भारत ऐसा नहीं हुआ है
C:\Users\edwin\OneDrive\Desktop\Capstone\hindi indic\HDSD\hindi_sent\M15\M15_S3_H08_M2.wav,M15,S3,H08,M,False,isa sahayooga heitu bahuta dhanyavaada,इस सहयोग हेतु बहुत धन्यवाद
C:\Users\edwin\OneDrive\Desktop\Capstone\hindi indic\HDSD\hindi_sent\M15\M15_S3_H11_M2.wav,M15,S3,H11,M,False,yahaan sei sangharshha kaa daura shuruu huaa,यहाँ से संघर्ष का दौर शुरू हुआ
C:\Users\edwin\OneDrive\Desktop\Capstone\hindi indic\HDSD\hindi_sent\M15\M15_S3_H12_M2.wav,M15,S3,H12,M,False,doonoon badaa antara thaa,दोनों बड़ा अंतर था
C:\Users\edwin\OneDrive\Desktop\Capstone\hindi indic\HDSD\hindi_sent\M16\M16_S1_H01_M2.wav,M16,S1,H01,M,False,aapakei hindii pasanda karanei para khushii huii,आपके हिंदी पसंद करने पर खुशी हुई
C:\Users\edwin\OneDrive\Desktop\Capstone\hindi indic\HDSD\hindi_sent\M16\M16_S1_H02_M2.wav,M16,S1,H02,M,False,isakei badalei mein tuma kuchha aura maanaga loo,इसके बदले में तुम कुछ और मांग लो
C:\Users\edwin\OneDrive\Desktop\Capstone\hindi indic\HDSD\hindi_sent\M16\M16_S1_H03_M2.wav,M16,S1,H03,M,False,chikitsaa kaa artha hootaa hai ilaaja,चिकित्सा का अर्थ होता है इलाज
C:\Users\edwin\OneDrive\Desktop\Capstone\hindi indic\HDSD\hindi_sent\M16\M16_S1_H04_M2.wav,M16,S1,H04,M,False,isei aisei hii jaarii rakhein,इसे ऐसे ही जारी रखें
C:\Users\edwin\OneDrive\Desktop\Capstone\hindi indic\HDSD\hindi_sent\M16\M16_S1_H05_M2.wav,M16,S1,H05,M,False,madada kei liyei bahuta dhanyavaada,मदद के लिए बहुत धन्यवाद
C:\Users\edwin\OneDrive\Desktop\Capstone\hindi indic\HDSD\hindi_sent\M16\M16_S1_H06_M2.wav,M16,S1,H06,M,False,aba joo main joo main kahataa huuna usakaa paalana karoo,अब जो मैं जो मैं कहता हूं उसका पालन करो
C:\Users\edwin\OneDrive\Desktop\Capstone\hindi indic\HDSD\hindi_sent\M16\M16_S1_H07_M2.wav,M16,S1,H07,M,False,bhaarata mein aisaa nahiin huaa hai,भारत में ऐसा नहीं हुआ है
C:\Users\edwin\OneDrive\Desktop\Capstone\hindi indic\HDSD\hindi_sent\M16\M16_S1_H08_M2.wav,M16,S1,H08,M,False,isa sahayooga heitu isa sahayooga heitu bhii bahuta dhanyavaada,इस सहयोग हेतु इस सहयोग हेतु भी बहुत धन्यवाद
C:\Users\edwin\OneDrive\Desktop\Capstone\hindi indic\HDSD\hindi_sent\M16\M16_S1_H11_M2.wav,M16,S1,H11,M,False,yahaan sei sangharshha kaa daura shuruu huaa,यहाँ से संघर्ष का दौर शुरू हुआ
C:\Users\edwin\OneDrive\Desktop\Capstone\hindi indic\HDSD\hindi_sent\M16\M16_S1_H12_M2.wav,M16,S1,H12,M,False,doonoon mein badaa antara thaa,दोनों में बड़ा अंतर था
C:\Users\edwin\OneDrive\Desktop\Capstone\hindi indic\HDSD\hindi_sent\M16\M16_S1_H14_M2.wav,M16,S1,H14,M,False,bahuta sei looga aisaa kara rahei hai,बहुत से लोग ऐसा कर रहे है
C:\Users\edwin\OneDrive\Desktop\Capstone\hindi indic\HDSD\hindi_sent\M16\M16_S1_H15_M2.wav,M16,S1,H15,M,False,samaya kei saatha hii nahiin usasei aagei chalaa jaaei,समय के साथ ही नहीं उससे आगे चला जाए
C:\Users\edwin\OneDrive\Desktop\Capstone\hindi indic\HDSD\hindi_sent\M16\M16_S1_H17_M2.wav,M16,S1,H17,M,False,shaayada samajha aa gayaa hoo,शायद समझ आ गया हो
C:\Users\edwin\OneDrive\Desktop\Capstone\hindi indic\HDSD\hindi_sent\M16\M16_S1_H19_M2.wav,M16,S1,H19,M,False,main gayaa thaa isa baata koo,मैं गया था इस बात को
C:\Users\edwin\OneDrive\Desktop\Capstone\hindi indic\HDSD\hindi_sent\M16\M16_S1_H20_M2.wav,M16,S1,H20,M,False,magara vaha bhii nahiin huaa,मगर वह भी नहीं हुआ
C:\Users\edwin\OneDrive\Desktop\Capstone\hindi indic\HDSD\hindi_sent\M16\M16_S1_H21_M2.wav,M16,S1,H21,M,False,kaa artha hootaa hai bhaya,का अर्थ होता है भय
C:\Users\edwin\OneDrive\Desktop\Capstone\hindi indic\HDSD\hindi_sent\M16\M16_S1_H22_M2.wav,M16,S1,H22,M,False,eika baara phira sei aabhaara,एक बार फिर से आभार
C:\Users\edwin\OneDrive\Desktop\Capstone\hindi indic\HDSD\hindi_sent\M16\M16_S1_H23_M2.wav,M16,S1,H23,M,False,naa jaanei kitanei looga isei hai,ना जाने कितने लोग इसे है
C:\Users\edwin\OneDrive\Desktop\Capstone\hindi indic\HDSD\hindi_sent\M16\M16_S1_H26_M2.wav,M16,S1,H26,M,False,aapa apanaa yaha achchhaa kaarya jaarii rakhein,आप अपना यह अच्छा कार्य जारी रखें
C:\Users\edwin\OneDrive\Desktop\Capstone\hindi indic\HDSD\hindi_sent\M16\M16_S1_H27_M2.wav,M16,S1,H27,M,False,main bhaarata mein rahataa huuna,मैं भारत में रहता हूं
C:\Users\edwin\OneDrive\Desktop\Capstone\hindi indic\HDSD\hindi_sent\M16\M16_S1_H30_M2.wav,M16,S1,H30,M,False,jaldii sei jaldii kuchha kiijiei,जल्दी से जल्दी कुछ कीजिए
C:\Users\edwin\OneDrive\Desktop\Capstone\hindi indic\HDSD\hindi_sent\M18\M18_S1_H01_M2.wav,M18,S1,H01,M,False,aapakei hindii pasanda karanei para khushii huii,आपके हिंदी पसंद करने पर खुशी हुई
C:\Users\edwin\OneDrive\Desktop\Capstone\hindi indic\HDSD\hindi_sent\M18\M18_S1_H02_M2.wav,M18,S1,H02,M,False,isakei badalei mein tuma kuchha aura maanaga loo,इसके बदले में तुम कुछ और मांग लो
C:\Users\edwin\OneDrive\Desktop\Capstone\hindi indic\HDSD\hindi_sent\M18\M18_S1_H03_M2.wav,M18,S1,H03,M,False,chikitsaa kaa artha hootaa hai ilaaja,चिकित्सा का अर्थ होता है इलाज
C:\Users\edwin\OneDrive\Desktop\Capstone\hindi indic\HDSD\hindi_sent\M18\M18_S1_H04_M2.wav,M18,S1,H04,M,False,isei aisei hii jaarii rakhein,इसे ऐसे ही जारी रखें
C:\Users\edwin\OneDrive\Desktop\Capstone\hindi indic\HDSD\hindi_sent\M18\M18_S1_H05_M2.wav,M18,S1,H05,M,False,madada kei liyei bahuta dhanyavaada,मदद के लिए बहुत धन्यवाद
C:\Users\edwin\OneDrive\Desktop\Capstone\hindi indic\HDSD\hindi_sent\M18\M18_S1_H06_M2.wav,M18,S1,H06,M,False,aba joo main kahataa huuna usakaa paalana karoo,अब जो मैं कहता हूं उसका पालन करो
C:\Users\edwin\OneDrive\Desktop\Capstone\hindi indic\HDSD\hindi_sent\M18\M18_S1_H07_M2.wav,M18,S1,H07,M,False,bhaarata mein aisaa nahiin huaa hai,भारत में ऐसा नहीं हुआ है
C:\Users\edwin\OneDrive\Desktop\Capstone\hindi indic\HDSD\hindi_sent\M18\M18_S1_H08_M2.wav,M18,S1,H08,M,False,isa sahayooga heitu bhii bahuta dhanyavaada,इस सहयोग हेतु भी बहुत धन्यवाद
C:\Users\edwin\OneDrive\Desktop\Capstone\hindi indic\HDSD\hindi_sent\M18\M18_S1_H11_M2.wav,M18,S1,H11,M,False,yahaan sei sangharshha kaa daura shuruu huaa,यहाँ से संघर्ष का दौर शुरू हुआ
C:\Users\edwin\OneDrive\Desktop\Capstone\hindi indic\HDSD\hindi_sent\M18\M18_S1_H12_M2.wav,M18,S1,H12,M,False,doonoon mein badaa antara thaa,दोनों में बड़ा अंतर था
C:\Users\edwin\OneDrive\Desktop\Capstone\hindi indic\HDSD\hindi_sent\M18\M18_S1_H14_M2.wav,M18,S1,H14,M,False,bahuta sei looga aisaa kara rahei hai,बहुत से लोग ऐसा कर रहे है
C:\Users\edwin\OneDrive\Desktop\Capstone\hindi indic\HDSD\hindi_sent\M18\M18_S1_H15_M2.wav,M18,S1,H15,M,False,samaya kei saatha hii nahiin usasei aagei chalaa chalaa jaaei,समय के साथ ही नहीं उससे आगे चला चला जाए
C:\Users\edwin\OneDrive\Desktop\Capstone\hindi indic\HDSD\hindi_sent\M18\M18_S1_H17_M2.wav,M18,S1,H17,M,False,shaayada samajha aa gayaa hoo,शायद समझ आ गया हो
C:\Users\edwin\OneDrive\Desktop\Capstone\hindi indic\HDSD\hindi_sent\M18\M18_S1_H19_M2.wav,M18,S1,H19,M,False,main bhuula hii gayaa thaa isa baata koo,मैं भूला ही गया था इस बात को
C:\Users\edwin\OneDrive\Desktop\Capstone\hindi indic\HDSD\hindi_sent\M18\M18_S1_H20_M2.wav,M18,S1,H20,M,False,magara vaha bhii nahiin huaa,मगर वह भी नहीं हुआ
C:\Users\edwin\OneDrive\Desktop\Capstone\hindi indic\HDSD\hindi_sent\M18\M18_S1_H21_M2.wav,M18,S1,H21,M,False,dara kaa artha hootaa hai bhaya,दर का अर्थ होता है भय
C:\Users\edwin\OneDrive\Desktop\Capstone\hindi indic\HDSD\hindi_sent\M18\M18_S1_H22_M2.wav,M18,S1,H22,M,False,eika baara phira sei aabhaara,एक बार फिर से आभार
C:\Users\edwin\OneDrive\Desktop\Capstone\hindi indic\HDSD\hindi_sent\M18\M18_S1_H23_M2.wav,M18,S1,H23,M,False,naa jaanei kitanei looga isei padhtei hai,ना जाने कितने लोग इसे पढ़ते है
C:\Users\edwin\OneDrive\Desktop\Capstone\hindi indic\HDSD\hindi_sent\M18\M18_S1_H26_M2.wav,M18,S1,H26,M,False,aapa apanaa yaha achchhaa kaarya jaarii rakhein,आप अपना यह अच्छा कार्य जारी रखें
C:\Users\edwin\OneDrive\Desktop\Capstone\hindi indic\HDSD\hindi_sent\M18\M18_S1_H27_M2.wav,M18,S1,H27,M,False,main bhaarata mein rahataa huuna,मैं भारत में रहता हूं
C:\Users\edwin\OneDrive\Desktop\Capstone\hindi indic\HDSD\hindi_sent\M18\M18_S1_H30_M2.wav,M18,S1,H30,M,False,jaldii sei jaldii kuchha kiijiei,जल्दी से जल्दी कुछ कीजिए
C:\Users\edwin\OneDrive\Desktop\Capstone\hindi indic\HDSD\hindi_sent\M21\M21_S1_H01_M2.wav,M21,S1,H01,M,False,aapakei hindii pasanda karanei para khushii huii,आपके हिंदी पसंद करने पर खुशी हुई
C:\Users\edwin\OneDrive\Desktop\Capstone\hindi indic\HDSD\hindi_sent\M21\M21_S1_H02_M2.wav,M21,S1,H02,M,False,isakei badalei mein tuma kuchha aura maanaga loo,इसके बदले में तुम कुछ और मांग लो
C:\Users\edwin\OneDrive\Desktop\Capstone\hindi indic\HDSD\hindi_sent\M21\M21_S1_H03_M2.wav,M21,S1,H03,M,False,chikitsaa kaa artha hootaa hai ilaaja,चिकित्सा का अर्थ होता है इलाज
C:\Users\edwin\OneDrive\Desktop\Capstone\hindi indic\HDSD\hindi_sent\M21\M21_S1_H04_M2.wav,M21,S1,H04,M,False,aisei aisei hii jaarii rakhein,ऐसे ऐसे ही जारी रखें
C:\Users\edwin\OneDrive\Desktop\Capstone\hindi indic\HDSD\hindi_sent\M21\M21_S1_H05_M2.wav,M21,S1,H05,M,False,madada kei liyei bahuta dhanyavaada,मदद के लिए बहुत धन्यवाद
C:\Users\edwin\OneDrive\Desktop\Capstone\hindi indic\HDSD\hindi_sent\M21\M21_S1_H06_M2.wav,M21,S1,H06,M,False,aba joo main kahataa huuna usakaa paalana karoo,अब जो मैं कहता हूं उसका पालन करो
C:\Users\edwin\OneDrive\Desktop\Capstone\hindi indic\HDSD\hindi_sent\M21\M21_S1_H07_M2.wav,M21,S1,H07,M,False,bhaarata mein aisaa nahiin huaa hai,भारत में ऐसा नहीं हुआ है
C:\Users\edwin\OneDrive\Desktop\Capstone\hindi indic\HDSD\hindi_sent\M21\M21_S1_H08_M2.wav,M21,S1,H08,M,False,isa sahayooga heitu bhii bahuta dhanyavaada,इस सहयोग हेतु भी बहुत धन्यवाद
C:\Users\edwin\OneDrive\Desktop\Capstone\hindi indic\HDSD\hindi_sent\M21\M21_S1_H11_M2.wav,M21,S1,H11,M,False,yahaan sei sangharshha kaa daura shuruu huaa,यहाँ से संघर्ष का दौर शुरू हुआ
C:\Users\edwin\OneDrive\Desktop\Capstone\hindi indic\HDSD\hindi_sent\M21\M21_S1_H12_M2.wav,M21,S1,H12,M,False,doonoon mein thaa,दोनों में था
C:\Users\edwin\OneDrive\Desktop\Capstone\hindi indic\HDSD\hindi_sent\M21\M21_S1_H14_M2.wav,M21,S1,H14,M,False,bahuta sei looga aisaa kara rahei hai,बहुत से लोग ऐसा कर रहे है
C:\Users\edwin\OneDrive\Desktop\Capstone\hindi indic\HDSD\hindi_sent\M21\M21_S1_H15_M2.wav,M21,S1,H15,M,False,samaya kei saatha hii nahiin usasei aagei chalaa jaaei,समय के साथ ही नहीं उससे आगे चला जाए
C:\Users\edwin\OneDrive\Desktop\Capstone\hindi indic\HDSD\hindi_sent\M21\M21_S1_H17_M2.wav,M21,S1,H17,M,False,shaayada samajha aa gayaa hoo,शायद समझ आ गया हो
C:\Users\edwin\OneDrive\Desktop\Capstone\hindi indic\HDSD\hindi_sent\M21\M21_S1_H19_M2.wav,M21,S1,H19,M,False,main bhuula hii gayaa thaa isa baata koo,मैं भूला ही गया था इस बात को
C:\Users\edwin\OneDrive\Desktop\Capstone\hindi indic\HDSD\hindi_sent\M21\M21_S1_H20_M2.wav,M21,S1,H20,M,False,magara vaha bhii nahiin huaa,मगर वह भी नहीं हुआ
C:\Users\edwin\OneDrive\Desktop\Capstone\hindi indic\HDSD\hindi_sent\M21\M21_S1_H21_M2.wav,M21,S1,H21,M,False,dara kaa artha hootaa hai bhaya,दर का अर्थ होता है भय
C:\Users\edwin\OneDrive\Desktop\Capstone\hindi indic\HDSD\hindi_sent\M21\M21_S1_H22_M2.wav,M21,S1,H22,M,False,eika baara phira sei aabhaara,एक बार फिर से आभार
C:\Users\edwin\OneDrive\Desktop\Capstone\hindi indic\HDSD\hindi_sent\M21\M21_S1_H23_M2.wav,M21,S1,H23,M,False,naa jaanei kitanei looga isei padhtei hai,ना जाने कितने लोग इसे पढ़ते है
C:\Users\edwin\OneDrive\Desktop\Capstone\hindi indic\HDSD\hindi_sent\M21\M21_S1_H26_M2.wav,M21,S1,H26,M,False,aapa apanaa yaha achchhaa kaarya jaarii rakhein,आप अपना यह अच्छा कार्य जारी रखें
C:\Users\edwin\OneDrive\Desktop\Capstone\hindi indic\HDSD\hindi_sent\M21\M21_S1_H27_M2.wav,M21,S1,H27,M,False,main bhaarata mein rahataa huuna,मैं भारत में रहता हूं
C:\Users\edwin\OneDrive\Desktop\Capstone\hindi indic\HDSD\hindi_sent\M21\M21_S1_H30_M2.wav,M21,S1,H30,M,False,jaldii sei jaldii kuchha kiijiei,जल्दी से जल्दी कुछ कीजिए
C:\Users\edwin\OneDrive\Desktop\Capstone\hindi indic\HDSD\hindi_sent\M22\M22_S1_H01_M2.wav,M22,S1,H01,M,False,aapakei hindii pasanda karanei para khushii huii,आपके हिंदी पसंद करने पर खुशी हुई
C:\Users\edwin\OneDrive\Desktop\Capstone\hindi indic\HDSD\hindi_sent\M22\M22_S1_H02_M2.wav,M22,S1,H02,M,False,isakei badalei mein tuma kuchha aura maanaga loo,इसके बदले में तुम कुछ और मांग लो
C:\Users\edwin\OneDrive\Desktop\Capstone\hindi indic\HDSD\hindi_sent\M22\M22_S1_H03_M2.wav,M22,S1,H03,M,False,chikitsaa kaa artha hootaa hai ilaaja,चिकित्सा का अर्थ होता है इलाज
C:\Users\edwin\OneDrive\Desktop\Capstone\hindi indic\HDSD\hindi_sent\M22\M22_S1_H04_M2.wav,M22,S1,H04,M,False,isei aisei hii jaarii rakhein,इसे ऐसे ही जारी रखें
C:\Users\edwin\OneDrive\Desktop\Capstone\hindi indic\HDSD\hindi_sent\M22\M22_S1_H05_M2.wav,M22,S1,H05,M,False,madada kei liyei bahuta dhanyavaada,मदद के लिए बहुत धन्यवाद
C:\Users\edwin\OneDrive\Desktop\Capstone\hindi indic\HDSD\hindi_sent\M22\M22_S1_H06_M2.wav,M22,S1,H06,M,False,aba joo main kahataa huuna usakaa paalana karoo,अब जो मैं कहता हूं उसका पालन करो
C:\Users\edwin\OneDrive\Desktop\Capstone\hindi indic\HDSD\hindi_sent\M22\M22_S1_H07_M2.wav,M22,S1,H07,M,False,bhaarata mein aisaa nahiin huaa hai,भारत में ऐसा नहीं हुआ है
C:\Users\edwin\OneDrive\Desktop\Capstone\hindi indic\HDSD\hindi_sent\M22\M22_S1_H08_M2.wav,M22,S1,H08,M,False,isa sahayooga heitu bhii bahuta dhanyavaada,इस सहयोग हेतु भी बहुत धन्यवाद
C:\Users\edwin\OneDrive\Desktop\Capstone\hindi indic\HDSD\hindi_sent\M22\M22_S1_H11_M2.wav,M22,S1,H11,M,False,yahaan sei sangharshha kaa daura shuruu huaa,यहाँ से संघर्ष का दौर शुरू हुआ
C:\Users\edwin\OneDrive\Desktop\Capstone\hindi indic\HDSD\hindi_sent\M22\M22_S1_H12_M2.wav,M22,S1,H12,M,False,doonoon mein badaa antara thaa,दोनों में बड़ा अंतर था
C:\Users\edwin\OneDrive\Desktop\Capstone\hindi indic\HDSD\hindi_sent\M22\M22_S1_H14_M2.wav,M22,S1,H14,M,False,bahuta sei looga aisaa kara rahei hai,बहुत से लोग ऐसा कर रहे है
C:\Users\edwin\OneDrive\Desktop\Capstone\hindi indic\HDSD\hindi_sent\M22\M22_S1_H15_M2.wav,M22,S1,H15,M,False,samaya kei saatha hii nahiin usasei aagei chalaa jaaei,समय के साथ ही नहीं उससे आगे चला जाए
C:\Users\edwin\OneDrive\Desktop\Capstone\hindi indic\HDSD\hindi_sent\M22\M22_S1_H17_M2.wav,M22,S1,H17,M,False,shaayada samajha aa gayaa hoo,शायद समझ आ गया हो
C:\Users\edwin\OneDrive\Desktop\Capstone\hindi indic\HDSD\hindi_sent\M22\M22_S1_H19_M2.wav,M22,S1,H19,M,False,main bhuula hii gayaa thaa isa baata koo,मैं भूला ही गया था इस बात को
C:\Users\edwin\OneDrive\Desktop\Capstone\hindi indic\HDSD\hindi_sent\M22\M22_S1_H20_M2.wav,M22,S1,H20,M,False,magara vaha bhii nahiin huaa,मगर वह भी नहीं हुआ
C:\Users\edwin\OneDrive\Desktop\Capstone\hindi indic\HDSD\hindi_sent\M22\M22_S1_H21_M2.wav,M22,S1,H21,M,False,dara kaa artha hootaa hai bhaya,दर का अर्थ होता है भय
C:\Users\edwin\OneDrive\Desktop\Capstone\hindi indic\HDSD\hindi_sent\M22\M22_S1_H22_M2.wav,M22,S1,H22,M,False,eika baara phira sei aabhaara,एक बार फिर से आभार
C:\Users\edwin\OneDrive\Desktop\Capstone\hindi indic\HDSD\hindi_sent\M22\M22_S1_H23_M2.wav,M22,S1,H23,M,False,naa jaanei kitanei looga isei padhtei hai,ना जाने कितने लोग इसे पढ़ते है
C:\Users\edwin\OneDrive\Desktop\Capstone\hindi indic\HDSD\hindi_sent\M22\M22_S1_H26_M2.wav,M22,S1,H26,M,False,aapa apanaa yaha achchhaa kaarya jaarii rakhein,आप अपना यह अच्छा कार्य जारी रखें
C:\Users\edwin\OneDrive\Desktop\Capstone\hindi indic\HDSD\hindi_sent\M22\M22_S1_H27_M2.wav,M22,S1,H27,M,False,main bhaarata mein rahataa huuna,मैं भारत में रहता हूं
C:\Users\edwin\OneDrive\Desktop\Capstone\hindi indic\HDSD\hindi_sent\M22\M22_S1_H30_M2.wav,M22,S1,H30,M,False,jaldii sei jaldii kuchha kiijiei,जल्दी से जल्दी कुछ कीजिए
C:\Users\edwin\OneDrive\Desktop\Capstone\hindi indic\HDSD\hindi_sent\M24\M24_S1_H01_M2.wav,M24,S1,H01,M,False,aapakei hindii pasanda karanei khushii hai,आपके हिंदी पसंद करने खुशी है
C:\Users\edwin\OneDrive\Desktop\Capstone\hindi indic\HDSD\hindi_sent\M24\M24_S1_H02_M2.wav,M24,S1,H02,M,False,isakei badalei mein tuma kuchha maanaga loo,इसके बदले में तुम कुछ मांग लो
C:\Users\edwin\OneDrive\Desktop\Capstone\hindi indic\HDSD\hindi_sent\M24\M24_S1_H03_M2.wav,M24,S1,H03,M,False,chikitsaa kaa artha hootaa hai ilaaja,चिकित्सा का अर्थ होता है इलाज
C:\Users\edwin\OneDrive\Desktop\Capstone\hindi indic\HDSD\hindi_sent\M24\M24_S1_H04_M2.wav,M24,S1,H04,M,False,isei aisei hii jaarii rakhein,इसे ऐसे ही जारी रखें
C:\Users\edwin\OneDrive\Desktop\Capstone\hindi indic\HDSD\hindi_sent\M24\M24_S1_H05_M2.wav,M24,S1,H05,M,False,madada kei liyei bahuta dhanyavaada,मदद के लिए बहुत धन्यवाद
C:\Users\edwin\OneDrive\Desktop\Capstone\hindi indic\HDSD\hindi_sent\M24\M24_S1_H06_M2.wav,M24,S1,H06,M,False,aba joo main kahataa huuna usakaa paalana karoo,अब जो मैं कहता हूं उसका पालन करो
C:\Users\edwin\OneDrive\Desktop\Capstone\hindi indic\HDSD\hindi_sent\M24\M24_S1_H07_M2.wav,M24,S1,H07,M,False,bhaarata mein aisaa nahiin huaa hai,भारत में ऐसा नहीं हुआ है
C:\Users\edwin\OneDrive\Desktop\Capstone\hindi indic\HDSD\hindi_sent\M24\M24_S1_H08_M2.wav,M24,S1,H08,M,False,isa sahayooga heitu bhii bahuta dhanyavaada,इस सहयोग हेतु भी बहुत धन्यवाद
C:\Users\edwin\OneDrive\Desktop\Capstone\hindi indic\HDSD\hindi_sent\M24\M24_S1_H11_M2.wav,M24,S1,H11,M,False,yahaan sei sangharshha kaa daura shuruu huaa,यहाँ से संघर्ष का दौर शुरू हुआ
C:\Users\edwin\OneDrive\Desktop\Capstone\hindi indic\HDSD\hindi_sent\M24\M24_S1_H12_M2.wav,M24,S1,H12,M,False,doonoon mein badaa antara thaa,दोनों में बड़ा अंतर था
C:\Users\edwin\OneDrive\Desktop\Capstone\hindi indic\HDSD\hindi_sent\M24\M24_S1_H14_M2.wav,M24,S1,H14,M,False,bahuta sei looga aisaa kara rahei hai,बहुत से लोग ऐसा कर रहे है
C:\Users\edwin\OneDrive\Desktop\Capstone\hindi indic\HDSD\hindi_sent\M24\M24_S1_H15_M2.wav,M24,S1,H15,M,False,samaya kei saatha hii nahiin usasei aagei chalaa jaaei,समय के साथ ही नहीं उससे आगे चला जाए
C:\Users\edwin\OneDrive\Desktop\Capstone\hindi indic\HDSD\hindi_sent\M24\M24_S1_H17_M2.wav,M24,S1,H17,M,False,shaayada samajha aa gayaa hoo,शायद समझ आ गया हो
C:\Users\edwin\OneDrive\Desktop\Capstone\hindi indic\HDSD\hindi_sent\M24\M24_S1_H19_M2.wav,M24,S1,H19,M,False,main bhuula hii gayaa thaa isa baata koo,मैं भूला ही गया था इस बात को
C:\Users\edwin\OneDrive\Desktop\Capstone\hindi indic\HDSD\hindi_sent\M24\M24_S1_H20_M2.wav,M24,S1,H20,M,False,magara vaha bhii nahiin huaa,मगर वह भी नहीं हुआ
C:\Users\edwin\OneDrive\Desktop\Capstone\hindi indic\HDSD\hindi_sent\M24\M24_S1_H21_M2.wav,M24,S1,H21,M,False,dara kaa artha hootaa hai bhaya,दर का अर्थ होता है भय
C:\Users\edwin\OneDrive\Desktop\Capstone\hindi indic\HDSD\hindi_sent\M24\M24_S1_H22_M2.wav,M24,S1,H22,M,False,eika baara phira sei aabhaara,एक बार फिर से आभार
C:\Users\edwin\OneDrive\Desktop\Capstone\hindi indic\HDSD\hindi_sent\M24\M24_S1_H23_M2.wav,M24,S1,H23,M,False,naa jaanei kitanei looga isei padhtei hai,ना जाने कितने लोग इसे पढ़ते है
C:\Users\edwin\OneDrive\Desktop\Capstone\hindi indic\HDSD\hindi_sent\M24\M24_S1_H26_M2.wav,M24,S1,H26,M,False,aapa apanaa yaha achchhaa kaarya jaarii rakhein,आप अपना यह अच्छा कार्य जारी रखें
C:\Users\edwin\OneDrive\Desktop\Capstone\hindi indic\HDSD\hindi_sent\M24\M24_S1_H27_M2.wav,M24,S1,H27,M,False,main bhaarata mein rahataa huuna,मैं भारत में रहता हूं
C:\Users\edwin\OneDrive\Desktop\Capstone\hindi indic\HDSD\hindi_sent\M24\M24_S1_H30_M2.wav,M24,S1,H30,M,False,jaldii sei jaldii kuchha kiijiei,जल्दी से जल्दी कुछ कीजिए
C:\Users\edwin\OneDrive\Desktop\Capstone\hindi indic\HDSD\hindi_sent\M25\M25_S1_H01_M2.wav,M25,S1,H01,M,False,aapakei hindii pasanda karanei para khushii huii,आपके हिंदी पसंद करने पर खुशी हुई
C:\Users\edwin\OneDrive\Desktop\Capstone\hindi indic\HDSD\hindi_sent\M25\M25_S1_H02_M2.wav,M25,S1,H02,M,False,isakei badalei mein tuma kuchha aura maanaga loo,इसके बदले में तुम कुछ और मांग लो
C:\Users\edwin\OneDrive\Desktop\Capstone\hindi indic\HDSD\hindi_sent\M25\M25_S1_H03_M2.wav,M25,S1,H03,M,False,chikitsaa kaa artha hootaa hai ilaaja,चिकित्सा का अर्थ होता है इलाज
C:\Users\edwin\OneDrive\Desktop\Capstone\hindi indic\HDSD\hindi_sent\M25\M25_S1_H04_M2.wav,M25,S1,H04,M,False,isei aisei hii jaarii rakhein,इसे ऐसे ही जारी रखें
C:\Users\edwin\OneDrive\Desktop\Capstone\hindi indic\HDSD\hindi_sent\M25\M25_S1_H05_M2.wav,M25,S1,H05,M,False,madada kei liyei bahuta dhanyavaada,मदद के लिए बहुत धन्यवाद
C:\Users\edwin\OneDrive\Desktop\Capstone\hindi indic\HDSD\hindi_sent\M25\M25_S1_H06_M2.wav,M25,S1,H06,M,False,aba joo main kahataa huuna usakaa paalana karoo,अब जो मैं कहता हूं उसका पालन करो
C:\Users\edwin\OneDrive\Desktop\Capstone\hindi indic\HDSD\hindi_sent\M25\M25_S1_H07_M2.wav,M25,S1,H07,M,False,bhaarata mein aisaa nahiin huaa hai,भारत में ऐसा नहीं हुआ है
C:\Users\edwin\OneDrive\Desktop\Capstone\hindi indic\HDSD\hindi_sent\M25\M25_S1_H08_M2.wav,M25,S1,H08,M,False,isa sahayooga heitu bhii bahuta dhanyavaada,इस सहयोग हेतु भी बहुत धन्यवाद
C:\Users\edwin\OneDrive\Desktop\Capstone\hindi indic\HDSD\hindi_sent\M25\M25_S1_H11_M2.wav,M25,S1,H11,M,False,yahaan sei sangharshha kaa daura shuruu huaa,यहाँ से संघर्ष का दौर शुरू हुआ
C:\Users\edwin\OneDrive\Desktop\Capstone\hindi indic\HDSD\hindi_sent\M25\M25_S1_H12_M2.wav,M25,S1,H12,M,False,doonoon mein badaa antara thaa,दोनों में बड़ा अंतर था
C:\Users\edwin\OneDrive\Desktop\Capstone\hindi indic\HDSD\hindi_sent\M25\M25_S1_H14_M2.wav,M25,S1,H14,M,False,bahuta sei looga aisaa kara kara rahei hai,बहुत से लोग ऐसा कर कर रहे है
C:\Users\edwin\OneDrive\Desktop\Capstone\hindi indic\HDSD\hindi_sent\M25\M25_S1_H15_M2.wav,M25,S1,H15,M,False,samaya kei saatha hii nahiin usasei aagei chalaa jaaei,समय के साथ ही नहीं उससे आगे चला जाए
C:\Users\edwin\OneDrive\Desktop\Capstone\hindi indic\HDSD\hindi_sent\M25\M25_S1_H17_M2.wav,M25,S1,H17,M,False,shaayada samajha aa aa gayaa hoo,शायद समझ आ आ गया हो
C:\Users\edwin\OneDrive\Desktop\Capstone\hindi indic\HDSD\hindi_sent\M25\M25_S1_H19_M2.wav,M25,S1,H19,M,False,main bhuula hii gayaa thaa isa baata koo,मैं भूला ही गया था इस बात को
C:\Users\edwin\OneDrive\Desktop\Capstone\hindi indic\HDSD\hindi_sent\M25\M25_S1_H20_M2.wav,M25,S1,H20,M,False,magara vaha bhii nahiin huaa,मगर वह भी नहीं हुआ
C:\Users\edwin\OneDrive\Desktop\Capstone\hindi indic\HDSD\hindi_sent\M25\M25_S1_H21_M2.wav,M25,S1,H21,M,False,dara kaa artha hootaa hai bhaya,दर का अर्थ होता है भय
C:\Users\edwin\OneDrive\Desktop\Capstone\hindi indic\HDSD\hindi_sent\M25\M25_S1_H22_M2.wav,M25,S1,H22,M,False,eika baara phira sei aabhaara,एक बार फिर से आभार
C:\Users\edwin\OneDrive\Desktop\Capstone\hindi indic\HDSD\hindi_sent\M25\M25_S1_H23_M2.wav,M25,S1,H23,M,False,naa jaanei kitanei looga isei padhtei hai,ना जाने कितने लोग इसे पढ़ते है
C:\Users\edwin\OneDrive\Desktop\Capstone\hindi indic\HDSD\hindi_sent\M25\M25_S1_H26_M2.wav,M25,S1,H26,M,False,aapa apanaa yaha achchhaa kaarya jaarii rakhein,आप अपना यह अच्छा कार्य जारी रखें
C:\Users\edwin\OneDrive\Desktop\Capstone\hindi indic\HDSD\hindi_sent\M25\M25_S1_H27_M2.wav,M25,S1,H27,M,False,main bhaarata mein rahataa huuna,मैं भारत में रहता हूं
C:\Users\edwin\OneDrive\Desktop\Capstone\hindi indic\HDSD\hindi_sent\M25\M25_S1_H30_M2.wav,M25,S1,H30,M,False,jaldii sei jaldii kuchha kiijiei,जल्दी से जल्दी कुछ कीजिए
C:\Users\edwin\OneDrive\Desktop\Capstone\hindi indic\HDSD\hindi_sent\M28\M28_S1_H01_M2.wav,M28,S1,H01,M,False,aapakei hindii pasanda karanei para khushii huii,आपके हिंदी पसंद करने पर खुशी हुई
C:\Users\edwin\OneDrive\Desktop\Capstone\hindi indic\HDSD\hindi_sent\M28\M28_S1_H02_M2.wav,M28,S1,H02,M,False,isakei badalei badalei mein tuma kuchha aura maanaga loo,इसके बदले बदले में तुम कुछ और मांग लो
C:\Users\edwin\OneDrive\Desktop\Capstone\hindi indic\HDSD\hindi_sent\M28\M28_S1_H03_M2.wav,M28,S1,H03,M,False,chikitsaa kaa artha hootaa hai ilaaja,चिकित्सा का अर्थ होता है इलाज
C:\Users\edwin\OneDrive\Desktop\Capstone\hindi indic\HDSD\hindi_sent\M28\M28_S1_H04_M2.wav,M28,S1,H04,M,False,isei aisei hii jaarii rakhein,इसे ऐसे ही जारी रखें
C:\Users\edwin\OneDrive\Desktop\Capstone\hindi indic\HDSD\hindi_sent\M28\M28_S1_H05_M2.wav,M28,S1,H05,M,False,madada kei liyei bahuta dhanyavaada,मदद के लिए बहुत धन्यवाद
C:\Users\edwin\OneDrive\Desktop\Capstone\hindi indic\HDSD\hindi_sent\M28\M28_S1_H06_M2.wav,M28,S1,H06,M,False,aba joo main kahataa huuna usakaa paalana karoo,अब जो मैं कहता हूं उसका पालन करो
C:\Users\edwin\OneDrive\Desktop\Capstone\hindi indic\HDSD\hindi_sent\M28\M28_S1_H07_M2.wav,M28,S1,H07,M,False,bhaarata mein aisaa nahiin huaa hai,भारत में ऐसा नहीं हुआ है
C:\Users\edwin\OneDrive\Desktop\Capstone\hindi indic\HDSD\hindi_sent\M28\M28_S1_H08_M2.wav,M28,S1,H08,M,False,isa sahayooga heitu bhii bahuta dhanyavaada,इस सहयोग हेतु भी बहुत धन्यवाद
C:\Users\edwin\OneDrive\Desktop\Capstone\hindi indic\HDSD\hindi_sent\M28\M28_S1_H11_M2.wav,M28,S1,H11,M,False,yahaan sei sangharshha kaa daura shuruu huaa,यहाँ से संघर्ष का दौर शुरू हुआ
C:\Users\edwin\OneDrive\Desktop\Capstone\hindi indic\HDSD\hindi_sent\M28\M28_S1_H12_M2.wav,M28,S1,H12,M,False,doonoon mein badaa antara thaa,दोनों में बड़ा अंतर था
C:\Users\edwin\OneDrive\Desktop\Capstone\hindi indic\HDSD\hindi_sent\M28\M28_S1_H14_M2.wav,M28,S1,H14,M,False,bahuta sei looga aisaa kara rahei hai,बहुत से लोग ऐसा कर रहे है
C:\Users\edwin\OneDrive\Desktop\Capstone\hindi indic\HDSD\hindi_sent\M28\M28_S1_H15_M2.wav,M28,S1,H15,M,False,samaya kei saatha hii nahiin usasei usasei aagei chalaa jaaei,समय के साथ ही नहीं उससे उससे आगे चला जाए
C:\Users\edwin\OneDrive\Desktop\Capstone\hindi indic\HDSD\hindi_sent\M28\M28_S1_H17_M2.wav,M28,S1,H17,M,False,shaayada samajha aa gayaa hoo,शायद समझ आ गया हो
C:\Users\edwin\OneDrive\Desktop\Capstone\hindi indic\HDSD\hindi_sent\M28\M28_S1_H19_M2.wav,M28,S1,H19,M,False,main bhuula hii gayaa thaa isa baata koo,मैं भूला ही गया था इस बात को
C:\Users\edwin\OneDrive\Desktop\Capstone\hindi indic\HDSD\hindi_sent\M28\M28_S1_H20_M2.wav,M28,S1,H20,M,False,magara vaha bhii nahiin huaa,मगर वह भी नहीं हुआ
C:\Users\edwin\OneDrive\Desktop\Capstone\hindi indic\HDSD\hindi_sent\M28\M28_S1_H21_M2.wav,M28,S1,H21,M,False,dara kaa artha hootaa hai bhaya,दर का अर्थ होता है भय
C:\Users\edwin\OneDrive\Desktop\Capstone\hindi indic\HDSD\hindi_sent\M28\M28_S1_H22_M2.wav,M28,S1,H22,M,False,eika baara phira sei aabhaara,एक बार फिर से आभार
C:\Users\edwin\OneDrive\Desktop\Capstone\hindi indic\HDSD\hindi_sent\M28\M28_S1_H23_M2.wav,M28,S1,H23,M,False,naa jaanei kitanei looga isei padhtei hai,ना जाने कितने लोग इसे पढ़ते है
C:\Users\edwin\OneDrive\Desktop\Capstone\hindi indic\HDSD\hindi_sent\M28\M28_S1_H26_M2.wav,M28,S1,H26,M,False,aapa apanaa yaha achchhaa jaarii rakhein kaarya,आप अपना यह अच्छा जारी रखें कार्य
C:\Users\edwin\OneDrive\Desktop\Capstone\hindi indic\HDSD\hindi_sent\M28\M28_S1_H27_M2.wav,M28,S1,H27,M,False,main bhaarata mein rahataa huuna,मैं भारत में रहता हूं
C:\Users\edwin\OneDrive\Desktop\Capstone\hindi indic\HDSD\hindi_sent\M28\M28_S1_H30_M2.wav,M28,S1,H30,M,False,jaldii sei jaldii kuchha kiijiei,जल्दी से जल्दी कुछ कीजिए
C:\Users\edwin\OneDrive\Desktop\Capstone\hindi indic\HDSD\hindi_sent\M32\M32_S1_H01_M2.wav,M32,S1,H01,M,False,aapakei hindii pasanda karanei para khushii huii,आपके हिंदी पसंद करने पर खुशी हुई
C:\Users\edwin\OneDrive\Desktop\Capstone\hindi indic\HDSD\hindi_sent\M32\M32_S1_H02_M2.wav,M32,S1,H02,M,False,isakei badalei mein tuma kuchha aura maanaga loo,इसके बदले में तुम कुछ और मांग लो
C:\Users\edwin\OneDrive\Desktop\Capstone\hindi indic\HDSD\hindi_sent\M32\M32_S1_H03_M2.wav,M32,S1,H03,M,False,chikitsaa kaa artha hootaa hai ilaaja,चिकित्सा का अर्थ होता है इलाज
C:\Users\edwin\OneDrive\Desktop\Capstone\hindi indic\HDSD\hindi_sent\M32\M32_S1_H04_M2.wav,M32,S1,H04,M,False,aisei aisei hii jaarii rakhein,ऐसे ऐसे ही जारी रखें
C:\Users\edwin\OneDrive\Desktop\Capstone\hindi indic\HDSD\hindi_sent\M32\M32_S1_H05_M2.wav,M32,S1,H05,M,False,madada kei liyei bahuta dhanyavaada,मदद के लिए बहुत धन्यवाद
C:\Users\edwin\OneDrive\Desktop\Capstone\hindi indic\HDSD\hindi_sent\M32\M32_S1_H06_M2.wav,M32,S1,H06,M,False,aba joo main kahataa huuna usakaa paalana karoo,अब जो मैं कहता हूं उसका पालन करो
C:\Users\edwin\OneDrive\Desktop\Capstone\hindi indic\HDSD\hindi_sent\M32\M32_S1_H07_M2.wav,M32,S1,H07,M,False,bhaarata mein aisaa nahiin huaa hai,भारत में ऐसा नहीं हुआ है
C:\Users\edwin\OneDrive\Desktop\Capstone\hindi indic\HDSD\hindi_sent\M32\M32_S1_H08_M2.wav,M32,S1,H08,M,False,isa sahayooga heitu bhii bahuta dhanyavaada,इस सहयोग हेतु भी बहुत धन्यवाद
C:\Users\edwin\OneDrive\Desktop\Capstone\hindi indic\HDSD\hindi_sent\M32\M32_S1_H11_M2.wav,M32,S1,H11,M,False,yahaan sei sangharshha kaa daura shuruu huaa,यहाँ से संघर्ष का दौर शुरू हुआ
C:\Users\edwin\OneDrive\Desktop\Capstone\hindi indic\HDSD\hindi_sent\M32\M32_S1_H12_M2.wav,M32,S1,H12,M,False,doonoon mein badaa antara thaa,दोनों में बड़ा अंतर था
C:\Users\edwin\OneDrive\Desktop\Capstone\hindi indic\HDSD\hindi_sent\M32\M32_S1_H14_M2.wav,M32,S1,H14,M,False,bahuta sei looga aisaa kara rahei hai,बहुत से लोग ऐसा कर रहे है
C:\Users\edwin\OneDrive\Desktop\Capstone\hindi indic\HDSD\hindi_sent\M32\M32_S1_H15_M2.wav,M32,S1,H15,M,False,samaya kei saatha hii nahiin aagei chalaa jaaei,समय के साथ ही नहीं आगे चला जाए
C:\Users\edwin\OneDrive\Desktop\Capstone\hindi indic\HDSD\hindi_sent\M32\M32_S1_H17_M2.wav,M32,S1,H17,M,False,shaayada samajha aa gayaa hoo,शायद समझ आ गया हो
C:\Users\edwin\OneDrive\Desktop\Capstone\hindi indic\HDSD\hindi_sent\M32\M32_S1_H19_M2.wav,M32,S1,H19,M,False,main bhuula hii gayaa thaa isa baata koo,मैं भूला ही गया था इस बात को
C:\Users\edwin\OneDrive\Desktop\Capstone\hindi indic\HDSD\hindi_sent\M32\M32_S1_H20_M2.wav,M32,S1,H20,M,False,magara vaha bhii nahiin huaa,मगर वह भी नहीं हुआ
C:\Users\edwin\OneDrive\Desktop\Capstone\hindi indic\HDSD\hindi_sent\M32\M32_S1_H21_M2.wav,M32,S1,H21,M,False,dara kaa artha hootaa hai bhaya,दर का अर्थ होता है भय
C:\Users\edwin\OneDrive\Desktop\Capstone\hindi indic\HDSD\hindi_sent\M32\M32_S1_H22_M2.wav,M32,S1,H22,M,False,eika baara phira sei aabhaara,एक बार फिर से आभार
C:\Users\edwin\OneDrive\Desktop\Capstone\hindi indic\HDSD\hindi_sent\M32\M32_S1_H23_M2.wav,M32,S1,H23,M,False,naa jaanei kitanei looga isei padhtei hai,ना जाने कितने लोग इसे पढ़ते है
C:\Users\edwin\OneDrive\Desktop\Capstone\hindi indic\HDSD\hindi_sent\M32\M32_S1_H26_M2.wav,M32,S1,H26,M,False,aapa apanaa yaha kaarya jaarii rakhein,आप अपना यह कार्य जारी रखें
C:\Users\edwin\OneDrive\Desktop\Capstone\hindi indic\HDSD\hindi_sent\M32\M32_S1_H27_M2.wav,M32,S1,H27,M,False,main bhaarata mein rahataa huuna,मैं भारत में रहता हूं
C:\Users\edwin\OneDrive\Desktop\Capstone\hindi indic\HDSD\hindi_sent\M32\M32_S1_H30_M2.wav,M32,S1,H30,M,False,jaldii sei jaldii kuchha kiijiei,जल्दी से जल्दी कुछ कीजिए
C:\Users\edwin\OneDrive\Desktop\Capstone\hindi indic\HDSD\hindi_sent\M33\M33_S1_H01_M2.wav,M33,S1,H01,M,False,aapakei hindii pasanda karanei para khushii huii hai huii,आपके हिंदी पसंद करने पर खुशी हुई है हुई
C:\Users\edwin\OneDrive\Desktop\Capstone\hindi indic\HDSD\hindi_sent\M33\M33_S1_H02_M2.wav,M33,S1,H02,M,False,isakei badalei mein mein tuma kuchha aura maanaga loo,इसके बदले में में तुम कुछ और मांग लो
C:\Users\edwin\OneDrive\Desktop\Capstone\hindi indic\HDSD\hindi_sent\M33\M33_S1_H03_M2.wav,M33,S1,H03,M,False,chikitsaa kaa artha hootaa hai ilaaja,चिकित्सा का अर्थ होता है इलाज
C:\Users\edwin\OneDrive\Desktop\Capstone\hindi indic\HDSD\hindi_sent\M33\M33_S1_H04_M2.wav,M33,S1,H04,M,False,isei aisei hii jaarii rakhein,इसे ऐसे ही जारी रखें
C:\Users\edwin\OneDrive\Desktop\Capstone\hindi indic\HDSD\hindi_sent\M33\M33_S1_H05_M2.wav,M33,S1,H05,M,False,madada kei liyei bahuta dhanyavaada,मदद के लिए बहुत धन्यवाद
C:\Users\edwin\OneDrive\Desktop\Capstone\hindi indic\HDSD\hindi_sent\M33\M33_S1_H06_M2.wav,M33,S1,H06,M,False,aba joo main kahataa huuna usakaa paalana karoo,अब जो मैं कहता हूं उसका पालन करो
C:\Users\edwin\OneDrive\Desktop\Capstone\hindi indic\HDSD\hindi_sent\M33\M33_S1_H07_M2.wav,M33,S1,H07,M,False,bhaarata mein aisaa nahiin huaa hai,भारत में ऐसा नहीं हुआ है
C:\Users\edwin\OneDrive\Desktop\Capstone\hindi indic\HDSD\hindi_sent\M33\M33_S1_H08_M2.wav,M33,S1,H08,M,False,isa sahayooga heitu bhii bahuta dhanyavaada,इस सहयोग हेतु भी बहुत धन्यवाद
C:\Users\edwin\OneDrive\Desktop\Capstone\hindi indic\HDSD\hindi_sent\M33\M33_S1_H11_M2.wav,M33,S1,H11,M,False,yahaan sei sangharshha kaa daura shuruu huaa,यहाँ से संघर्ष का दौर शुरू हुआ
C:\Users\edwin\OneDrive\Desktop\Capstone\hindi indic\HDSD\hindi_sent\M33\M33_S1_H12_M2.wav,M33,S1,H12,M,False,doonoon mein badaa antara thaa,दोनों में बड़ा अंतर था
C:\Users\edwin\OneDrive\Desktop\Capstone\hindi indic\HDSD\hindi_sent\M33\M33_S1_H14_M2.wav,M33,S1,H14,M,False,bahuta sei looga aisaa kara rahei hai,बहुत से लोग ऐसा कर रहे है
C:\Users\edwin\OneDrive\Desktop\Capstone\hindi indic\HDSD\hindi_sent\M33\M33_S1_H15_M2.wav,M33,S1,H15,M,False,samaya kei saatha hii nahiin usasei aagei chalaa jaaei,समय के साथ ही नहीं उससे आगे चला जाए
C:\Users\edwin\OneDrive\Desktop\Capstone\hindi indic\HDSD\hindi_sent\M33\M33_S1_H17_M2.wav,M33,S1,H17,M,False,shaayada samajha aa gayaa hoo,शायद समझ आ गया हो
C:\Users\edwin\OneDrive\Desktop\Capstone\hindi indic\HDSD\hindi_sent\M33\M33_S1_H19_M2.wav,M33,S1,H19,M,False,main bhuula hii gayaa thaa isa baata koo,मैं भूला ही गया था इस बात को
C:\Users\edwin\OneDrive\Desktop\Capstone\hindi indic\HDSD\hindi_sent\M33\M33_S1_H20_M2.wav,M33,S1,H20,M,False,magara vaha bhii nahiin huaa,मगर वह भी नहीं हुआ
C:\Users\edwin\OneDrive\Desktop\Capstone\hindi indic\HDSD\hindi_sent\M33\M33_S1_H21_M2.wav,M33,S1,H21,M,False,dara kaa artha hootaa hai bhaya,दर का अर्थ होता है भय
C:\Users\edwin\OneDrive\Desktop\Capstone\hindi indic\HDSD\hindi_sent\M33\M33_S1_H22_M2.wav,M33,S1,H22,M,False,eika baara phira sei aabhaara,एक बार फिर से आभार
C:\Users\edwin\OneDrive\Desktop\Capstone\hindi indic\HDSD\hindi_sent\M33\M33_S1_H23_M2.wav,M33,S1,H23,M,False,naa jaanei kitanei looga isei padhtei hai,ना जाने कितने लोग इसे पढ़ते है
C:\Users\edwin\OneDrive\Desktop\Capstone\hindi indic\HDSD\hindi_sent\M33\M33_S1_H26_M2.wav,M33,S1,H26,M,False,aapa apanaa yaha achchhaa kaarya jaarii rakhein,आप अपना यह अच्छा कार्य जारी रखें
C:\Users\edwin\OneDrive\Desktop\Capstone\hindi indic\HDSD\hindi_sent\M33\M33_S1_H27_M2.wav,M33,S1,H27,M,False,main bhaarata mein rahataa huuna,मैं भारत में रहता हूं
C:\Users\edwin\OneDrive\Desktop\Capstone\hindi indic\HDSD\hindi_sent\M33\M33_S1_H30_M2.wav,M33,S1,H30,M,False,jaldii sei jaldii kuchha kiijiei,जल्दी से जल्दी कुछ कीजिए
C:\Users\edwin\OneDrive\Desktop\Capstone\hindi indic\HDSD\hindi_sent\M36\M36_S1_H04_M2.wav,M36,S1,H04,M,False,isei aisei hii jaarii rakhein,इसे ऐसे ही जारी रखें
C:\Users\edwin\OneDrive\Desktop\Capstone\hindi indic\HDSD\hindi_sent\M36\M36_S1_H05_M2.wav,M36,S1,H05,M,False,madada kei liyei bahuta dhanyavaada,मदद के लिए बहुत धन्यवाद
C:\Users\edwin\OneDrive\Desktop\Capstone\hindi indic\HDSD\hindi_sent\M36\M36_S1_H06_M2.wav,M36,S1,H06,M,False,aba joo main kahataa huuna usakaa paalana karoo,अब जो मैं कहता हूं उसका पालन करो
C:\Users\edwin\OneDrive\Desktop\Capstone\hindi indic\HDSD\hindi_sent\M36\M36_S1_H07_M2.wav,M36,S1,H07,M,False,bhaarata mein aisaa nahiin huaa,भारत में ऐसा नहीं हुआ
C:\Users\edwin\OneDrive\Desktop\Capstone\hindi indic\HDSD\hindi_sent\M36\M36_S1_H08_M2.wav,M36,S1,H08,M,False,isa sahayooga heitu bhii bahuta dhanyavaada,इस सहयोग हेतु भी बहुत धन्यवाद
C:\Users\edwin\OneDrive\Desktop\Capstone\hindi indic\HDSD\hindi_sent\M36\M36_S1_H11_M2.wav,M36,S1,H11,M,False,yahaan sei sangharshha kaa daura shuruu huaa,यहाँ से संघर्ष का दौर शुरू हुआ
C:\Users\edwin\OneDrive\Desktop\Capstone\hindi indic\HDSD\hindi_sent\M36\M36_S1_H12_M2.wav,M36,S1,H12,M,False,doonoon mein badaa antara thaa,दोनों में बड़ा अंतर था
C:\Users\edwin\OneDrive\Desktop\Capstone\hindi indic\HDSD\hindi_sent\M36\M36_S1_H14_M2.wav,M36,S1,H14,M,False,bahuta sei looga aisaa kara rahei hai,बहुत से लोग ऐसा कर रहे है
C:\Users\edwin\OneDrive\Desktop\Capstone\hindi indic\HDSD\hindi_sent\M36\M36_S1_H15_M2.wav,M36,S1,H15,M,False,samaya kei saatha hii nahiin usasei aagei chalaa jaaei,समय के साथ ही नहीं उससे आगे चला जाए
C:\Users\edwin\OneDrive\Desktop\Capstone\hindi indic\HDSD\hindi_sent\M36\M36_S1_H17_M2.wav,M36,S1,H17,M,False,shaayada samajha aa gayaa hoo,शायद समझ आ गया हो
C:\Users\edwin\OneDrive\Desktop\Capstone\hindi indic\HDSD\hindi_sent\M36\M36_S1_H19_M2.wav,M36,S1,H19,M,False,main bhuula hii gayaa thaa isa baata koo,मैं भूला ही गया था इस बात को
C:\Users\edwin\OneDrive\Desktop\Capstone\hindi indic\HDSD\hindi_sent\M36\M36_S1_H20_M2.wav,M36,S1,H20,M,False,magara vaha bhii nahiin huaa,मगर वह भी नहीं हुआ
C:\Users\edwin\OneDrive\Desktop\Capstone\hindi indic\HDSD\hindi_sent\M36\M36_S1_H21_M2.wav,M36,S1,H21,M,False,dara kaa artha hootaa hai bhaya,दर का अर्थ होता है भय
C:\Users\edwin\OneDrive\Desktop\Capstone\hindi indic\HDSD\hindi_sent\M36\M36_S1_H22_M2.wav,M36,S1,H22,M,False,eika baara phira,एक बार फिर
C:\Users\edwin\OneDrive\Desktop\Capstone\hindi indic\HDSD\hindi_sent\M36\M36_S1_H23_M2.wav,M36,S1,H23,M,False,naa jaanei kitanei looga isei padhtei hai,ना जाने कितने लोग इसे पढ़ते है
C:\Users\edwin\OneDrive\Desktop\Capstone\hindi indic\HDSD\hindi_sent\M36\M36_S1_H26_M2.wav,M36,S1,H26,M,False,aapa yaha achchhaa kaarya jaarii rakhein,आप यह अच्छा कार्य जारी रखें
C:\Users\edwin\OneDrive\Desktop\Capstone\hindi indic\HDSD\hindi_sent\M36\M36_S1_H27_M2.wav,M36,S1,H27,M,False,main bhaarata mein rahataa huuna,मैं भारत में रहता हूं
C:\Users\edwin\OneDrive\Desktop\Capstone\hindi indic\HDSD\hindi_sent\M36\M36_S1_H30_M2.wav,M36,S1,H30,M,False,jaldii jaldii kuchha kiijiei,जल्दी जल्दी कुछ कीजिए
C:\Users\edwin\OneDrive\Desktop\Capstone\hindi indic\HDSD\hindi_sent\M37\M37_S1_H01_M2.wav,M37,S1,H01,M,False,aapakei hindii pasanda karanei para khushii huii,आपके हिंदी पसंद करने पर खुशी हुई
C:\Users\edwin\OneDrive\Desktop\Capstone\hindi indic\HDSD\hindi_sent\M37\M37_S1_H02_M2.wav,M37,S1,H02,M,False,isakei badalei mein tuma kuchha aura maanaga loo,इसके बदले में तुम कुछ और मांग लो
C:\Users\edwin\OneDrive\Desktop\Capstone\hindi indic\HDSD\hindi_sent\M37\M37_S1_H03_M2.wav,M37,S1,H03,M,False,chikitsaa kaa artha hootaa hai ilaaja,चिकित्सा का अर्थ होता है इलाज
C:\Users\edwin\OneDrive\Desktop\Capstone\hindi indic\HDSD\hindi_sent\M37\M37_S1_H04_M2.wav,M37,S1,H04,M,False,isei aisei hii jaarii rakhein,इसे ऐसे ही जारी रखें
C:\Users\edwin\OneDrive\Desktop\Capstone\hindi indic\HDSD\hindi_sent\M37\M37_S1_H05_M2.wav,M37,S1,H05,M,False,madada kei liyei bahuta dhanyavaada,मदद के लिए बहुत धन्यवाद
C:\Users\edwin\OneDrive\Desktop\Capstone\hindi indic\HDSD\hindi_sent\M37\M37_S1_H06_M2.wav,M37,S1,H06,M,False,aba joo main kahataa huuna usakaa paalana karoo,अब जो मैं कहता हूं उसका पालन करो
C:\Users\edwin\OneDrive\Desktop\Capstone\hindi indic\HDSD\hindi_sent\M37\M37_S1_H07_M2.wav,M37,S1,H07,M,False,bhaarata mein aisaa nahiin huaa hai,भारत में ऐसा नहीं हुआ है
C:\Users\edwin\OneDrive\Desktop\Capstone\hindi indic\HDSD\hindi_sent\M37\M37_S1_H08_M2.wav,M37,S1,H08,M,False,isa sahayooga heitu bhii bahuta dhanyavaada,इस सहयोग हेतु भी बहुत धन्यवाद
C:\Users\edwin\OneDrive\Desktop\Capstone\hindi indic\HDSD\hindi_sent\M37\M37_S1_H11_M2.wav,M37,S1,H11,M,False,yahaan sei sangharshha kaa daura shuruu huaa,यहाँ से संघर्ष का दौर शुरू हुआ
C:\Users\edwin\OneDrive\Desktop\Capstone\hindi indic\HDSD\hindi_sent\M37\M37_S1_H12_M2.wav,M37,S1,H12,M,False,doonoon mein badaa antara thaa,दोनों में बड़ा अंतर था
C:\Users\edwin\OneDrive\Desktop\Capstone\hindi indic\HDSD\hindi_sent\M37\M37_S1_H14_M2.wav,M37,S1,H14,M,False,bahuta sei looga aisaa kara rahei hai,बहुत से लोग ऐसा कर रहे है
C:\Users\edwin\OneDrive\Desktop\Capstone\hindi indic\HDSD\hindi_sent\M37\M37_S1_H15_M2.wav,M37,S1,H15,M,False,samaya kei saatha hii nahiin usasei aagei chalaa jaaei,समय के साथ ही नहीं उससे आगे चला जाए
C:\Users\edwin\OneDrive\Desktop\Capstone\hindi indic\HDSD\hindi_sent\M37\M37_S1_H17_M2.wav,M37,S1,H17,M,False,shaayada samajha aa gayaa hoo,शायद समझ आ गया हो
C:\Users\edwin\OneDrive\Desktop\Capstone\hindi indic\HDSD\hindi_sent\M37\M37_S1_H19_M2.wav,M37,S1,H19,M,False,main bhuula hii gayaa thaa isa baata koo,मैं भूला ही गया था इस बात को
C:\Users\edwin\OneDrive\Desktop\Capstone\hindi indic\HDSD\hindi_sent\M37\M37_S1_H20_M2.wav,M37,S1,H20,M,False,magara vaha bhii nahiin huaa,मगर वह भी नहीं हुआ
C:\Users\edwin\OneDrive\Desktop\Capstone\hindi indic\HDSD\hindi_sent\M37\M37_S1_H21_M2.wav,M37,S1,H21,M,False,dara kaa artha hootaa hai bhaya,दर का अर्थ होता है भय
C:\Users\edwin\OneDrive\Desktop\Capstone\hindi indic\HDSD\hindi_sent\M37\M37_S1_H22_M2.wav,M37,S1,H22,M,False,eika baara phira sei aabhaara,एक बार फिर से आभार
C:\Users\edwin\OneDrive\Desktop\Capstone\hindi indic\HDSD\hindi_sent\M37\M37_S1_H23_M2.wav,M37,S1,H23,M,False,naa jaanei kitanei looga isei padhtei hai,ना जाने कितने लोग इसे पढ़ते है
C:\Users\edwin\OneDrive\Desktop\Capstone\hindi indic\HDSD\hindi_sent\M37\M37_S1_H26_M2.wav,M37,S1,H26,M,False,aapa apanaa yaha achchhaa kaarya jaarii rakhein,आप अपना यह अच्छा कार्य जारी रखें
C:\Users\edwin\OneDrive\Desktop\Capstone\hindi indic\HDSD\hindi_sent\M37\M37_S1_H27_M2.wav,M37,S1,H27,M,False,main bhaarata mein rahataa huuna,मैं भारत में रहता हूं
C:\Users\edwin\OneDrive\Desktop\Capstone\hindi indic\HDSD\hindi_sent\M37\M37_S1_H30_M2.wav,M37,S1,H30,M,False,jaldii sei jaldii kuchha kiijiei,जल्दी से जल्दी कुछ कीजिए
C:\Users\edwin\OneDrive\Desktop\Capstone\hindi indic\HDSD\hindi_sent\M38\M38_S1_H01_M2.wav,M38,S1,H01,M,False,aapakei hindii pasanda karanei para khushii huii,आपके हिंदी पसंद करने पर खुशी हुई
C:\Users\edwin\OneDrive\Desktop\Capstone\hindi indic\HDSD\hindi_sent\M38\M38_S1_H02_M2.wav,M38,S1,H02,M,False,isakei badalei mein tuma kuchha aura maanaga loo,इसके बदले में तुम कुछ और मांग लो
C:\Users\edwin\OneDrive\Desktop\Capstone\hindi indic\HDSD\hindi_sent\M38\M38_S1_H03_M2.wav,M38,S1,H03,M,False,chikitsaa kaa artha hootaa hai ilaaja,चिकित्सा का अर्थ होता है इलाज
C:\Users\edwin\OneDrive\Desktop\Capstone\hindi indic\HDSD\hindi_sent\M38\M38_S1_H04_M2.wav,M38,S1,H04,M,False,isei aisei hii jaarii rakhein,इसे ऐसे ही जारी रखें
C:\Users\edwin\OneDrive\Desktop\Capstone\hindi indic\HDSD\hindi_sent\M38\M38_S1_H05_M2.wav,M38,S1,H05,M,False,madada kei liyei bahuta dhanyavaada,मदद के लिए बहुत धन्यवाद
C:\Users\edwin\OneDrive\Desktop\Capstone\hindi indic\HDSD\hindi_sent\M38\M38_S1_H06_M2.wav,M38,S1,H06,M,False,aba joo main kahataa huuna usakaa paalana karoo,अब जो मैं कहता हूं उसका पालन करो
C:\Users\edwin\OneDrive\Desktop\Capstone\hindi indic\HDSD\hindi_sent\M38\M38_S1_H07_M2.wav,M38,S1,H07,M,False,bhaarata mein aisaa nahiin huaa hai,भारत में ऐसा नहीं हुआ है
C:\Users\edwin\OneDrive\Desktop\Capstone\hindi indic\HDSD\hindi_sent\M38\M38_S1_H08_M2.wav,M38,S1,H08,M,False,isa sahayooga heitu dhanyavaada,इस सहयोग हेतु धन्यवाद
C:\Users\edwin\OneDrive\Desktop\Capstone\hindi indic\HDSD\hindi_sent\M38\M38_S1_H11_M2.wav,M38,S1,H11,M,False,yahaan sei sangharshha kaa daura shuruu huaa doonoon,यहाँ से संघर्ष का दौर शुरू हुआ दोनों
C:\Users\edwin\OneDrive\Desktop\Capstone\hindi indic\HDSD\hindi_sent\M38\M38_S1_H12_M2.wav,M38,S1,H12,M,False,mein badaa antara thaa antara thaa,में बड़ा अंतर था अंतर था
C:\Users\edwin\OneDrive\Desktop\Capstone\hindi indic\HDSD\hindi_sent\M38\M38_S1_H14_M2.wav,M38,S1,H14,M,False,bahuta sei looga aisaa kara rahei hai,बहुत से लोग ऐसा कर रहे है
C:\Users\edwin\OneDrive\Desktop\Capstone\hindi indic\HDSD\hindi_sent\M38\M38_S1_H15_M2.wav,M38,S1,H15,M,False,samaya kei saatha hii nahiin usasei aagei chalaa jaaei,समय के साथ ही नहीं उससे आगे चला जाए
C:\Users\edwin\OneDrive\Desktop\Capstone\hindi indic\HDSD\hindi_sent\M38\M38_S1_H17_M2.wav,M38,S1,H17,M,False,shaayada samajha aa gayaa hoo,शायद समझ आ गया हो
C:\Users\edwin\OneDrive\Desktop\Capstone\hindi indic\HDSD\hindi_sent\M38\M38_S1_H19_M2.wav,M38,S1,H19,M,False,main bhuula hii gayaa thaa isa baata koo,मैं भूला ही गया था इस बात को
C:\Users\edwin\OneDrive\Desktop\Capstone\hindi indic\HDSD\hindi_sent\M38\M38_S1_H20_M2.wav,M38,S1,H20,M,False,magara vaha bhii nahiin huaa,मगर वह भी नहीं हुआ
C:\Users\edwin\OneDrive\Desktop\Capstone\hindi indic\HDSD\hindi_sent\M38\M38_S1_H21_M2.wav,M38,S1,H21,M,False,dara kaa artha hootaa hai bhaya,दर का अर्थ होता है भय
C:\Users\edwin\OneDrive\Desktop\Capstone\hindi indic\HDSD\hindi_sent\M38\M38_S1_H22_M2.wav,M38,S1,H22,M,False,eika baara phira sei aabhaara,एक बार फिर से आभार
C:\Users\edwin\OneDrive\Desktop\Capstone\hindi indic\HDSD\hindi_sent\M38\M38_S1_H23_M2.wav,M38,S1,H23,M,False,naa jaanei kitanei looga isei padhtei hai,ना जाने कितने लोग इसे पढ़ते है
C:\Users\edwin\OneDrive\Desktop\Capstone\hindi indic\HDSD\hindi_sent\M38\M38_S1_H26_M2.wav,M38,S1,H26,M,False,aapa apanaa yaha achchhaa kaarya jaarii rakhein,आप अपना यह अच्छा कार्य जारी रखें
C:\Users\edwin\OneDrive\Desktop\Capstone\hindi indic\HDSD\hindi_sent\M38\M38_S1_H27_M2.wav,M38,S1,H27,M,False,main bhaarata mein rahataa huuna,मैं भारत में रहता हूं
C:\Users\edwin\OneDrive\Desktop\Capstone\hindi indic\HDSD\hindi_sent\M38\M38_S1_H30_M2.wav,M38,S1,H30,M,False,jaldii sei jaldii kuchha kiijiei,जल्दी से जल्दी कुछ कीजिए
C:\Users\edwin\OneDrive\Desktop\Capstone\hindi indic\HDSD\hindi_sent\M39\M39_S1_H01_M2.wav,M39,S1,H01,M,False,aapakei hindii pasanda karanei para khushii huii,आपके हिंदी पसंद करने पर खुशी हुई
C:\Users\edwin\OneDrive\Desktop\Capstone\hindi indic\HDSD\hindi_sent\M39\M39_S1_H02_M2.wav,M39,S1,H02,M,False,isakei badalei mein tuma kuchha aura maanaga loo,इसके बदले में तुम कुछ और मांग लो
C:\Users\edwin\OneDrive\Desktop\Capstone\hindi indic\HDSD\hindi_sent\M39\M39_S1_H03_M2.wav,M39,S1,H03,M,False,chikitsaa kaa artha hootaa hai ilaaja,चिकित्सा का अर्थ होता है इलाज
C:\Users\edwin\OneDrive\Desktop\Capstone\hindi indic\HDSD\hindi_sent\M39\M39_S1_H04_M2.wav,M39,S1,H04,M,False,isei aisei hii jaarii rakhein,इसे ऐसे ही जारी रखें
C:\Users\edwin\OneDrive\Desktop\Capstone\hindi indic\HDSD\hindi_sent\M39\M39_S1_H05_M2.wav,M39,S1,H05,M,False,madada kei liyei bahuta dhanyavaada,मदद के लिए बहुत धन्यवाद
C:\Users\edwin\OneDrive\Desktop\Capstone\hindi indic\HDSD\hindi_sent\M39\M39_S1_H06_M2.wav,M39,S1,H06,M,False,aba joo main kahataa huuna usakaa paalana karoo,अब जो मैं कहता हूं उसका पालन करो
C:\Users\edwin\OneDrive\Desktop\Capstone\hindi indic\HDSD\hindi_sent\M39\M39_S1_H07_M2.wav,M39,S1,H07,M,False,bhaarata mein aisaa nahiin huaa hai,भारत में ऐसा नहीं हुआ है
C:\Users\edwin\OneDrive\Desktop\Capstone\hindi indic\HDSD\hindi_sent\M39\M39_S1_H08_M2.wav,M39,S1,H08,M,False,isa sahayooga heitu bhii bahuta dhanyavaada,इस सहयोग हेतु भी बहुत धन्यवाद
C:\Users\edwin\OneDrive\Desktop\Capstone\hindi indic\HDSD\hindi_sent\M39\M39_S1_H11_M2.wav,M39,S1,H11,M,False,yahaan sei sangharshha kaa daura shuruu huaa,यहाँ से संघर्ष का दौर शुरू हुआ
C:\Users\edwin\OneDrive\Desktop\Capstone\hindi indic\HDSD\hindi_sent\M39\M39_S1_H12_M2.wav,M39,S1,H12,M,False,doonoon mein bahuta antara thaa,दोनों में बहुत अंतर था
C:\Users\edwin\OneDrive\Desktop\Capstone\hindi indic\HDSD\hindi_sent\M39\M39_S1_H14_M2.wav,M39,S1,H14,M,False,bahuta sei looga aisaa kara rahei hai,बहुत से लोग ऐसा कर रहे है
C:\Users\edwin\OneDrive\Desktop\Capstone\hindi indic\HDSD\hindi_sent\M39\M39_S1_H15_M2.wav,M39,S1,H15,M,False,samaya kei saatha hii nahiin usasei aagei chalaa jaaei,समय के साथ ही नहीं उससे आगे चला जाए
C:\Users\edwin\OneDrive\Desktop\Capstone\hindi indic\HDSD\hindi_sent\M39\M39_S1_H17_M2.wav,M39,S1,H17,M,False,shaayada samajha aa gayaa hoo,शायद समझ आ गया हो
C:\Users\edwin\OneDrive\Desktop\Capstone\hindi indic\HDSD\hindi_sent\M39\M39_S1_H19_M2.wav,M39,S1,H19,M,False,main bhuula hii gayaa thaa isa baata koo,मैं भूला ही गया था इस बात को
C:\Users\edwin\OneDrive\Desktop\Capstone\hindi indic\HDSD\hindi_sent\M39\M39_S1_H20_M2.wav,M39,S1,H20,M,False,magara vaha bhii nahiin huaa,मगर वह भी नहीं हुआ
C:\Users\edwin\OneDrive\Desktop\Capstone\hindi indic\HDSD\hindi_sent\M39\M39_S1_H21_M2.wav,M39,S1,H21,M,False,dara kaa artha hootaa hai bhaya,दर का अर्थ होता है भय
C:\Users\edwin\OneDrive\Desktop\Capstone\hindi indic\HDSD\hindi_sent\M39\M39_S1_H22_M2.wav,M39,S1,H22,M,False,eika baara phira sei aabhaara,एक बार फिर से आभार
C:\Users\edwin\OneDrive\Desktop\Capstone\hindi indic\HDSD\hindi_sent\M39\M39_S1_H23_M2.wav,M39,S1,H23,M,False,naa jaanei kitanei looga isei padhtei hai,ना जाने कितने लोग इसे पढ़ते है
C:\Users\edwin\OneDrive\Desktop\Capstone\hindi indic\HDSD\hindi_sent\M39\M39_S1_H26_M2.wav,M39,S1,H26,M,False,aapa achchhaa kaarya jaarii rakhein,आप अच्छा कार्य जारी रखें
C:\Users\edwin\OneDrive\Desktop\Capstone\hindi indic\HDSD\hindi_sent\M39\M39_S1_H27_M2.wav,M39,S1,H27,M,False,main bhaarata mein rahataa huuna,मैं भारत में रहता हूं
C:\Users\edwin\OneDrive\Desktop\Capstone\hindi indic\HDSD\hindi_sent\M39\M39_S1_H30_M2.wav,M39,S1,H30,M,False,jaldii sei jaldii kuchha kiijiei,जल्दी से जल्दी कुछ कीजिए
C:\Users\edwin\OneDrive\Desktop\Capstone\hindi indic\HDSD\hindi_sent\M40\M40_S1_H01_M2.wav,M40,S1,H01,M,False,aapakei hindii karanei para khushii huii pasanda,आपके हिंदी करने पर खुशी हुई पसंद
C:\Users\edwin\OneDrive\Desktop\Capstone\hindi indic\HDSD\hindi_sent\M40\M40_S1_H02_M2.wav,M40,S1,H02,M,False,isakei badalei mein tuma kuchha aura maanaga loo,इसके बदले में तुम कुछ और मांग लो
C:\Users\edwin\OneDrive\Desktop\Capstone\hindi indic\HDSD\hindi_sent\M40\M40_S1_H03_M2.wav,M40,S1,H03,M,False,chikitsaa kaa artha hootaa hai ilaaja,चिकित्सा का अर्थ होता है इलाज
C:\Users\edwin\OneDrive\Desktop\Capstone\hindi indic\HDSD\hindi_sent\M40\M40_S1_H04_M2.wav,M40,S1,H04,M,False,isei aisei hii jaarii rakhein,इसे ऐसे ही जारी रखें
C:\Users\edwin\OneDrive\Desktop\Capstone\hindi indic\HDSD\hindi_sent\M40\M40_S1_H05_M2.wav,M40,S1,H05,M,False,madada kei liyei bahuta dhanyavaada,मदद के लिए बहुत धन्यवाद
C:\Users\edwin\OneDrive\Desktop\Capstone\hindi indic\HDSD\hindi_sent\M40\M40_S1_H06_M2.wav,M40,S1,H06,M,False,joo main kahataa huuna usakaa paalana karoo,जो मैं कहता हूं उसका पालन करो
C:\Users\edwin\OneDrive\Desktop\Capstone\hindi indic\HDSD\hindi_sent\M40\M40_S1_H07_M2.wav,M40,S1,H07,M,False,bhaarata mein aisaa nahiin huaa hai,भारत में ऐसा नहीं हुआ है
C:\Users\edwin\OneDrive\Desktop\Capstone\hindi indic\HDSD\hindi_sent\M40\M40_S1_H08_M2.wav,M40,S1,H08,M,False,isa sahayooga heitu bhii bahuta dhanyavaada,इस सहयोग हेतु भी बहुत धन्यवाद
C:\Users\edwin\OneDrive\Desktop\Capstone\hindi indic\HDSD\hindi_sent\M40\M40_S1_H11_M2.wav,M40,S1,H11,M,False,yahaan sei sangharshha kaa daura shuruu huaa,यहाँ से संघर्ष का दौर शुरू हुआ
C:\Users\edwin\OneDrive\Desktop\Capstone\hindi indic\HDSD\hindi_sent\M40\M40_S1_H12_M2.wav,M40,S1,H12,M,False,doonoon mein badaa antara thaa,दोनों में बड़ा अंतर था
C:\Users\edwin\OneDrive\Desktop\Capstone\hindi indic\HDSD\hindi_sent\M40\M40_S1_H14_M2.wav,M40,S1,H14,M,False,bahuta sei looga aisaa kara rahei hai,बहुत से लोग ऐसा कर रहे है
C:\Users\edwin\OneDrive\Desktop\Capstone\hindi indic\HDSD\hindi_sent\M40\M40_S1_H15_M2.wav,M40,S1,H15,M,False,samaya kei saatha hii nahiin usasei aagei chalaa jaaei,समय के साथ ही नहीं उससे आगे चला जाए
C:\Users\edwin\OneDrive\Desktop\Capstone\hindi indic\HDSD\hindi_sent\M40\M40_S1_H17_M2.wav,M40,S1,H17,M,False,samajha aa gayaa hoo,समझ आ गया हो
C:\Users\edwin\OneDrive\Desktop\Capstone\hindi indic\HDSD\hindi_sent\M40\M40_S1_H19_M2.wav,M40,S1,H19,M,False,main bhuula hii gayaa thaa isa baata koo,मैं भूला ही गया था इस बात को
C:\Users\edwin\OneDrive\Desktop\Capstone\hindi indic\HDSD\hindi_sent\M40\M40_S1_H20_M2.wav,M40,S1,H20,M,False,magara vaha bhii nahiin huaa,मगर वह भी नहीं हुआ
C:\Users\edwin\OneDrive\Desktop\Capstone\hindi indic\HDSD\hindi_sent\M40\M40_S1_H21_M2.wav,M40,S1,H21,M,False,dara kaa artha hootaa hai bhaya,दर का अर्थ होता है भय
C:\Users\edwin\OneDrive\Desktop\Capstone\hindi indic\HDSD\hindi_sent\M40\M40_S1_H22_M2.wav,M40,S1,H22,M,False,eika baara phira sei aabhaara,एक बार फिर से आभार
C:\Users\edwin\OneDrive\Desktop\Capstone\hindi indic\HDSD\hindi_sent\M40\M40_S1_H23_M2.wav,M40,S1,H23,M,False,naa jaanei kitanei looga isei padhtei hai,ना जाने कितने लोग इसे पढ़ते है
C:\Users\edwin\OneDrive\Desktop\Capstone\hindi indic\HDSD\hindi_sent\M40\M40_S1_H26_M2.wav,M40,S1,H26,M,False,aapa apanaa yaha achchhaa kaarya jaarii rakhein,आप अपना यह अच्छा कार्य जारी रखें
C:\Users\edwin\OneDrive\Desktop\Capstone\hindi indic\HDSD\hindi_sent\M40\M40_S1_H27_M2.wav,M40,S1,H27,M,False,main bhaarata mein rahataa huuna,मैं भारत में रहता हूं
C:\Users\edwin\OneDrive\Desktop\Capstone\hindi indic\HDSD\hindi_sent\M40\M40_S1_H30_M2.wav,M40,S1,H30,M,False,jaldii sei jaldii kuchha kiijiei,जल्दी से जल्दी कुछ कीजिए
C:\Users\edwin\OneDrive\Desktop\Capstone\hindi indic\HDSD\hindi_sent\M41\M41_S1_H01_M2.wav,M41,S1,H01,M,False,aapakei hindii pasanda hindii pasanda karanei para khushii huii,आपके हिंदी पसंद हिंदी पसंद करने पर खुशी हुई
C:\Users\edwin\OneDrive\Desktop\Capstone\hindi indic\HDSD\hindi_sent\M41\M41_S1_H02_M2.wav,M41,S1,H02,M,False,isakei badalei mein tuma kuchha aura maanaga loo,इसके बदले में तुम कुछ और मांग लो
C:\Users\edwin\OneDrive\Desktop\Capstone\hindi indic\HDSD\hindi_sent\M41\M41_S1_H03_M2.wav,M41,S1,H03,M,False,chikitsaa kaa artha hootaa hai ilaaja,चिकित्सा का अर्थ होता है इलाज
C:\Users\edwin\OneDrive\Desktop\Capstone\hindi indic\HDSD\hindi_sent\M41\M41_S1_H04_M2.wav,M41,S1,H04,M,False,isei aisei hii jaarii rakhein,इसे ऐसे ही जारी रखें
C:\Users\edwin\OneDrive\Desktop\Capstone\hindi indic\HDSD\hindi_sent\M41\M41_S1_H05_M2.wav,M41,S1,H05,M,False,madada kei liyei bahuta dhanyavaada,मदद के लिए बहुत धन्यवाद
C:\Users\edwin\OneDrive\Desktop\Capstone\hindi indic\HDSD\hindi_sent\M41\M41_S1_H06_M2.wav,M41,S1,H06,M,False,main joo kahataa huuna usakaa paalana karoo,मैं जो कहता हूं उसका पालन करो
C:\Users\edwin\OneDrive\Desktop\Capstone\hindi indic\HDSD\hindi_sent\M41\M41_S1_H07_M2.wav,M41,S1,H07,M,False,bhaarata mein aisaa nahiin huaa hai,भारत में ऐसा नहीं हुआ है
C:\Users\edwin\OneDrive\Desktop\Capstone\hindi indic\HDSD\hindi_sent\M41\M41_S1_H08_M2.wav,M41,S1,H08,M,False,isa sahayooga heitu dhanyavaada,इस सहयोग हेतु धन्यवाद
C:\Users\edwin\OneDrive\Desktop\Capstone\hindi indic\HDSD\hindi_sent\M41\M41_S1_H11_M2.wav,M41,S1,H11,M,False,yahaan sei sangharshha kaa daura shuruu huaa,यहाँ से संघर्ष का दौर शुरू हुआ
C:\Users\edwin\OneDrive\Desktop\Capstone\hindi indic\HDSD\hindi_sent\M41\M41_S1_H12_M2.wav,M41,S1,H12,M,False,doonoon mein badaa antara thaa,दोनों में बड़ा अंतर था
C:\Users\edwin\OneDrive\Desktop\Capstone\hindi indic\HDSD\hindi_sent\M41\M41_S1_H14_M2.wav,M41,S1,H14,M,False,bahuta sei looga aisaa kara rahei hai,बहुत से लोग ऐसा कर रहे है
C:\Users\edwin\OneDrive\Desktop\Capstone\hindi indic\HDSD\hindi_sent\M41\M41_S1_H15_M2.wav,M41,S1,H15,M,False,samaya kei saatha hii nahiin usasei aagei chalaa jaaei,समय के साथ ही नहीं उससे आगे चला जाए
C:\Users\edwin\OneDrive\Desktop\Capstone\hindi indic\HDSD\hindi_sent\M41\M41_S1_H17_M2.wav,M41,S1,H17,M,False,shaayada samajha aa gayaa hoo,शायद समझ आ गया हो
C:\Users\edwin\OneDrive\Desktop\Capstone\hindi indic\HDSD\hindi_sent\M41\M41_S1_H19_M2.wav,M41,S1,H19,M,False,main bhuula hii gayaa thaa isa baata koo,मैं भूला ही गया था इस बात को
C:\Users\edwin\OneDrive\Desktop\Capstone\hindi indic\HDSD\hindi_sent\M41\M41_S1_H20_M2.wav,M41,S1,H20,M,False,magara vaha bhii nahiin huaa,मगर वह भी नहीं हुआ
C:\Users\edwin\OneDrive\Desktop\Capstone\hindi indic\HDSD\hindi_sent\M41\M41_S1_H21_M2.wav,M41,S1,H21,M,False,dara kaa artha hootaa hai bhaya,दर का अर्थ होता है भय
C:\Users\edwin\OneDrive\Desktop\Capstone\hindi indic\HDSD\hindi_sent\M41\M41_S1_H22_M2.wav,M41,S1,H22,M,False,eika baara phira sei aabhaara,एक बार फिर से आभार
C:\Users\edwin\OneDrive\Desktop\Capstone\hindi indic\HDSD\hindi_sent\M41\M41_S1_H23_M2.wav,M41,S1,H23,M,False,naa jaanei kitanei looga isei padhtei hai,ना जाने कितने लोग इसे पढ़ते है
C:\Users\edwin\OneDrive\Desktop\Capstone\hindi indic\HDSD\hindi_sent\M41\M41_S1_H26_M2.wav,M41,S1,H26,M,False,aapa apanaa yaha achchhaa kaarya jaarii rakhein,आप अपना यह अच्छा कार्य जारी रखें
C:\Users\edwin\OneDrive\Desktop\Capstone\hindi indic\HDSD\hindi_sent\M41\M41_S1_H27_M2.wav,M41,S1,H27,M,False,main bhaarata mein rahataa huuna,मैं भारत में रहता हूं
C:\Users\edwin\OneDrive\Desktop\Capstone\hindi indic\HDSD\hindi_sent\M41\M41_S1_H30_M2.wav,M41,S1,H30,M,False,jaldii sei jaldii kuchha kiijiei,जल्दी से जल्दी कुछ कीजिए
C:\Users\edwin\OneDrive\Desktop\Capstone\hindi indic\HDSD\hindi_sent\M43\M43_S1_H01_M2.wav,M43,S1,H01,M,False,aapakei hindii pasanda karanei para khushii huii,आपके हिंदी पसंद करने पर खुशी हुई
C:\Users\edwin\OneDrive\Desktop\Capstone\hindi indic\HDSD\hindi_sent\M43\M43_S1_H02_M2.wav,M43,S1,H02,M,False,isakei badalei mein tuma kuchha aura maanaga loo,इसके बदले में तुम कुछ और मांग लो
C:\Users\edwin\OneDrive\Desktop\Capstone\hindi indic\HDSD\hindi_sent\M43\M43_S1_H03_M2.wav,M43,S1,H03,M,False,chikitsaa kaa artha hootaa hai ilaaja,चिकित्सा का अर्थ होता है इलाज
C:\Users\edwin\OneDrive\Desktop\Capstone\hindi indic\HDSD\hindi_sent\M43\M43_S1_H04_M2.wav,M43,S1,H04,M,False,isei aisei hii jaarii rakhein,इसे ऐसे ही जारी रखें
C:\Users\edwin\OneDrive\Desktop\Capstone\hindi indic\HDSD\hindi_sent\M43\M43_S1_H05_M2.wav,M43,S1,H05,M,False,madada kei liyei bahuta dhanyavaada,मदद के लिए बहुत धन्यवाद
C:\Users\edwin\OneDrive\Desktop\Capstone\hindi indic\HDSD\hindi_sent\M43\M43_S1_H06_M2.wav,M43,S1,H06,M,False,aba joo main kahataa huuna usakaa paalana karoo,अब जो मैं कहता हूं उसका पालन करो
C:\Users\edwin\OneDrive\Desktop\Capstone\hindi indic\HDSD\hindi_sent\M43\M43_S1_H07_M2.wav,M43,S1,H07,M,False,bhaarata mein aisaa nahiin huaa hai,भारत में ऐसा नहीं हुआ है
C:\Users\edwin\OneDrive\Desktop\Capstone\hindi indic\HDSD\hindi_sent\M43\M43_S1_H08_M2.wav,M43,S1,H08,M,False,isa sahayooga heitu tuma bahuta dhanyavaada,इस सहयोग हेतु तुम बहुत धन्यवाद
C:\Users\edwin\OneDrive\Desktop\Capstone\hindi indic\HDSD\hindi_sent\M43\M43_S1_H11_M2.wav,M43,S1,H11,M,False,yahaan sei sangharshha kaa daura shuruu huaa,यहाँ से संघर्ष का दौर शुरू हुआ
C:\Users\edwin\OneDrive\Desktop\Capstone\hindi indic\HDSD\hindi_sent\M43\M43_S1_H12_M2.wav,M43,S1,H12,M,False,doonoon mein badaa antara thaa,दोनों में बड़ा अंतर था
C:\Users\edwin\OneDrive\Desktop\Capstone\hindi indic\HDSD\hindi_sent\M43\M43_S1_H14_M2.wav,M43,S1,H14,M,False,bahuta sei looga aisaa kara rahei hai,बहुत से लोग ऐसा कर रहे है
C:\Users\edwin\OneDrive\Desktop\Capstone\hindi indic\HDSD\hindi_sent\M43\M43_S1_H15_M2.wav,M43,S1,H15,M,False,samaya kei saatha hii nahiin usasei aagei chalaa jaaei,समय के साथ ही नहीं उससे आगे चला जाए
C:\Users\edwin\OneDrive\Desktop\Capstone\hindi indic\HDSD\hindi_sent\M43\M43_S1_H17_M2.wav,M43,S1,H17,M,False,shaayada samajha aa gayaa hoo,शायद समझ आ गया हो
C:\Users\edwin\OneDrive\Desktop\Capstone\hindi indic\HDSD\hindi_sent\M43\M43_S1_H19_M2.wav,M43,S1,H19,M,False,main bhuula hii gayaa thaa isa baata koo,मैं भूला ही गया था इस बात को
C:\Users\edwin\OneDrive\Desktop\Capstone\hindi indic\HDSD\hindi_sent\M43\M43_S1_H20_M2.wav,M43,S1,H20,M,False,magara vaha bhii nahiin huaa,मगर वह भी नहीं हुआ
C:\Users\edwin\OneDrive\Desktop\Capstone\hindi indic\HDSD\hindi_sent\M43\M43_S1_H21_M2.wav,M43,S1,H21,M,False,dara kaa artha hootaa hai bhaya,दर का अर्थ होता है भय
C:\Users\edwin\OneDrive\Desktop\Capstone\hindi indic\HDSD\hindi_sent\M43\M43_S1_H22_M2.wav,M43,S1,H22,M,False,eika baara phira sei aabhaara,एक बार फिर से आभार
C:\Users\edwin\OneDrive\Desktop\Capstone\hindi indic\HDSD\hindi_sent\M43\M43_S1_H23_M2.wav,M43,S1,H23,M,False,naa jaanei kitanei looga isei padhtei hai,ना जाने कितने लोग इसे पढ़ते है
C:\Users\edwin\OneDrive\Desktop\Capstone\hindi indic\HDSD\hindi_sent\M43\M43_S1_H26_M2.wav,M43,S1,H26,M,False,aapa apanaa yaha achchhaa kaarya jaarii rakhein,आप अपना यह अच्छा कार्य जारी रखें
C:\Users\edwin\OneDrive\Desktop\Capstone\hindi indic\HDSD\hindi_sent\M43\M43_S1_H27_M2.wav,M43,S1,H27,M,False,main bhaarata mein rahataa huuna,मैं भारत में रहता हूं
C:\Users\edwin\OneDrive\Desktop\Capstone\hindi indic\HDSD\hindi_sent\M43\M43_S1_H30_M2.wav,M43,S1,H30,M,False,jaldii sei jaldii kuchha kiijiei,जल्दी से जल्दी कुछ कीजिए
C:\Users\edwin\OneDrive\Desktop\Capstone\hindi indic\HDSD\hindi_sent\M46\M46_S1_H01_M2.wav,M46,S1,H01,M,False,hindii pasanda karanei para khushii huii,हिंदी पसंद करने पर खुशी हुई
C:\Users\edwin\OneDrive\Desktop\Capstone\hindi indic\HDSD\hindi_sent\M46\M46_S1_H02_M2.wav,M46,S1,H02,M,False,isakei badalei mein kuchha tuma kuchha aura maanaga loo,इसके बदले में कुछ तुम कुछ और मांग लो
C:\Users\edwin\OneDrive\Desktop\Capstone\hindi indic\HDSD\hindi_sent\M46\M46_S1_H03_M2.wav,M46,S1,H03,M,False,chikitsaa kaa artha hootaa hai ilaaja,चिकित्सा का अर्थ होता है इलाज
C:\Users\edwin\OneDrive\Desktop\Capstone\hindi indic\HDSD\hindi_sent\M46\M46_S1_H04_M2.wav,M46,S1,H04,M,False,isei aisei hii jaarii rakhein,इसे ऐसे ही जारी रखें
C:\Users\edwin\OneDrive\Desktop\Capstone\hindi indic\HDSD\hindi_sent\M46\M46_S1_H05_M2.wav,M46,S1,H05,M,False,madada kei liyei bahuta dhanyavaada,मदद के लिए बहुत धन्यवाद
C:\Users\edwin\OneDrive\Desktop\Capstone\hindi indic\HDSD\hindi_sent\M46\M46_S1_H06_M2.wav,M46,S1,H06,M,False,aba joo main kahataa huuna usakaa paalana karoo,अब जो मैं कहता हूं उसका पालन करो
C:\Users\edwin\OneDrive\Desktop\Capstone\hindi indic\HDSD\hindi_sent\M46\M46_S1_H07_M2.wav,M46,S1,H07,M,False,bhaarata mein aisaa nahiin huaa hai,भारत में ऐसा नहीं हुआ है
C:\Users\edwin\OneDrive\Desktop\Capstone\hindi indic\HDSD\hindi_sent\M46\M46_S1_H08_M2.wav,M46,S1,H08,M,False,isa sahayooga heitu bhii bahuta dhanyavaada,इस सहयोग हेतु भी बहुत धन्यवाद
C:\Users\edwin\OneDrive\Desktop\Capstone\hindi indic\HDSD\hindi_sent\M46\M46_S1_H11_M2.wav,M46,S1,H11,M,False,yahaan sei sangharshha kaa daura shuruu huaa,यहाँ से संघर्ष का दौर शुरू हुआ
C:\Users\edwin\OneDrive\Desktop\Capstone\hindi indic\HDSD\hindi_sent\M46\M46_S1_H12_M2.wav,M46,S1,H12,M,False,doonoon mein badaa antara thaa,दोनों में बड़ा अंतर था
C:\Users\edwin\OneDrive\Desktop\Capstone\hindi indic\HDSD\hindi_sent\M46\M46_S1_H14_M2.wav,M46,S1,H14,M,False,bahuta sei looga aisaa kara rahei hai,बहुत से लोग ऐसा कर रहे है
C:\Users\edwin\OneDrive\Desktop\Capstone\hindi indic\HDSD\hindi_sent\M46\M46_S1_H15_M2.wav,M46,S1,H15,M,False,samaya kei saatha hii nahiin usasei aagei chalaa jaaei,समय के साथ ही नहीं उससे आगे चला जाए
C:\Users\edwin\OneDrive\Desktop\Capstone\hindi indic\HDSD\hindi_sent\M46\M46_S1_H17_M2.wav,M46,S1,H17,M,False,shaayada samajha aa gayaa hoo,शायद समझ आ गया हो
C:\Users\edwin\OneDrive\Desktop\Capstone\hindi indic\HDSD\hindi_sent\M46\M46_S1_H19_M2.wav,M46,S1,H19,M,False,main bhuula hii gayaa thaa isa baata koo,मैं भूला ही गया था इस बात को
C:\Users\edwin\OneDrive\Desktop\Capstone\hindi indic\HDSD\hindi_sent\M46\M46_S1_H20_M2.wav,M46,S1,H20,M,False,magara vaha bhii nahiin huaa,मगर वह भी नहीं हुआ
C:\Users\edwin\OneDrive\Desktop\Capstone\hindi indic\HDSD\hindi_sent\M46\M46_S1_H21_M2.wav,M46,S1,H21,M,False,dara kaa artha hootaa hai bhaya,दर का अर्थ होता है भय
C:\Users\edwin\OneDrive\Desktop\Capstone\hindi indic\HDSD\hindi_sent\M46\M46_S1_H22_M2.wav,M46,S1,H22,M,False,eika baara phira sei aabhaara,एक बार फिर से आभार
C:\Users\edwin\OneDrive\Desktop\Capstone\hindi indic\HDSD\hindi_sent\M46\M46_S1_H23_M2.wav,M46,S1,H23,M,False,naa jaanei kitanei looga isei padhtei hai,ना जाने कितने लोग इसे पढ़ते है
C:\Users\edwin\OneDrive\Desktop\Capstone\hindi indic\HDSD\hindi_sent\M46\M46_S1_H26_M2.wav,M46,S1,H26,M,False,aapa apanaa yaha achchhaa kaarya jaarii rakhein,आप अपना यह अच्छा कार्य जारी रखें
C:\Users\edwin\OneDrive\Desktop\Capstone\hindi indic\HDSD\hindi_sent\M46\M46_S1_H27_M2.wav,M46,S1,H27,M,False,main bhaarata mein rahataa huuna,मैं भारत में रहता हूं
C:\Users\edwin\OneDrive\Desktop\Capstone\hindi indic\HDSD\hindi_sent\M46\M46_S1_H30_M2.wav,M46,S1,H30,M,False,jaldii sei jaldii kuchha kiijiei,जल्दी से जल्दी कुछ कीजिए
C:\Users\edwin\OneDrive\Desktop\Capstone\hindi indic\HDSD\hindi_sent\M48\M48_S1_H01_M2.wav,M48,S1,H01,M,False,para khushii huii,पर खुशी हुई
C:\Users\edwin\OneDrive\Desktop\Capstone\hindi indic\HDSD\hindi_sent\M48\M48_S1_H02_M2.wav,M48,S1,H02,M,False,isakei badalei mein tuma kuchha aura aura maanaga loo,इसके बदले में तुम कुछ और और मांग लो
C:\Users\edwin\OneDrive\Desktop\Capstone\hindi indic\HDSD\hindi_sent\M48\M48_S1_H03_M2.wav,M48,S1,H03,M,False,chikitsaa kaa artha hootaa hai ilaaja,चिकित्सा का अर्थ होता है इलाज
C:\Users\edwin\OneDrive\Desktop\Capstone\hindi indic\HDSD\hindi_sent\M48\M48_S1_H04_M2.wav,M48,S1,H04,M,False,aisei aisei isei aisei hii jaarii rakhein,ऐसे ऐसे इसे ऐसे ही जारी रखें
C:\Users\edwin\OneDrive\Desktop\Capstone\hindi indic\HDSD\hindi_sent\M48\M48_S1_H05_M2.wav,M48,S1,H05,M,False,madada kei madada kei liyei bahuta dhanyavaada,मदद के मदद के लिए बहुत धन्यवाद
C:\Users\edwin\OneDrive\Desktop\Capstone\hindi indic\HDSD\hindi_sent\M48\M48_S1_H06_M2.wav,M48,S1,H06,M,False,main joo joo kahataa huuna usakaa paalana karoo,मैं जो जो कहता हूं उसका पालन करो
C:\Users\edwin\OneDrive\Desktop\Capstone\hindi indic\HDSD\hindi_sent\M48\M48_S1_H07_M2.wav,M48,S1,H07,M,False,bhaarata mein aisaa nahiin huaa hai,भारत में ऐसा नहीं हुआ है
C:\Users\edwin\OneDrive\Desktop\Capstone\hindi indic\HDSD\hindi_sent\M48\M48_S1_H08_M2.wav,M48,S1,H08,M,False,isa sahayooga heitu bhii bahuta dhanyavaada,इस सहयोग हेतु भी बहुत धन्यवाद
C:\Users\edwin\OneDrive\Desktop\Capstone\hindi indic\HDSD\hindi_sent\M48\M48_S1_H11_M2.wav,M48,S1,H11,M,False,yahaan sei sangharshha kaa daura shuruu huaa,यहाँ से संघर्ष का दौर शुरू हुआ
C:\Users\edwin\OneDrive\Desktop\Capstone\hindi indic\HDSD\hindi_sent\M48\M48_S1_H12_M2.wav,M48,S1,H12,M,False,doonoon mein badaa antara thaa,दोनों में बड़ा अंतर था
C:\Users\edwin\OneDrive\Desktop\Capstone\hindi indic\HDSD\hindi_sent\M48\M48_S1_H14_M2.wav,M48,S1,H14,M,False,bahuta sei looga aisaa bahuta sei sei looga aisaa kara rahei hai,बहुत से लोग ऐसा बहुत से से लोग ऐसा कर रहे है
C:\Users\edwin\OneDrive\Desktop\Capstone\hindi indic\HDSD\hindi_sent\M48\M48_S1_H15_M2.wav,M48,S1,H15,M,False,samaya kei saatha hii nahiin usasei aagei chalaa jaaei,समय के साथ ही नहीं उससे आगे चला जाए
C:\Users\edwin\OneDrive\Desktop\Capstone\hindi indic\HDSD\hindi_sent\M48\M48_S1_H17_M2.wav,M48,S1,H17,M,False,shaayada samajha aa gayaa hoo,शायद समझ आ गया हो
C:\Users\edwin\OneDrive\Desktop\Capstone\hindi indic\HDSD\hindi_sent\M48\M48_S1_H19_M2.wav,M48,S1,H19,M,False,main bhuula hii gayaa thaa isa baata koo,मैं भूला ही गया था इस बात को
C:\Users\edwin\OneDrive\Desktop\Capstone\hindi indic\HDSD\hindi_sent\M48\M48_S1_H20_M2.wav,M48,S1,H20,M,False,magara vaha bhii nahiin huaa,मगर वह भी नहीं हुआ
C:\Users\edwin\OneDrive\Desktop\Capstone\hindi indic\HDSD\hindi_sent\M48\M48_S1_H21_M2.wav,M48,S1,H21,M,False,dara kaa artha hootaa hai bhaya,दर का अर्थ होता है भय
C:\Users\edwin\OneDrive\Desktop\Capstone\hindi indic\HDSD\hindi_sent\M48\M48_S1_H22_M2.wav,M48,S1,H22,M,False,eika baara phira sei aabhaara,एक बार फिर से आभार
C:\Users\edwin\OneDrive\Desktop\Capstone\hindi indic\HDSD\hindi_sent\M48\M48_S1_H23_M2.wav,M48,S1,H23,M,False,naa jaanei kitanei looga isei padhtei hai,ना जाने कितने लोग इसे पढ़ते है
C:\Users\edwin\OneDrive\Desktop\Capstone\hindi indic\HDSD\hindi_sent\M48\M48_S1_H26_M2.wav,M48,S1,H26,M,False,aapa apanaa yaha achchhaa kaarya kaarya jaarii rakhein,आप अपना यह अच्छा कार्य कार्य जारी रखें
C:\Users\edwin\OneDrive\Desktop\Capstone\hindi indic\HDSD\hindi_sent\M48\M48_S1_H27_M2.wav,M48,S1,H27,M,False,main bhaarata mein rahataa huuna,मैं भारत में रहता हूं
C:\Users\edwin\OneDrive\Desktop\Capstone\hindi indic\HDSD\hindi_sent\M48\M48_S1_H30_M2.wav,M48,S1,H30,M,False,jaldii sei jaldii kuchha kiijiei,जल्दी से जल्दी कुछ कीजिए
C:\Users\edwin\OneDrive\Desktop\Capstone\hindi indic\HDSD\hindi_sent\M49\M49_S1_H01_M2.wav,M49,S1,H01,M,False,aapakei hindii pasanda karanei para khushii huii,आपके हिंदी पसंद करने पर खुशी हुई
C:\Users\edwin\OneDrive\Desktop\Capstone\hindi indic\HDSD\hindi_sent\M49\M49_S1_H02_M2.wav,M49,S1,H02,M,False,isakei badalei mein tuma kuchha aura maanaga loo,इसके बदले में तुम कुछ और मांग लो
C:\Users\edwin\OneDrive\Desktop\Capstone\hindi indic\HDSD\hindi_sent\M49\M49_S1_H03_M2.wav,M49,S1,H03,M,False,chikitsaa kaa artha hai artha hootaa hai ilaaja,चिकित्सा का अर्थ है अर्थ होता है इलाज
C:\Users\edwin\OneDrive\Desktop\Capstone\hindi indic\HDSD\hindi_sent\M49\M49_S1_H04_M2.wav,M49,S1,H04,M,False,isei aisei hii jaarii rakhein,इसे ऐसे ही जारी रखें
C:\Users\edwin\OneDrive\Desktop\Capstone\hindi indic\HDSD\hindi_sent\M49\M49_S1_H05_M2.wav,M49,S1,H05,M,False,madada kei liyei bahuta dhanyavaada,मदद के लिए बहुत धन्यवाद
C:\Users\edwin\OneDrive\Desktop\Capstone\hindi indic\HDSD\hindi_sent\M49\M49_S1_H06_M2.wav,M49,S1,H06,M,False,aba joo main kahataa huuna usakaa paalana karoo,अब जो मैं कहता हूं उसका पालन करो
C:\Users\edwin\OneDrive\Desktop\Capstone\hindi indic\HDSD\hindi_sent\M49\M49_S1_H07_M2.wav,M49,S1,H07,M,False,bhaarata mein aisaa nahiin huaa,भारत में ऐसा नहीं हुआ
C:\Users\edwin\OneDrive\Desktop\Capstone\hindi indic\HDSD\hindi_sent\M49\M49_S1_H08_M2.wav,M49,S1,H08,M,False,isa sahayooga heitu bhii bahuta dhanyavaada,इस सहयोग हेतु भी बहुत धन्यवाद
C:\Users\edwin\OneDrive\Desktop\Capstone\hindi indic\HDSD\hindi_sent\M49\M49_S1_H11_M2.wav,M49,S1,H11,M,False,yahaan sei sangharshha daura shuruu huaa hai,यहाँ से संघर्ष दौर शुरू हुआ है
C:\Users\edwin\OneDrive\Desktop\Capstone\hindi indic\HDSD\hindi_sent\M49\M49_S1_H12_M2.wav,M49,S1,H12,M,False,doonoon mein badaa antara thaa,दोनों में बड़ा अंतर था
C:\Users\edwin\OneDrive\Desktop\Capstone\hindi indic\HDSD\hindi_sent\M49\M49_S1_H14_M2.wav,M49,S1,H14,M,False,bahuta sei looga aisaa rahei hai,बहुत से लोग ऐसा रहे है
C:\Users\edwin\OneDrive\Desktop\Capstone\hindi indic\HDSD\hindi_sent\M49\M49_S1_H15_M2.wav,M49,S1,H15,M,False,samaya kei saatha hii nahiin usasei aagei chalaa jaaei,समय के साथ ही नहीं उससे आगे चला जाए
C:\Users\edwin\OneDrive\Desktop\Capstone\hindi indic\HDSD\hindi_sent\M49\M49_S1_H17_M2.wav,M49,S1,H17,M,False,shaayada samajha aa gayaa hoo,शायद समझ आ गया हो
C:\Users\edwin\OneDrive\Desktop\Capstone\hindi indic\HDSD\hindi_sent\M49\M49_S1_H19_M2.wav,M49,S1,H19,M,False,main bhuula hii gayaa thaa isa baata koo,मैं भूला ही गया था इस बात को
C:\Users\edwin\OneDrive\Desktop\Capstone\hindi indic\HDSD\hindi_sent\M49\M49_S1_H20_M2.wav,M49,S1,H20,M,False,magara vaha bhii nahiin huaa,मगर वह भी नहीं हुआ
C:\Users\edwin\OneDrive\Desktop\Capstone\hindi indic\HDSD\hindi_sent\M49\M49_S1_H21_M2.wav,M49,S1,H21,M,False,dara kaa artha hai bhaya,दर का अर्थ है भय
C:\Users\edwin\OneDrive\Desktop\Capstone\hindi indic\HDSD\hindi_sent\M49\M49_S1_H22_M2.wav,M49,S1,H22,M,False,isa baara phira phira sei aabhaara,इस बार फिर फिर से आभार
C:\Users\edwin\OneDrive\Desktop\Capstone\hindi indic\HDSD\hindi_sent\M49\M49_S1_H23_M2.wav,M49,S1,H23,M,False,naa jaanei kitanei looga isei padhtei hai,ना जाने कितने लोग इसे पढ़ते है
C:\Users\edwin\OneDrive\Desktop\Capstone\hindi indic\HDSD\hindi_sent\M49\M49_S1_H26_M2.wav,M49,S1,H26,M,False,aapa apanaa yaha achchhaa kaarya jaarii rakhein,आप अपना यह अच्छा कार्य जारी रखें
C:\Users\edwin\OneDrive\Desktop\Capstone\hindi indic\HDSD\hindi_sent\M49\M49_S1_H27_M2.wav,M49,S1,H27,M,False,main bhaarata mein rahataa huuna,मैं भारत में रहता हूं
C:\Users\edwin\OneDrive\Desktop\Capstone\hindi indic\HDSD\hindi_sent\M49\M49_S1_H30_M2.wav,M49,S1,H30,M,False,jaldii sei jaldii kuchha kiijiei,जल्दी से जल्दी कुछ कीजिए
C:\Users\edwin\OneDrive\Desktop\Capstone\hindi indic\HDSD\hindi_sent\M50\M50_S1_H01_M2.wav,M50,S1,H01,M,False,aapakei hindii pasanda karanei para khushii huii,आपके हिंदी पसंद करने पर खुशी हुई
C:\Users\edwin\OneDrive\Desktop\Capstone\hindi indic\HDSD\hindi_sent\M50\M50_S1_H02_M2.wav,M50,S1,H02,M,False,isakei badalei mein tuma kuchha aura maanaga loo,इसके बदले में तुम कुछ और मांग लो
C:\Users\edwin\OneDrive\Desktop\Capstone\hindi indic\HDSD\hindi_sent\M50\M50_S1_H03_M2.wav,M50,S1,H03,M,False,chikitsaa kaa artha hootaa hai ilaaja,चिकित्सा का अर्थ होता है इलाज
C:\Users\edwin\OneDrive\Desktop\Capstone\hindi indic\HDSD\hindi_sent\M50\M50_S1_H04_M2.wav,M50,S1,H04,M,False,isei aisei hii jaarii rakhein,इसे ऐसे ही जारी रखें
C:\Users\edwin\OneDrive\Desktop\Capstone\hindi indic\HDSD\hindi_sent\M50\M50_S1_H05_M2.wav,M50,S1,H05,M,False,madada kei liyei bahuta dhanyavaada,मदद के लिए बहुत धन्यवाद
C:\Users\edwin\OneDrive\Desktop\Capstone\hindi indic\HDSD\hindi_sent\M50\M50_S1_H06_M2.wav,M50,S1,H06,M,False,aba joo main kahataa huuna paalana karoo,अब जो मैं कहता हूं पालन करो
C:\Users\edwin\OneDrive\Desktop\Capstone\hindi indic\HDSD\hindi_sent\M50\M50_S1_H07_M2.wav,M50,S1,H07,M,False,bhaarata mein aisaa nahiin huaa hai,भारत में ऐसा नहीं हुआ है
C:\Users\edwin\OneDrive\Desktop\Capstone\hindi indic\HDSD\hindi_sent\M50\M50_S1_H08_M2.wav,M50,S1,H08,M,False,isa sahayooga heitu bhii bahuta dhanyavaada,इस सहयोग हेतु भी बहुत धन्यवाद
C:\Users\edwin\OneDrive\Desktop\Capstone\hindi indic\HDSD\hindi_sent\M50\M50_S1_H11_M2.wav,M50,S1,H11,M,False,yahaan sei sangharshha kaa daura shuruu huaa,यहाँ से संघर्ष का दौर शुरू हुआ
C:\Users\edwin\OneDrive\Desktop\Capstone\hindi indic\HDSD\hindi_sent\M50\M50_S1_H12_M2.wav,M50,S1,H12,M,False,doonoon mein badaa antara thaa,दोनों में बड़ा अंतर था
C:\Users\edwin\OneDrive\Desktop\Capstone\hindi indic\HDSD\hindi_sent\M50\M50_S1_H14_M2.wav,M50,S1,H14,M,False,bahuta sei sei bahuta sei looga aisaa kara rahei hai,बहुत से से बहुत से लोग ऐसा कर रहे है
C:\Users\edwin\OneDrive\Desktop\Capstone\hindi indic\HDSD\hindi_sent\M50\M50_S1_H15_M2.wav,M50,S1,H15,M,False,samaya kei saatha hii nahiin usasei aagei chalaa jaaei,समय के साथ ही नहीं उससे आगे चला जाए
C:\Users\edwin\OneDrive\Desktop\Capstone\hindi indic\HDSD\hindi_sent\M50\M50_S1_H17_M2.wav,M50,S1,H17,M,False,shaayada samajha aa gayaa hoo,शायद समझ आ गया हो
C:\Users\edwin\OneDrive\Desktop\Capstone\hindi indic\HDSD\hindi_sent\M50\M50_S1_H19_M2.wav,M50,S1,H19,M,False,main bhuula hii gayaa thaa isa baata koo,मैं भूला ही गया था इस बात को
C:\Users\edwin\OneDrive\Desktop\Capstone\hindi indic\HDSD\hindi_sent\M50\M50_S1_H20_M2.wav,M50,S1,H20,M,False,magara vaha bhii nahiin huaa,मगर वह भी नहीं हुआ
C:\Users\edwin\OneDrive\Desktop\Capstone\hindi indic\HDSD\hindi_sent\M50\M50_S1_H21_M2.wav,M50,S1,H21,M,False,dara kaa artha hootaa hai bhaya bhaya,दर का अर्थ होता है भय भय
C:\Users\edwin\OneDrive\Desktop\Capstone\hindi indic\HDSD\hindi_sent\M50\M50_S1_H22_M2.wav,M50,S1,H22,M,False,eika baara phira sei aabhaara,एक बार फिर से आभार
C:\Users\edwin\OneDrive\Desktop\Capstone\hindi indic\HDSD\hindi_sent\M50\M50_S1_H23_M2.wav,M50,S1,H23,M,False,naa jaanei kitanei looga isei padhtei hai,ना जाने कितने लोग इसे पढ़ते है
C:\Users\edwin\OneDrive\Desktop\Capstone\hindi indic\HDSD\hindi_sent\M50\M50_S1_H26_M2.wav,M50,S1,H26,M,False,aapa apanaa achchhaa kaarya jaarii rakhein,आप अपना अच्छा कार्य जारी रखें
C:\Users\edwin\OneDrive\Desktop\Capstone\hindi indic\HDSD\hindi_sent\M50\M50_S1_H27_M2.wav,M50,S1,H27,M,False,main bhaarata mein rahataa huuna,मैं भारत में रहता हूं
C:\Users\edwin\OneDrive\Desktop\Capstone\hindi indic\HDSD\hindi_sent\M50\M50_S1_H30_M2.wav,M50,S1,H30,M,False,jaldii jaldii kuchha diijiyei,जल्दी जल्दी कुछ दीजिए
C:\Users\edwin\OneDrive\Desktop\Capstone\hindi indic\HDSD\hindi_sent\M53\M53_S1_H01_M2.wav,M53,S1,H01,M,False,aapakei hindii pasanda karanei para khushii huii,आपके हिंदी पसंद करने पर खुशी हुई
C:\Users\edwin\OneDrive\Desktop\Capstone\hindi indic\HDSD\hindi_sent\M53\M53_S1_H02_M2.wav,M53,S1,H02,M,False,isakei badalei mein tuma kuchha aura maanaga loo,इसके बदले में तुम कुछ और मांग लो
C:\Users\edwin\OneDrive\Desktop\Capstone\hindi indic\HDSD\hindi_sent\M53\M53_S1_H03_M2.wav,M53,S1,H03,M,False,chikitsaa kaa artha hootaa hai ilaaja,चिकित्सा का अर्थ होता है इलाज
C:\Users\edwin\OneDrive\Desktop\Capstone\hindi indic\HDSD\hindi_sent\M53\M53_S1_H04_M2.wav,M53,S1,H04,M,False,isei aisei hii jaarii rakhein,इसे ऐसे ही जारी रखें
C:\Users\edwin\OneDrive\Desktop\Capstone\hindi indic\HDSD\hindi_sent\M53\M53_S1_H05_M2.wav,M53,S1,H05,M,False,madada kei liyei bahuta dhanyavaada,मदद के लिए बहुत धन्यवाद
C:\Users\edwin\OneDrive\Desktop\Capstone\hindi indic\HDSD\hindi_sent\M53\M53_S1_H06_M2.wav,M53,S1,H06,M,False,aba joo main kahataa huuna usakaa paalana karoo,अब जो मैं कहता हूं उसका पालन करो
C:\Users\edwin\OneDrive\Desktop\Capstone\hindi indic\HDSD\hindi_sent\M53\M53_S1_H07_M2.wav,M53,S1,H07,M,False,bhaarata mein aisaa nahiin huaa hai,भारत में ऐसा नहीं हुआ है
C:\Users\edwin\OneDrive\Desktop\Capstone\hindi indic\HDSD\hindi_sent\M53\M53_S1_H08_M2.wav,M53,S1,H08,M,False,isa sahayooga heitu bhii bahuta dhanyavaada,इस सहयोग हेतु भी बहुत धन्यवाद
C:\Users\edwin\OneDrive\Desktop\Capstone\hindi indic\HDSD\hindi_sent\M53\M53_S1_H11_M2.wav,M53,S1,H11,M,False,yahaan sangharshha kaa daura shuruu huaa,यहाँ संघर्ष का दौर शुरू हुआ
C:\Users\edwin\OneDrive\Desktop\Capstone\hindi indic\HDSD\hindi_sent\M53\M53_S1_H12_M2.wav,M53,S1,H12,M,False,doonoon mein badaa antara thaa,दोनों में बड़ा अंतर था
C:\Users\edwin\OneDrive\Desktop\Capstone\hindi indic\HDSD\hindi_sent\M53\M53_S1_H14_M2.wav,M53,S1,H14,M,False,bahuta sei looga aisaa kara rahei hai,बहुत से लोग ऐसा कर रहे है
C:\Users\edwin\OneDrive\Desktop\Capstone\hindi indic\HDSD\hindi_sent\M53\M53_S1_H15_M2.wav,M53,S1,H15,M,False,samaya kei saatha hii nahiin usasei aagei chalaa jaaei,समय के साथ ही नहीं उससे आगे चला जाए
C:\Users\edwin\OneDrive\Desktop\Capstone\hindi indic\HDSD\hindi_sent\M53\M53_S1_H17_M2.wav,M53,S1,H17,M,False,shaayada samajha aa gayaa hoo,शायद समझ आ गया हो
C:\Users\edwin\OneDrive\Desktop\Capstone\hindi indic\HDSD\hindi_sent\M53\M53_S1_H19_M2.wav,M53,S1,H19,M,False,main bhuula hii gayaa thaa isa baata,मैं भूला ही गया था इस बात
C:\Users\edwin\OneDrive\Desktop\Capstone\hindi indic\HDSD\hindi_sent\M53\M53_S1_H20_M2.wav,M53,S1,H20,M,False,magara vaha bhii nahiin huaa,मगर वह भी नहीं हुआ
C:\Users\edwin\OneDrive\Desktop\Capstone\hindi indic\HDSD\hindi_sent\M53\M53_S1_H21_M2.wav,M53,S1,H21,M,False,dara kaa artha hootaa hai bhaya,दर का अर्थ होता है भय
C:\Users\edwin\OneDrive\Desktop\Capstone\hindi indic\HDSD\hindi_sent\M53\M53_S1_H22_M2.wav,M53,S1,H22,M,False,eika baara phira sei aabhaara,एक बार फिर से आभार
C:\Users\edwin\OneDrive\Desktop\Capstone\hindi indic\HDSD\hindi_sent\M53\M53_S1_H23_M2.wav,M53,S1,H23,M,False,naa jaanei kitanei looga isei padhtei hai,ना जाने कितने लोग इसे पढ़ते है
C:\Users\edwin\OneDrive\Desktop\Capstone\hindi indic\HDSD\hindi_sent\M53\M53_S1_H26_M2.wav,M53,S1,H26,M,False,aapa apanaa yaha achchhaa kaarya jaarii rakhein,आप अपना यह अच्छा कार्य जारी रखें
C:\Users\edwin\OneDrive\Desktop\Capstone\hindi indic\HDSD\hindi_sent\M53\M53_S1_H27_M2.wav,M53,S1,H27,M,False,main bhaarata mein rahataa huuna,मैं भारत में रहता हूं
C:\Users\edwin\OneDrive\Desktop\Capstone\hindi indic\HDSD\hindi_sent\M53\M53_S1_H30_M2.wav,M53,S1,H30,M,False,jaldii jaldii kuchha kiijiei,जल्दी जल्दी कुछ कीजिए
C:\Users\edwin\OneDrive\Desktop\Capstone\hindi indic\HDSD\hindi_sent\M55\M55_S1_H01_M2.wav,M55,S1,H01,M,False,aapakei hindii pasanda karanei para khushii huii,आपके हिंदी पसंद करने पर खुशी हुई
C:\Users\edwin\OneDrive\Desktop\Capstone\hindi indic\HDSD\hindi_sent\M55\M55_S1_H02_M2.wav,M55,S1,H02,M,False,isakei badalei mein tuma kuchha aura maanaga loo,इसके बदले में तुम कुछ और मांग लो
C:\Users\edwin\OneDrive\Desktop\Capstone\hindi indic\HDSD\hindi_sent\M55\M55_S1_H03_M2.wav,M55,S1,H03,M,False,chikitsaa kaa artha hootaa hai ilaaja,चिकित्सा का अर्थ होता है इलाज
C:\Users\edwin\OneDrive\Desktop\Capstone\hindi indic\HDSD\hindi_sent\M55\M55_S1_H04_M2.wav,M55,S1,H04,M,False,isei aisei hii jaarii rakhein,इसे ऐसे ही जारी रखें
C:\Users\edwin\OneDrive\Desktop\Capstone\hindi indic\HDSD\hindi_sent\M55\M55_S1_H05_M2.wav,M55,S1,H05,M,False,madada madada bahuta dhanyavaada,मदद मदद बहुत धन्यवाद
C:\Users\edwin\OneDrive\Desktop\Capstone\hindi indic\HDSD\hindi_sent\M55\M55_S1_H06_M2.wav,M55,S1,H06,M,False,aba joo main usakaa paalana karoo,अब जो मैं उसका पालन करो
C:\Users\edwin\OneDrive\Desktop\Capstone\hindi indic\HDSD\hindi_sent\M55\M55_S1_H07_M2.wav,M55,S1,H07,M,False,bhaarata mein aisaa nahiin huaa hai,भारत में ऐसा नहीं हुआ है
C:\Users\edwin\OneDrive\Desktop\Capstone\hindi indic\HDSD\hindi_sent\M55\M55_S1_H08_M2.wav,M55,S1,H08,M,False,isa sahayooga isa sahayooga heitu bhii bahuta dhanyavaada,इस सहयोग इस सहयोग हेतु भी बहुत धन्यवाद
C:\Users\edwin\OneDrive\Desktop\Capstone\hindi indic\HDSD\hindi_sent\M55\M55_S1_H11_M2.wav,M55,S1,H11,M,False,yahaan sei sangharshha kaa daura shuruu huaa,यहाँ से संघर्ष का दौर शुरू हुआ
C:\Users\edwin\OneDrive\Desktop\Capstone\hindi indic\HDSD\hindi_sent\M55\M55_S1_H12_M2.wav,M55,S1,H12,M,False,doonoon mein badaa antara thaa,दोनों में बड़ा अंतर था
C:\Users\edwin\OneDrive\Desktop\Capstone\hindi indic\HDSD\hindi_sent\M55\M55_S1_H14_M2.wav,M55,S1,H14,M,False,bahuta sei looga aisaa kara rahei hai,बहुत से लोग ऐसा कर रहे है
C:\Users\edwin\OneDrive\Desktop\Capstone\hindi indic\HDSD\hindi_sent\M55\M55_S1_H15_M2.wav,M55,S1,H15,M,False,samaya sei saatha hii nahiin aagei chalaa jaaei,समय से साथ ही नहीं आगे चला जाए
C:\Users\edwin\OneDrive\Desktop\Capstone\hindi indic\HDSD\hindi_sent\M55\M55_S1_H17_M2.wav,M55,S1,H17,M,False,shaayada samajha aa gayaa hoo,शायद समझ आ गया हो
C:\Users\edwin\OneDrive\Desktop\Capstone\hindi indic\HDSD\hindi_sent\M55\M55_S1_H19_M2.wav,M55,S1,H19,M,False,main bhuula hii gayaa thaa isa baata koo,मैं भूला ही गया था इस बात को
C:\Users\edwin\OneDrive\Desktop\Capstone\hindi indic\HDSD\hindi_sent\M55\M55_S1_H20_M2.wav,M55,S1,H20,M,False,magara bhii vaha nahiin huaa,मगर भी वह नहीं हुआ
C:\Users\edwin\OneDrive\Desktop\Capstone\hindi indic\HDSD\hindi_sent\M55\M55_S1_H21_M2.wav,M55,S1,H21,M,False,dara kaa artha hootaa hai bhaya,दर का अर्थ होता है भय
C:\Users\edwin\OneDrive\Desktop\Capstone\hindi indic\HDSD\hindi_sent\M55\M55_S1_H22_M2.wav,M55,S1,H22,M,False,eika baara phira sei aabhaara,एक बार फिर से आभार
C:\Users\edwin\OneDrive\Desktop\Capstone\hindi indic\HDSD\hindi_sent\M55\M55_S1_H23_M2.wav,M55,S1,H23,M,False,naa jaanei kitanei looga isei padhtei hai,ना जाने कितने लोग इसे पढ़ते है
C:\Users\edwin\OneDrive\Desktop\Capstone\hindi indic\HDSD\hindi_sent\M55\M55_S1_H26_M2.wav,M55,S1,H26,M,False,aapa apanaa achchhaa kaarya jaarii rakhein,आप अपना अच्छा कार्य जारी रखें
C:\Users\edwin\OneDrive\Desktop\Capstone\hindi indic\HDSD\hindi_sent\M55\M55_S1_H27_M2.wav,M55,S1,H27,M,False,main bhaarata mein rahataa huuna,मैं भारत में रहता हूं
C:\Users\edwin\OneDrive\Desktop\Capstone\hindi indic\HDSD\hindi_sent\M55\M55_S1_H30_M2.wav,M55,S1,H30,M,False,jaldii jaldii kuchha kiijiei,जल्दी जल्दी कुछ कीजिए
C:\Users\edwin\OneDrive\Desktop\Capstone\hindi indic\HDSD\hindi_sent\M55\M55_S2_H01_M2.wav,M55,S2,H01,M,False,aapakei hindii pasanda karanei para khushii huii,आपके हिंदी पसंद करने पर खुशी हुई
C:\Users\edwin\OneDrive\Desktop\Capstone\hindi indic\HDSD\hindi_sent\M55\M55_S2_H02_M2.wav,M55,S2,H02,M,False,isakei badalei mein kuchha tuma kuchha aura maanaga loo,इसके बदले में कुछ तुम कुछ और मांग लो
C:\Users\edwin\OneDrive\Desktop\Capstone\hindi indic\HDSD\hindi_sent\M55\M55_S2_H03_M2.wav,M55,S2,H03,M,False,chikitsaa kaa artha hootaa hai ilaaja,चिकित्सा का अर्थ होता है इलाज
C:\Users\edwin\OneDrive\Desktop\Capstone\hindi indic\HDSD\hindi_sent\M55\M55_S2_H04_M2.wav,M55,S2,H04,M,False,isei aisei hii jaarii rakhein,इसे ऐसे ही जारी रखें
C:\Users\edwin\OneDrive\Desktop\Capstone\hindi indic\HDSD\hindi_sent\M55\M55_S2_H05_M2.wav,M55,S2,H05,M,False,madada kei liyei bahuta dhanyavaada,मदद के लिए बहुत धन्यवाद
C:\Users\edwin\OneDrive\Desktop\Capstone\hindi indic\HDSD\hindi_sent\M55\M55_S2_H06_M2.wav,M55,S2,H06,M,False,aba main joo kahataa huuna usakaa paalana karoo,अब मैं जो कहता हूं उसका पालन करो
C:\Users\edwin\OneDrive\Desktop\Capstone\hindi indic\HDSD\hindi_sent\M55\M55_S2_H07_M2.wav,M55,S2,H07,M,False,bhaarata mein aisaa nahiin huaa hai,भारत में ऐसा नहीं हुआ है
C:\Users\edwin\OneDrive\Desktop\Capstone\hindi indic\HDSD\hindi_sent\M55\M55_S2_H08_M2.wav,M55,S2,H08,M,False,isa sahayooga heitu bhii bahuta dhanyavaada,इस सहयोग हेतु भी बहुत धन्यवाद
C:\Users\edwin\OneDrive\Desktop\Capstone\hindi indic\HDSD\hindi_sent\M55\M55_S2_H11_M2.wav,M55,S2,H11,M,False,yahaan sei sangharshha kaa daura shuruu huaa,यहाँ से संघर्ष का दौर शुरू हुआ
C:\Users\edwin\OneDrive\Desktop\Capstone\hindi indic\HDSD\hindi_sent\M55\M55_S2_H12_M2.wav,M55,S2,H12,M,False,doonoon mein badaa antara thaa,दोनों में बड़ा अंतर था
C:\Users\edwin\OneDrive\Desktop\Capstone\hindi indic\HDSD\hindi_sent\M55\M55_S2_H14_M2.wav,M55,S2,H14,M,False,bahuta sei looga aisaa kara rahei hai,बहुत से लोग ऐसा कर रहे है
C:\Users\edwin\OneDrive\Desktop\Capstone\hindi indic\HDSD\hindi_sent\M55\M55_S2_H15_M2.wav,M55,S2,H15,M,False,samaya kei saatha hii nahiin usasei aagei chalaa jaaei,समय के साथ ही नहीं उससे आगे चला जाए
C:\Users\edwin\OneDrive\Desktop\Capstone\hindi indic\HDSD\hindi_sent\M55\M55_S2_H17_M2.wav,M55,S2,H17,M,False,shaayada samajha aa gayaa hoo,शायद समझ आ गया हो
C:\Users\edwin\OneDrive\Desktop\Capstone\hindi indic\HDSD\hindi_sent\M55\M55_S2_H19_M2.wav,M55,S2,H19,M,False,main bhuula hii gayaa thaa isa baata koo,मैं भूला ही गया था इस बात को
C:\Users\edwin\OneDrive\Desktop\Capstone\hindi indic\HDSD\hindi_sent\M55\M55_S2_H20_M2.wav,M55,S2,H20,M,False,bhii nahiin huaa,भी नहीं हुआ
C:\Users\edwin\OneDrive\Desktop\Capstone\hindi indic\HDSD\hindi_sent\M55\M55_S2_H21_M2.wav,M55,S2,H21,M,False,dara kaa artha hootaa hai bhaya,दर का अर्थ होता है भय
C:\Users\edwin\OneDrive\Desktop\Capstone\hindi indic\HDSD\hindi_sent\M55\M55_S2_H22_M2.wav,M55,S2,H22,M,False,eika baara phira sei aabhaara,एक बार फिर से आभार
C:\Users\edwin\OneDrive\Desktop\Capstone\hindi indic\HDSD\hindi_sent\M55\M55_S2_H23_M2.wav,M55,S2,H23,M,False,naa jaanei kitanei looga isei padhtei hai,ना जाने कितने लोग इसे पढ़ते है
C:\Users\edwin\OneDrive\Desktop\Capstone\hindi indic\HDSD\hindi_sent\M55\M55_S2_H26_M2.wav,M55,S2,H26,M,False,aapa apanaa achchhaa kaarya jaarii rakhein,आप अपना अच्छा कार्य जारी रखें
C:\Users\edwin\OneDrive\Desktop\Capstone\hindi indic\HDSD\hindi_sent\M55\M55_S2_H27_M2.wav,M55,S2,H27,M,False,main bhaarata mein rahataa huuna,मैं भारत में रहता हूं
C:\Users\edwin\OneDrive\Desktop\Capstone\hindi indic\HDSD\hindi_sent\M55\M55_S2_H30_M2.wav,M55,S2,H30,M,False,jaldii sei jaldii kuchha kiijiei,जल्दी से जल्दी कुछ कीजिए
C:\Users\edwin\OneDrive\Desktop\Capstone\hindi indic\HDSD\hindi_sent\M56\M56_S1_H01_M2.wav,M56,S1,H01,M,False,aapakei hindii pasanda karanei para khushii huii,आपके हिंदी पसंद करने पर खुशी हुई
C:\Users\edwin\OneDrive\Desktop\Capstone\hindi indic\HDSD\hindi_sent\M56\M56_S1_H02_M2.wav,M56,S1,H02,M,False,isakei badalei mein tuma kuchha bhii maanaga loo,इसके बदले में तुम कुछ भी मांग लो
C:\Users\edwin\OneDrive\Desktop\Capstone\hindi indic\HDSD\hindi_sent\M56\M56_S1_H03_M2.wav,M56,S1,H03,M,False,chikitsaa kaa artha hootaa hai ilaaja,चिकित्सा का अर्थ होता है इलाज
C:\Users\edwin\OneDrive\Desktop\Capstone\hindi indic\HDSD\hindi_sent\M56\M56_S1_H04_M2.wav,M56,S1,H04,M,False,isei aisei nahiin jaarii rakhein,इसे ऐसे नहीं जारी रखें
C:\Users\edwin\OneDrive\Desktop\Capstone\hindi indic\HDSD\hindi_sent\M56\M56_S1_H05_M2.wav,M56,S1,H05,M,False,madada kei liyei dhanyavaada,मदद के लिए धन्यवाद
C:\Users\edwin\OneDrive\Desktop\Capstone\hindi indic\HDSD\hindi_sent\M56\M56_S1_H06_M2.wav,M56,S1,H06,M,False,aba joo main kahataa huuna usakaa paalana karoo,अब जो मैं कहता हूं उसका पालन करो
C:\Users\edwin\OneDrive\Desktop\Capstone\hindi indic\HDSD\hindi_sent\M56\M56_S1_H07_M2.wav,M56,S1,H07,M,False,bhaarata mein aisaa nahiin huaa hai,भारत में ऐसा नहीं हुआ है
C:\Users\edwin\OneDrive\Desktop\Capstone\hindi indic\HDSD\hindi_sent\M56\M56_S1_H08_M2.wav,M56,S1,H08,M,False,isa sahayooga heitu bhii bahuta dhanyavaada,इस सहयोग हेतु भी बहुत धन्यवाद
C:\Users\edwin\OneDrive\Desktop\Capstone\hindi indic\HDSD\hindi_sent\M56\M56_S1_H11_M2.wav,M56,S1,H11,M,False,yahaan sei yahaan sei sangharshha kaa daura shuruu huaa huaa,यहाँ से यहाँ से संघर्ष का दौर शुरू हुआ हुआ
C:\Users\edwin\OneDrive\Desktop\Capstone\hindi indic\HDSD\hindi_sent\M56\M56_S1_H12_M2.wav,M56,S1,H12,M,False,doonoon mein badaa antara thaa,दोनों में बड़ा अंतर था
C:\Users\edwin\OneDrive\Desktop\Capstone\hindi indic\HDSD\hindi_sent\M56\M56_S1_H14_M2.wav,M56,S1,H14,M,False,bahuta sei looga aisaa kara rahei hai,बहुत से लोग ऐसा कर रहे है
C:\Users\edwin\OneDrive\Desktop\Capstone\hindi indic\HDSD\hindi_sent\M56\M56_S1_H15_M2.wav,M56,S1,H15,M,False,samaya kei saatha hii nahiin usasei aagei chalaa jaaei,समय के साथ ही नहीं उससे आगे चला जाए
C:\Users\edwin\OneDrive\Desktop\Capstone\hindi indic\HDSD\hindi_sent\M56\M56_S1_H17_M2.wav,M56,S1,H17,M,False,shaayada samajha aa gayaa hoo,शायद समझ आ गया हो
C:\Users\edwin\OneDrive\Desktop\Capstone\hindi indic\HDSD\hindi_sent\M56\M56_S1_H19_M2.wav,M56,S1,H19,M,False,main bhuula hii gayaa thaa isa baata koo,मैं भूला ही गया था इस बात को
C:\Users\edwin\OneDrive\Desktop\Capstone\hindi indic\HDSD\hindi_sent\M56\M56_S1_H20_M2.wav,M56,S1,H20,M,False,magara vaha bhii nahiin huaa,मगर वह भी नहीं हुआ
C:\Users\edwin\OneDrive\Desktop\Capstone\hindi indic\HDSD\hindi_sent\M56\M56_S1_H21_M2.wav,M56,S1,H21,M,False,dara kaa artha hootaa hai bhaya,दर का अर्थ होता है भय
C:\Users\edwin\OneDrive\Desktop\Capstone\hindi indic\HDSD\hindi_sent\M56\M56_S1_H22_M2.wav,M56,S1,H22,M,False,eika baara phira sei aabhaara,एक बार फिर से आभार
C:\Users\edwin\OneDrive\Desktop\Capstone\hindi indic\HDSD\hindi_sent\M56\M56_S1_H23_M2.wav,M56,S1,H23,M,False,naa jaanei kitanei looga isei padhtei hai,ना जाने कितने लोग इसे पढ़ते है
C:\Users\edwin\OneDrive\Desktop\Capstone\hindi indic\HDSD\hindi_sent\M56\M56_S1_H26_M2.wav,M56,S1,H26,M,False,aapa yaha achchhaa kaarya jaarii rakhein aapa apanaa yaha achchhaa kaarya jaarii rakhein,आप यह अच्छा कार्य जारी रखें आप अपना यह अच्छा कार्य जारी रखें
C:\Users\edwin\OneDrive\Desktop\Capstone\hindi indic\HDSD\hindi_sent\M56\M56_S1_H27_M2.wav,M56,S1,H27,M,False,main bhaarata mein rahataa huuna,मैं भारत में रहता हूं
C:\Users\edwin\OneDrive\Desktop\Capstone\hindi indic\HDSD\hindi_sent\M56\M56_S1_H30_M2.wav,M56,S1,H30,M,False,jaldii sei jaldii kuchha kiijiei,जल्दी से जल्दी कुछ कीजिए
C:\Users\edwin\OneDrive\Desktop\Capstone\hindi indic\HDSD\hindi_sent\M62\M62_S1_H01_M2.wav,M62,S1,H01,M,False,aapakei hindii pasanda karanei mein khushii huii,आपके हिंदी पसंद करने में खुशी हुई
C:\Users\edwin\OneDrive\Desktop\Capstone\hindi indic\HDSD\hindi_sent\M62\M62_S1_H02_M2.wav,M62,S1,H02,M,False,isakei badalei mein tuma kuchha aura maanaga maanaga loo,इसके बदले में तुम कुछ और मांग मांग लो
C:\Users\edwin\OneDrive\Desktop\Capstone\hindi indic\HDSD\hindi_sent\M62\M62_S1_H03_M2.wav,M62,S1,H03,M,False,chikitsaa kaa artha hootaa hai ilaaja,चिकित्सा का अर्थ होता है इलाज
C:\Users\edwin\OneDrive\Desktop\Capstone\hindi indic\HDSD\hindi_sent\M62\M62_S1_H04_M2.wav,M62,S1,H04,M,False,isei aisei bhii jaarii rakhein,इसे ऐसे भी जारी रखें
C:\Users\edwin\OneDrive\Desktop\Capstone\hindi indic\HDSD\hindi_sent\M62\M62_S1_H05_M2.wav,M62,S1,H05,M,False,madada kei liyei bahuta dhanyavaada,मदद के लिए बहुत धन्यवाद
C:\Users\edwin\OneDrive\Desktop\Capstone\hindi indic\HDSD\hindi_sent\M62\M62_S1_H06_M2.wav,M62,S1,H06,M,False,aba joo main kahataa huuna usakaa paalana karoo,अब जो मैं कहता हूं उसका पालन करो
C:\Users\edwin\OneDrive\Desktop\Capstone\hindi indic\HDSD\hindi_sent\M62\M62_S1_H07_M2.wav,M62,S1,H07,M,False,bhaarata mein aisaa nahiin huaa hai,भारत में ऐसा नहीं हुआ है
C:\Users\edwin\OneDrive\Desktop\Capstone\hindi indic\HDSD\hindi_sent\M62\M62_S1_H08_M2.wav,M62,S1,H08,M,False,isa sahayooga heitu bahuta dhanyavaada dhanyavaada,इस सहयोग हेतु बहुत धन्यवाद धन्यवाद
C:\Users\edwin\OneDrive\Desktop\Capstone\hindi indic\HDSD\hindi_sent\M62\M62_S1_H11_M2.wav,M62,S1,H11,M,False,yahaan sei,यहाँ से
C:\Users\edwin\OneDrive\Desktop\Capstone\hindi indic\HDSD\hindi_sent\M62\M62_S1_H12_M2.wav,M62,S1,H12,M,False,doonoon mein badaa antara thaa,दोनों में बड़ा अंतर था
C:\Users\edwin\OneDrive\Desktop\Capstone\hindi indic\HDSD\hindi_sent\M62\M62_S1_H14_M2.wav,M62,S1,H14,M,False,bahuta sei looga aisaa kara rahei hai,बहुत से लोग ऐसा कर रहे है
C:\Users\edwin\OneDrive\Desktop\Capstone\hindi indic\HDSD\hindi_sent\M62\M62_S1_H15_M2.wav,M62,S1,H15,M,False,samaya kei saatha hii nahiin usasei aagei chalaa jaaei,समय के साथ ही नहीं उससे आगे चला जाए
C:\Users\edwin\OneDrive\Desktop\Capstone\hindi indic\HDSD\hindi_sent\M62\M62_S1_H17_M2.wav,M62,S1,H17,M,False,samajha aa,समझ आ
C:\Users\edwin\OneDrive\Desktop\Capstone\hindi indic\HDSD\hindi_sent\M62\M62_S1_H19_M2.wav,M62,S1,H19,M,False,main bhuula gayaa baata koo,मैं भूला गया बात को
C:\Users\edwin\OneDrive\Desktop\Capstone\hindi indic\HDSD\hindi_sent\M62\M62_S1_H22_M2.wav,M62,S1,H22,M,False,eika baara phira sei,एक बार फिर से
C:\Users\edwin\OneDrive\Desktop\Capstone\hindi indic\HDSD\hindi_sent\M62\M62_S1_H23_M2.wav,M62,S1,H23,M,False,padhtei hai,पढ़ते है
C:\Users\edwin\OneDrive\Desktop\Capstone\hindi indic\HDSD\hindi_sent\M62\M62_S1_H27_M2.wav,M62,S1,H27,M,False,main bhaarata mein rahataa huuna,मैं भारत में रहता हूं
C:\Users\edwin\OneDrive\Desktop\Capstone\hindi indic\HDSD\hindi_sent\M62\M62_S1_H30_M2.wav,M62,S1,H30,M,False,jaldii sei jaldii kuchha kiijiei,जल्दी से जल्दी कुछ कीजिए
C:\Users\edwin\OneDrive\Desktop\Capstone\hindi indic\HDSD\hindi_sent\M62\M62_S2_H01_M2.wav,M62,S2,H01,M,False,aapakei hindii pasanda karanei para khushii huii,आपके हिंदी पसंद करने पर खुशी हुई
C:\Users\edwin\OneDrive\Desktop\Capstone\hindi indic\HDSD\hindi_sent\M62\M62_S2_H02_M2.wav,M62,S2,H02,M,False,isakei badalei mein tuma kuchha aura maanaga loo,इसके बदले में तुम कुछ और मांग लो
C:\Users\edwin\OneDrive\Desktop\Capstone\hindi indic\HDSD\hindi_sent\M62\M62_S2_H03_M2.wav,M62,S2,H03,M,False,chikitsaa kaa artha hootaa hai ilaaja,चिकित्सा का अर्थ होता है इलाज
C:\Users\edwin\OneDrive\Desktop\Capstone\hindi indic\HDSD\hindi_sent\M62\M62_S2_H04_M2.wav,M62,S2,H04,M,False,isei aisei hii jaarii rakhein,इसे ऐसे ही जारी रखें
C:\Users\edwin\OneDrive\Desktop\Capstone\hindi indic\HDSD\hindi_sent\M62\M62_S2_H05_M2.wav,M62,S2,H05,M,False,madada kei liyei bahuta dhanyavaada,मदद के लिए बहुत धन्यवाद
C:\Users\edwin\OneDrive\Desktop\Capstone\hindi indic\HDSD\hindi_sent\M62\M62_S2_H06_M2.wav,M62,S2,H06,M,False,aba joo main kahataa huuna usakaa paalana karoo,अब जो मैं कहता हूं उसका पालन करो
C:\Users\edwin\OneDrive\Desktop\Capstone\hindi indic\HDSD\hindi_sent\M62\M62_S2_H07_M2.wav,M62,S2,H07,M,False,bhaarata mein aisaa nahiin huaa,भारत में ऐसा नहीं हुआ
C:\Users\edwin\OneDrive\Desktop\Capstone\hindi indic\HDSD\hindi_sent\M62\M62_S2_H08_M2.wav,M62,S2,H08,M,False,isa sahayooga heitu bhii bahuta dhanyavaada,इस सहयोग हेतु भी बहुत धन्यवाद
C:\Users\edwin\OneDrive\Desktop\Capstone\hindi indic\HDSD\hindi_sent\M62\M62_S2_H11_M2.wav,M62,S2,H11,M,False,yahaan sei sangharshha kaa daura shuruu huaa,यहाँ से संघर्ष का दौर शुरू हुआ
C:\Users\edwin\OneDrive\Desktop\Capstone\hindi indic\HDSD\hindi_sent\M62\M62_S2_H12_M2.wav,M62,S2,H12,M,False,doonoon mein badaa antara thaa,दोनों में बड़ा अंतर था
C:\Users\edwin\OneDrive\Desktop\Capstone\hindi indic\HDSD\hindi_sent\M62\M62_S2_H14_M2.wav,M62,S2,H14,M,False,bahuta sei looga aisaa kara rahei hai,बहुत से लोग ऐसा कर रहे है
C:\Users\edwin\OneDrive\Desktop\Capstone\hindi indic\HDSD\hindi_sent\M62\M62_S2_H15_M2.wav,M62,S2,H15,M,False,samaya kei saatha hii nahiin usasei aagei chalaa jaaei,समय के साथ ही नहीं उससे आगे चला जाए
C:\Users\edwin\OneDrive\Desktop\Capstone\hindi indic\HDSD\hindi_sent\M62\M62_S2_H17_M2.wav,M62,S2,H17,M,False,shaayada samajha aa gayaa hoo,शायद समझ आ गया हो
C:\Users\edwin\OneDrive\Desktop\Capstone\hindi indic\HDSD\hindi_sent\M62\M62_S2_H19_M2.wav,M62,S2,H19,M,False,main bhuula hii gayaa thaa isa baata,मैं भूला ही गया था इस बात
C:\Users\edwin\OneDrive\Desktop\Capstone\hindi indic\HDSD\hindi_sent\M62\M62_S2_H20_M2.wav,M62,S2,H20,M,False,magara vaha bhii nahiin huaa,मगर वह भी नहीं हुआ
C:\Users\edwin\OneDrive\Desktop\Capstone\hindi indic\HDSD\hindi_sent\M62\M62_S2_H21_M2.wav,M62,S2,H21,M,False,dara kaa artha hootaa bhaya,दर का अर्थ होता भय
C:\Users\edwin\OneDrive\Desktop\Capstone\hindi indic\HDSD\hindi_sent\M62\M62_S2_H22_M2.wav,M62,S2,H22,M,False,eika baara phira sei aabhaara,एक बार फिर से आभार
C:\Users\edwin\OneDrive\Desktop\Capstone\hindi indic\HDSD\hindi_sent\M62\M62_S2_H23_M2.wav,M62,S2,H23,M,False,naa jaanei kitanei looga isei padhtei hai,ना जाने कितने लोग इसे पढ़ते है
C:\Users\edwin\OneDrive\Desktop\Capstone\hindi indic\HDSD\hindi_sent\M62\M62_S2_H26_M2.wav,M62,S2,H26,M,False,achchhaa kaarya jaarii rakhein,अच्छा कार्य जारी रखें
C:\Users\edwin\OneDrive\Desktop\Capstone\hindi indic\HDSD\hindi_sent\M62\M62_S2_H27_M2.wav,M62,S2,H27,M,False,main bhaarata mein rahataa huuna,मैं भारत में रहता हूं
C:\Users\edwin\OneDrive\Desktop\Capstone\hindi indic\HDSD\hindi_sent\M62\M62_S2_H30_M2.wav,M62,S2,H30,M,False,jaldii sei jaldii kuchha kiijiei,जल्दी से जल्दी कुछ कीजिए
